2 0.8140625 0 0.8140625 0.00205761316872428 0.8140625 0.00823045267489712 0.8109375 0.0102880658436214 0.8109375 0.06584362139917696 0.81875 0.0720164609053498 0.81875 0.08641975308641975 0.821875 0.08847736625514403 0.821875 0.09670781893004116 0.8265625 0.09876543209876543 0.8265625 0.1111111111111111 0.8296875 0.11316872427983539 0.8296875 0.11728395061728394 0.840625 0.11728395061728394 0.8453125 0.12345679012345678 0.8453125 0.13168724279835392 0.8484375 0.13168724279835392 0.853125 0.13786008230452676 0.853125 0.15637860082304528 0.8609375 0.15843621399176955 0.8609375 0.16666666666666666 0.865625 0.16872427983539096 0.865625 0.17695473251028807 0.86875 0.17901234567901234 0.86875 0.1831275720164609 0.8734375 0.18518518518518517 0.8734375 0.1934156378600823 0.88125 0.19958847736625515 0.88125 0.2037037037037037 0.890625 0.2037037037037037 0.8921875 0.2139917695473251 0.8953125 0.2139917695473251 0.9 0.22016460905349794 0.9 0.2242798353909465 0.90625 0.2242798353909465 0.9078125 0.22839506172839505 0.921875 0.22839506172839505 0.9234375 0.2242798353909465 0.9296875 0.2242798353909465 0.9296875 0.21604938271604937 0.925 0.2139917695473251 0.925 0.205761316872428 0.921875 0.2037037037037037 0.921875 0.19547325102880658 0.9171875 0.1934156378600823 0.9171875 0.18518518518518517 0.9140625 0.1831275720164609 0.9140625 0.14814814814814814 0.909375 0.14609053497942387 0.909375 0.0823045267489712 0.90625 0.08024691358024691 0.90625 0.06172839506172839 0.9015625 0.059670781893004114 0.9015625 0.047325102880658436 0.90625 0.04526748971193416 0.90625 0.030864197530864196 0.909375 0.02880658436213992 0.909375 0.0102880658436214 0.9140625 0.00823045267489712 0.9140625 0.006172839506172839 0.909375 0.00411522633744856 0.909375 0 0.865625 0 0.8640625 0.006172839506172839 0.8453125 0.006172839506172839 0.84375 0 0.8140625 0
2 0.090625 0.7263374485596708 0.090625 0.7345679012345679 0.0859375 0.7366255144032922 0.0859375 0.7448559670781894 0.090625 0.7469135802469136 0.090625 0.7695473251028807 0.0984375 0.7757201646090535 0.0984375 0.779835390946502 0.1015625 0.7839506172839507 0.1046875 0.779835390946502 0.1234375 0.779835390946502 0.125 0.7736625514403292 0.13125 0.7736625514403292 0.134375 0.7695473251028807 0.134375 0.7366255144032922 0.13125 0.7345679012345679 0.13125 0.7304526748971193 0.125 0.7304526748971193 0.1234375 0.7263374485596708 0.1015625 0.7263374485596708 0.1 0.720164609053498 0.0984375 0.720164609053498 0.0984375 0.7222222222222222 0.096875 0.7263374485596708 0.090625 0.7263374485596708
2 0.3328125 0.8641975308641975 0.3265625 0.8641975308641975 0.325 0.8683127572016461 0.30625 0.8683127572016461 0.3046875 0.8744855967078189 0.3 0.8744855967078189 0.2984375 0.8786008230452675 0.2953125 0.8786008230452675 0.2953125 0.897119341563786 0.3 0.8991769547325102 0.3 0.9074074074074074 0.303125 0.9094650205761317 0.303125 0.9176954732510288 0.30625 0.9197530864197531 0.30625 0.9279835390946503 0.3109375 0.9300411522633745 0.3109375 0.9382716049382716 0.3140625 0.9423868312757202 0.34375 0.9423868312757202 0.3453125 0.9382716049382716 0.3515625 0.9382716049382716 0.353125 0.9320987654320988 0.35625 0.9320987654320988 0.35625 0.9238683127572016 0.3609375 0.9176954732510288 0.3640625 0.9176954732510288 0.3640625 0.9094650205761317 0.3671875 0.9074074074074074 0.3671875 0.8888888888888888 0.3640625 0.8868312757201646 0.3640625 0.8744855967078189 0.359375 0.8724279835390947 0.359375 0.8580246913580247 0.353125 0.8580246913580247 0.3515625 0.8539094650205762 0.3375 0.8539094650205762 0.3375 0.8559670781893004 0.334375 0.8580246913580247 0.3328125 0.8641975308641975
2 0.7453125 0.037037037037037035 0.74375 0.0411522633744856 0.740625 0.0411522633744856 0.7390625 0.047325102880658436 0.7328125 0.047325102880658436 0.73125 0.051440329218107 0.725 0.051440329218107 0.725 0.05555555555555555 0.7203125 0.06172839506172839 0.7171875 0.06172839506172839 0.7171875 0.06584362139917696 0.7140625 0.06790123456790123 0.7140625 0.08024691358024691 0.7171875 0.0823045267489712 0.7171875 0.09053497942386832 0.7203125 0.09053497942386832 0.721875 0.09670781893004116 0.725 0.09876543209876543 0.725 0.10699588477366255 0.7390625 0.10699588477366255 0.7390625 0.09876543209876543 0.74375 0.09670781893004116 0.7453125 0.09053497942386832 0.7515625 0.09053497942386832 0.75625 0.08024691358024691 0.759375 0.08024691358024691 0.7625 0.07613168724279835 0.7640625 0.06995884773662552 0.7671875 0.06995884773662552 0.7703125 0.06584362139917696 0.771875 0.059670781893004114 0.775 0.059670781893004114 0.778125 0.05555555555555555 0.7796875 0.04938271604938271 0.7828125 0.04938271604938271 0.7828125 0.037037037037037035 0.778125 0.03497942386831276 0.778125 0.030864197530864196 0.771875 0.030864197530864196 0.771875 0.03292181069958848 0.7703125 0.037037037037037035 0.7453125 0.037037037037037035
2 0.69375 0.14814814814814814 0.690625 0.14814814814814814 0.690625 0.1522633744855967 0.6859375 0.15843621399176955 0.6828125 0.15843621399176955 0.6828125 0.18724279835390947 0.6796875 0.18930041152263374 0.6796875 0.19753086419753085 0.675 0.19958847736625515 0.675 0.2139917695473251 0.6796875 0.21604938271604937 0.6796875 0.22839506172839505 0.69375 0.22839506172839505 0.6953125 0.2242798353909465 0.7046875 0.2242798353909465 0.70625 0.21810699588477367 0.7203125 0.21810699588477367 0.721875 0.2139917695473251 0.7359375 0.2139917695473251 0.7359375 0.20987654320987653 0.740625 0.2037037037037037 0.746875 0.2037037037037037 0.7484375 0.19753086419753085 0.7546875 0.19753086419753085 0.75625 0.1934156378600823 0.759375 0.1934156378600823 0.759375 0.18518518518518517 0.75625 0.18518518518518517 0.7515625 0.1748971193415638 0.746875 0.1728395061728395 0.746875 0.16872427983539096 0.740625 0.16872427983539096 0.7390625 0.1646090534979424 0.7328125 0.1646090534979424 0.73125 0.15843621399176955 0.7140625 0.15843621399176955 0.7125 0.15432098765432098 0.7078125 0.1522633744855967 0.7078125 0.1440329218106996 0.7046875 0.1419753086419753 0.7046875 0.13786008230452676 0.7015625 0.13786008230452676 0.6984375 0.1337448559670782 0.6984375 0.13580246913580246 0.6984375 0.1419753086419753 0.69375 0.14814814814814814
2 0 0.6255144032921811 0.0140625 0.6255144032921811 0.015625 0.6316872427983539 0.021875 0.6316872427983539 0.0234375 0.6255144032921811 0.0265625 0.6255144032921811 0.028125 0.6316872427983539 0.065625 0.6316872427983539 0.065625 0.6275720164609053 0.0734375 0.6193415637860082 0.06875 0.6172839506172839 0.06875 0.6090534979423868 0.065625 0.6069958847736625 0.065625 0.602880658436214 0.059375 0.602880658436214 0.0578125 0.5987654320987654 0.0515625 0.5987654320987654 0.05 0.5925925925925926 0.0359375 0.5925925925925926 0.034375 0.588477366255144 0 0.588477366255144 0 0.5905349794238683 0 0.6255144032921811
2 0.85 0.29218106995884774 0.8484375 0.2962962962962963 0.8453125 0.2962962962962963 0.8453125 0.3004115226337449 0.840625 0.3065843621399177 0.834375 0.3065843621399177 0.834375 0.31069958847736623 0.8265625 0.3168724279835391 0.825 0.3230452674897119 0.821875 0.3230452674897119 0.821875 0.33127572016460904 0.81875 0.3333333333333333 0.81875 0.34156378600823045 0.8140625 0.3436213991769547 0.8140625 0.35185185185185186 0.8109375 0.35390946502057613 0.8109375 0.36213991769547327 0.803125 0.3683127572016461 0.803125 0.3724279835390947 0.7984375 0.3786008230452675 0.7953125 0.3786008230452675 0.7953125 0.39094650205761317 0.79375 0.39300411522633744 0.784375 0.39300411522633744 0.7828125 0.3991769547325103 0.7765625 0.3991769547325103 0.775 0.40329218106995884 0.771875 0.40329218106995884 0.771875 0.4074074074074074 0.7671875 0.41358024691358025 0.7609375 0.41358024691358025 0.7609375 0.4176954732510288 0.75625 0.41975308641975306 0.7515625 0.43004115226337447 0.7484375 0.43004115226337447 0.7453125 0.43415637860082307 0.74375 0.4403292181069959 0.740625 0.4403292181069959 0.740625 0.448559670781893 0.7359375 0.4547325102880658 0.7328125 0.4547325102880658 0.7328125 0.4588477366255144 0.7296875 0.4609053497942387 0.7296875 0.4732510288065844 0.7359375 0.4732510288065844 0.7375 0.4794238683127572 0.7515625 0.4794238683127572 0.753125 0.4732510288065844 0.7625 0.4732510288065844 0.7640625 0.4691358024691358 0.7671875 0.4691358024691358 0.76875 0.46296296296296297 0.775 0.46296296296296297 0.7796875 0.45267489711934156 0.7859375 0.45267489711934156 0.7875 0.448559670781893 0.790625 0.448559670781893 0.790625 0.4444444444444444 0.7953125 0.4382716049382716 0.7984375 0.4382716049382716 0.7984375 0.43415637860082307 0.803125 0.4279835390946502 0.809375 0.4279835390946502 0.809375 0.42386831275720166 0.8140625 0.4176954732510288 0.8171875 0.4176954732510288 0.8171875 0.41358024691358025 0.821875 0.4074074074074074 0.828125 0.4074074074074074 0.8296875 0.4012345679012346 0.8359375 0.4012345679012346 0.8375 0.39711934156378603 0.84375 0.39711934156378603 0.84375 0.39300411522633744 0.8484375 0.39094650205761317 0.8515625 0.3868312757201646 0.8515625 0.38271604938271603 0.85625 0.38065843621399176 0.8578125 0.3765432098765432 0.875 0.3765432098765432 0.8765625 0.3724279835390947 0.8796875 0.3724279835390947 0.8796875 0.36419753086419754 0.8828125 0.36213991769547327 0.884375 0.3559670781893004 0.8875 0.3559670781893004 0.8890625 0.35185185185185186 0.8953125 0.35185185185185186 0.896875 0.345679012345679 0.9015625 0.345679012345679 0.903125 0.34156378600823045 0.909375 0.34156378600823045 0.9109375 0.33539094650205764 0.921875 0.33539094650205764 0.925 0.33127572016460904 0.925 0.3230452674897119 0.921875 0.32098765432098764 0.921875 0.3168724279835391 0.915625 0.3168724279835391 0.9140625 0.31275720164609055 0.9109375 0.31275720164609055 0.909375 0.30246913580246915 0.9 0.30246913580246915 0.8984375 0.2962962962962963 0.8890625 0.2962962962962963 0.8875 0.29218106995884774 0.865625 0.29218106995884774 0.8640625 0.28600823045267487 0.8609375 0.28600823045267487 0.8609375 0.2880658436213992 0.859375 0.29218106995884774 0.85 0.29218106995884774
2 0 0.8106995884773662 0.01875 0.8106995884773662 0.01875 0.8065843621399177 0.0234375 0.8004115226337448 0.0265625 0.8004115226337448 0.0265625 0.7962962962962963 0.03125 0.7901234567901234 0.034375 0.7901234567901234 0.034375 0.7860082304526749 0.0390625 0.779835390946502 0.0421875 0.779835390946502 0.04375 0.7736625514403292 0.05 0.7736625514403292 0.0546875 0.7633744855967078 0.0578125 0.7633744855967078 0.0578125 0.7510288065843621 0.0546875 0.7510288065843621 0.053125 0.7469135802469136 0.028125 0.7469135802469136 0.0265625 0.7407407407407407 0 0.7407407407407407 0 0.742798353909465 0 0.8106995884773662
2 0.1171875 0.15843621399176955 0.1171875 0.1831275720164609 0.125 0.18930041152263374 0.125 0.20781893004115226 0.128125 0.20987654320987653 0.128125 0.21810699588477367 0.134375 0.21810699588477367 0.1359375 0.2242798353909465 0.1421875 0.2242798353909465 0.14375 0.22839506172839505 0.146875 0.22839506172839505 0.1484375 0.2345679012345679 0.15625 0.24074074074074073 0.15625 0.2448559670781893 0.159375 0.24897119341563786 0.165625 0.24897119341563786 0.1671875 0.25308641975308643 0.178125 0.25308641975308643 0.1796875 0.25925925925925924 0.1890625 0.25925925925925924 0.190625 0.26337448559670784 0.2 0.26337448559670784 0.2015625 0.25925925925925924 0.23125 0.25925925925925924 0.2328125 0.26337448559670784 0.2359375 0.26337448559670784 0.2375 0.25925925925925924 0.24375 0.25925925925925924 0.24375 0.2551440329218107 0.2484375 0.24897119341563786 0.2515625 0.24897119341563786 0.2515625 0.24074074074074073 0.2546875 0.23868312757201646 0.2546875 0.23045267489711935 0.2625 0.2242798353909465 0.2625 0.19958847736625515 0.259375 0.19547325102880658 0.253125 0.19547325102880658 0.2515625 0.18930041152263374 0.2453125 0.18930041152263374 0.24375 0.18518518518518517 0.2328125 0.18518518518518517 0.23125 0.17901234567901234 0.225 0.17901234567901234 0.2234375 0.1748971193415638 0.2171875 0.1748971193415638 0.2125 0.1646090534979424 0.20625 0.1646090534979424 0.2046875 0.15843621399176955 0.1984375 0.15843621399176955 0.196875 0.15432098765432098 0.1875 0.15432098765432098 0.1859375 0.15843621399176955 0.1828125 0.15843621399176955 0.18125 0.15432098765432098 0.159375 0.15432098765432098 0.1578125 0.14814814814814814 0.1515625 0.14814814814814814 0.15 0.1440329218106996 0.125 0.1440329218106996 0.125 0.14609053497942387 0.125 0.1522633744855967 0.1171875 0.15843621399176955
2 0 0.25308641975308643 0.0375 0.25308641975308643 0.0390625 0.25925925925925924 0.0609375 0.25925925925925924 0.0625 0.26337448559670784 0.0765625 0.26337448559670784 0.078125 0.26954732510288065 0.0890625 0.26954732510288065 0.0890625 0.2613168724279835 0.0921875 0.25925925925925924 0.09375 0.25308641975308643 0.096875 0.25308641975308643 0.096875 0.21604938271604937 0.0921875 0.2139917695473251 0.0921875 0.18518518518518517 0.0859375 0.18518518518518517 0.084375 0.17901234567901234 0.075 0.17901234567901234 0.0734375 0.1748971193415638 0.06875 0.1728395061728395 0.06875 0.16872427983539096 0.0625 0.16872427983539096 0.0609375 0.1646090534979424 0.0390625 0.1646090534979424 0.0390625 0.16666666666666666 0.03125 0.16872427983539096 0.03125 0.1728395061728395 0.0265625 0.17901234567901234 0.0234375 0.17901234567901234 0.0234375 0.1831275720164609 0.01875 0.18930041152263374 0.0125 0.18930041152263374 0.0109375 0.19547325102880658 0.0046875 0.19547325102880658 0.003125 0.19958847736625515 0 0.19958847736625515 0 0.25308641975308643
2 0.9421875 0.9094650205761317 0.9375 0.9197530864197531 0.934375 0.9197530864197531 0.934375 0.9279835390946503 0.9296875 0.934156378600823 0.9265625 0.934156378600823 0.9265625 0.9382716049382716 0.9234375 0.9403292181069959 0.9234375 0.948559670781893 0.91875 0.9506172839506173 0.91875 0.9588477366255144 0.915625 0.9609053497942387 0.915625 0.9691358024691358 0.9109375 0.9711934156378601 0.9109375 0.9794238683127572 0.9078125 0.9814814814814815 0.9078125 0.9979423868312757 0.95625 0.9979423868312757 0.9578125 0.9938271604938271 0.9609375 0.9938271604938271 0.9625 0.9979423868312757 0.9921875 0.9979423868312757 0.99375 0.9938271604938271 0.9984375 0.9938271604938271 0.9984375 0.9238683127572016 0.9953125 0.9197530864197531 0.9890625 0.9197530864197531 0.9875 0.9135802469135802 0.978125 0.9135802469135802 0.9765625 0.9094650205761317 0.965625 0.9094650205761317 0.9640625 0.9032921810699589 0.9546875 0.9032921810699589 0.9546875 0.9053497942386831 0.953125 0.9094650205761317 0.9421875 0.9094650205761317
2 0.2140625 0.04526748971193416 0.2171875 0.047325102880658436 0.2171875 0.059670781893004114 0.221875 0.06172839506172839 0.221875 0.07613168724279835 0.225 0.07818930041152264 0.225 0.09053497942386832 0.2296875 0.09259259259259259 0.2296875 0.10082304526748971 0.2328125 0.102880658436214 0.2328125 0.10699588477366255 0.2375 0.10905349794238683 0.2375 0.12139917695473251 0.240625 0.12345679012345678 0.240625 0.13168724279835392 0.2453125 0.1337448559670782 0.2453125 0.1419753086419753 0.253125 0.14814814814814814 0.253125 0.1522633744855967 0.25625 0.15637860082304528 0.2609375 0.15843621399176955 0.2609375 0.16255144032921812 0.29375 0.16255144032921812 0.2953125 0.15637860082304528 0.3125 0.15637860082304528 0.3140625 0.1522633744855967 0.3328125 0.1522633744855967 0.3328125 0.14814814814814814 0.3359375 0.14609053497942387 0.3359375 0.12757201646090535 0.340625 0.12551440329218108 0.340625 0.08847736625514403 0.34375 0.08641975308641975 0.34375 0.0720164609053498 0.340625 0.06790123456790123 0.34375 0.06584362139917696 0.3453125 0.059670781893004114 0.3484375 0.059670781893004114 0.3484375 0.051440329218107 0.34375 0.04938271604938271 0.34375 0.0411522633744856 0.340625 0.03909465020576132 0.340625 0.030864197530864196 0.334375 0.030864197530864196 0.3328125 0.026748971193415638 0.3296875 0.026748971193415638 0.328125 0.030864197530864196 0.321875 0.030864197530864196 0.3203125 0.037037037037037035 0.303125 0.037037037037037035 0.3015625 0.0411522633744856 0.2609375 0.0411522633744856 0.259375 0.037037037037037035 0.253125 0.037037037037037035 0.2515625 0.030864197530864196 0.2484375 0.030864197530864196 0.246875 0.026748971193415638 0.240625 0.026748971193415638 0.2390625 0.0205761316872428 0.2328125 0.0205761316872428 0.23125 0.01646090534979424 0.225 0.01646090534979424 0.2203125 0.006172839506172839 0.2171875 0.006172839506172839 0.2171875 0.00823045267489712 0.2140625 0.0102880658436214 0.2140625 0.04526748971193416
2 0.365625 0.037037037037037035 0.3640625 0.0411522633744856 0.3609375 0.0411522633744856 0.3609375 0.04526748971193416 0.35625 0.051440329218107 0.353125 0.051440329218107 0.353125 0.059670781893004114 0.35 0.06172839506172839 0.35 0.07613168724279835 0.3453125 0.07818930041152264 0.3453125 0.10082304526748971 0.3421875 0.102880658436214 0.3421875 0.15637860082304528 0.3375 0.15843621399176955 0.3375 0.2242798353909465 0.3421875 0.22633744855967078 0.3421875 0.23868312757201646 0.3484375 0.23868312757201646 0.35 0.2345679012345679 0.35625 0.2345679012345679 0.35625 0.22633744855967078 0.359375 0.2242798353909465 0.359375 0.205761316872428 0.3640625 0.2037037037037037 0.3640625 0.17901234567901234 0.3671875 0.17695473251028807 0.3671875 0.1646090534979424 0.371875 0.16255144032921812 0.371875 0.14814814814814814 0.375 0.14609053497942387 0.375 0.13786008230452676 0.3828125 0.13168724279835392 0.3828125 0.12345679012345678 0.390625 0.11728395061728394 0.3921875 0.1111111111111111 0.3953125 0.1111111111111111 0.3984375 0.10699588477366255 0.3984375 0.102880658436214 0.4015625 0.10082304526748971 0.4015625 0.09259259259259259 0.409375 0.08641975308641975 0.409375 0.07818930041152264 0.4140625 0.07613168724279835 0.4140625 0.06172839506172839 0.4171875 0.059670781893004114 0.4171875 0.051440329218107 0.421875 0.04938271604938271 0.421875 0.037037037037037035 0.403125 0.037037037037037035 0.4015625 0.030864197530864196 0.384375 0.030864197530864196 0.384375 0.03292181069958848 0.3828125 0.037037037037037035 0.365625 0.037037037037037035
2 0.109375 0.7818930041152263 0.1078125 0.7860082304526749 0.1015625 0.7860082304526749 0.1015625 0.8148148148148148 0.1046875 0.8168724279835391 0.1046875 0.8209876543209876 0.109375 0.823045267489712 0.109375 0.831275720164609 0.1125 0.8353909465020576 0.11875 0.8353909465020576 0.1203125 0.8415637860082305 0.1265625 0.8415637860082305 0.128125 0.845679012345679 0.15 0.845679012345679 0.1578125 0.8353909465020576 0.1578125 0.8168724279835391 0.1546875 0.8148148148148148 0.1546875 0.8065843621399177 0.1515625 0.8065843621399177 0.146875 0.8004115226337448 0.146875 0.7921810699588477 0.1421875 0.7901234567901234 0.1421875 0.7860082304526749 0.1390625 0.7818930041152263 0.1328125 0.7818930041152263 0.13125 0.7757201646090535 0.1203125 0.7757201646090535 0.1203125 0.7777777777777778 0.11875 0.7818930041152263 0.109375 0.7818930041152263
2 0.5703125 0.11934156378600823 0.56875 0.12345679012345678 0.5625 0.12345679012345678 0.5609375 0.12757201646090535 0.546875 0.12757201646090535 0.5453125 0.1337448559670782 0.5078125 0.1337448559670782 0.5078125 0.14609053497942387 0.5046875 0.14814814814814814 0.503125 0.15432098765432098 0.5 0.15432098765432098 0.5 0.15637860082304528 0.5046875 0.15843621399176955 0.5046875 0.16666666666666666 0.503125 0.16872427983539096 0.4890625 0.16872427983539096 0.4875 0.1748971193415638 0.48125 0.1748971193415638 0.48125 0.18724279835390947 0.478125 0.18930041152263374 0.478125 0.19753086419753085 0.4734375 0.19958847736625515 0.4734375 0.2037037037037037 0.4703125 0.205761316872428 0.4703125 0.21810699588477367 0.465625 0.22016460905349794 0.465625 0.2242798353909465 0.4625 0.22633744855967078 0.4625 0.2345679012345679 0.4578125 0.2366255144032922 0.4578125 0.24897119341563786 0.4609375 0.24897119341563786 0.4625 0.25308641975308643 0.484375 0.25308641975308643 0.4859375 0.24897119341563786 0.4984375 0.24897119341563786 0.5 0.2448559670781893 0.50625 0.2448559670781893 0.5078125 0.23868312757201646 0.5265625 0.23868312757201646 0.53125 0.22839506172839505 0.5375 0.22839506172839505 0.5390625 0.2242798353909465 0.5453125 0.2242798353909465 0.5453125 0.22016460905349794 0.553125 0.2139917695473251 0.5546875 0.20781893004115226 0.5578125 0.20781893004115226 0.559375 0.2037037037037037 0.565625 0.2037037037037037 0.565625 0.19958847736625515 0.5703125 0.1934156378600823 0.5734375 0.1934156378600823 0.5734375 0.18518518518518517 0.5765625 0.1831275720164609 0.5765625 0.1748971193415638 0.58125 0.1728395061728395 0.58125 0.1646090534979424 0.584375 0.16255144032921812 0.5859375 0.15637860082304528 0.5890625 0.15637860082304528 0.5890625 0.11316872427983539 0.5828125 0.11316872427983539 0.5828125 0.11522633744855967 0.58125 0.11934156378600823 0.5703125 0.11934156378600823
2 0.2671875 0.22633744855967078 0.2640625 0.22633744855967078 0.2640625 0.2345679012345679 0.2609375 0.2366255144032922 0.2609375 0.2448559670781893 0.25625 0.24691358024691357 0.25625 0.26337448559670784 0.259375 0.26337448559670784 0.2640625 0.2736625514403292 0.26875 0.2757201646090535 0.26875 0.2839506172839506 0.271875 0.28600823045267487 0.271875 0.29012345679012347 0.275 0.29012345679012347 0.2796875 0.2962962962962963 0.2796875 0.3004115226337449 0.2828125 0.3004115226337449 0.2875 0.3065843621399177 0.2875 0.31069958847736623 0.290625 0.31069958847736623 0.2953125 0.3168724279835391 0.2953125 0.32098765432098764 0.3046875 0.32098765432098764 0.30625 0.32510288065843623 0.3359375 0.32510288065843623 0.34375 0.3148148148148148 0.34375 0.30246913580246915 0.3484375 0.3004115226337449 0.3484375 0.28600823045267487 0.353125 0.27983539094650206 0.35625 0.27983539094650206 0.3578125 0.26954732510288065 0.3640625 0.26954732510288065 0.3640625 0.2613168724279835 0.359375 0.25925925925925924 0.359375 0.24691358024691357 0.3421875 0.24691358024691357 0.340625 0.2366255144032922 0.3359375 0.2345679012345679 0.3359375 0.22633744855967078 0.3296875 0.22633744855967078 0.328125 0.22016460905349794 0.2953125 0.22016460905349794 0.29375 0.21604938271604937 0.2765625 0.21604938271604937 0.2765625 0.21810699588477367 0.26875 0.22016460905349794 0.2671875 0.22633744855967078
2 0.2953125 0.7962962962962963 0.29375 0.8024691358024691 0.2875 0.8024691358024691 0.2875 0.8251028806584362 0.2921875 0.8271604938271605 0.2921875 0.8353909465020576 0.2953125 0.8374485596707819 0.2953125 0.845679012345679 0.3 0.8477366255144033 0.3 0.8559670781893004 0.303125 0.8580246913580247 0.303125 0.8621399176954733 0.30625 0.8662551440329218 0.325 0.8662551440329218 0.3296875 0.8559670781893004 0.3328125 0.8559670781893004 0.3328125 0.8477366255144033 0.3359375 0.845679012345679 0.3359375 0.8374485596707819 0.3328125 0.8353909465020576 0.3328125 0.823045267489712 0.328125 0.8209876543209876 0.328125 0.8065843621399177 0.325 0.8045267489711934 0.325 0.7962962962962963 0.321875 0.7962962962962963 0.3203125 0.7921810699588477 0.30625 0.7921810699588477 0.30625 0.7942386831275721 0.3046875 0.7962962962962963 0.2953125 0.7962962962962963
2 0.690625 0.9279835390946503 0.6859375 0.934156378600823 0.6828125 0.934156378600823 0.6828125 0.9526748971193416 0.6796875 0.9547325102880658 0.6796875 0.9897119341563786 0.6828125 0.9938271604938271 0.6859375 0.9938271604938271 0.6875 0.9979423868312757 0.7859375 0.9979423868312757 0.7859375 0.98559670781893 0.778125 0.9794238683127572 0.778125 0.9753086419753086 0.775 0.9711934156378601 0.7703125 0.9691358024691358 0.7703125 0.9650205761316872 0.7671875 0.9609053497942387 0.7625 0.9588477366255144 0.7625 0.9547325102880658 0.759375 0.9506172839506173 0.753125 0.9506172839506173 0.7515625 0.9444444444444444 0.7453125 0.9444444444444444 0.74375 0.9403292181069959 0.7375 0.9403292181069959 0.7359375 0.934156378600823 0.7328125 0.934156378600823 0.73125 0.9300411522633745 0.725 0.9300411522633745 0.7234375 0.9238683127572016 0.7171875 0.9238683127572016 0.715625 0.9197530864197531 0.6953125 0.9197530864197531 0.6953125 0.9218106995884774 0.690625 0.9238683127572016 0.690625 0.9279835390946503
2 0.1515625 0.7510288065843621 0.1484375 0.7551440329218106 0.146875 0.7613168724279835 0.14375 0.7613168724279835 0.140625 0.7654320987654321 0.140625 0.7839506172839507 0.14375 0.7860082304526749 0.14375 0.7901234567901234 0.146875 0.7901234567901234 0.1515625 0.7962962962962963 0.1515625 0.8004115226337448 0.15625 0.8024691358024691 0.15625 0.8106995884773662 0.159375 0.8148148148148148 0.1890625 0.8148148148148148 0.196875 0.8045267489711934 0.196875 0.7921810699588477 0.2 0.7901234567901234 0.2 0.7818930041152263 0.196875 0.779835390946502 0.196875 0.7757201646090535 0.19375 0.7716049382716049 0.1890625 0.7695473251028807 0.1890625 0.7654320987654321 0.1859375 0.7633744855967078 0.1859375 0.7551440329218106 0.18125 0.7530864197530864 0.18125 0.7469135802469136 0.178125 0.7448559670781894 0.178125 0.7407407407407407 0.159375 0.7407407407407407 0.159375 0.742798353909465 0.1546875 0.7510288065843621 0.1515625 0.7510288065843621
2 0.2328125 0.9444444444444444 0.2328125 0.948559670781893 0.228125 0.9547325102880658 0.225 0.9547325102880658 0.225 0.9629629629629629 0.228125 0.9629629629629629 0.2328125 0.9732510288065843 0.2375 0.9753086419753086 0.2375 0.9835390946502057 0.240625 0.98559670781893 0.240625 0.9938271604938271 0.290625 0.9938271604938271 0.290625 0.9650205761316872 0.2859375 0.9629629629629629 0.2859375 0.9547325102880658 0.278125 0.948559670781893 0.278125 0.9444444444444444 0.275 0.9403292181069959 0.2609375 0.9403292181069959 0.259375 0.934156378600823 0.240625 0.934156378600823 0.240625 0.9362139917695473 0.2359375 0.9444444444444444 0.2328125 0.9444444444444444
2 0.090625 0.0102880658436214 0.0890625 0.01646090534979424 0.0828125 0.01646090534979424 0.08125 0.0205761316872428 0.078125 0.0205761316872428 0.078125 0.02880658436213992 0.075 0.030864197530864196 0.075 0.08024691358024691 0.078125 0.0823045267489712 0.078125 0.09053497942386832 0.08125 0.09053497942386832 0.0828125 0.09670781893004116 0.0859375 0.10082304526748971 0.0890625 0.10082304526748971 0.090625 0.10699588477366255 0.09375 0.10905349794238683 0.09375 0.11728395061728394 0.1 0.11728395061728394 0.1015625 0.12139917695473251 0.1078125 0.12139917695473251 0.109375 0.12551440329218108 0.115625 0.12551440329218108 0.1171875 0.13168724279835392 0.13125 0.13168724279835392 0.1328125 0.13580246913580246 0.146875 0.13580246913580246 0.1484375 0.1419753086419753 0.1546875 0.1419753086419753 0.15625 0.14609053497942387 0.165625 0.14609053497942387 0.1671875 0.1522633744855967 0.1890625 0.1522633744855967 0.190625 0.14609053497942387 0.2125 0.14609053497942387 0.2140625 0.1522633744855967 0.228125 0.1522633744855967 0.228125 0.10905349794238683 0.2234375 0.10699588477366255 0.2234375 0.08847736625514403 0.2203125 0.08641975308641975 0.2203125 0.07818930041152264 0.215625 0.07613168724279835 0.215625 0.06172839506172839 0.2125 0.059670781893004114 0.2125 0.051440329218107 0.2078125 0.04938271604938271 0.2078125 0.0411522633744856 0.2 0.03497942386831276 0.2 0.030864197530864196 0.1890625 0.01646090534979424 0.1828125 0.01646090534979424 0.18125 0.0102880658436214 0.109375 0.0102880658436214 0.1078125 0.006172839506172839 0.1015625 0.006172839506172839 0.1015625 0.00823045267489712 0.1 0.0102880658436214 0.090625 0.0102880658436214
2 0 0.4176954732510288 0.003125 0.4176954732510288 0.0046875 0.4218106995884774 0.0375 0.4218106995884774 0.0390625 0.4176954732510288 0.0453125 0.4176954732510288 0.046875 0.411522633744856 0.053125 0.411522633744856 0.0546875 0.4074074074074074 0.0578125 0.4074074074074074 0.059375 0.4012345679012346 0.065625 0.4012345679012346 0.0703125 0.39094650205761317 0.0734375 0.39094650205761317 0.0734375 0.38271604938271603 0.0765625 0.38065843621399176 0.0765625 0.37448559670781895 0.08125 0.3724279835390947 0.08125 0.3683127572016461 0.0859375 0.36213991769547327 0.0890625 0.36213991769547327 0.0890625 0.35802469135802467 0.0921875 0.3559670781893004 0.0921875 0.3477366255144033 0.096875 0.345679012345679 0.096875 0.3333333333333333 0.1 0.33127572016460904 0.1 0.31275720164609055 0.096875 0.31069958847736623 0.096875 0.3065843621399177 0.0921875 0.3045267489711934 0.0921875 0.29218106995884774 0.0890625 0.29012345679012347 0.0890625 0.28189300411522633 0.084375 0.27983539094650206 0.084375 0.2757201646090535 0.078125 0.2757201646090535 0.0734375 0.26954732510288065 0.0734375 0.2654320987654321 0.059375 0.2654320987654321 0.0578125 0.2613168724279835 0.0359375 0.2613168724279835 0.034375 0.2551440329218107 0.015625 0.2551440329218107 0.015625 0.257201646090535 0.0140625 0.2613168724279835 0 0.2613168724279835 0 0.4176954732510288
2 0 0.9691358024691358 0.0046875 0.9711934156378601 0.0046875 0.9897119341563786 0.0109375 0.9897119341563786 0.0125 0.9938271604938271 0.034375 0.9938271604938271 0.034375 0.98559670781893 0.0390625 0.9794238683127572 0.05 0.9794238683127572 0.05 0.9753086419753086 0.053125 0.9732510288065843 0.053125 0.9609053497942387 0.05 0.9588477366255144 0.05 0.9547325102880658 0.046875 0.9547325102880658 0.0421875 0.948559670781893 0.0421875 0.9403292181069959 0.0359375 0.9403292181069959 0.034375 0.934156378600823 0.03125 0.934156378600823 0.0265625 0.9279835390946503 0.0265625 0.9238683127572016 0.015625 0.9238683127572016 0.0140625 0.9197530864197531 0 0.9197530864197531 0 0.9218106995884774 0 0.9691358024691358
2 0.6046875 0 0.6046875 0.00205761316872428 0.6015625 0.006172839506172839 0.6015625 0.018518518518518517 0.6046875 0.0205761316872428 0.6046875 0.03909465020576132 0.609375 0.0411522633744856 0.609375 0.05555555555555555 0.6125 0.05761316872427984 0.6125 0.06995884773662552 0.609375 0.0720164609053498 0.6078125 0.07818930041152264 0.6046875 0.07818930041152264 0.6015625 0.0823045267489712 0.6015625 0.10082304526748971 0.5984375 0.102880658436214 0.5984375 0.12139917695473251 0.59375 0.12345679012345678 0.59375 0.14609053497942387 0.590625 0.14814814814814814 0.590625 0.16666666666666666 0.5859375 0.16872427983539096 0.5859375 0.1728395061728395 0.5828125 0.1748971193415638 0.5828125 0.1831275720164609 0.578125 0.18518518518518517 0.578125 0.19753086419753085 0.575 0.19958847736625515 0.5734375 0.205761316872428 0.5703125 0.205761316872428 0.5671875 0.20987654320987653 0.5671875 0.21810699588477367 0.5625 0.22016460905349794 0.5625 0.22839506172839505 0.5671875 0.23045267489711935 0.5671875 0.23868312757201646 0.5703125 0.24074074074074073 0.5703125 0.24897119341563786 0.5734375 0.24897119341563786 0.578125 0.2551440329218107 0.578125 0.25925925925925924 0.5859375 0.2613168724279835 0.5859375 0.26954732510288065 0.5921875 0.26954732510288065 0.59375 0.2736625514403292 0.6 0.2736625514403292 0.6015625 0.27983539094650206 0.6109375 0.27983539094650206 0.6125 0.2839506172839506 0.6265625 0.2839506172839506 0.628125 0.29012345679012347 0.6390625 0.29012345679012347 0.6390625 0.28600823045267487 0.64375 0.27983539094650206 0.646875 0.27983539094650206 0.646875 0.2757201646090535 0.65 0.2736625514403292 0.65 0.2613168724279835 0.6546875 0.25925925925925924 0.6546875 0.24691358024691357 0.6578125 0.2448559670781893 0.659375 0.23868312757201646 0.6625 0.23868312757201646 0.6625 0.23045267489711935 0.6671875 0.2242798353909465 0.6734375 0.2242798353909465 0.6734375 0.19547325102880658 0.678125 0.1934156378600823 0.678125 0.18518518518518517 0.68125 0.1831275720164609 0.68125 0.15432098765432098 0.6859375 0.1522633744855967 0.6859375 0.1440329218106996 0.6890625 0.1419753086419753 0.6890625 0.09259259259259259 0.69375 0.09053497942386832 0.69375 0.047325102880658436 0.696875 0.04526748971193416 0.696875 0.006172839506172839 0.69375 0.00411522633744856 0.69375 0 0.659375 0 0.6578125 0.006172839506172839 0.6484375 0.006172839506172839 0.646875 0 0.6046875 0
2 0.515625 0.2613168724279835 0.5125 0.2654320987654321 0.5125 0.2736625514403292 0.5078125 0.2757201646090535 0.5078125 0.31069958847736623 0.5125 0.31275720164609055 0.5125 0.32098765432098764 0.51875 0.32098765432098764 0.5203125 0.32510288065843623 0.5265625 0.32510288065843623 0.528125 0.33127572016460904 0.5421875 0.33127572016460904 0.54375 0.33539094650205764 0.55 0.33539094650205764 0.5515625 0.34156378600823045 0.5765625 0.34156378600823045 0.578125 0.33539094650205764 0.5890625 0.33539094650205764 0.590625 0.33127572016460904 0.6 0.33127572016460904 0.6015625 0.32510288065843623 0.6078125 0.32510288065843623 0.6125 0.3148148148148148 0.615625 0.3148148148148148 0.615625 0.3065843621399177 0.61875 0.3045267489711934 0.61875 0.2962962962962963 0.6109375 0.29012345679012347 0.6109375 0.28600823045267487 0.6015625 0.28600823045267487 0.6 0.28189300411522633 0.590625 0.28189300411522633 0.5890625 0.2757201646090535 0.5859375 0.2757201646090535 0.584375 0.2716049382716049 0.578125 0.2716049382716049 0.5765625 0.2654320987654321 0.5703125 0.2654320987654321 0.56875 0.2613168724279835 0.5515625 0.2613168724279835 0.55 0.2551440329218107 0.528125 0.2551440329218107 0.528125 0.257201646090535 0.5265625 0.2613168724279835 0.515625 0.2613168724279835
2 0.821875 0.205761316872428 0.81875 0.20987654320987653 0.81875 0.2242798353909465 0.8140625 0.22633744855967078 0.8140625 0.23868312757201646 0.8109375 0.24074074074074073 0.8109375 0.24897119341563786 0.80625 0.25102880658436216 0.80625 0.25925925925925924 0.803125 0.2613168724279835 0.803125 0.26954732510288065 0.8 0.2716049382716049 0.8 0.27983539094650206 0.7953125 0.28189300411522633 0.7953125 0.29012345679012347 0.790625 0.2962962962962963 0.7875 0.2962962962962963 0.7875 0.32098765432098764 0.79375 0.32098765432098764 0.7953125 0.3148148148148148 0.8046875 0.3148148148148148 0.80625 0.31069958847736623 0.8171875 0.31069958847736623 0.81875 0.3045267489711934 0.828125 0.3045267489711934 0.8296875 0.3004115226337449 0.8328125 0.3004115226337449 0.834375 0.294238683127572 0.840625 0.294238683127572 0.8421875 0.29012345679012347 0.8515625 0.29012345679012347 0.853125 0.2839506172839506 0.8796875 0.2839506172839506 0.88125 0.29012345679012347 0.8875 0.29012345679012347 0.8890625 0.2839506172839506 0.8953125 0.2839506172839506 0.896875 0.29012345679012347 0.9171875 0.29012345679012347 0.9171875 0.28189300411522633 0.921875 0.27983539094650206 0.921875 0.2757201646090535 0.9171875 0.2736625514403292 0.9171875 0.2654320987654321 0.909375 0.25925925925925924 0.909375 0.2551440329218107 0.90625 0.25102880658436216 0.9015625 0.24897119341563786 0.9015625 0.24074074074074073 0.890625 0.22633744855967078 0.884375 0.22633744855967078 0.8828125 0.22016460905349794 0.8765625 0.22016460905349794 0.875 0.21604938271604937 0.86875 0.21604938271604937 0.8671875 0.20987654320987653 0.85 0.20987654320987653 0.8484375 0.205761316872428 0.8421875 0.205761316872428 0.840625 0.20987654320987653 0.8375 0.20987654320987653 0.8328125 0.2037037037037037 0.8328125 0.19958847736625515 0.8265625 0.19958847736625515 0.8265625 0.20164609053497942 0.825 0.205761316872428 0.821875 0.205761316872428
2 0.6046875 0.8580246913580247 0.6046875 0.8621399176954733 0.6 0.8683127572016461 0.578125 0.8683127572016461 0.578125 0.897119341563786 0.5828125 0.8991769547325102 0.5828125 0.9074074074074074 0.5859375 0.9094650205761317 0.5859375 0.9176954732510288 0.5890625 0.9176954732510288 0.59375 0.9238683127572016 0.59375 0.9279835390946503 0.596875 0.9279835390946503 0.6015625 0.934156378600823 0.6015625 0.9382716049382716 0.6109375 0.9382716049382716 0.6125 0.9423868312757202 0.61875 0.9423868312757202 0.6203125 0.9382716049382716 0.6265625 0.9382716049382716 0.628125 0.9320987654320988 0.63125 0.9320987654320988 0.634375 0.9279835390946503 0.634375 0.9197530864197531 0.6390625 0.9176954732510288 0.6390625 0.9135802469135802 0.64375 0.9074074074074074 0.646875 0.9074074074074074 0.646875 0.8888888888888888 0.65 0.8868312757201646 0.65 0.8641975308641975 0.634375 0.8436213991769548 0.6203125 0.8436213991769548 0.6203125 0.845679012345679 0.6109375 0.8580246913580247 0.6046875 0.8580246913580247
2 0.659375 0.9074074074074074 0.6546875 0.9135802469135802 0.6515625 0.9135802469135802 0.65 0.9197530864197531 0.64375 0.9197530864197531 0.64375 0.9279835390946503 0.6390625 0.934156378600823 0.6359375 0.934156378600823 0.6359375 0.9382716049382716 0.6328125 0.9403292181069959 0.6328125 0.948559670781893 0.628125 0.9506172839506173 0.628125 0.9588477366255144 0.6328125 0.9609053497942387 0.6328125 0.9691358024691358 0.6359375 0.9732510288065843 0.6546875 0.9732510288065843 0.65625 0.9794238683127572 0.665625 0.9794238683127572 0.6671875 0.9732510288065843 0.6734375 0.9732510288065843 0.6734375 0.9650205761316872 0.678125 0.9629629629629629 0.678125 0.9506172839506173 0.68125 0.948559670781893 0.68125 0.9403292181069959 0.6859375 0.9382716049382716 0.6859375 0.9238683127572016 0.6890625 0.9218106995884774 0.6890625 0.9032921810699589 0.6828125 0.9032921810699589 0.68125 0.8991769547325102 0.6640625 0.8991769547325102 0.6640625 0.9012345679012346 0.659375 0.9032921810699589 0.659375 0.9074074074074074
2 0.4734375 0.0720164609053498 0.4734375 0.08024691358024691 0.4703125 0.0823045267489712 0.4703125 0.09053497942386832 0.465625 0.09259259259259259 0.465625 0.09670781893004116 0.4609375 0.102880658436214 0.4578125 0.102880658436214 0.4578125 0.1111111111111111 0.4546875 0.11316872427983539 0.4546875 0.12139917695473251 0.45 0.12345679012345678 0.45 0.13580246913580246 0.446875 0.13786008230452676 0.4453125 0.1440329218106996 0.4421875 0.1440329218106996 0.4390625 0.14814814814814814 0.4375 0.15432098765432098 0.434375 0.15432098765432098 0.434375 0.16255144032921812 0.4296875 0.16872427983539096 0.4234375 0.16872427983539096 0.421875 0.1748971193415638 0.415625 0.1748971193415638 0.4140625 0.17901234567901234 0.4109375 0.17901234567901234 0.409375 0.18518518518518517 0.403125 0.18518518518518517 0.4 0.18930041152263374 0.4 0.19753086419753085 0.396875 0.19958847736625515 0.396875 0.2037037037037037 0.3921875 0.205761316872428 0.3875 0.21604938271604937 0.384375 0.21604938271604937 0.38125 0.22016460905349794 0.38125 0.22839506172839505 0.3765625 0.23045267489711935 0.3765625 0.2448559670781893 0.3734375 0.24691358024691357 0.3734375 0.2736625514403292 0.3765625 0.2757201646090535 0.3765625 0.294238683127572 0.38125 0.2962962962962963 0.38125 0.3045267489711934 0.384375 0.3065843621399177 0.384375 0.31069958847736623 0.3953125 0.31069958847736623 0.396875 0.3148148148148148 0.403125 0.3168724279835391 0.403125 0.32098765432098764 0.4140625 0.32098765432098764 0.415625 0.32510288065843623 0.421875 0.32510288065843623 0.4234375 0.33539094650205764 0.4265625 0.3374485596707819 0.4265625 0.34156378600823045 0.4453125 0.34156378600823045 0.446875 0.345679012345679 0.4765625 0.345679012345679 0.4765625 0.3374485596707819 0.484375 0.33539094650205764 0.4890625 0.32510288065843623 0.4953125 0.32510288065843623 0.496875 0.32098765432098764 0.503125 0.32098765432098764 0.503125 0.3065843621399177 0.5078125 0.3004115226337449 0.5140625 0.3004115226337449 0.5140625 0.28600823045267487 0.51875 0.2839506172839506 0.51875 0.2757201646090535 0.5234375 0.26954732510288065 0.534375 0.26954732510288065 0.534375 0.2654320987654321 0.5390625 0.25925925925925924 0.5421875 0.25925925925925924 0.5421875 0.2551440329218107 0.5390625 0.2551440329218107 0.5375 0.25102880658436216 0.515625 0.25102880658436216 0.5140625 0.2551440329218107 0.5109375 0.25102880658436216 0.5046875 0.25102880658436216 0.503125 0.2551440329218107 0.4734375 0.2551440329218107 0.471875 0.25102880658436216 0.4734375 0.24897119341563786 0.484375 0.24897119341563786 0.4859375 0.2448559670781893 0.50625 0.2448559670781893 0.5078125 0.23868312757201646 0.5109375 0.23868312757201646 0.5125 0.2448559670781893 0.5140625 0.2448559670781893 0.515625 0.23868312757201646 0.5296875 0.23868312757201646 0.53125 0.2345679012345679 0.534375 0.2345679012345679 0.534375 0.23045267489711935 0.5390625 0.2242798353909465 0.5453125 0.2242798353909465 0.5453125 0.22016460905349794 0.55 0.21810699588477367 0.5515625 0.2139917695473251 0.5578125 0.2139917695473251 0.5578125 0.205761316872428 0.5609375 0.2037037037037037 0.5609375 0.19958847736625515 0.56875 0.1934156378600823 0.56875 0.1748971193415638 0.5734375 0.1728395061728395 0.5734375 0.16872427983539096 0.56875 0.16666666666666666 0.56875 0.15843621399176955 0.5734375 0.15637860082304528 0.575 0.16255144032921812 0.5765625 0.16255144032921812 0.578125 0.15637860082304528 0.58125 0.15637860082304528 0.58125 0.14814814814814814 0.5671875 0.14814814814814814 0.5671875 0.1522633744855967 0.5703125 0.15637860082304528 0.5671875 0.15843621399176955 0.565625 0.16872427983539096 0.5546875 0.16872427983539096 0.5546875 0.1728395061728395 0.55 0.17901234567901234 0.5390625 0.17901234567901234 0.534375 0.1728395061728395 0.534375 0.15843621399176955 0.5375 0.15637860082304528 0.5390625 0.14609053497942387 0.5421875 0.14609053497942387 0.54375 0.1419753086419753 0.55 0.1419753086419753 0.55 0.13786008230452676 0.546875 0.13786008230452676 0.5421875 0.13168724279835392 0.5421875 0.12757201646090535 0.5359375 0.12757201646090535 0.534375 0.1337448559670782 0.5203125 0.1337448559670782 0.51875 0.12757201646090535 0.515625 0.12757201646090535 0.5140625 0.12345679012345678 0.5078125 0.12345679012345678 0.50625 0.11316872427983539 0.503125 0.1111111111111111 0.503125 0.09259259259259259 0.4984375 0.09053497942386832 0.4984375 0.0720164609053498 0.4953125 0.06995884773662552 0.4953125 0.06172839506172839 0.48125 0.06172839506172839 0.48125 0.06378600823045268 0.4765625 0.0720164609053498 0.4734375 0.0720164609053498
2 0.709375 0 0.709375 0.00205761316872428 0.70625 0.00823045267489712 0.709375 0.0102880658436214 0.709375 0.018518518518518517 0.7140625 0.0205761316872428 0.7140625 0.024691358024691357 0.7203125 0.024691358024691357 0.721875 0.02880658436213992 0.746875 0.02880658436213992 0.7484375 0.024691358024691357 0.7515625 0.024691358024691357 0.7515625 0.0205761316872428 0.75625 0.01440329218106996 0.759375 0.01440329218106996 0.759375 0 0.709375 0
2 0.5234375 0 0.5234375 0.00205761316872428 0.521875 0.006172839506172839 0.5125 0.006172839506172839 0.5109375 0.0102880658436214 0.5078125 0.0102880658436214 0.5078125 0.01440329218106996 0.5046875 0.01646090534979424 0.5046875 0.04526748971193416 0.5 0.047325102880658436 0.5 0.06995884773662552 0.5046875 0.0720164609053498 0.5046875 0.09670781893004116 0.5078125 0.09876543209876543 0.5078125 0.10699588477366255 0.5125 0.10905349794238683 0.5125 0.12139917695473251 0.515625 0.12551440329218108 0.553125 0.12551440329218108 0.5546875 0.12139917695473251 0.5765625 0.12139917695473251 0.578125 0.11728395061728394 0.5890625 0.11728395061728394 0.5890625 0.10905349794238683 0.5921875 0.10699588477366255 0.59375 0.10082304526748971 0.596875 0.10082304526748971 0.596875 0.08847736625514403 0.6 0.08641975308641975 0.6 0.0720164609053498 0.603125 0.06790123456790123 0.6 0.06584362139917696 0.6 0.05761316872427984 0.603125 0.05555555555555555 0.603125 0.051440329218107 0.6 0.04938271604938271 0.6 0.0411522633744856 0.5921875 0.03497942386831276 0.5921875 0.030864197530864196 0.5859375 0.030864197530864196 0.584375 0.026748971193415638 0.578125 0.026748971193415638 0.5765625 0.0205761316872428 0.5703125 0.0205761316872428 0.565625 0.01440329218106996 0.565625 0.0102880658436214 0.559375 0.0102880658436214 0.5578125 0.006172839506172839 0.54375 0.006172839506172839 0.5421875 0 0.5234375 0
2 0.0703125 0.8909465020576132 0.075 0.8930041152263375 0.075 0.9074074074074074 0.078125 0.9094650205761317 0.078125 0.9218106995884774 0.0828125 0.9238683127572016 0.0828125 0.9320987654320988 0.0859375 0.934156378600823 0.0859375 0.9382716049382716 0.1078125 0.9382716049382716 0.109375 0.9320987654320988 0.1234375 0.9320987654320988 0.125 0.9279835390946503 0.13125 0.9279835390946503 0.1328125 0.9218106995884774 0.1390625 0.9218106995884774 0.1421875 0.9176954732510288 0.1421875 0.9032921810699589 0.134375 0.897119341563786 0.134375 0.8930041152263375 0.13125 0.8888888888888888 0.125 0.8888888888888888 0.1234375 0.8827160493827161 0.1125 0.8827160493827161 0.1109375 0.8786008230452675 0.1046875 0.8786008230452675 0.103125 0.8744855967078189 0.09375 0.8744855967078189 0.0921875 0.8683127572016461 0.0859375 0.8683127572016461 0.084375 0.8641975308641975 0.078125 0.8641975308641975 0.078125 0.8662551440329218 0.0703125 0.8683127572016461 0.0703125 0.8909465020576132
2 0.140625 0.26954732510288065 0.1328125 0.2757201646090535 0.13125 0.28189300411522633 0.128125 0.28189300411522633 0.128125 0.3045267489711934 0.1328125 0.3065843621399177 0.1328125 0.31069958847736623 0.125 0.3168724279835391 0.1234375 0.3230452674897119 0.1171875 0.3230452674897119 0.115625 0.3271604938271605 0.109375 0.3271604938271605 0.1078125 0.3333333333333333 0.1046875 0.3333333333333333 0.1046875 0.3559670781893004 0.109375 0.35802469135802467 0.109375 0.36213991769547327 0.11875 0.36213991769547327 0.1203125 0.3662551440329218 0.1546875 0.3662551440329218 0.15625 0.3765432098765432 0.159375 0.3786008230452675 0.159375 0.3868312757201646 0.1625 0.3868312757201646 0.1640625 0.39094650205761317 0.1734375 0.39094650205761317 0.175 0.39711934156378603 0.18125 0.39711934156378603 0.18125 0.39300411522633744 0.1890625 0.3868312757201646 0.190625 0.38065843621399176 0.19375 0.38065843621399176 0.196875 0.3765432098765432 0.196875 0.3683127572016461 0.2 0.3662551440329218 0.2 0.3374485596707819 0.2046875 0.33539094650205764 0.2046875 0.3230452674897119 0.2 0.32098765432098764 0.2 0.3065843621399177 0.196875 0.3045267489711934 0.196875 0.2962962962962963 0.19375 0.294238683127572 0.19375 0.28600823045267487 0.190625 0.28600823045267487 0.1859375 0.27983539094650206 0.1859375 0.2757201646090535 0.1828125 0.2757201646090535 0.178125 0.26954732510288065 0.178125 0.2654320987654321 0.171875 0.2654320987654321 0.1703125 0.2613168724279835 0.1484375 0.2613168724279835 0.1484375 0.26337448559670784 0.140625 0.2654320987654321 0.140625 0.26954732510288065
2 0.771875 0.205761316872428 0.7703125 0.20987654320987653 0.7671875 0.205761316872428 0.7640625 0.205761316872428 0.7625 0.20987654320987653 0.75625 0.20987654320987653 0.75625 0.2139917695473251 0.753125 0.21604938271604937 0.753125 0.2242798353909465 0.7453125 0.23045267489711935 0.74375 0.2366255144032922 0.740625 0.2366255144032922 0.7390625 0.24074074074074073 0.7328125 0.24074074074074073 0.7328125 0.2448559670781893 0.728125 0.25102880658436216 0.725 0.25102880658436216 0.7234375 0.2551440329218107 0.7171875 0.2551440329218107 0.7171875 0.25925925925925924 0.7140625 0.2613168724279835 0.7140625 0.2736625514403292 0.709375 0.2757201646090535 0.709375 0.3004115226337449 0.7140625 0.30246913580246915 0.7140625 0.31069958847736623 0.7171875 0.31275720164609055 0.7171875 0.32098765432098764 0.7203125 0.32098765432098764 0.725 0.3271604938271605 0.725 0.33127572016460904 0.728125 0.33127572016460904 0.7328125 0.3374485596707819 0.7328125 0.34156378600823045 0.7625 0.34156378600823045 0.7640625 0.33539094650205764 0.7703125 0.33539094650205764 0.771875 0.33127572016460904 0.775 0.33127572016460904 0.775 0.3230452674897119 0.778125 0.32098765432098764 0.7796875 0.3148148148148148 0.7828125 0.3148148148148148 0.7828125 0.30246913580246915 0.7859375 0.3004115226337449 0.7875 0.294238683127572 0.790625 0.294238683127572 0.790625 0.28600823045267487 0.7953125 0.27983539094650206 0.7984375 0.27983539094650206 0.7984375 0.2654320987654321 0.8015625 0.26337448559670784 0.8015625 0.2551440329218107 0.8046875 0.25308641975308643 0.8046875 0.24691358024691357 0.809375 0.2448559670781893 0.809375 0.22633744855967078 0.8125 0.2242798353909465 0.8125 0.21604938271604937 0.809375 0.2139917695473251 0.809375 0.20987654320987653 0.8 0.20987654320987653 0.7984375 0.205761316872428 0.79375 0.2037037037037037 0.79375 0.19958847736625515 0.784375 0.19958847736625515 0.784375 0.20164609053497942 0.7828125 0.205761316872428 0.771875 0.205761316872428
2 0.225 0 0.225 0.00205761316872428 0.2328125 0.0102880658436214 0.2328125 0.01440329218106996 0.2359375 0.01440329218106996 0.2375 0.018518518518518517 0.24375 0.018518518518518517 0.2484375 0.02880658436213992 0.2546875 0.02880658436213992 0.25625 0.03497942386831276 0.259375 0.03497942386831276 0.2609375 0.03909465020576132 0.2984375 0.03909465020576132 0.3 0.03497942386831276 0.3171875 0.03497942386831276 0.31875 0.02880658436213992 0.325 0.02880658436213992 0.3265625 0.024691358024691357 0.3328125 0.024691358024691357 0.3328125 0.0205761316872428 0.3359375 0.018518518518518517 0.3359375 0.0102880658436214 0.340625 0.00823045267489712 0.340625 0 0.225 0
1 0.228125 0.8991769547325102 0.225 0.8991769547325102 0.225 0.9074074074074074 0.221875 0.9094650205761317 0.221875 0.9382716049382716 0.225 0.9423868312757202 0.23125 0.9423868312757202 0.2328125 0.9382716049382716 0.2390625 0.9382716049382716 0.2390625 0.934156378600823 0.246875 0.9279835390946503 0.2484375 0.9218106995884774 0.2546875 0.9218106995884774 0.2546875 0.9135802469135802 0.259375 0.911522633744856 0.259375 0.9032921810699589 0.25625 0.9032921810699589 0.2515625 0.897119341563786 0.2515625 0.8930041152263375 0.2484375 0.8930041152263375 0.246875 0.8888888888888888 0.2328125 0.8888888888888888 0.2328125 0.8909465020576132 0.2296875 0.8930041152263375 0.228125 0.8991769547325102
1 0.240625 0.7057613168724279 0.2390625 0.7160493827160493 0.2296875 0.7160493827160493 0.2328125 0.720164609053498 0.2328125 0.7242798353909465 0.2296875 0.7263374485596708 0.2296875 0.7448559670781894 0.2328125 0.7489711934156379 0.2359375 0.7489711934156379 0.2375 0.7530864197530864 0.2515625 0.7530864197530864 0.25625 0.7448559670781894 0.259375 0.7448559670781894 0.259375 0.7407407407407407 0.2640625 0.7345679012345679 0.2671875 0.7345679012345679 0.2671875 0.7304526748971193 0.2703125 0.7283950617283951 0.2703125 0.7098765432098766 0.2640625 0.7098765432098766 0.259375 0.7037037037037037 0.259375 0.6995884773662552 0.2453125 0.6995884773662552 0.2453125 0.7016460905349794 0.24375 0.7057613168724279 0.240625 0.7057613168724279
1 0.8375 0.48559670781893005 0.8359375 0.49176954732510286 0.8296875 0.49176954732510286 0.8265625 0.49588477366255146 0.8265625 0.5041152263374485 0.821875 0.5061728395061729 0.821875 0.51440329218107 0.81875 0.5164609053497943 0.81875 0.565843621399177 0.821875 0.5679012345679012 0.821875 0.5761316872427984 0.825 0.5761316872427984 0.8296875 0.5823045267489712 0.8296875 0.6008230452674898 0.834375 0.602880658436214 0.834375 0.6172839506172839 0.8375 0.6193415637860082 0.8375 0.6255144032921811 0.84375 0.6255144032921811 0.8453125 0.6316872427983539 0.8515625 0.6316872427983539 0.853125 0.6358024691358025 0.859375 0.6358024691358025 0.8671875 0.6255144032921811 0.8671875 0.6193415637860082 0.871875 0.6172839506172839 0.871875 0.6131687242798354 0.8765625 0.6069958847736625 0.8796875 0.6069958847736625 0.8796875 0.602880658436214 0.884375 0.5967078189300411 0.8875 0.5967078189300411 0.8875 0.588477366255144 0.890625 0.5864197530864198 0.890625 0.5781893004115226 0.8953125 0.5761316872427984 0.8953125 0.5720164609053497 0.8984375 0.5699588477366255 0.8984375 0.5617283950617284 0.9015625 0.5596707818930041 0.9015625 0.5473251028806584 0.90625 0.5452674897119342 0.90625 0.5164609053497943 0.9015625 0.51440329218107 0.9015625 0.5061728395061729 0.8984375 0.5041152263374485 0.8984375 0.49588477366255146 0.8953125 0.49176954732510286 0.8890625 0.49176954732510286 0.8875 0.48559670781893005 0.8765625 0.48559670781893005 0.875 0.48148148148148145 0.853125 0.48148148148148145 0.853125 0.4835390946502058 0.8515625 0.48559670781893005 0.8375 0.48559670781893005
1 0.178125 0.6378600823045267 0.175 0.6378600823045267 0.175 0.6728395061728395 0.1796875 0.6748971193415638 0.1796875 0.6872427983539094 0.1828125 0.6893004115226338 0.1828125 0.6934156378600823 0.19375 0.6934156378600823 0.1953125 0.6872427983539094 0.2078125 0.6872427983539094 0.2078125 0.668724279835391 0.2046875 0.6666666666666666 0.2046875 0.6481481481481481 0.2 0.6460905349794238 0.2 0.6275720164609053 0.2046875 0.6255144032921811 0.2046875 0.6234567901234568 0.2015625 0.6234567901234568 0.2 0.6193415637860082 0.1875 0.6193415637860082 0.1875 0.6213991769547325 0.1796875 0.6275720164609053 0.178125 0.6378600823045267
1 0.64375 0.4403292181069959 0.6421875 0.4444444444444444 0.6359375 0.4444444444444444 0.6359375 0.448559670781893 0.63125 0.4547325102880658 0.628125 0.4547325102880658 0.628125 0.4897119341563786 0.63125 0.4897119341563786 0.6328125 0.49382716049382713 0.65 0.49382716049382713 0.6515625 0.5 0.6546875 0.5 0.659375 0.5061728395061729 0.659375 0.5185185185185185 0.6640625 0.5205761316872428 0.6640625 0.5246913580246914 0.6734375 0.5246913580246914 0.6734375 0.5020576131687243 0.678125 0.5 0.678125 0.48559670781893005 0.68125 0.4835390946502058 0.68125 0.4547325102880658 0.678125 0.45267489711934156 0.678125 0.4403292181069959 0.6734375 0.4382716049382716 0.6734375 0.43415637860082307 0.6515625 0.43415637860082307 0.6515625 0.43621399176954734 0.65 0.4403292181069959 0.64375 0.4403292181069959
1 0.3609375 0.7942386831275721 0.365625 0.7962962962962963 0.365625 0.8004115226337448 0.36875 0.8024691358024691 0.36875 0.8106995884773662 0.371875 0.8106995884773662 0.3765625 0.8168724279835391 0.3765625 0.8209876543209876 0.3796875 0.8209876543209876 0.384375 0.8271604938271605 0.384375 0.831275720164609 0.4015625 0.831275720164609 0.4015625 0.823045267489712 0.40625 0.8209876543209876 0.40625 0.8127572016460906 0.409375 0.8106995884773662 0.409375 0.7962962962962963 0.4140625 0.7942386831275721 0.4140625 0.7716049382716049 0.409375 0.7695473251028807 0.409375 0.7654320987654321 0.403125 0.7654320987654321 0.4015625 0.7716049382716049 0.384375 0.7716049382716049 0.3828125 0.7613168724279835 0.3796875 0.7592592592592593 0.3796875 0.7551440329218106 0.3734375 0.7551440329218106 0.371875 0.7510288065843621 0.36875 0.7510288065843621 0.365625 0.7469135802469136 0.365625 0.7489711934156379 0.3609375 0.7510288065843621 0.3609375 0.7942386831275721
1 0.546875 0.7263374485596708 0.546875 0.7345679012345679 0.5421875 0.7407407407407407 0.5390625 0.7407407407407407 0.5390625 0.7489711934156379 0.5359375 0.7510288065843621 0.5359375 0.7695473251028807 0.53125 0.7716049382716049 0.53125 0.7839506172839507 0.5421875 0.7839506172839507 0.54375 0.7860082304526749 0.54375 0.8004115226337448 0.546875 0.8045267489711934 0.553125 0.8045267489711934 0.5546875 0.8106995884773662 0.5578125 0.8106995884773662 0.559375 0.8148148148148148 0.5734375 0.8148148148148148 0.578125 0.8045267489711934 0.58125 0.8045267489711934 0.58125 0.7921810699588477 0.584375 0.7901234567901234 0.584375 0.7551440329218106 0.58125 0.7530864197530864 0.58125 0.7469135802469136 0.5765625 0.7448559670781894 0.5765625 0.7407407407407407 0.5703125 0.7407407407407407 0.565625 0.7345679012345679 0.565625 0.7304526748971193 0.5625 0.7304526748971193 0.5609375 0.7263374485596708 0.5546875 0.7263374485596708 0.553125 0.720164609053498 0.5515625 0.720164609053498 0.5515625 0.7222222222222222 0.55 0.7263374485596708 0.546875 0.7263374485596708
1 0.075 0.5576131687242798 0.0734375 0.5679012345679012 0.0671875 0.5679012345679012 0.0703125 0.5720164609053497 0.0703125 0.5761316872427984 0.0671875 0.5802469135802469 0.0703125 0.5823045267489712 0.0703125 0.5905349794238683 0.075 0.5925925925925926 0.075 0.5967078189300411 0.096875 0.5967078189300411 0.096875 0.5925925925925926 0.103125 0.5864197530864198 0.103125 0.5576131687242798 0.0984375 0.5576131687242798 0.096875 0.551440329218107 0.0828125 0.551440329218107 0.0828125 0.5534979423868313 0.08125 0.5576131687242798 0.075 0.5576131687242798
1 0.4859375 0.9794238683127572 0.49375 0.98559670781893 0.49375 0.9897119341563786 0.503125 0.9897119341563786 0.5046875 0.9835390946502057 0.5109375 0.9835390946502057 0.5109375 0.9711934156378601 0.50625 0.9691358024691358 0.50625 0.9609053497942387 0.4890625 0.9609053497942387 0.4890625 0.9629629629629629 0.4859375 0.9650205761316872 0.4859375 0.9794238683127572
1 0.26875 0.6851851851851852 0.26875 0.7037037037037037 0.271875 0.7057613168724279 0.271875 0.7181069958847737 0.2765625 0.720164609053498 0.2765625 0.7242798353909465 0.2859375 0.7242798353909465 0.2875 0.7283950617283951 0.290625 0.7283950617283951 0.2921875 0.7242798353909465 0.2984375 0.7242798353909465 0.2984375 0.720164609053498 0.3046875 0.7139917695473251 0.3046875 0.6954732510288066 0.3 0.6954732510288066 0.2984375 0.6893004115226338 0.2953125 0.6893004115226338 0.290625 0.6831275720164609 0.290625 0.6790123456790124 0.284375 0.6790123456790124 0.2828125 0.6748971193415638 0.271875 0.6748971193415638 0.271875 0.676954732510288 0.271875 0.6831275720164609 0.26875 0.6851851851851852
1 0.896875 0.7860082304526749 0.896875 0.7942386831275721 0.8921875 0.7962962962962963 0.8921875 0.831275720164609 0.896875 0.8333333333333334 0.896875 0.8415637860082305 0.9 0.8436213991769548 0.9 0.8518518518518519 0.903125 0.8539094650205762 0.903125 0.8621399176954733 0.9078125 0.8641975308641975 0.9078125 0.8724279835390947 0.903125 0.8744855967078189 0.903125 0.8868312757201646 0.9078125 0.8888888888888888 0.9078125 0.897119341563786 0.9453125 0.897119341563786 0.946875 0.8909465020576132 0.953125 0.8909465020576132 0.9578125 0.8806584362139918 0.9609375 0.8806584362139918 0.9609375 0.8744855967078189 0.9640625 0.8724279835390947 0.9640625 0.8641975308641975 0.96875 0.8621399176954733 0.96875 0.8580246913580247 0.971875 0.8559670781893004 0.971875 0.8477366255144033 0.9765625 0.845679012345679 0.9765625 0.8271604938271605 0.9734375 0.8271604938271605 0.971875 0.823045267489712 0.965625 0.823045267489712 0.9640625 0.8168724279835391 0.9546875 0.8168724279835391 0.953125 0.8127572016460906 0.95 0.8127572016460906 0.9484375 0.8065843621399177 0.9453125 0.8024691358024691 0.9421875 0.8024691358024691 0.940625 0.7962962962962963 0.9375 0.7942386831275721 0.9375 0.7860082304526749 0.934375 0.7860082304526749 0.9328125 0.7818930041152263 0.9265625 0.7818930041152263 0.925 0.7757201646090535 0.9 0.7757201646090535 0.9 0.7777777777777778 0.9 0.7839506172839507 0.896875 0.7860082304526749
1 0.1046875 0.2613168724279835 0.1015625 0.2654320987654321 0.1015625 0.2839506172839506 0.109375 0.294238683127572 0.1234375 0.294238683127572 0.1265625 0.29012345679012347 0.1265625 0.2654320987654321 0.11875 0.25925925925925924 0.11875 0.2551440329218107 0.1125 0.2551440329218107 0.1125 0.257201646090535 0.1109375 0.2613168724279835 0.1046875 0.2613168724279835
1 0.078125 0.6069958847736625 0.0828125 0.6090534979423868 0.0828125 0.6213991769547325 0.0859375 0.6234567901234568 0.0859375 0.6460905349794238 0.090625 0.6481481481481481 0.090625 0.6563786008230452 0.09375 0.6584362139917695 0.09375 0.6625514403292181 0.1 0.6625514403292181 0.1 0.6275720164609053 0.103125 0.6255144032921811 0.103125 0.6090534979423868 0.1 0.6069958847736625 0.1 0.602880658436214 0.096875 0.5987654320987654 0.0828125 0.5987654320987654 0.0828125 0.6008230452674898 0.078125 0.602880658436214 0.078125 0.6069958847736625
1 0.1484375 0.6358024691358025 0.14375 0.6378600823045267 0.14375 0.6460905349794238 0.1484375 0.6481481481481481 0.1484375 0.6666666666666666 0.1515625 0.668724279835391 0.1515625 0.6872427983539094 0.15625 0.6893004115226338 0.15625 0.6975308641975309 0.165625 0.6975308641975309 0.1671875 0.6934156378600823 0.178125 0.6934156378600823 0.178125 0.6378600823045267 0.175 0.6378600823045267 0.1703125 0.6316872427983539 0.1703125 0.6275720164609053 0.1640625 0.6275720164609053 0.1625 0.6234567901234568 0.15625 0.6234567901234568 0.15625 0.6255144032921811 0.1484375 0.6275720164609053 0.1484375 0.6358024691358025
1 0.36875 0.6625514403292181 0.3640625 0.668724279835391 0.3609375 0.668724279835391 0.3609375 0.6728395061728395 0.3578125 0.6748971193415638 0.3578125 0.6831275720164609 0.353125 0.6851851851851852 0.353125 0.7181069958847737 0.3578125 0.720164609053498 0.3578125 0.7386831275720165 0.3609375 0.7407407407407407 0.3609375 0.7489711934156379 0.365625 0.7510288065843621 0.365625 0.7592592592592593 0.371875 0.7592592592592593 0.3765625 0.7654320987654321 0.3765625 0.7695473251028807 0.3828125 0.7695473251028807 0.384375 0.7736625514403292 0.390625 0.7736625514403292 0.3921875 0.7695473251028807 0.3953125 0.7695473251028807 0.3984375 0.7736625514403292 0.4 0.7695473251028807 0.409375 0.7695473251028807 0.4109375 0.7633744855967078 0.4140625 0.7633744855967078 0.4140625 0.7510288065843621 0.4171875 0.7489711934156379 0.4171875 0.7407407407407407 0.425 0.7345679012345679 0.4265625 0.7242798353909465 0.4296875 0.7242798353909465 0.4296875 0.6954732510288066 0.4265625 0.6954732510288066 0.421875 0.6851851851851852 0.4171875 0.6831275720164609 0.4171875 0.6790123456790124 0.4109375 0.6790123456790124 0.40625 0.6728395061728395 0.40625 0.668724279835391 0.403125 0.668724279835391 0.4015625 0.6646090534979424 0.396875 0.6646090534979424 0.3953125 0.6584362139917695 0.384375 0.6584362139917695 0.3828125 0.654320987654321 0.3765625 0.654320987654321 0.3765625 0.6563786008230452 0.36875 0.6584362139917695 0.36875 0.6625514403292181
1 0.5078125 0.6193415637860082 0.5078125 0.6255144032921811 0.5046875 0.6275720164609053 0.5046875 0.6358024691358025 0.5 0.6378600823045267 0.5 0.6522633744855967 0.496875 0.654320987654321 0.496875 0.6625514403292181 0.49375 0.6646090534979424 0.49375 0.6728395061728395 0.4890625 0.6748971193415638 0.4890625 0.6831275720164609 0.484375 0.6893004115226338 0.48125 0.6893004115226338 0.48125 0.7078189300411523 0.4859375 0.7098765432098766 0.4859375 0.7139917695473251 0.4921875 0.7139917695473251 0.49375 0.7181069958847737 0.503125 0.7181069958847737 0.5078125 0.7283950617283951 0.5140625 0.7283950617283951 0.515625 0.7242798353909465 0.521875 0.7242798353909465 0.5234375 0.7139917695473251 0.5296875 0.7139917695473251 0.53125 0.7078189300411523 0.5375 0.7078189300411523 0.5390625 0.7037037037037037 0.5421875 0.7037037037037037 0.5421875 0.6851851851851852 0.5390625 0.6851851851851852 0.534375 0.6748971193415638 0.5296875 0.6728395061728395 0.5296875 0.654320987654321 0.534375 0.6522633744855967 0.534375 0.6440329218106996 0.5296875 0.6419753086419753 0.5296875 0.6275720164609053 0.5265625 0.6255144032921811 0.5265625 0.6193415637860082 0.521875 0.6172839506172839 0.521875 0.6131687242798354 0.515625 0.6131687242798354 0.515625 0.6152263374485597 0.5140625 0.6193415637860082 0.5078125 0.6193415637860082
1 0.6171875 0.5411522633744856 0.615625 0.5473251028806584 0.609375 0.5473251028806584 0.6078125 0.551440329218107 0.6046875 0.551440329218107 0.603125 0.5576131687242798 0.5984375 0.5576131687242798 0.596875 0.5617283950617284 0.59375 0.5617283950617284 0.5921875 0.5679012345679012 0.5859375 0.5679012345679012 0.5828125 0.5720164609053497 0.5828125 0.5802469135802469 0.578125 0.5823045267489712 0.578125 0.5905349794238683 0.575 0.5925925925925926 0.575 0.6069958847736625 0.5703125 0.6090534979423868 0.5703125 0.6172839506172839 0.575 0.6193415637860082 0.575 0.6255144032921811 0.5828125 0.6358024691358025 0.596875 0.6358024691358025 0.5984375 0.6419753086419753 0.6109375 0.6419753086419753 0.6125 0.6460905349794238 0.61875 0.6460905349794238 0.6203125 0.6419753086419753 0.63125 0.6419753086419753 0.6328125 0.6358024691358025 0.6390625 0.6358024691358025 0.640625 0.6316872427983539 0.646875 0.6316872427983539 0.6484375 0.6255144032921811 0.6546875 0.6255144032921811 0.659375 0.6172839506172839 0.665625 0.6172839506172839 0.665625 0.5987654320987654 0.6703125 0.5967078189300411 0.6703125 0.5925925925925926 0.665625 0.5905349794238683 0.665625 0.5823045267489712 0.6625 0.5802469135802469 0.6625 0.5720164609053497 0.6578125 0.5699588477366255 0.6578125 0.5617283950617284 0.65 0.5555555555555556 0.65 0.551440329218107 0.646875 0.5473251028806584 0.6421875 0.5452674897119342 0.6421875 0.5411522633744856 0.6390625 0.5370370370370371 0.628125 0.5370370370370371 0.628125 0.5390946502057613 0.6265625 0.5411522633744856 0.6171875 0.5411522633744856
1 0.45 0.4609053497942387 0.446875 0.46502057613168724 0.446875 0.4794238683127572 0.4421875 0.48148148148148145 0.4421875 0.49382716049382713 0.446875 0.49588477366255146 0.446875 0.5041152263374485 0.45 0.5061728395061729 0.45 0.51440329218107 0.453125 0.51440329218107 0.4578125 0.5205761316872428 0.4578125 0.5246913580246914 0.46875 0.5246913580246914 0.4703125 0.5288065843621399 0.4765625 0.5288065843621399 0.4796875 0.5246913580246914 0.4796875 0.5164609053497943 0.484375 0.51440329218107 0.484375 0.5020576131687243 0.4875 0.5 0.4875 0.49176954732510286 0.484375 0.4897119341563786 0.484375 0.48148148148148145 0.4796875 0.4794238683127572 0.4796875 0.4711934156378601 0.4765625 0.4691358024691358 0.4765625 0.46502057613168724 0.4734375 0.46502057613168724 0.471875 0.4609053497942387 0.465625 0.4609053497942387 0.4640625 0.4547325102880658 0.4546875 0.4547325102880658 0.4546875 0.4567901234567901 0.453125 0.4609053497942387 0.45 0.4609053497942387
1 0.5625 0.5781893004115226 0.5578125 0.588477366255144 0.5546875 0.588477366255144 0.5515625 0.5925925925925926 0.5515625 0.6069958847736625 0.5546875 0.6111111111111112 0.5609375 0.6111111111111112 0.5625 0.6172839506172839 0.56875 0.6172839506172839 0.5703125 0.6111111111111112 0.5734375 0.6111111111111112 0.5734375 0.602880658436214 0.5765625 0.6008230452674898 0.5765625 0.588477366255144 0.58125 0.5864197530864198 0.58125 0.5720164609053497 0.5703125 0.5720164609053497 0.5703125 0.5740740740740741 0.56875 0.5781893004115226 0.5625 0.5781893004115226
1 0.8375 0.8333333333333334 0.834375 0.8374485596707819 0.8328125 0.8436213991769548 0.8296875 0.8436213991769548 0.8265625 0.8477366255144033 0.8265625 0.8662551440329218 0.8296875 0.8683127572016461 0.8296875 0.8724279835390947 0.8359375 0.8724279835390947 0.8375 0.8765432098765432 0.8484375 0.8765432098765432 0.85 0.8724279835390947 0.85625 0.8724279835390947 0.85625 0.8683127572016461 0.8609375 0.8621399176954733 0.8640625 0.8621399176954733 0.8640625 0.8374485596707819 0.8609375 0.8374485596707819 0.85625 0.831275720164609 0.85625 0.8271604938271605 0.8421875 0.8271604938271605 0.8421875 0.8292181069958847 0.840625 0.8333333333333334 0.8375 0.8333333333333334
1 0.3421875 0.7242798353909465 0.3453125 0.7263374485596708 0.3453125 0.7345679012345679 0.3484375 0.7345679012345679 0.35 0.7386831275720165 0.35625 0.7386831275720165 0.35625 0.7098765432098766 0.353125 0.7098765432098766 0.3515625 0.7057613168724279 0.35625 0.7037037037037037 0.35625 0.6851851851851852 0.3453125 0.6851851851851852 0.3453125 0.6872427983539094 0.3421875 0.6893004115226338 0.3421875 0.7242798353909465
1 0.4234375 0.5267489711934157 0.421875 0.5308641975308642 0.41875 0.5308641975308642 0.41875 0.5390946502057613 0.415625 0.5411522633744856 0.4140625 0.5473251028806584 0.4109375 0.5473251028806584 0.4109375 0.5596707818930041 0.4078125 0.5617283950617284 0.40625 0.5679012345679012 0.403125 0.5679012345679012 0.403125 0.5905349794238683 0.4 0.5925925925925926 0.4 0.6255144032921811 0.403125 0.6275720164609053 0.403125 0.6358024691358025 0.4078125 0.6378600823045267 0.4078125 0.6419753086419753 0.4109375 0.6460905349794238 0.4171875 0.6460905349794238 0.41875 0.6419753086419753 0.421875 0.6419753086419753 0.421875 0.6090534979423868 0.425 0.6069958847736625 0.425 0.5987654320987654 0.4296875 0.5967078189300411 0.4296875 0.588477366255144 0.4328125 0.5864197530864198 0.4328125 0.5781893004115226 0.4296875 0.5761316872427984 0.4296875 0.5617283950617284 0.4328125 0.5596707818930041 0.434375 0.5493827160493827 0.440625 0.5493827160493827 0.4421875 0.5452674897119342 0.4453125 0.5452674897119342 0.4453125 0.5411522633744856 0.45 0.5349794238683128 0.453125 0.5349794238683128 0.453125 0.5267489711934157 0.446875 0.5267489711934157 0.4453125 0.5205761316872428 0.434375 0.5205761316872428 0.434375 0.522633744855967 0.4328125 0.5267489711934157 0.4234375 0.5267489711934157
1 0.35 0.588477366255144 0.3484375 0.5925925925925926 0.3453125 0.5925925925925926 0.3453125 0.5967078189300411 0.340625 0.602880658436214 0.3375 0.602880658436214 0.3375 0.6111111111111112 0.334375 0.6131687242798354 0.334375 0.6666666666666666 0.3375 0.668724279835391 0.3375 0.6831275720164609 0.340625 0.6831275720164609 0.3421875 0.6872427983539094 0.3515625 0.6872427983539094 0.3515625 0.6790123456790124 0.359375 0.6728395061728395 0.359375 0.6646090534979424 0.3640625 0.6625514403292181 0.3640625 0.6584362139917695 0.36875 0.6522633744855967 0.371875 0.6522633744855967 0.371875 0.6481481481481481 0.36875 0.6481481481481481 0.3671875 0.6440329218106996 0.371875 0.6419753086419753 0.371875 0.6337448559670782 0.375 0.6316872427983539 0.375 0.6275720164609053 0.3765625 0.6255144032921811 0.3875 0.6255144032921811 0.390625 0.6213991769547325 0.390625 0.5925925925925926 0.3875 0.588477366255144 0.3765625 0.588477366255144 0.375 0.5823045267489712 0.3578125 0.5823045267489712 0.3578125 0.5843621399176955 0.35625 0.588477366255144 0.35 0.588477366255144
1 0.03125 0.5102880658436214 0.03125 0.51440329218107 0.0265625 0.5205761316872428 0.0203125 0.5205761316872428 0.0203125 0.5390946502057613 0.028125 0.5493827160493827 0.034375 0.5493827160493827 0.0359375 0.5555555555555556 0.0421875 0.5555555555555556 0.04375 0.5493827160493827 0.05 0.5493827160493827 0.0515625 0.5452674897119342 0.0578125 0.5452674897119342 0.0578125 0.5411522633744856 0.0625 0.5349794238683128 0.065625 0.5349794238683128 0.065625 0.5164609053497943 0.0609375 0.51440329218107 0.0609375 0.5061728395061729 0.0546875 0.5061728395061729 0.053125 0.5020576131687243 0.0390625 0.5020576131687243 0.0390625 0.5041152263374485 0.034375 0.5102880658436214 0.03125 0.5102880658436214
1 0.9421875 0.6851851851851852 0.9390625 0.6893004115226338 0.9390625 0.6975308641975309 0.934375 0.6995884773662552 0.934375 0.7139917695473251 0.93125 0.7160493827160493 0.93125 0.7633744855967078 0.934375 0.7654320987654321 0.934375 0.7736625514403292 0.9390625 0.7757201646090535 0.9390625 0.7901234567901234 0.946875 0.7962962962962963 0.946875 0.8004115226337448 0.95 0.8045267489711934 0.9546875 0.8065843621399177 0.9546875 0.8106995884773662 0.9640625 0.8106995884773662 0.965625 0.8148148148148148 0.971875 0.8148148148148148 0.9734375 0.8209876543209876 0.9765625 0.8209876543209876 0.978125 0.8251028806584362 0.984375 0.8251028806584362 0.9859375 0.831275720164609 0.9875 0.831275720164609 0.9890625 0.8251028806584362 0.9984375 0.8251028806584362 0.9984375 0.6851851851851852 0.9890625 0.6851851851851852 0.984375 0.6954732510288066 0.9703125 0.6954732510288066 0.96875 0.6893004115226338 0.9625 0.6893004115226338 0.9609375 0.6851851851851852 0.9546875 0.6851851851851852 0.953125 0.6790123456790124 0.946875 0.6790123456790124 0.946875 0.6810699588477366 0.9453125 0.6851851851851852 0.9421875 0.6851851851851852
1 0.190625 0.46502057613168724 0.190625 0.4732510288065844 0.1875 0.47530864197530864 0.1875 0.4794238683127572 0.1796875 0.48559670781893005 0.1796875 0.5 0.1828125 0.5041152263374485 0.1859375 0.5041152263374485 0.1875 0.5082304526748971 0.19375 0.5082304526748971 0.1953125 0.51440329218107 0.2 0.51440329218107 0.2015625 0.5185185185185185 0.2125 0.5185185185185185 0.2171875 0.5082304526748971 0.2203125 0.5082304526748971 0.225 0.5 0.228125 0.5 0.228125 0.49176954732510286 0.23125 0.4897119341563786 0.23125 0.47530864197530864 0.228125 0.4711934156378601 0.221875 0.4711934156378601 0.2203125 0.46502057613168724 0.2171875 0.46502057613168724 0.215625 0.4609053497942387 0.209375 0.4609053497942387 0.2078125 0.4547325102880658 0.1953125 0.4547325102880658 0.1953125 0.4567901234567901 0.1953125 0.46296296296296297 0.190625 0.46502057613168724
1 0.046875 0.5473251028806584 0.0453125 0.551440329218107 0.0390625 0.551440329218107 0.0390625 0.5555555555555556 0.0359375 0.5576131687242798 0.0359375 0.565843621399177 0.04375 0.5720164609053497 0.04375 0.5761316872427984 0.065625 0.5761316872427984 0.065625 0.5720164609053497 0.06875 0.5699588477366255 0.06875 0.551440329218107 0.065625 0.5473251028806584 0.0625 0.5473251028806584 0.0609375 0.5411522633744856 0.059375 0.5411522633744856 0.059375 0.5432098765432098 0.0578125 0.5473251028806584 0.046875 0.5473251028806584
1 0.5265625 0.7921810699588477 0.5234375 0.7921810699588477 0.5203125 0.7962962962962963 0.51875 0.8024691358024691 0.515625 0.8024691358024691 0.515625 0.8106995884773662 0.5203125 0.8127572016460906 0.5203125 0.831275720164609 0.5234375 0.8333333333333334 0.5234375 0.8415637860082305 0.5265625 0.8415637860082305 0.53125 0.8477366255144033 0.53125 0.8518518518518519 0.5375 0.8518518518518519 0.5390625 0.8559670781893004 0.55 0.8559670781893004 0.5515625 0.8518518518518519 0.5578125 0.8518518518518519 0.5578125 0.8477366255144033 0.5625 0.8415637860082305 0.565625 0.8415637860082305 0.565625 0.8333333333333334 0.56875 0.831275720164609 0.5703125 0.8251028806584362 0.5734375 0.8251028806584362 0.5734375 0.8168724279835391 0.5765625 0.8127572016460906 0.559375 0.8127572016460906 0.5578125 0.8065843621399177 0.5546875 0.8065843621399177 0.55 0.8004115226337448 0.55 0.7962962962962963 0.546875 0.7962962962962963 0.5421875 0.7901234567901234 0.5421875 0.7860082304526749 0.5390625 0.7860082304526749 0.5375 0.7818930041152263 0.53125 0.7818930041152263 0.53125 0.7839506172839507 0.528125 0.7860082304526749 0.5265625 0.7921810699588477
1 0.1796875 0.6995884773662552 0.1796875 0.7386831275720165 0.1828125 0.7407407407407407 0.1828125 0.7489711934156379 0.1875 0.7510288065843621 0.1875 0.7592592592592593 0.1953125 0.7654320987654321 0.1953125 0.7695473251028807 0.1984375 0.7736625514403292 0.2078125 0.7736625514403292 0.209375 0.7695473251028807 0.215625 0.7695473251028807 0.215625 0.7613168724279835 0.2203125 0.7592592592592593 0.2203125 0.7551440329218106 0.225 0.7489711934156379 0.228125 0.7489711934156379 0.228125 0.7407407407407407 0.2234375 0.7386831275720165 0.2234375 0.7263374485596708 0.2203125 0.7242798353909465 0.2203125 0.7057613168724279 0.215625 0.7037037037037037 0.215625 0.6995884773662552 0.2125 0.6954732510288066 0.20625 0.6954732510288066 0.2046875 0.6893004115226338 0.1828125 0.6893004115226338 0.1828125 0.691358024691358 0.1828125 0.6975308641975309 0.1796875 0.6995884773662552
1 0.2828125 0.5370370370370371 0.2796875 0.5370370370370371 0.2765625 0.5411522633744856 0.275 0.5473251028806584 0.271875 0.5473251028806584 0.26875 0.551440329218107 0.2671875 0.5576131687242798 0.2640625 0.5576131687242798 0.2640625 0.565843621399177 0.2609375 0.5679012345679012 0.2609375 0.6008230452674898 0.2640625 0.602880658436214 0.2640625 0.6069958847736625 0.2671875 0.6069958847736625 0.271875 0.6131687242798354 0.271875 0.6172839506172839 0.309375 0.6172839506172839 0.3109375 0.6111111111111112 0.3203125 0.6111111111111112 0.321875 0.6069958847736625 0.325 0.6069958847736625 0.325 0.602880658436214 0.328125 0.6008230452674898 0.328125 0.5925925925925926 0.3203125 0.5864197530864198 0.3203125 0.5781893004115226 0.3171875 0.5761316872427984 0.3171875 0.5370370370370371 0.3125 0.5349794238683128 0.3125 0.5308641975308642 0.309375 0.5267489711934157 0.2875 0.5267489711934157 0.2875 0.5288065843621399 0.284375 0.5308641975308642 0.2828125 0.5370370370370371
1 0.2171875 0.6090534979423868 0.215625 0.6131687242798354 0.209375 0.6131687242798354 0.209375 0.6172839506172839 0.20625 0.6193415637860082 0.20625 0.6255144032921811 0.2015625 0.6275720164609053 0.2015625 0.6625514403292181 0.20625 0.6646090534979424 0.20625 0.676954732510288 0.209375 0.6790123456790124 0.209375 0.6872427983539094 0.2140625 0.6893004115226338 0.2140625 0.6934156378600823 0.23125 0.6934156378600823 0.2328125 0.6872427983539094 0.24375 0.6872427983539094 0.2453125 0.6831275720164609 0.2515625 0.6831275720164609 0.2515625 0.6790123456790124 0.25625 0.6728395061728395 0.259375 0.6728395061728395 0.259375 0.668724279835391 0.2625 0.6666666666666666 0.2625 0.6584362139917695 0.2671875 0.6563786008230452 0.2671875 0.6234567901234568 0.2625 0.6213991769547325 0.2625 0.6131687242798354 0.2546875 0.6069958847736625 0.2546875 0.602880658436214 0.225 0.602880658436214 0.225 0.6049382716049383 0.2234375 0.6090534979423868 0.2171875 0.6090534979423868
1 0.7921875 0.9012345679012346 0.7875 0.9032921810699589 0.7875 0.9279835390946503 0.7921875 0.9300411522633745 0.7921875 0.9382716049382716 0.8 0.9444444444444444 0.8 0.948559670781893 0.809375 0.948559670781893 0.8109375 0.9526748971193416 0.8203125 0.9526748971193416 0.821875 0.948559670781893 0.8328125 0.948559670781893 0.8328125 0.9444444444444444 0.8375 0.9382716049382716 0.840625 0.9382716049382716 0.840625 0.9197530864197531 0.8359375 0.9176954732510288 0.8359375 0.9135802469135802 0.8328125 0.911522633744856 0.8328125 0.9032921810699589 0.8296875 0.9032921810699589 0.825 0.897119341563786 0.825 0.8930041152263375 0.821875 0.8930041152263375 0.8203125 0.8888888888888888 0.8 0.8888888888888888 0.8 0.8909465020576132 0.7921875 0.8930041152263375 0.7921875 0.9012345679012346
1 0.7453125 0.5761316872427984 0.740625 0.5781893004115226 0.7359375 0.588477366255144 0.7328125 0.588477366255144 0.7296875 0.5925925925925926 0.728125 0.5987654320987654 0.725 0.5987654320987654 0.721875 0.602880658436214 0.7203125 0.6090534979423868 0.7171875 0.6090534979423868 0.7171875 0.6460905349794238 0.721875 0.6481481481481481 0.721875 0.6666666666666666 0.725 0.668724279835391 0.725 0.676954732510288 0.7296875 0.6790123456790124 0.7296875 0.6872427983539094 0.7328125 0.6893004115226338 0.7328125 0.6975308641975309 0.7375 0.6995884773662552 0.7375 0.7078189300411523 0.740625 0.7098765432098766 0.740625 0.7139917695473251 0.7453125 0.7160493827160493 0.7453125 0.7242798353909465 0.753125 0.7304526748971193 0.753125 0.7345679012345679 0.75625 0.7386831275720165 0.7625 0.7386831275720165 0.7640625 0.7448559670781894 0.7828125 0.7448559670781894 0.784375 0.7386831275720165 0.790625 0.7386831275720165 0.79375 0.7345679012345679 0.79375 0.7263374485596708 0.7984375 0.7242798353909465 0.7984375 0.7160493827160493 0.8015625 0.7139917695473251 0.8015625 0.7057613168724279 0.8046875 0.7037037037037037 0.8046875 0.6893004115226338 0.809375 0.6872427983539094 0.809375 0.668724279835391 0.8125 0.6666666666666666 0.8125 0.6584362139917695 0.809375 0.654320987654321 0.8125 0.6522633744855967 0.8125 0.6234567901234568 0.809375 0.6213991769547325 0.809375 0.5987654320987654 0.8046875 0.5967078189300411 0.8046875 0.588477366255144 0.8015625 0.5864197530864198 0.8015625 0.5823045267489712 0.7984375 0.5781893004115226 0.7921875 0.5781893004115226 0.790625 0.5720164609053497 0.784375 0.5720164609053497 0.7828125 0.5679012345679012 0.753125 0.5679012345679012 0.753125 0.5699588477366255 0.7453125 0.5720164609053497 0.7453125 0.5761316872427984
1 0.6703125 0.6337448559670782 0.6671875 0.6337448559670782 0.6671875 0.6625514403292181 0.6640625 0.6646090534979424 0.6640625 0.676954732510288 0.6671875 0.6790123456790124 0.6671875 0.6872427983539094 0.6734375 0.6872427983539094 0.675 0.6934156378600823 0.68125 0.6934156378600823 0.6828125 0.6975308641975309 0.69375 0.6975308641975309 0.6953125 0.6934156378600823 0.7046875 0.6934156378600823 0.70625 0.6872427983539094 0.7125 0.6872427983539094 0.7125 0.6790123456790124 0.7171875 0.6728395061728395 0.7203125 0.6728395061728395 0.7203125 0.654320987654321 0.715625 0.6522633744855967 0.715625 0.6378600823045267 0.7078125 0.6316872427983539 0.7078125 0.6275720164609053 0.7015625 0.6275720164609053 0.7 0.6234567901234568 0.6796875 0.6234567901234568 0.6796875 0.6255144032921811 0.671875 0.6275720164609053 0.6703125 0.6337448559670782
1 0.190625 0.5452674897119342 0.1859375 0.551440329218107 0.1828125 0.551440329218107 0.1828125 0.5596707818930041 0.1796875 0.5617283950617284 0.1796875 0.6111111111111112 0.1828125 0.6131687242798354 0.1828125 0.6172839506172839 0.19375 0.6172839506172839 0.1953125 0.6111111111111112 0.2078125 0.6111111111111112 0.209375 0.6069958847736625 0.2125 0.6069958847736625 0.2125 0.602880658436214 0.215625 0.6008230452674898 0.215625 0.5781893004115226 0.2203125 0.5761316872427984 0.2203125 0.5720164609053497 0.225 0.565843621399177 0.23125 0.565843621399177 0.23125 0.5473251028806584 0.228125 0.5452674897119342 0.228125 0.5411522633744856 0.221875 0.5411522633744856 0.2203125 0.5370370370370371 0.1984375 0.5370370370370371 0.1984375 0.5390946502057613 0.190625 0.5411522633744856 0.190625 0.5452674897119342
1 0.2921875 0.6193415637860082 0.290625 0.6234567901234568 0.284375 0.6234567901234568 0.2828125 0.6275720164609053 0.2796875 0.6275720164609053 0.2796875 0.6728395061728395 0.2828125 0.6728395061728395 0.2875 0.6790123456790124 0.2875 0.6831275720164609 0.290625 0.6831275720164609 0.2953125 0.6893004115226338 0.2953125 0.6934156378600823 0.3015625 0.6934156378600823 0.303125 0.6975308641975309 0.3125 0.6975308641975309 0.3140625 0.6934156378600823 0.3203125 0.6934156378600823 0.3203125 0.6893004115226338 0.328125 0.6831275720164609 0.3296875 0.676954732510288 0.3328125 0.676954732510288 0.3328125 0.6584362139917695 0.328125 0.6563786008230452 0.328125 0.6481481481481481 0.325 0.6460905349794238 0.325 0.6234567901234568 0.321875 0.6234567901234568 0.3171875 0.6172839506172839 0.3171875 0.6131687242798354 0.30625 0.6131687242798354 0.30625 0.6152263374485597 0.3046875 0.6193415637860082 0.2921875 0.6193415637860082
1 0.48125 0.5267489711934157 0.48125 0.5493827160493827 0.484375 0.5493827160493827 0.4859375 0.5555555555555556 0.4890625 0.5576131687242798 0.4890625 0.565843621399177 0.496875 0.5679012345679012 0.496875 0.5761316872427984 0.5 0.5781893004115226 0.5 0.5905349794238683 0.5046875 0.5925925925925926 0.5046875 0.5967078189300411 0.5078125 0.6008230452674898 0.521875 0.6008230452674898 0.521875 0.5781893004115226 0.51875 0.5761316872427984 0.51875 0.5679012345679012 0.5140625 0.565843621399177 0.5140625 0.5617283950617284 0.51875 0.5596707818930041 0.51875 0.5576131687242798 0.5140625 0.5555555555555556 0.5140625 0.5308641975308642 0.5109375 0.5267489711934157 0.5 0.5267489711934157 0.4984375 0.5205761316872428 0.4859375 0.5205761316872428 0.4859375 0.522633744855967 0.484375 0.5267489711934157 0.48125 0.5267489711934157
1 0.671875 0.588477366255144 0.671875 0.5967078189300411 0.675 0.5987654320987654 0.675 0.6172839506172839 0.678125 0.6172839506172839 0.6828125 0.6255144032921811 0.6890625 0.6255144032921811 0.690625 0.6213991769547325 0.7078125 0.6213991769547325 0.709375 0.6172839506172839 0.7125 0.6172839506172839 0.7125 0.6090534979423868 0.715625 0.6069958847736625 0.715625 0.5987654320987654 0.70625 0.5987654320987654 0.7046875 0.5925925925925926 0.7015625 0.5925925925925926 0.696875 0.5864197530864198 0.696875 0.5823045267489712 0.690625 0.5823045267489712 0.6890625 0.5781893004115226 0.675 0.5781893004115226 0.675 0.5802469135802469 0.675 0.5864197530864198 0.671875 0.588477366255144
1 0.7125 0.8888888888888888 0.709375 0.8888888888888888 0.709375 0.9012345679012346 0.7140625 0.9032921810699589 0.7140625 0.9074074074074074 0.7171875 0.911522633744856 0.725 0.9135802469135802 0.725 0.9218106995884774 0.7390625 0.9218106995884774 0.746875 0.911522633744856 0.746875 0.9032921810699589 0.74375 0.9012345679012346 0.74375 0.8930041152263375 0.740625 0.8930041152263375 0.7359375 0.8868312757201646 0.7359375 0.8827160493827161 0.7328125 0.8827160493827161 0.73125 0.8786008230452675 0.7171875 0.8786008230452675 0.7171875 0.8806584362139918 0.7140625 0.8827160493827161 0.7125 0.8888888888888888
1 0.3421875 0.5020576131687243 0.340625 0.5061728395061729 0.3375 0.5061728395061729 0.3328125 0.5164609053497943 0.3296875 0.5164609053497943 0.3296875 0.5246913580246914 0.3265625 0.5267489711934157 0.3265625 0.5349794238683128 0.321875 0.5370370370370371 0.321875 0.5555555555555556 0.31875 0.5576131687242798 0.31875 0.5802469135802469 0.321875 0.5823045267489712 0.321875 0.5864197530864198 0.328125 0.5864197530864198 0.3296875 0.5905349794238683 0.34375 0.5905349794238683 0.3453125 0.5864197530864198 0.35625 0.5864197530864198 0.3578125 0.5802469135802469 0.3640625 0.5802469135802469 0.36875 0.5699588477366255 0.371875 0.5699588477366255 0.375 0.565843621399177 0.3765625 0.5596707818930041 0.3828125 0.5596707818930041 0.384375 0.5555555555555556 0.390625 0.5555555555555556 0.390625 0.5473251028806584 0.3953125 0.5452674897119342 0.3953125 0.5308641975308642 0.3984375 0.5288065843621399 0.3984375 0.5102880658436214 0.3953125 0.5061728395061729 0.384375 0.5061728395061729 0.3828125 0.5020576131687243 0.3765625 0.5020576131687243 0.375 0.49588477366255146 0.35 0.49588477366255146 0.35 0.49794238683127573 0.3484375 0.5020576131687243 0.3421875 0.5020576131687243
1 0.865625 0.8827160493827161 0.865625 0.9012345679012346 0.8609375 0.9032921810699589 0.8609375 0.9176954732510288 0.85625 0.9238683127572016 0.853125 0.9238683127572016 0.853125 0.9382716049382716 0.85625 0.9382716049382716 0.8609375 0.9444444444444444 0.8609375 0.948559670781893 0.8796875 0.948559670781893 0.88125 0.9423868312757202 0.8875 0.9423868312757202 0.8921875 0.9320987654320988 0.8953125 0.9320987654320988 0.8984375 0.9279835390946503 0.8984375 0.9135802469135802 0.9015625 0.911522633744856 0.9015625 0.8827160493827161 0.8984375 0.8806584362139918 0.8984375 0.8744855967078189 0.86875 0.8744855967078189 0.86875 0.8765432098765432 0.86875 0.8806584362139918 0.865625 0.8827160493827161
1 0.4109375 0.5576131687242798 0.4078125 0.5617283950617284 0.40625 0.5679012345679012 0.403125 0.5679012345679012 0.403125 0.5864197530864198 0.4 0.588477366255144 0.4 0.6255144032921811 0.403125 0.6275720164609053 0.403125 0.6358024691358025 0.4078125 0.6378600823045267 0.4078125 0.6419753086419753 0.4109375 0.6460905349794238 0.4171875 0.6460905349794238 0.41875 0.6419753086419753 0.421875 0.6419753086419753 0.421875 0.6090534979423868 0.425 0.6069958847736625 0.425 0.5987654320987654 0.4296875 0.5967078189300411 0.4296875 0.588477366255144 0.4328125 0.5864197530864198 0.4328125 0.5823045267489712 0.4296875 0.5802469135802469 0.4296875 0.5576131687242798 0.4234375 0.5576131687242798 0.421875 0.551440329218107 0.415625 0.551440329218107 0.415625 0.5534979423868313 0.4140625 0.5576131687242798 0.4109375 0.5576131687242798
1 0.3296875 0.4403292181069959 0.328125 0.4444444444444444 0.321875 0.4444444444444444 0.3203125 0.4506172839506173 0.3109375 0.4506172839506173 0.309375 0.4547325102880658 0.30625 0.4547325102880658 0.30625 0.4588477366255144 0.303125 0.4609053497942387 0.303125 0.4691358024691358 0.3 0.4711934156378601 0.3 0.4794238683127572 0.2953125 0.48148148148148145 0.2953125 0.49382716049382713 0.2921875 0.49588477366255146 0.2921875 0.5185185185185185 0.325 0.5185185185185185 0.3296875 0.5082304526748971 0.3328125 0.5082304526748971 0.334375 0.5041152263374485 0.340625 0.5041152263374485 0.3453125 0.49382716049382713 0.3484375 0.49382716049382713 0.3515625 0.4897119341563786 0.353125 0.4835390946502058 0.35625 0.4835390946502058 0.3578125 0.4794238683127572 0.3640625 0.4794238683127572 0.365625 0.4732510288065844 0.371875 0.4732510288065844 0.371875 0.4506172839506173 0.3671875 0.448559670781893 0.3671875 0.4444444444444444 0.3640625 0.4403292181069959 0.3578125 0.4403292181069959 0.35625 0.43415637860082307 0.3375 0.43415637860082307 0.3375 0.43621399176954734 0.3359375 0.4403292181069959 0.3296875 0.4403292181069959
1 0.4234375 0.5267489711934157 0.421875 0.5308641975308642 0.41875 0.5308641975308642 0.41875 0.5349794238683128 0.415625 0.5370370370370371 0.415625 0.5452674897119342 0.4109375 0.5473251028806584 0.4109375 0.5493827160493827 0.415625 0.551440329218107 0.415625 0.5555555555555556 0.4328125 0.5555555555555556 0.434375 0.5493827160493827 0.440625 0.5493827160493827 0.4421875 0.5452674897119342 0.4453125 0.5452674897119342 0.446875 0.5390946502057613 0.453125 0.5390946502057613 0.453125 0.5267489711934157 0.4484375 0.5246913580246914 0.4484375 0.5205761316872428 0.43125 0.5205761316872428 0.43125 0.522633744855967 0.4296875 0.5267489711934157 0.4234375 0.5267489711934157
1 0.41875 0.8148148148148148 0.415625 0.8168724279835391 0.415625 0.8518518518518519 0.4234375 0.8580246913580247 0.4234375 0.8621399176954733 0.4296875 0.8621399176954733 0.43125 0.8559670781893004 0.440625 0.8559670781893004 0.4421875 0.8518518518518519 0.4453125 0.8518518518518519 0.4453125 0.8477366255144033 0.4484375 0.845679012345679 0.4484375 0.8374485596707819 0.453125 0.8353909465020576 0.453125 0.823045267489712 0.45625 0.8209876543209876 0.45625 0.8065843621399177 0.453125 0.8024691358024691 0.4234375 0.8024691358024691 0.4234375 0.8045267489711934 0.41875 0.8065843621399177 0.41875 0.8148148148148148
1 0.4265625 0.7469135802469136 0.421875 0.7551440329218106 0.41875 0.7551440329218106 0.41875 0.7839506172839507 0.4234375 0.7860082304526749 0.4234375 0.7942386831275721 0.4265625 0.7962962962962963 0.4265625 0.8004115226337448 0.4375 0.8004115226337448 0.4390625 0.8045267489711934 0.45625 0.8045267489711934 0.45625 0.7962962962962963 0.4609375 0.7942386831275721 0.4609375 0.7860082304526749 0.465625 0.779835390946502 0.46875 0.779835390946502 0.46875 0.7613168724279835 0.4640625 0.7592592592592593 0.4640625 0.7510288065843621 0.4609375 0.7489711934156379 0.4609375 0.7407407407407407 0.45 0.7407407407407407 0.4484375 0.7366255144032922 0.43125 0.7366255144032922 0.43125 0.7386831275720165 0.4296875 0.7469135802469136 0.4265625 0.7469135802469136
1 0.1515625 0.5267489711934157 0.1484375 0.5308641975308642 0.146875 0.5370370370370371 0.14375 0.5370370370370371 0.140625 0.5411522633744856 0.140625 0.5493827160493827 0.1359375 0.551440329218107 0.1359375 0.5905349794238683 0.140625 0.5925925925925926 0.140625 0.6111111111111112 0.1484375 0.6213991769547325 0.1625 0.6213991769547325 0.1640625 0.6172839506172839 0.1703125 0.6172839506172839 0.1703125 0.6131687242798354 0.175 0.6069958847736625 0.178125 0.6069958847736625 0.178125 0.5679012345679012 0.18125 0.565843621399177 0.18125 0.5576131687242798 0.1859375 0.5555555555555556 0.1859375 0.5370370370370371 0.1828125 0.5370370370370371 0.178125 0.5267489711934157 0.1734375 0.5246913580246914 0.1734375 0.5205761316872428 0.15625 0.5205761316872428 0.15625 0.522633744855967 0.1546875 0.5267489711934157 0.1515625 0.5267489711934157
1 0.1046875 0.6131687242798354 0.1046875 0.6213991769547325 0.1015625 0.6234567901234568 0.1015625 0.6666666666666666 0.1046875 0.668724279835391 0.1046875 0.6728395061728395 0.1078125 0.6728395061728395 0.1125 0.6790123456790124 0.1125 0.6831275720164609 0.11875 0.6831275720164609 0.1203125 0.676954732510288 0.1234375 0.676954732510288 0.1234375 0.668724279835391 0.1265625 0.6666666666666666 0.1265625 0.6584362139917695 0.13125 0.6563786008230452 0.1359375 0.6460905349794238 0.1390625 0.6460905349794238 0.1421875 0.6419753086419753 0.1421875 0.6234567901234568 0.134375 0.6172839506172839 0.134375 0.6131687242798354 0.128125 0.6131687242798354 0.1234375 0.6069958847736625 0.1234375 0.602880658436214 0.1125 0.602880658436214 0.1125 0.6049382716049383 0.1078125 0.6131687242798354 0.1046875 0.6131687242798354
1 0.559375 0.6790123456790124 0.559375 0.6934156378600823 0.5546875 0.6954732510288066 0.5546875 0.7037037037037037 0.5515625 0.7057613168724279 0.5515625 0.7139917695473251 0.559375 0.720164609053498 0.559375 0.7242798353909465 0.5625 0.7283950617283951 0.5671875 0.7304526748971193 0.5671875 0.7345679012345679 0.5734375 0.7345679012345679 0.575 0.7386831275720165 0.584375 0.7386831275720165 0.5859375 0.7345679012345679 0.5890625 0.7345679012345679 0.5890625 0.7304526748971193 0.5921875 0.7283950617283951 0.5921875 0.720164609053498 0.596875 0.7181069958847737 0.596875 0.7098765432098766 0.603125 0.7037037037037037 0.6046875 0.6975308641975309 0.6078125 0.6975308641975309 0.6078125 0.6851851851851852 0.6015625 0.6851851851851852 0.6 0.6790123456790124 0.59375 0.6790123456790124 0.5921875 0.6748971193415638 0.5859375 0.6748971193415638 0.584375 0.668724279835391 0.575 0.668724279835391 0.5734375 0.6646090534979424 0.5671875 0.6646090534979424 0.5671875 0.6666666666666666 0.5671875 0.6728395061728395 0.559375 0.6790123456790124
1 0.5703125 0.6481481481481481 0.5703125 0.6522633744855967 0.5671875 0.654320987654321 0.5671875 0.6666666666666666 0.5625 0.668724279835391 0.5625 0.676954732510288 0.559375 0.6790123456790124 0.559375 0.6872427983539094 0.5546875 0.6893004115226338 0.5546875 0.7037037037037037 0.5515625 0.7057613168724279 0.5515625 0.7139917695473251 0.559375 0.720164609053498 0.559375 0.7242798353909465 0.5625 0.7283950617283951 0.5671875 0.7304526748971193 0.5671875 0.7345679012345679 0.5703125 0.7386831275720165 0.584375 0.7386831275720165 0.5859375 0.7345679012345679 0.5890625 0.7345679012345679 0.5890625 0.7304526748971193 0.5921875 0.7283950617283951 0.5921875 0.720164609053498 0.596875 0.7181069958847737 0.596875 0.7098765432098766 0.603125 0.7037037037037037 0.6046875 0.6975308641975309 0.6078125 0.6975308641975309 0.6078125 0.6851851851851852 0.6109375 0.6831275720164609 0.6109375 0.6748971193415638 0.615625 0.6728395061728395 0.615625 0.6646090534979424 0.61875 0.6625514403292181 0.61875 0.6584362139917695 0.615625 0.6563786008230452 0.615625 0.6481481481481481 0.609375 0.6481481481481481 0.6078125 0.6440329218106996 0.59375 0.6440329218106996 0.5921875 0.6378600823045267 0.575 0.6378600823045267 0.575 0.6399176954732511 0.575 0.6460905349794238 0.5703125 0.6481481481481481
1 0.5703125 0.6440329218106996 0.5703125 0.6522633744855967 0.5671875 0.654320987654321 0.5671875 0.6666666666666666 0.58125 0.6666666666666666 0.5828125 0.6728395061728395 0.5890625 0.6728395061728395 0.590625 0.676954732510288 0.6 0.676954732510288 0.6046875 0.6872427983539094 0.6078125 0.6872427983539094 0.6109375 0.6831275720164609 0.6125 0.676954732510288 0.615625 0.676954732510288 0.615625 0.668724279835391 0.61875 0.6666666666666666 0.61875 0.6481481481481481 0.615625 0.6440329218106996 0.5984375 0.6440329218106996 0.596875 0.6378600823045267 0.575 0.6378600823045267 0.575 0.6399176954732511 0.5734375 0.6440329218106996 0.5703125 0.6440329218106996
1 0.8765625 0.6090534979423868 0.8734375 0.6131687242798354 0.8734375 0.6213991769547325 0.86875 0.6234567901234568 0.86875 0.6358024691358025 0.865625 0.6378600823045267 0.865625 0.6460905349794238 0.8609375 0.6481481481481481 0.8609375 0.6625514403292181 0.865625 0.6646090534979424 0.865625 0.6728395061728395 0.8734375 0.6790123456790124 0.8734375 0.6831275720164609 0.88125 0.6851851851851852 0.88125 0.6934156378600823 0.8890625 0.6995884773662552 0.8890625 0.7139917695473251 0.8984375 0.7139917695473251 0.9 0.7160493827160493 0.9 0.7283950617283951 0.896875 0.7304526748971193 0.896875 0.7345679012345679 0.903125 0.7407407407407407 0.903125 0.7448559670781894 0.921875 0.7448559670781894 0.921875 0.7407407407407407 0.925 0.7386831275720165 0.925 0.7304526748971193 0.9296875 0.7283950617283951 0.9296875 0.7098765432098766 0.9328125 0.7078189300411523 0.9328125 0.6954732510288066 0.9375 0.6934156378600823 0.9375 0.6851851851851852 0.940625 0.6831275720164609 0.940625 0.6646090534979424 0.934375 0.6646090534979424 0.9328125 0.6584362139917695 0.9296875 0.654320987654321 0.9265625 0.654320987654321 0.925 0.6481481481481481 0.921875 0.6440329218106996 0.91875 0.6440329218106996 0.9171875 0.6378600823045267 0.9140625 0.6358024691358025 0.9140625 0.6234567901234568 0.9171875 0.6213991769547325 0.9171875 0.6090534979423868 0.9140625 0.6069958847736625 0.9140625 0.602880658436214 0.8890625 0.602880658436214 0.8890625 0.6049382716049383 0.8875 0.6090534979423868 0.8765625 0.6090534979423868
1 0.81875 0.668724279835391 0.8171875 0.6748971193415638 0.8140625 0.6748971193415638 0.8140625 0.6831275720164609 0.8109375 0.6851851851851852 0.8109375 0.6934156378600823 0.80625 0.6954732510288066 0.80625 0.7037037037037037 0.803125 0.7057613168724279 0.803125 0.7242798353909465 0.8 0.7263374485596708 0.8 0.7345679012345679 0.7953125 0.7366255144032922 0.7953125 0.7633744855967078 0.8 0.7654320987654321 0.8 0.7695473251028807 0.803125 0.7716049382716049 0.803125 0.779835390946502 0.8109375 0.7860082304526749 0.8109375 0.7901234567901234 0.8140625 0.7942386831275721 0.8203125 0.7942386831275721 0.821875 0.8004115226337448 0.825 0.8004115226337448 0.8265625 0.8045267489711934 0.8328125 0.8045267489711934 0.834375 0.8106995884773662 0.840625 0.8106995884773662 0.8421875 0.8148148148148148 0.8484375 0.8148148148148148 0.85 0.8106995884773662 0.85625 0.8106995884773662 0.85625 0.8065843621399177 0.8609375 0.8004115226337448 0.8640625 0.8004115226337448 0.865625 0.7942386831275721 0.871875 0.7942386831275721 0.8765625 0.7839506172839507 0.8796875 0.7839506172839507 0.8796875 0.7757201646090535 0.8828125 0.7736625514403292 0.8828125 0.7551440329218106 0.8875 0.7530864197530864 0.8875 0.7510288065843621 0.8828125 0.7489711934156379 0.8828125 0.7407407407407407 0.8875 0.7386831275720165 0.8875 0.7366255144032922 0.8828125 0.7345679012345679 0.8828125 0.6954732510288066 0.8796875 0.6934156378600823 0.8796875 0.6893004115226338 0.8765625 0.6893004115226338 0.871875 0.6831275720164609 0.871875 0.6790123456790124 0.86875 0.6790123456790124 0.8640625 0.6728395061728395 0.8640625 0.668724279835391 0.8609375 0.668724279835391 0.859375 0.6646090534979424 0.85 0.6646090534979424 0.85 0.6666666666666666 0.8484375 0.668724279835391 0.81875 0.668724279835391
1 0.546875 0.7263374485596708 0.546875 0.7345679012345679 0.5421875 0.7407407407407407 0.5390625 0.7407407407407407 0.5390625 0.7489711934156379 0.5359375 0.7510288065843621 0.5359375 0.7633744855967078 0.53125 0.7654320987654321 0.53125 0.779835390946502 0.528125 0.7818930041152263 0.528125 0.7901234567901234 0.5203125 0.7962962962962963 0.5203125 0.831275720164609 0.5234375 0.8333333333333334 0.5234375 0.8415637860082305 0.5265625 0.8415637860082305 0.53125 0.8477366255144033 0.53125 0.8518518518518519 0.553125 0.8518518518518519 0.5546875 0.845679012345679 0.5609375 0.845679012345679 0.5625 0.8353909465020576 0.565625 0.8353909465020576 0.56875 0.831275720164609 0.56875 0.823045267489712 0.5734375 0.8209876543209876 0.5734375 0.8168724279835391 0.5765625 0.8148148148148148 0.5765625 0.8065843621399177 0.58125 0.8045267489711934 0.58125 0.7921810699588477 0.584375 0.7901234567901234 0.584375 0.7510288065843621 0.5765625 0.7448559670781894 0.5765625 0.7407407407407407 0.5703125 0.7407407407407407 0.565625 0.7345679012345679 0.565625 0.7304526748971193 0.5625 0.7304526748971193 0.5609375 0.7263374485596708 0.5546875 0.7263374485596708 0.553125 0.720164609053498 0.5515625 0.720164609053498 0.5515625 0.7222222222222222 0.55 0.7263374485596708 0.546875 0.7263374485596708
1 0.6046875 0.7057613168724279 0.603125 0.7098765432098766 0.5984375 0.7098765432098766 0.5984375 0.7181069958847737 0.59375 0.720164609053498 0.59375 0.7283950617283951 0.590625 0.7304526748971193 0.590625 0.7386831275720165 0.5859375 0.7407407407407407 0.5859375 0.7901234567901234 0.590625 0.7921810699588477 0.590625 0.8045267489711934 0.59375 0.8065843621399177 0.59375 0.8106995884773662 0.596875 0.8106995884773662 0.6015625 0.8168724279835391 0.6015625 0.8209876543209876 0.6078125 0.8209876543209876 0.609375 0.8251028806584362 0.6234375 0.8251028806584362 0.625 0.8209876543209876 0.63125 0.8209876543209876 0.63125 0.8168724279835391 0.6359375 0.8106995884773662 0.6390625 0.8106995884773662 0.6390625 0.8065843621399177 0.6421875 0.8045267489711934 0.6421875 0.7962962962962963 0.646875 0.7942386831275721 0.646875 0.7860082304526749 0.65 0.7839506172839507 0.65 0.7757201646090535 0.6546875 0.7736625514403292 0.6546875 0.7366255144032922 0.65 0.7345679012345679 0.65 0.720164609053498 0.6421875 0.7139917695473251 0.6421875 0.7098765432098766 0.6390625 0.7057613168724279 0.6328125 0.7057613168724279 0.63125 0.6995884773662552 0.6125 0.6995884773662552 0.6125 0.7016460905349794 0.6109375 0.7057613168724279 0.6046875 0.7057613168724279
1 0.4390625 0.5781893004115226 0.4375 0.5823045267489712 0.434375 0.5823045267489712 0.434375 0.5864197530864198 0.43125 0.588477366255144 0.43125 0.5967078189300411 0.4265625 0.5987654320987654 0.4265625 0.6069958847736625 0.4234375 0.6090534979423868 0.4234375 0.6666666666666666 0.4265625 0.668724279835391 0.4265625 0.676954732510288 0.43125 0.6790123456790124 0.43125 0.6872427983539094 0.434375 0.6893004115226338 0.434375 0.6934156378600823 0.4375 0.6934156378600823 0.4421875 0.6995884773662552 0.4421875 0.7037037037037037 0.4640625 0.7037037037037037 0.4640625 0.6995884773662552 0.471875 0.6934156378600823 0.4734375 0.6872427983539094 0.4765625 0.6872427983539094 0.478125 0.6831275720164609 0.484375 0.6831275720164609 0.484375 0.6790123456790124 0.4875 0.676954732510288 0.4875 0.668724279835391 0.4921875 0.6666666666666666 0.4921875 0.6584362139917695 0.4953125 0.6563786008230452 0.4953125 0.6481481481481481 0.4984375 0.6460905349794238 0.4984375 0.6378600823045267 0.503125 0.6358024691358025 0.503125 0.5987654320987654 0.4984375 0.5967078189300411 0.4984375 0.5823045267489712 0.4953125 0.5802469135802469 0.4953125 0.5720164609053497 0.446875 0.5720164609053497 0.446875 0.5740740740740741 0.4453125 0.5781893004115226 0.4390625 0.5781893004115226
1 0.98125 0.2654320987654321 0.98125 0.26954732510288065 0.9765625 0.2757201646090535 0.9734375 0.2757201646090535 0.9734375 0.29012345679012347 0.9703125 0.294238683127572 0.9734375 0.2962962962962963 0.9734375 0.31069958847736623 0.9765625 0.31069958847736623 0.978125 0.3148148148148148 0.984375 0.3148148148148148 0.9859375 0.32098765432098764 0.9875 0.32098765432098764 0.9890625 0.3148148148148148 0.9984375 0.3148148148148148 0.9984375 0.2654320987654321 0.99375 0.2613168724279835 0.99375 0.26337448559670784 0.9921875 0.2654320987654321 0.98125 0.2654320987654321
1 0.3109375 0.35802469135802467 0.3109375 0.36213991769547327 0.303125 0.3683127572016461 0.303125 0.3724279835390947 0.2984375 0.3786008230452675 0.2953125 0.3786008230452675 0.2953125 0.3868312757201646 0.3 0.3888888888888889 0.3 0.39711934156378603 0.3046875 0.39711934156378603 0.30625 0.4012345679012346 0.3203125 0.4012345679012346 0.321875 0.4074074074074074 0.328125 0.4074074074074074 0.3296875 0.411522633744856 0.3484375 0.411522633744856 0.35 0.4074074074074074 0.35625 0.4074074074074074 0.35625 0.3991769547325103 0.359375 0.39711934156378603 0.359375 0.3888888888888889 0.3640625 0.3868312757201646 0.3640625 0.3786008230452675 0.3671875 0.3765432098765432 0.3671875 0.3683127572016461 0.3640625 0.36419753086419754 0.35 0.36419753086419754 0.3484375 0.35802469135802467 0.3453125 0.35802469135802467 0.340625 0.35185185185185186 0.340625 0.3477366255144033 0.321875 0.3477366255144033 0.321875 0.3497942386831276 0.3171875 0.35802469135802467 0.3109375 0.35802469135802467
1 0.4734375 0.7757201646090535 0.471875 0.7818930041152263 0.465625 0.7818930041152263 0.465625 0.7901234567901234 0.4609375 0.7962962962962963 0.4578125 0.7962962962962963 0.4578125 0.8148148148148148 0.4546875 0.8168724279835391 0.4546875 0.845679012345679 0.4578125 0.8477366255144033 0.4578125 0.8518518518518519 0.4640625 0.8518518518518519 0.465625 0.8559670781893004 0.46875 0.8559670781893004 0.4703125 0.8621399176954733 0.4921875 0.8621399176954733 0.4921875 0.8580246913580247 0.4984375 0.8518518518518519 0.4984375 0.8477366255144033 0.503125 0.845679012345679 0.503125 0.8374485596707819 0.50625 0.8353909465020576 0.50625 0.8271604938271605 0.5109375 0.8251028806584362 0.5109375 0.8024691358024691 0.50625 0.8004115226337448 0.50625 0.7860082304526749 0.5 0.7860082304526749 0.4921875 0.7716049382716049 0.4890625 0.7716049382716049 0.4890625 0.7736625514403292 0.4875 0.7757201646090535 0.4734375 0.7757201646090535
1 0.09375 0.4609053497942387 0.0890625 0.4711934156378601 0.0859375 0.4711934156378601 0.0859375 0.4794238683127572 0.0828125 0.48148148148148145 0.0828125 0.5246913580246914 0.0859375 0.5267489711934157 0.0859375 0.5390946502057613 0.090625 0.5411522633744856 0.090625 0.5452674897119342 0.096875 0.5452674897119342 0.0984375 0.5390946502057613 0.103125 0.5390946502057613 0.103125 0.5308641975308642 0.1078125 0.5288065843621399 0.1125 0.5185185185185185 0.115625 0.5185185185185185 0.11875 0.51440329218107 0.1203125 0.5082304526748971 0.1234375 0.5082304526748971 0.1234375 0.5020576131687243 0.1265625 0.5 0.1265625 0.49176954732510286 0.13125 0.4897119341563786 0.13125 0.47530864197530864 0.1265625 0.4732510288065844 0.1265625 0.46502057613168724 0.1203125 0.46502057613168724 0.11875 0.4609053497942387 0.109375 0.4609053497942387 0.1078125 0.4547325102880658 0.1046875 0.4547325102880658 0.1046875 0.4567901234567901 0.103125 0.4609053497942387 0.09375 0.4609053497942387
1 0.5390625 0.4609053497942387 0.5359375 0.46502057613168724 0.534375 0.4711934156378601 0.53125 0.4711934156378601 0.528125 0.47530864197530864 0.5265625 0.48148148148148145 0.5234375 0.48148148148148145 0.5203125 0.48559670781893005 0.5203125 0.49382716049382713 0.515625 0.49588477366255146 0.515625 0.51440329218107 0.5125 0.5164609053497943 0.5125 0.5246913580246914 0.515625 0.5267489711934157 0.515625 0.5493827160493827 0.5203125 0.551440329218107 0.5203125 0.5761316872427984 0.5234375 0.5781893004115226 0.5234375 0.5905349794238683 0.528125 0.5925925925925926 0.528125 0.5967078189300411 0.53125 0.6008230452674898 0.5375 0.6008230452674898 0.5390625 0.5967078189300411 0.5453125 0.5967078189300411 0.5453125 0.5925925925925926 0.55 0.5905349794238683 0.5546875 0.5802469135802469 0.5578125 0.5802469135802469 0.5609375 0.5761316872427984 0.5625 0.5699588477366255 0.56875 0.5699588477366255 0.5703125 0.565843621399177 0.5734375 0.565843621399177 0.575 0.5596707818930041 0.58125 0.5596707818930041 0.58125 0.551440329218107 0.5859375 0.5452674897119342 0.5890625 0.5452674897119342 0.5890625 0.49588477366255146 0.5921875 0.49382716049382713 0.5921875 0.47530864197530864 0.5890625 0.4732510288065844 0.5890625 0.46502057613168724 0.5859375 0.46502057613168724 0.584375 0.4609053497942387 0.578125 0.4609053497942387 0.5765625 0.4547325102880658 0.54375 0.4547325102880658 0.54375 0.4567901234567901 0.5421875 0.4609053497942387 0.5390625 0.4609053497942387
1 0.125 0.676954732510288 0.1203125 0.6790123456790124 0.1203125 0.6975308641975309 0.1234375 0.6975308641975309 0.128125 0.7078189300411523 0.1328125 0.7098765432098766 0.1328125 0.7181069958847737 0.1578125 0.7181069958847737 0.159375 0.7139917695473251 0.1625 0.7139917695473251 0.1625 0.6995884773662552 0.159375 0.6995884773662552 0.1546875 0.6934156378600823 0.1546875 0.6790123456790124 0.15 0.676954732510288 0.15 0.6584362139917695 0.146875 0.6563786008230452 0.146875 0.6481481481481481 0.1359375 0.6481481481481481 0.1359375 0.6502057613168725 0.125 0.6646090534979424 0.125 0.676954732510288
1 0.5421875 0.9403292181069959 0.5390625 0.9403292181069959 0.5390625 0.9691358024691358 0.5421875 0.9691358024691358 0.54375 0.9732510288065843 0.55 0.9732510288065843 0.5515625 0.9794238683127572 0.5609375 0.9794238683127572 0.5609375 0.9753086419753086 0.56875 0.9691358024691358 0.5703125 0.9629629629629629 0.5734375 0.9629629629629629 0.5734375 0.9547325102880658 0.5765625 0.9526748971193416 0.5765625 0.9403292181069959 0.5734375 0.9382716049382716 0.5734375 0.934156378600823 0.5671875 0.934156378600823 0.565625 0.9300411522633745 0.546875 0.9300411522633745 0.546875 0.9320987654320988 0.54375 0.934156378600823 0.5421875 0.9403292181069959
1 0.6875 0.47530864197530864 0.6875 0.4835390946502058 0.6828125 0.48559670781893005 0.6828125 0.4897119341563786 0.6796875 0.49176954732510286 0.6796875 0.5041152263374485 0.675 0.5061728395061729 0.675 0.5761316872427984 0.6796875 0.5781893004115226 0.6796875 0.5864197530864198 0.6828125 0.588477366255144 0.6828125 0.5967078189300411 0.6875 0.5987654320987654 0.6875 0.6069958847736625 0.6828125 0.6090534979423868 0.6828125 0.6111111111111112 0.6875 0.6131687242798354 0.6875 0.6172839506172839 0.6890625 0.6172839506172839 0.690625 0.6111111111111112 0.7 0.6111111111111112 0.7015625 0.6069958847736625 0.7046875 0.6069958847736625 0.70625 0.6008230452674898 0.7125 0.6008230452674898 0.7140625 0.5967078189300411 0.7203125 0.5967078189300411 0.721875 0.5905349794238683 0.728125 0.5905349794238683 0.7328125 0.5802469135802469 0.7359375 0.5802469135802469 0.7390625 0.5761316872427984 0.740625 0.5699588477366255 0.74375 0.5699588477366255 0.746875 0.565843621399177 0.746875 0.5576131687242798 0.7515625 0.5555555555555556 0.7515625 0.5370370370370371 0.7546875 0.5349794238683128 0.7546875 0.5205761316872428 0.759375 0.5185185185185185 0.759375 0.5061728395061729 0.7546875 0.5041152263374485 0.7546875 0.49588477366255146 0.7515625 0.49176954732510286 0.7453125 0.49176954732510286 0.74375 0.48559670781893005 0.7375 0.48559670781893005 0.7359375 0.48148148148148145 0.7296875 0.48148148148148145 0.728125 0.47530864197530864 0.725 0.47530864197530864 0.7234375 0.4711934156378601 0.7171875 0.4711934156378601 0.715625 0.46502057613168724 0.6984375 0.46502057613168724 0.6984375 0.4670781893004115 0.69375 0.47530864197530864 0.6875 0.47530864197530864
1 0.74375 0.8539094650205762 0.740625 0.8539094650205762 0.7375 0.8580246913580247 0.7375 0.8806584362139918 0.740625 0.8827160493827161 0.740625 0.8868312757201646 0.775 0.8868312757201646 0.775 0.8744855967078189 0.778125 0.8724279835390947 0.778125 0.8641975308641975 0.775 0.8621399176954733 0.775 0.8539094650205762 0.7703125 0.8518518518518519 0.7703125 0.8477366255144033 0.7640625 0.8477366255144033 0.7625 0.8436213991769548 0.7484375 0.8436213991769548 0.7484375 0.845679012345679 0.7453125 0.8477366255144033 0.74375 0.8539094650205762
1 0.2609375 0.6748971193415638 0.259375 0.6790123456790124 0.253125 0.6790123456790124 0.2515625 0.6851851851851852 0.2453125 0.6851851851851852 0.24375 0.6893004115226338 0.2375 0.6893004115226338 0.2359375 0.6954732510288066 0.225 0.6954732510288066 0.221875 0.6995884773662552 0.221875 0.7139917695473251 0.225 0.7160493827160493 0.225 0.7345679012345679 0.2296875 0.7366255144032922 0.2296875 0.7448559670781894 0.2328125 0.7489711934156379 0.2390625 0.7489711934156379 0.240625 0.7530864197530864 0.2515625 0.7530864197530864 0.25625 0.7448559670781894 0.259375 0.7448559670781894 0.259375 0.7407407407407407 0.2640625 0.7345679012345679 0.2671875 0.7345679012345679 0.2671875 0.7304526748971193 0.2703125 0.7283950617283951 0.2703125 0.720164609053498 0.275 0.7181069958847737 0.275 0.6954732510288066 0.278125 0.6934156378600823 0.278125 0.6748971193415638 0.271875 0.6748971193415638 0.2703125 0.668724279835391 0.26875 0.668724279835391 0.26875 0.6707818930041153 0.2671875 0.6748971193415638 0.2609375 0.6748971193415638