5 0.0578125 0.35492957746478876 0.0578125 0.36338028169014086 0.0609375 0.36619718309859156 0.0609375 0.37464788732394366 0.0671875 0.38591549295774646 0.0671875 0.39436619718309857 0.0703125 0.3971830985915493 0.0703125 0.4169014084507042 0.0828125 0.4169014084507042 0.084375 0.4225352112676056 0.0890625 0.4225352112676056 0.0953125 0.4112676056338028 0.0953125 0.39154929577464787 0.0859375 0.37464788732394366 0.0859375 0.36619718309859156 0.0765625 0.36619718309859156 0.071875 0.35774647887323946 0.071875 0.3492957746478873 0.0625 0.3352112676056338 0.0625 0.3295774647887324 0.059375 0.323943661971831 0.0546875 0.323943661971831 0.0546875 0.3267605633802817 0.0546875 0.352112676056338 0.0578125 0.35492957746478876
5 0.7953125 0.8 0.7984375 0.8056338028169014 0.803125 0.8056338028169014 0.8046875 0.8140845070422535 0.809375 0.8140845070422535 0.8109375 0.819718309859155 0.8171875 0.819718309859155 0.81875 0.8253521126760563 0.8234375 0.8253521126760563 0.825 0.8309859154929577 0.8328125 0.8309859154929577 0.8359375 0.8225352112676056 0.8296875 0.8140845070422535 0.8296875 0.8084507042253521 0.825 0.8084507042253521 0.8234375 0.8028169014084507 0.81875 0.8028169014084507 0.8125 0.7915492957746478 0.8078125 0.7915492957746478 0.8046875 0.7859154929577464 0.8046875 0.7887323943661971 0.7984375 0.7915492957746478 0.7953125 0.8
2 0.9609375 0.3183098591549296 0.9609375 0.3267605633802817 0.9578125 0.3295774647887324 0.9578125 0.36901408450704226 0.9609375 0.37464788732394366 0.965625 0.37464788732394366 0.9671875 0.36901408450704226 0.9765625 0.36901408450704226 0.9765625 0.35492957746478876 0.9828125 0.3464788732394366 0.9828125 0.323943661971831 0.9859375 0.3211267605633803 0.9859375 0.30704225352112674 0.9828125 0.30140845070422534 0.9734375 0.30140845070422534 0.9734375 0.30422535211267604 0.9671875 0.30704225352112674 0.9609375 0.3183098591549296
2 0.5515625 0.036619718309859155 0.546875 0.05070422535211268 0.5421875 0.05070422535211268 0.540625 0.056338028169014086 0.5359375 0.056338028169014086 0.534375 0.05070422535211268 0.509375 0.05070422535211268 0.5015625 0.0676056338028169 0.4953125 0.0676056338028169 0.49375 0.07323943661971831 0.4890625 0.07323943661971831 0.4875 0.07887323943661972 0.471875 0.07887323943661972 0.46875 0.08450704225352113 0.46875 0.09577464788732394 0.465625 0.09859154929577464 0.465625 0.10704225352112676 0.471875 0.11830985915492957 0.4765625 0.12112676056338029 0.4765625 0.1352112676056338 0.471875 0.13802816901408452 0.4703125 0.14647887323943662 0.4390625 0.14647887323943662 0.4375 0.15211267605633802 0.4328125 0.15211267605633802 0.4328125 0.16619718309859155 0.4359375 0.17183098591549295 0.4609375 0.17183098591549295 0.4625 0.17746478873239438 0.4671875 0.17746478873239438 0.46875 0.18309859154929578 0.475 0.18309859154929578 0.4765625 0.19154929577464788 0.5171875 0.19154929577464788 0.51875 0.18309859154929578 0.5234375 0.18309859154929578 0.525 0.17746478873239438 0.528125 0.17746478873239438 0.5328125 0.16619718309859155 0.5375 0.16619718309859155 0.5375 0.15774647887323945 0.546875 0.14366197183098592 0.5484375 0.1352112676056338 0.5671875 0.1352112676056338 0.56875 0.1295774647887324 0.5765625 0.1295774647887324 0.578125 0.12394366197183099 0.584375 0.12394366197183099 0.5890625 0.11267605633802817 0.59375 0.11267605633802817 0.59375 0.09859154929577464 0.590625 0.09577464788732394 0.590625 0.09014084507042254 0.5859375 0.09014084507042254 0.58125 0.07887323943661972 0.578125 0.07887323943661972 0.5703125 0.0647887323943662 0.5703125 0.05070422535211268 0.559375 0.030985915492957747 0.559375 0.03380281690140845 0.5578125 0.036619718309859155 0.5515625 0.036619718309859155
2 0.7640625 0.5887323943661972 0.7609375 0.5887323943661972 0.7546875 0.6 0.7546875 0.6084507042253521 0.7515625 0.6112676056338028 0.7515625 0.6225352112676056 0.746875 0.6309859154929578 0.7421875 0.6309859154929578 0.740625 0.6366197183098592 0.728125 0.6366197183098592 0.7265625 0.6422535211267606 0.71875 0.6422535211267606 0.7125 0.6535211267605634 0.7125 0.6619718309859155 0.7078125 0.6647887323943662 0.7078125 0.6704225352112676 0.7015625 0.6788732394366197 0.7015625 0.6873239436619718 0.6984375 0.6901408450704225 0.6984375 0.7408450704225352 0.70625 0.7408450704225352 0.7125 0.7295774647887324 0.7171875 0.7295774647887324 0.71875 0.723943661971831 0.7234375 0.723943661971831 0.725 0.7295774647887324 0.740625 0.7295774647887324 0.7421875 0.723943661971831 0.753125 0.723943661971831 0.7609375 0.704225352112676 0.7640625 0.704225352112676 0.7703125 0.6929577464788732 0.7703125 0.6845070422535211 0.7734375 0.6816901408450704 0.775 0.6704225352112676 0.7828125 0.6704225352112676 0.784375 0.6619718309859155 0.79375 0.6619718309859155 0.7953125 0.6563380281690141 0.8 0.6563380281690141 0.8015625 0.6507042253521127 0.8203125 0.6507042253521127 0.8265625 0.6394366197183099 0.8265625 0.6309859154929578 0.8203125 0.6225352112676056 0.8203125 0.6169014084507042 0.8140625 0.6169014084507042 0.8125 0.6112676056338028 0.8078125 0.6112676056338028 0.80625 0.6056338028169014 0.8015625 0.6056338028169014 0.79375 0.5915492957746479 0.79375 0.5830985915492958 0.7875 0.5830985915492958 0.7859375 0.5774647887323944 0.771875 0.5774647887323944 0.771875 0.5802816901408451 0.765625 0.5830985915492958 0.7640625 0.5887323943661972
2 0.621875 0.9971830985915493 0.640625 0.9971830985915493 0.640625 0.9943661971830986 0.6375 0.9915492957746479 0.6375 0.9830985915492958 0.634375 0.9774647887323944 0.63125 0.9774647887323944 0.6265625 0.9661971830985916 0.621875 0.9661971830985916 0.6203125 0.9605633802816902 0.6125 0.9605633802816902 0.6125 0.9633802816901409 0.6125 0.9802816901408451 0.621875 0.9971830985915493
2 0.9703125 0.30704225352112674 0.96875 0.3126760563380282 0.9640625 0.3126760563380282 0.9609375 0.3183098591549296 0.9609375 0.3267605633802817 0.9578125 0.3295774647887324 0.9578125 0.36901408450704226 0.9609375 0.37464788732394366 0.96875 0.37464788732394366 0.9703125 0.36901408450704226 0.9984375 0.36901408450704226 0.9984375 0.3380281690140845 0.9875 0.3380281690140845 0.9859375 0.3352112676056338 0.9859375 0.3295774647887324 0.9828125 0.323943661971831 0.9859375 0.3211267605633803 0.9859375 0.30704225352112674 0.9828125 0.30140845070422534 0.978125 0.30140845070422534 0.978125 0.30422535211267604 0.9765625 0.30704225352112674 0.9703125 0.30704225352112674
2 0.0578125 0.35492957746478876 0.0578125 0.36338028169014086 0.0609375 0.36619718309859156 0.0609375 0.37464788732394366 0.0640625 0.37746478873239436 0.0640625 0.38873239436619716 0.0671875 0.39154929577464787 0.0671875 0.4056338028169014 0.0640625 0.4084507042253521 0.0640625 0.4169014084507042 0.0609375 0.4197183098591549 0.0609375 0.4309859154929577 0.0578125 0.43380281690140843 0.0578125 0.4422535211267606 0.053125 0.4507042253521127 0.05 0.4507042253521127 0.05 0.4535211267605634 0.059375 0.4535211267605634 0.065625 0.4422535211267606 0.065625 0.43380281690140843 0.06875 0.4309859154929577 0.0703125 0.4225352112676056 0.0921875 0.4225352112676056 0.09375 0.4169014084507042 0.0984375 0.4169014084507042 0.0984375 0.3971830985915493 0.0921875 0.38873239436619716 0.0921875 0.37746478873239436 0.0890625 0.37464788732394366 0.0890625 0.36619718309859156 0.08125 0.36619718309859156 0.0796875 0.36056338028169016 0.0734375 0.36056338028169016 0.071875 0.3492957746478873 0.0625 0.3352112676056338 0.0625 0.3295774647887324 0.059375 0.323943661971831 0.0546875 0.323943661971831 0.0546875 0.3267605633802817 0.0546875 0.352112676056338 0.0578125 0.35492957746478876
2 0.9171875 0.014084507042253521 0.9078125 0.030985915492957747 0.9078125 0.03943661971830986 0.9046875 0.04225352112676056 0.9046875 0.05352112676056338 0.8984375 0.061971830985915494 0.8984375 0.07042253521126761 0.9015625 0.07605633802816901 0.9328125 0.07605633802816901 0.934375 0.07042253521126761 0.9390625 0.07042253521126761 0.946875 0.05352112676056338 0.95 0.05352112676056338 0.95 0.04225352112676056 0.953125 0.03943661971830986 0.953125 0.014084507042253521 0.946875 0.014084507042253521 0.9453125 0.008450704225352112 0.928125 0.008450704225352112 0.928125 0.011267605633802818 0.9265625 0.014084507042253521 0.9171875 0.014084507042253521
2 0.1609375 0 0.1609375 0.0028169014084507044 0.1609375 0.011267605633802818 0.1640625 0.014084507042253521 0.1640625 0.022535211267605635 0.16875 0.022535211267605635 0.1796875 0.04225352112676056 0.1796875 0.04788732394366197 0.1859375 0.04788732394366197 0.1875 0.05352112676056338 0.1921875 0.05352112676056338 0.19375 0.0647887323943662 0.1984375 0.0647887323943662 0.2 0.07042253521126761 0.2046875 0.07042253521126761 0.20625 0.0647887323943662 0.2125 0.0647887323943662 0.2125 0.056338028169014086 0.215625 0.05352112676056338 0.215625 0.04225352112676056 0.21875 0.03943661971830986 0.21875 0.02535211267605634 0.221875 0.022535211267605635 0.221875 0.014084507042253521 0.225 0.011267605633802818 0.225 0 0.1609375 0
2 0.1640625 0.828169014084507 0.1640625 0.847887323943662 0.1671875 0.8507042253521127 0.1671875 0.8619718309859155 0.1703125 0.8676056338028169 0.1890625 0.8676056338028169 0.190625 0.8619718309859155 0.1984375 0.8619718309859155 0.1984375 0.8225352112676056 0.1953125 0.819718309859155 0.1953125 0.8084507042253521 0.1921875 0.8028169014084507 0.1875 0.8028169014084507 0.1859375 0.7971830985915493 0.1828125 0.7971830985915493 0.175 0.780281690140845 0.1609375 0.780281690140845 0.1609375 0.7830985915492957 0.1609375 0.8253521126760563 0.1640625 0.828169014084507
2 0.98125 0.5183098591549296 0.978125 0.5211267605633803 0.978125 0.532394366197183 0.98125 0.5380281690140845 0.9859375 0.5380281690140845 0.990625 0.5492957746478874 0.9984375 0.5492957746478874 0.9984375 0.49295774647887325 0.990625 0.49295774647887325 0.990625 0.49577464788732395 0.98125 0.5098591549295775 0.98125 0.5183098591549296
2 0.6359375 0.6873239436619718 0.63125 0.6901408450704225 0.6203125 0.7126760563380282 0.6015625 0.7126760563380282 0.6 0.7070422535211267 0.5953125 0.7070422535211267 0.59375 0.7126760563380282 0.5890625 0.7126760563380282 0.5890625 0.7183098591549296 0.584375 0.7267605633802817 0.578125 0.7267605633802817 0.578125 0.7464788732394366 0.5828125 0.7492957746478873 0.5828125 0.7577464788732394 0.5890625 0.7605633802816901 0.5890625 0.7661971830985915 0.5953125 0.7774647887323943 0.6015625 0.780281690140845 0.6015625 0.7887323943661971 0.6046875 0.7943661971830986 0.6078125 0.7943661971830986 0.615625 0.8084507042253521 0.615625 0.8140845070422535 0.61875 0.819718309859155 0.6234375 0.819718309859155 0.6265625 0.8253521126760563 0.6296875 0.819718309859155 0.6296875 0.7971830985915493 0.6265625 0.7943661971830986 0.6265625 0.780281690140845 0.6296875 0.7774647887323943 0.6296875 0.7605633802816901 0.634375 0.7577464788732394 0.64375 0.7408450704225352 0.64375 0.7323943661971831 0.6515625 0.7183098591549296 0.65625 0.7183098591549296 0.6578125 0.7098591549295775 0.6609375 0.7098591549295775 0.6734375 0.6873239436619718 0.6703125 0.6788732394366197 0.6578125 0.6788732394366197 0.65625 0.6732394366197183 0.6390625 0.6732394366197183 0.6390625 0.676056338028169 0.6359375 0.6788732394366197 0.6359375 0.6873239436619718
2 0.2296875 0.6563380281690141 0.2265625 0.6591549295774648 0.2265625 0.6873239436619718 0.2359375 0.704225352112676 0.240625 0.7070422535211267 0.240625 0.7183098591549296 0.253125 0.7408450704225352 0.2578125 0.7408450704225352 0.2625 0.752112676056338 0.26875 0.752112676056338 0.2703125 0.7577464788732394 0.3015625 0.7577464788732394 0.303125 0.752112676056338 0.31875 0.752112676056338 0.3234375 0.7605633802816901 0.3234375 0.7661971830985915 0.3421875 0.7661971830985915 0.34375 0.7577464788732394 0.3546875 0.7577464788732394 0.3640625 0.7408450704225352 0.3640625 0.7323943661971831 0.3578125 0.7211267605633803 0.353125 0.7211267605633803 0.3515625 0.7126760563380282 0.346875 0.7126760563380282 0.3453125 0.7070422535211267 0.3390625 0.7070422535211267 0.33125 0.6901408450704225 0.3265625 0.6901408450704225 0.325 0.6845070422535211 0.3203125 0.6845070422535211 0.31875 0.6788732394366197 0.309375 0.6788732394366197 0.3078125 0.6845070422535211 0.3 0.6845070422535211 0.296875 0.6901408450704225 0.296875 0.704225352112676 0.2921875 0.7126760563380282 0.2890625 0.7126760563380282 0.2890625 0.723943661971831 0.28125 0.7380281690140845 0.2703125 0.7380281690140845 0.265625 0.7267605633802817 0.2625 0.7267605633802817 0.2578125 0.7183098591549296 0.2578125 0.7126760563380282 0.2546875 0.7098591549295775 0.2546875 0.7014084507042253 0.2484375 0.6929577464788732 0.2484375 0.6845070422535211 0.2453125 0.6816901408450704 0.2453125 0.6732394366197183 0.2515625 0.6704225352112676 0.2515625 0.6647887323943662 0.2453125 0.6563380281690141 0.2453125 0.647887323943662 0.2421875 0.6450704225352113 0.2421875 0.6366197183098592 0.2390625 0.6309859154929578 0.2328125 0.6309859154929578 0.2328125 0.6338028169014085 0.2296875 0.6366197183098592 0.2296875 0.6563380281690141
2 0.5984375 0.8760563380281691 0.596875 0.8816901408450705 0.5921875 0.8816901408450705 0.590625 0.8873239436619719 0.565625 0.8873239436619719 0.5640625 0.8929577464788733 0.559375 0.8929577464788733 0.5546875 0.9042253521126761 0.5515625 0.9042253521126761 0.5515625 0.9098591549295775 0.546875 0.9183098591549296 0.5421875 0.9183098591549296 0.540625 0.923943661971831 0.5125 0.923943661971831 0.509375 0.9295774647887324 0.509375 0.9690140845070423 0.515625 0.9774647887323944 0.515625 0.9915492957746479 0.51875 0.9971830985915493 0.6234375 0.9971830985915493 0.6203125 0.9915492957746479 0.6203125 0.9830985915492958 0.6171875 0.9774647887323944 0.6125 0.9774647887323944 0.6109375 0.971830985915493 0.6046875 0.971830985915493 0.603125 0.9661971830985916 0.5984375 0.9661971830985916 0.59375 0.9577464788732394 0.59375 0.952112676056338 0.5875 0.9492957746478873 0.5875 0.9408450704225352 0.5921875 0.9323943661971831 0.6 0.9323943661971831 0.609375 0.9154929577464789 0.6140625 0.9154929577464789 0.6171875 0.9098591549295775 0.6171875 0.9042253521126761 0.6234375 0.895774647887324 0.6234375 0.8816901408450705 0.6203125 0.8760563380281691 0.615625 0.8760563380281691 0.6140625 0.8704225352112676 0.609375 0.8704225352112676 0.609375 0.8732394366197183 0.6078125 0.8760563380281691 0.5984375 0.8760563380281691
2 0.3734375 0 0.3734375 0.0028169014084507044 0.3703125 0.008450704225352112 0.3703125 0.016901408450704224 0.365625 0.01971830985915493 0.35625 0.036619718309859155 0.35625 0.04788732394366197 0.36875 0.04788732394366197 0.3703125 0.05352112676056338 0.38125 0.05352112676056338 0.3859375 0.061971830985915494 0.3859375 0.07042253521126761 0.3890625 0.07323943661971831 0.3890625 0.08732394366197183 0.3921875 0.09014084507042254 0.3921875 0.10140845070422536 0.3953125 0.10140845070422536 0.396875 0.10704225352112676 0.4015625 0.10704225352112676 0.403125 0.10140845070422536 0.4078125 0.10140845070422536 0.409375 0.09577464788732394 0.421875 0.09577464788732394 0.421875 0.09014084507042254 0.428125 0.08169014084507042 0.428125 0.07323943661971831 0.43125 0.07042253521126761 0.43125 0.056338028169014086 0.434375 0.05352112676056338 0.434375 0.030985915492957747 0.43125 0.028169014084507043 0.43125 0.01971830985915493 0.428125 0.016901408450704224 0.428125 0.008450704225352112 0.425 0.005633802816901409 0.425 0 0.3734375 0
2 0.296875 0.6957746478873239 0.296875 0.704225352112676 0.29375 0.7070422535211267 0.29375 0.7183098591549296 0.2859375 0.7267605633802817 0.2859375 0.7408450704225352 0.2828125 0.7436619718309859 0.2828125 0.752112676056338 0.2859375 0.7577464788732394 0.2984375 0.7577464788732394 0.3 0.752112676056338 0.31875 0.752112676056338 0.3234375 0.7605633802816901 0.3234375 0.7661971830985915 0.3421875 0.7661971830985915 0.34375 0.7577464788732394 0.3546875 0.7577464788732394 0.3640625 0.7408450704225352 0.3640625 0.7323943661971831 0.3578125 0.7211267605633803 0.353125 0.7211267605633803 0.3515625 0.7126760563380282 0.346875 0.7126760563380282 0.3453125 0.7070422535211267 0.3390625 0.7070422535211267 0.33125 0.6901408450704225 0.3265625 0.6901408450704225 0.325 0.6845070422535211 0.315625 0.6845070422535211 0.3140625 0.6788732394366197 0.309375 0.6788732394366197 0.309375 0.6816901408450704 0.303125 0.6845070422535211 0.296875 0.6957746478873239
2 0.984375 0.14647887323943662 0.984375 0.15492957746478872 0.98125 0.15774647887323945 0.98125 0.16619718309859155 0.978125 0.16901408450704225 0.978125 0.18309859154929578 0.98125 0.18591549295774648 0.98125 0.19718309859154928 0.9875 0.2084507042253521 0.9984375 0.19154929577464788 0.9984375 0.13802816901408452 0.990625 0.13802816901408452 0.990625 0.14084507042253522 0.9890625 0.14647887323943662 0.984375 0.14647887323943662
2 0.9390625 0.2112676056338028 0.934375 0.2112676056338028 0.93125 0.21690140845070421 0.93125 0.2507042253521127 0.934375 0.2535211267605634 0.934375 0.2619718309859155 0.9390625 0.2619718309859155 0.94375 0.27323943661971833 0.95 0.27323943661971833 0.9515625 0.27887323943661974 0.95625 0.27887323943661974 0.9578125 0.28732394366197184 0.965625 0.28732394366197184 0.965625 0.28169014084507044 0.96875 0.27887323943661974 0.965625 0.27323943661971833 0.965625 0.2647887323943662 0.9625 0.2619718309859155 0.9625 0.2535211267605634 0.9671875 0.24507042253521127 0.971875 0.24507042253521127 0.9734375 0.23943661971830985 0.9765625 0.23943661971830985 0.9765625 0.22253521126760564 0.9734375 0.22253521126760564 0.96875 0.2112676056338028 0.9640625 0.2112676056338028 0.9625 0.2056338028169014 0.9546875 0.2056338028169014 0.953125 0.2 0.946875 0.2 0.946875 0.2028169014084507 0.940625 0.2056338028169014 0.9390625 0.2112676056338028
2 0.671875 0 0.671875 0.0028169014084507044 0.66875 0.008450704225352112 0.66875 0.028169014084507043 0.671875 0.030985915492957747 0.671875 0.04788732394366197 0.675 0.05352112676056338 0.7 0.05352112676056338 0.703125 0.04788732394366197 0.703125 0.036619718309859155 0.70625 0.03380281690140845 0.70625 0 0.671875 0
2 0.15625 0.22253521126760564 0.15 0.23380281690140844 0.1484375 0.24225352112676057 0.140625 0.24225352112676057 0.1390625 0.24788732394366197 0.134375 0.24788732394366197 0.134375 0.2619718309859155 0.140625 0.27323943661971833 0.134375 0.28169014084507044 0.1328125 0.29014084507042254 0.1296875 0.29014084507042254 0.1265625 0.29577464788732394 0.1265625 0.30422535211267604 0.1359375 0.30422535211267604 0.140625 0.3126760563380282 0.140625 0.3408450704225352 0.14375 0.3436619718309859 0.14375 0.352112676056338 0.1484375 0.352112676056338 0.15 0.35774647887323946 0.1546875 0.35774647887323946 0.1609375 0.36901408450704226 0.165625 0.36901408450704226 0.1671875 0.37464788732394366 0.171875 0.37464788732394366 0.1765625 0.38873239436619716 0.18125 0.38873239436619716 0.1828125 0.39436619718309857 0.1859375 0.39436619718309857 0.1921875 0.38309859154929576 0.1921875 0.37746478873239436 0.1953125 0.37464788732394366 0.1953125 0.36619718309859156 0.209375 0.3408450704225352 0.2125 0.3408450704225352 0.215625 0.3352112676056338 0.215625 0.3295774647887324 0.21875 0.3267605633802817 0.21875 0.3126760563380282 0.2125 0.30422535211267604 0.2125 0.29577464788732394 0.2078125 0.29295774647887324 0.2078125 0.2647887323943662 0.2125 0.2619718309859155 0.2125 0.24788732394366197 0.2078125 0.24507042253521127 0.2078125 0.23380281690140844 0.2046875 0.22816901408450704 0.2 0.22816901408450704 0.1984375 0.22253521126760564 0.19375 0.22253521126760564 0.1921875 0.21690140845070421 0.1875 0.21690140845070421 0.1859375 0.2112676056338028 0.1796875 0.2112676056338028 0.175 0.2 0.1703125 0.2 0.1703125 0.2028169014084507 0.159375 0.22253521126760564 0.15625 0.22253521126760564
2 0.7375 0.2676056338028169 0.7421875 0.27605633802816903 0.7421875 0.28732394366197184 0.7453125 0.29295774647887324 0.740625 0.30140845070422534 0.734375 0.30140845070422534 0.7328125 0.30704225352112674 0.728125 0.30704225352112674 0.7265625 0.3126760563380282 0.721875 0.3126760563380282 0.7171875 0.323943661971831 0.7078125 0.323943661971831 0.70625 0.3295774647887324 0.7015625 0.3295774647887324 0.7015625 0.352112676056338 0.7234375 0.352112676056338 0.725 0.35774647887323946 0.74375 0.35774647887323946 0.7453125 0.36338028169014086 0.75 0.36338028169014086 0.7515625 0.36901408450704226 0.75625 0.36901408450704226 0.7578125 0.37464788732394366 0.7640625 0.37464788732394366 0.765625 0.38309859154929576 0.771875 0.39436619718309857 0.7765625 0.39436619718309857 0.784375 0.4112676056338028 0.79375 0.4112676056338028 0.8015625 0.39436619718309857 0.809375 0.39436619718309857 0.8109375 0.4 0.8171875 0.4 0.81875 0.4056338028169014 0.8234375 0.4056338028169014 0.825 0.4112676056338028 0.8359375 0.4112676056338028 0.8390625 0.4056338028169014 0.8390625 0.39154929577464787 0.8359375 0.38873239436619716 0.8359375 0.37746478873239436 0.8328125 0.37464788732394366 0.8328125 0.36619718309859156 0.8296875 0.36056338028169016 0.821875 0.36056338028169016 0.8203125 0.35492957746478876 0.8140625 0.35492957746478876 0.8125 0.3492957746478873 0.8078125 0.3492957746478873 0.80625 0.3436619718309859 0.7984375 0.3436619718309859 0.796875 0.3380281690140845 0.784375 0.3380281690140845 0.7828125 0.3295774647887324 0.771875 0.3295774647887324 0.7703125 0.323943661971831 0.765625 0.323943661971831 0.7640625 0.3126760563380282 0.759375 0.30985915492957744 0.759375 0.27605633802816903 0.746875 0.2563380281690141 0.746875 0.24788732394366197 0.734375 0.24788732394366197 0.734375 0.2507042253521127 0.734375 0.2676056338028169 0.7375 0.2676056338028169
2 0.99375 0.28169014084507044 0.99375 0.28732394366197184 0.9984375 0.28732394366197184 0.9984375 0.2535211267605634 0.990625 0.2535211267605634 0.990625 0.2563380281690141 0.990625 0.27887323943661974 0.99375 0.28169014084507044
2 0.821875 0.752112676056338 0.81875 0.7549295774647887 0.81875 0.7661971830985915 0.85 0.7661971830985915 0.85 0.7605633802816901 0.853125 0.7577464788732394 0.853125 0.7492957746478873 0.85 0.7436619718309859 0.840625 0.7436619718309859 0.8390625 0.7380281690140845 0.825 0.7380281690140845 0.825 0.7408450704225352 0.821875 0.7436619718309859 0.821875 0.752112676056338
2 0.7578125 0.8140845070422535 0.7546875 0.8169014084507042 0.7546875 0.8253521126760563 0.7484375 0.8338028169014085 0.7515625 0.8422535211267606 0.7703125 0.8422535211267606 0.771875 0.8366197183098592 0.7765625 0.8366197183098592 0.7859375 0.819718309859155 0.7859375 0.8084507042253521 0.790625 0.8056338028169014 0.790625 0.8028169014084507 0.7875 0.8028169014084507 0.7859375 0.7971830985915493 0.765625 0.7971830985915493 0.765625 0.8 0.7578125 0.8084507042253521 0.7578125 0.8140845070422535
2 0.046875 0 0.046875 0.0028169014084507044 0.04375 0.008450704225352112 0.04375 0.022535211267605635 0.0375 0.030985915492957747 0.0375 0.03943661971830986 0.034375 0.04225352112676056 0.034375 0.059154929577464786 0.0484375 0.059154929577464786 0.05 0.05352112676056338 0.0625 0.05352112676056338 0.0671875 0.03943661971830986 0.071875 0.03943661971830986 0.0734375 0.03380281690140845 0.0828125 0.03380281690140845 0.084375 0.028169014084507043 0.0953125 0.028169014084507043 0.096875 0.022535211267605635 0.11875 0.022535211267605635 0.1234375 0.011267605633802818 0.128125 0.011267605633802818 0.128125 0 0.046875 0
2 0.5359375 0.447887323943662 0.5390625 0.4507042253521127 0.5390625 0.4647887323943662 0.5421875 0.4676056338028169 0.5421875 0.4788732394366197 0.5453125 0.48169014084507045 0.5453125 0.49577464788732395 0.5484375 0.49859154929577465 0.5484375 0.5070422535211268 0.5515625 0.5098591549295775 0.5515625 0.5267605633802817 0.55625 0.5295774647887324 0.55625 0.6028169014084507 0.5515625 0.6056338028169014 0.5515625 0.6225352112676056 0.5484375 0.6253521126760564 0.5484375 0.6450704225352113 0.5453125 0.647887323943662 0.5453125 0.6619718309859155 0.5421875 0.6647887323943662 0.5421875 0.6929577464788732 0.5453125 0.6957746478873239 0.5453125 0.704225352112676 0.5484375 0.7070422535211267 0.5484375 0.7183098591549296 0.55625 0.7267605633802817 0.55625 0.7352112676056338 0.559375 0.7380281690140845 0.559375 0.7464788732394366 0.5625 0.752112676056338 0.5734375 0.752112676056338 0.5765625 0.7464788732394366 0.5765625 0.7126760563380282 0.58125 0.7098591549295775 0.58125 0.7014084507042253 0.5859375 0.6929577464788732 0.6 0.6929577464788732 0.6 0.6647887323943662 0.596875 0.6619718309859155 0.596875 0.6535211267605634 0.6 0.6507042253521127 0.6 0.6366197183098592 0.603125 0.6338028169014085 0.603125 0.6 0.6078125 0.5971830985915493 0.6078125 0.5690140845070423 0.6109375 0.5661971830985916 0.6109375 0.5577464788732395 0.6140625 0.5549295774647888 0.6140625 0.5464788732394367 0.6171875 0.543661971830986 0.6171875 0.5295774647887324 0.6109375 0.5183098591549296 0.6109375 0.48169014084507045 0.6140625 0.4788732394366197 0.6140625 0.43380281690140843 0.6109375 0.4309859154929577 0.6109375 0.4253521126760563 0.6078125 0.4197183098591549 0.6046875 0.4197183098591549 0.603125 0.4140845070422535 0.5921875 0.4140845070422535 0.5890625 0.4197183098591549 0.5890625 0.4309859154929577 0.5859375 0.43380281690140843 0.5859375 0.4422535211267606 0.58125 0.4507042253521127 0.578125 0.4507042253521127 0.578125 0.4591549295774648 0.5734375 0.4676056338028169 0.5625 0.4676056338028169 0.5609375 0.4563380281690141 0.5578125 0.4535211267605634 0.5578125 0.4450704225352113 0.5546875 0.4422535211267606 0.5546875 0.43380281690140843 0.55 0.4309859154929577 0.55 0.4253521126760563 0.54375 0.4140845070422535 0.5390625 0.4140845070422535 0.5390625 0.4169014084507042 0.5359375 0.4197183098591549 0.5359375 0.447887323943662
2 0.94375 0.07323943661971831 0.9390625 0.08450704225352113 0.934375 0.08450704225352113 0.934375 0.09577464788732394 0.93125 0.09859154929577464 0.93125 0.10704225352112676 0.934375 0.10985915492957747 0.934375 0.11830985915492957 0.9375 0.12112676056338029 0.9375 0.1295774647887324 0.9453125 0.1295774647887324 0.946875 0.12394366197183099 0.95 0.12394366197183099 0.959375 0.10704225352112676 0.959375 0.09859154929577464 0.9625 0.09577464788732394 0.9625 0.0676056338028169 0.9515625 0.0676056338028169 0.9515625 0.07042253521126761 0.95 0.07323943661971831 0.94375 0.07323943661971831
2 0.284375 0.2112676056338028 0.2734375 0.2112676056338028 0.2703125 0.21690140845070421 0.2703125 0.22535211267605634 0.2671875 0.23098591549295774 0.2703125 0.23380281690140844 0.2703125 0.2563380281690141 0.2734375 0.2591549295774648 0.2734375 0.27887323943661974 0.2703125 0.28169014084507044 0.2703125 0.28732394366197184 0.265625 0.29577464788732394 0.2625 0.29577464788732394 0.25 0.3183098591549296 0.25 0.3352112676056338 0.2546875 0.3352112676056338 0.2625 0.352112676056338 0.26875 0.352112676056338 0.2828125 0.37746478873239436 0.2828125 0.38309859154929576 0.2890625 0.39154929577464787 0.2890625 0.4 0.2921875 0.4 0.296875 0.4084507042253521 0.296875 0.4169014084507042 0.3 0.4197183098591549 0.3 0.4309859154929577 0.303125 0.43380281690140843 0.303125 0.4422535211267606 0.30625 0.447887323943662 0.3140625 0.447887323943662 0.315625 0.4422535211267606 0.31875 0.4422535211267606 0.3203125 0.4309859154929577 0.334375 0.4309859154929577 0.3359375 0.43661971830985913 0.3421875 0.43661971830985913 0.346875 0.447887323943662 0.3546875 0.447887323943662 0.35625 0.4535211267605634 0.3640625 0.4535211267605634 0.365625 0.4591549295774648 0.375 0.4591549295774648 0.38125 0.4450704225352113 0.378125 0.4422535211267606 0.378125 0.4140845070422535 0.3734375 0.4140845070422535 0.371875 0.4084507042253521 0.365625 0.4084507042253521 0.3640625 0.4028169014084507 0.359375 0.4028169014084507 0.3484375 0.38309859154929576 0.3484375 0.37746478873239436 0.3453125 0.37464788732394366 0.3453125 0.36056338028169016 0.3484375 0.35774647887323946 0.3484375 0.3492957746478873 0.3515625 0.3464788732394366 0.3515625 0.323943661971831 0.3484375 0.3211267605633803 0.3484375 0.3126760563380282 0.3421875 0.30140845070422534 0.3390625 0.30140845070422534 0.334375 0.29295774647887324 0.334375 0.2704225352112676 0.33125 0.2676056338028169 0.33125 0.24788732394366197 0.328125 0.24507042253521127 0.328125 0.23380281690140844 0.325 0.23098591549295774 0.325 0.22253521126760564 0.321875 0.21971830985915494 0.321875 0.2112676056338028 0.31875 0.2056338028169014 0.315625 0.2056338028169014 0.3140625 0.2 0.30625 0.2 0.3046875 0.19436619718309858 0.29375 0.19436619718309858 0.29375 0.19718309859154928 0.2890625 0.2 0.284375 0.2112676056338028
2 0.240625 0.8028169014084507 0.2390625 0.8084507042253521 0.2359375 0.8084507042253521 0.2359375 0.8140845070422535 0.23125 0.8225352112676056 0.2265625 0.8225352112676056 0.225 0.828169014084507 0.203125 0.828169014084507 0.203125 0.8366197183098592 0.2 0.8394366197183099 0.2 0.8676056338028169 0.203125 0.8704225352112676 0.203125 0.8901408450704226 0.20625 0.8929577464788733 0.20625 0.9154929577464789 0.209375 0.9183098591549296 0.209375 0.9267605633802817 0.2140625 0.9295774647887324 0.2140625 0.9436619718309859 0.2171875 0.9492957746478873 0.221875 0.9492957746478873 0.2234375 0.9577464788732394 0.228125 0.9577464788732394 0.2359375 0.9746478873239437 0.2390625 0.9746478873239437 0.240625 0.9859154929577465 0.246875 0.9971830985915493 0.31875 0.9971830985915493 0.31875 0.9830985915492958 0.321875 0.9802816901408451 0.321875 0.9605633802816902 0.31875 0.9577464788732394 0.31875 0.9352112676056338 0.3140625 0.9323943661971831 0.3140625 0.923943661971831 0.3078125 0.9154929577464789 0.3078125 0.9042253521126761 0.3015625 0.895774647887324 0.3015625 0.8873239436619719 0.2953125 0.8788732394366198 0.2953125 0.8704225352112676 0.2875 0.8619718309859155 0.2875 0.856338028169014 0.2828125 0.856338028169014 0.275 0.8422535211267606 0.275 0.8338028169014085 0.26875 0.8309859154929577 0.26875 0.8169014084507042 0.265625 0.8140845070422535 0.265625 0.7971830985915493 0.2625 0.7971830985915493 0.2609375 0.7915492957746478 0.25 0.7915492957746478 0.25 0.7943661971830986 0.2453125 0.8028169014084507 0.240625 0.8028169014084507
2 0.9875 0.4704225352112676 0.990625 0.4732394366197183 0.990625 0.4788732394366197 0.9953125 0.4788732394366197 0.9953125 0.4732394366197183 0.9984375 0.4704225352112676 0.9984375 0.4197183098591549 0.99375 0.4197183098591549 0.99375 0.4225352112676056 0.9875 0.43380281690140843 0.9875 0.4704225352112676
1 0.8046875 0.08450704225352113 0.803125 0.09014084507042254 0.7921875 0.09014084507042254 0.790625 0.09859154929577464 0.775 0.09859154929577464 0.7734375 0.10422535211267606 0.76875 0.10422535211267606 0.7640625 0.11549295774647887 0.7609375 0.11549295774647887 0.7515625 0.1323943661971831 0.7515625 0.14366197183098592 0.7484375 0.14647887323943662 0.7484375 0.18309859154929578 0.7453125 0.18591549295774648 0.7453125 0.2084507042253521 0.7484375 0.2112676056338028 0.7484375 0.23943661971830985 0.7515625 0.24225352112676057 0.7515625 0.2507042253521127 0.7578125 0.2591549295774648 0.7578125 0.2676056338028169 0.7609375 0.2704225352112676 0.7609375 0.28732394366197184 0.765625 0.29014084507042254 0.765625 0.30985915492957744 0.771875 0.3211267605633803 0.7765625 0.3211267605633803 0.778125 0.3267605633802817 0.7859375 0.3267605633802817 0.7875 0.3352112676056338 0.803125 0.3352112676056338 0.8046875 0.3408450704225352 0.8171875 0.3408450704225352 0.81875 0.3464788732394366 0.8265625 0.3464788732394366 0.828125 0.352112676056338 0.8328125 0.352112676056338 0.834375 0.35774647887323946 0.865625 0.35774647887323946 0.8671875 0.352112676056338 0.8734375 0.352112676056338 0.875 0.3464788732394366 0.8796875 0.3464788732394366 0.88125 0.3408450704225352 0.8859375 0.3408450704225352 0.8875 0.3352112676056338 0.8921875 0.3352112676056338 0.89375 0.3267605633802817 0.9 0.3267605633802817 0.9 0.3126760563380282 0.903125 0.30985915492957744 0.903125 0.2704225352112676 0.90625 0.2676056338028169 0.90625 0.2056338028169014 0.903125 0.2028169014084507 0.903125 0.16901408450704225 0.9 0.16619718309859155 0.9 0.15211267605633802 0.896875 0.14929577464788732 0.896875 0.13802816901408452 0.89375 0.13802816901408452 0.8890625 0.1295774647887324 0.8890625 0.12112676056338029 0.884375 0.12112676056338029 0.8703125 0.09577464788732394 0.8703125 0.09014084507042254 0.8640625 0.09014084507042254 0.8625 0.08450704225352113 0.8546875 0.08450704225352113 0.853125 0.07887323943661972 0.821875 0.07887323943661972 0.821875 0.08169014084507042 0.8203125 0.08450704225352113 0.8046875 0.08450704225352113
1 0.365625 0.7436619718309859 0.3640625 0.7492957746478873 0.359375 0.7492957746478873 0.3546875 0.7605633802816901 0.3359375 0.7605633802816901 0.334375 0.7690140845070422 0.3265625 0.7690140845070422 0.325 0.7605633802816901 0.309375 0.7605633802816901 0.309375 0.7661971830985915 0.303125 0.7746478873239436 0.303125 0.7830985915492957 0.296875 0.7915492957746478 0.296875 0.8 0.29375 0.8028169014084507 0.29375 0.8535211267605634 0.296875 0.856338028169014 0.296875 0.8676056338028169 0.3 0.8704225352112676 0.3 0.8788732394366198 0.303125 0.8816901408450705 0.303125 0.8901408450704226 0.315625 0.9126760563380282 0.315625 0.9211267605633803 0.31875 0.9211267605633803 0.3203125 0.9267605633802817 0.325 0.9267605633802817 0.3265625 0.9323943661971831 0.33125 0.9323943661971831 0.3328125 0.9380281690140845 0.3609375 0.9380281690140845 0.3625 0.9323943661971831 0.378125 0.9323943661971831 0.3796875 0.9267605633802817 0.390625 0.9267605633802817 0.3921875 0.9211267605633803 0.3953125 0.9211267605633803 0.4015625 0.9098591549295775 0.4015625 0.9042253521126761 0.4046875 0.9014084507042254 0.4046875 0.8873239436619719 0.4078125 0.8845070422535212 0.4078125 0.856338028169014 0.4109375 0.8535211267605634 0.4109375 0.828169014084507 0.4140625 0.8253521126760563 0.4140625 0.7971830985915493 0.4109375 0.7943661971830986 0.4109375 0.780281690140845 0.4046875 0.7718309859154929 0.4046875 0.7605633802816901 0.3984375 0.7492957746478873 0.3921875 0.7492957746478873 0.390625 0.7436619718309859 0.3859375 0.7436619718309859 0.384375 0.7380281690140845 0.3765625 0.7380281690140845 0.3765625 0.7408450704225352 0.375 0.7436619718309859 0.365625 0.7436619718309859
1 0.459375 0.39154929577464787 0.4578125 0.3971830985915493 0.453125 0.3971830985915493 0.4515625 0.4028169014084507 0.4453125 0.4028169014084507 0.44375 0.4084507042253521 0.4359375 0.4084507042253521 0.434375 0.4140845070422535 0.4296875 0.4140845070422535 0.428125 0.4197183098591549 0.4234375 0.4197183098591549 0.421875 0.4253521126760563 0.415625 0.4253521126760563 0.4140625 0.43380281690140843 0.409375 0.43380281690140843 0.396875 0.4563380281690141 0.396875 0.4647887323943662 0.3921875 0.4676056338028169 0.3921875 0.4788732394366197 0.3890625 0.48169014084507045 0.3890625 0.49577464788732395 0.3859375 0.49859154929577465 0.3859375 0.5380281690140845 0.3828125 0.5408450704225352 0.3828125 0.5605633802816902 0.3796875 0.5633802816901409 0.3796875 0.5746478873239437 0.3828125 0.5774647887323944 0.3828125 0.5915492957746479 0.3859375 0.5943661971830986 0.3859375 0.6084507042253521 0.3890625 0.6112676056338028 0.3890625 0.6225352112676056 0.3921875 0.6281690140845071 0.3953125 0.6281690140845071 0.403125 0.6450704225352113 0.409375 0.647887323943662 0.409375 0.6563380281690141 0.4125 0.6591549295774648 0.4125 0.6704225352112676 0.41875 0.6816901408450704 0.425 0.6816901408450704 0.4296875 0.6929577464788732 0.434375 0.6929577464788732 0.4359375 0.6985915492957746 0.440625 0.6985915492957746 0.4421875 0.704225352112676 0.4484375 0.704225352112676 0.453125 0.7126760563380282 0.453125 0.7183098591549296 0.4640625 0.7183098591549296 0.465625 0.723943661971831 0.496875 0.723943661971831 0.4984375 0.7183098591549296 0.5171875 0.7183098591549296 0.51875 0.7098591549295775 0.528125 0.7098591549295775 0.5296875 0.704225352112676 0.534375 0.704225352112676 0.540625 0.6929577464788732 0.5515625 0.7126760563380282 0.5515625 0.7183098591549296 0.5546875 0.7183098591549296 0.559375 0.7267605633802817 0.559375 0.7352112676056338 0.5625 0.7408450704225352 0.5703125 0.7408450704225352 0.5734375 0.7352112676056338 0.5734375 0.7070422535211267 0.578125 0.6985915492957746 0.58125 0.6985915492957746 0.5859375 0.6873239436619718 0.59375 0.6873239436619718 0.59375 0.6788732394366197 0.596875 0.676056338028169 0.596875 0.6647887323943662 0.59375 0.6591549295774648 0.596875 0.6563380281690141 0.596875 0.6422535211267606 0.6 0.6394366197183099 0.6 0.5830985915492958 0.6046875 0.5746478873239437 0.6078125 0.5746478873239437 0.6078125 0.5633802816901409 0.6109375 0.5605633802816902 0.6109375 0.5521126760563381 0.6140625 0.5492957746478874 0.6140625 0.5295774647887324 0.6109375 0.5267605633802817 0.6109375 0.5154929577464789 0.6078125 0.5126760563380282 0.6109375 0.5070422535211268 0.6109375 0.49859154929577465 0.6078125 0.49295774647887325 0.6109375 0.49014084507042255 0.6109375 0.4732394366197183 0.6140625 0.4704225352112676 0.6140625 0.4450704225352113 0.6109375 0.4422535211267606 0.6109375 0.43380281690140843 0.6078125 0.4309859154929577 0.6078125 0.4253521126760563 0.6015625 0.4253521126760563 0.6 0.4197183098591549 0.5953125 0.4197183098591549 0.59375 0.4253521126760563 0.5890625 0.4253521126760563 0.5890625 0.43661971830985913 0.5828125 0.4450704225352113 0.58125 0.4563380281690141 0.578125 0.4563380281690141 0.5734375 0.4676056338028169 0.5625 0.4676056338028169 0.5609375 0.4563380281690141 0.5578125 0.4535211267605634 0.5578125 0.4450704225352113 0.5546875 0.4394366197183099 0.5515625 0.4394366197183099 0.540625 0.4140845070422535 0.5359375 0.4140845070422535 0.528125 0.3971830985915493 0.521875 0.3971830985915493 0.5203125 0.39154929577464787 0.509375 0.39154929577464787 0.5078125 0.38591549295774646 0.471875 0.38591549295774646 0.471875 0.38873239436619716 0.4703125 0.39154929577464787 0.459375 0.39154929577464787
1 0.7421875 0.27605633802816903 0.7421875 0.29295774647887324 0.7375 0.30140845070422534 0.734375 0.30140845070422534 0.7328125 0.30704225352112674 0.725 0.30704225352112674 0.7203125 0.3183098591549296 0.715625 0.3183098591549296 0.7140625 0.323943661971831 0.7046875 0.323943661971831 0.703125 0.3295774647887324 0.6984375 0.3295774647887324 0.6984375 0.3464788732394366 0.7015625 0.352112676056338 0.7171875 0.352112676056338 0.71875 0.35774647887323946 0.740625 0.35774647887323946 0.7421875 0.36338028169014086 0.75 0.36338028169014086 0.7515625 0.36901408450704226 0.75625 0.36901408450704226 0.7609375 0.37746478873239436 0.7609375 0.38309859154929576 0.7671875 0.38309859154929576 0.784375 0.4169014084507042 0.79375 0.4169014084507042 0.7984375 0.4056338028169014 0.803125 0.4056338028169014 0.8046875 0.4 0.8078125 0.4056338028169014 0.8234375 0.4056338028169014 0.825 0.4112676056338028 0.8359375 0.4112676056338028 0.8390625 0.4056338028169014 0.8390625 0.38591549295774646 0.8359375 0.38309859154929576 0.8359375 0.37183098591549296 0.8296875 0.36056338028169016 0.825 0.36056338028169016 0.8234375 0.35492957746478876 0.81875 0.35492957746478876 0.8171875 0.3492957746478873 0.8109375 0.3492957746478873 0.809375 0.3436619718309859 0.7953125 0.3436619718309859 0.79375 0.3380281690140845 0.7875 0.3380281690140845 0.7859375 0.3295774647887324 0.778125 0.3295774647887324 0.7734375 0.3183098591549296 0.76875 0.3183098591549296 0.7671875 0.30704225352112674 0.7640625 0.30422535211267604 0.7640625 0.29577464788732394 0.759375 0.29295774647887324 0.759375 0.27605633802816903 0.75625 0.27323943661971833 0.75625 0.2647887323943662 0.746875 0.24788732394366197 0.7390625 0.24788732394366197 0.7390625 0.2507042253521127 0.7390625 0.27323943661971833 0.7421875 0.27605633802816903
1 0.1 0.35492957746478876 0.0984375 0.36056338028169016 0.09375 0.36056338028169016 0.0921875 0.36619718309859156 0.0875 0.36619718309859156 0.0828125 0.37746478873239436 0.0734375 0.37746478873239436 0.0734375 0.38309859154929576 0.0765625 0.38873239436619716 0.0734375 0.39154929577464787 0.0734375 0.4112676056338028 0.0609375 0.43380281690140843 0.0609375 0.48450704225352115 0.0640625 0.48732394366197185 0.0640625 0.5014084507042254 0.0765625 0.5211267605633803 0.0765625 0.5267605633802817 0.0796875 0.5267605633802817 0.08125 0.532394366197183 0.0859375 0.532394366197183 0.090625 0.543661971830986 0.10625 0.543661971830986 0.1078125 0.5492957746478874 0.11875 0.5492957746478874 0.1203125 0.543661971830986 0.1484375 0.543661971830986 0.15 0.5380281690140845 0.1546875 0.5380281690140845 0.15625 0.532394366197183 0.1625 0.532394366197183 0.165625 0.5267605633802817 0.165625 0.5211267605633803 0.175 0.5070422535211268 0.175 0.49859154929577465 0.178125 0.49577464788732395 0.178125 0.4028169014084507 0.175 0.4 0.175 0.39154929577464787 0.1703125 0.39154929577464787 0.165625 0.38309859154929576 0.165625 0.37746478873239436 0.1609375 0.37746478873239436 0.1546875 0.36619718309859156 0.15 0.36619718309859156 0.1484375 0.36056338028169016 0.140625 0.36056338028169016 0.1359375 0.3492957746478873 0.1109375 0.3492957746478873 0.1109375 0.352112676056338 0.109375 0.35492957746478876 0.1 0.35492957746478876
1 0.678125 0.36056338028169016 0.6765625 0.36619718309859156 0.66875 0.36619718309859156 0.6671875 0.37183098591549296 0.6625 0.37183098591549296 0.6609375 0.37746478873239436 0.6546875 0.37746478873239436 0.653125 0.38591549295774646 0.6484375 0.38591549295774646 0.634375 0.4140845070422535 0.63125 0.4140845070422535 0.628125 0.4197183098591549 0.628125 0.4309859154929577 0.625 0.43380281690140843 0.625 0.4422535211267606 0.621875 0.4450704225352113 0.621875 0.4704225352112676 0.615625 0.48169014084507045 0.615625 0.5126760563380282 0.61875 0.5154929577464789 0.61875 0.5267605633802817 0.621875 0.5295774647887324 0.621875 0.543661971830986 0.61875 0.5464788732394367 0.61875 0.5746478873239437 0.615625 0.5774647887323944 0.615625 0.6028169014084507 0.61875 0.6056338028169014 0.61875 0.6140845070422535 0.615625 0.6169014084507042 0.615625 0.6225352112676056 0.63125 0.6507042253521127 0.634375 0.6507042253521127 0.6359375 0.6563380281690141 0.640625 0.6563380281690141 0.6421875 0.6619718309859155 0.65 0.6619718309859155 0.6515625 0.6704225352112676 0.6640625 0.6704225352112676 0.665625 0.676056338028169 0.69375 0.676056338028169 0.6953125 0.6704225352112676 0.703125 0.6704225352112676 0.703125 0.6647887323943662 0.70625 0.6619718309859155 0.70625 0.6535211267605634 0.7109375 0.6507042253521127 0.715625 0.6394366197183099 0.7203125 0.6394366197183099 0.721875 0.6338028169014085 0.7375 0.6338028169014085 0.7390625 0.6281690140845071 0.74375 0.6281690140845071 0.746875 0.6225352112676056 0.746875 0.6169014084507042 0.75 0.6140845070422535 0.75 0.6056338028169014 0.753125 0.6028169014084507 0.753125 0.5943661971830986 0.75625 0.5915492957746479 0.75625 0.5830985915492958 0.7578125 0.5802816901408451 0.7640625 0.5802816901408451 0.76875 0.5661971830985916 0.7734375 0.5661971830985916 0.7734375 0.5577464788732395 0.7765625 0.5549295774647888 0.7765625 0.5408450704225352 0.7828125 0.5380281690140845 0.784375 0.532394366197183 0.790625 0.532394366197183 0.79375 0.5267605633802817 0.79375 0.5098591549295775 0.796875 0.5070422535211268 0.796875 0.4619718309859155 0.79375 0.4591549295774648 0.79375 0.4394366197183099 0.7859375 0.4309859154929577 0.7859375 0.4197183098591549 0.7671875 0.38591549295774646 0.7609375 0.38591549295774646 0.759375 0.37746478873239436 0.7546875 0.37746478873239436 0.753125 0.37183098591549296 0.7484375 0.37183098591549296 0.746875 0.36619718309859156 0.7390625 0.36619718309859156 0.7375 0.36056338028169016 0.7125 0.36056338028169016 0.7109375 0.35492957746478876 0.7046875 0.35492957746478876 0.7046875 0.35774647887323946 0.703125 0.36056338028169016 0.678125 0.36056338028169016
1 0.6359375 0.29859154929577464 0.63125 0.30140845070422534 0.63125 0.30985915492957744 0.625 0.3183098591549296 0.625 0.3267605633802817 0.621875 0.3295774647887324 0.621875 0.3352112676056338 0.615625 0.3436619718309859 0.615625 0.352112676056338 0.5984375 0.37746478873239436 0.596875 0.38591549295774646 0.5921875 0.38591549295774646 0.5890625 0.39154929577464787 0.5890625 0.4056338028169014 0.6 0.4056338028169014 0.6015625 0.4112676056338028 0.6078125 0.4112676056338028 0.6125 0.4197183098591549 0.6125 0.4309859154929577 0.6234375 0.4309859154929577 0.6234375 0.4253521126760563 0.63125 0.4112676056338028 0.634375 0.4112676056338028 0.634375 0.4028169014084507 0.6453125 0.38309859154929576 0.65 0.38309859154929576 0.6515625 0.37464788732394366 0.65625 0.37464788732394366 0.6578125 0.36901408450704226 0.6640625 0.36901408450704226 0.665625 0.36338028169014086 0.6703125 0.36338028169014086 0.671875 0.35774647887323946 0.6765625 0.35774647887323946 0.6765625 0.3295774647887324 0.6640625 0.30985915492957744 0.6640625 0.30140845070422534 0.6609375 0.29577464788732394 0.6546875 0.29577464788732394 0.65 0.28732394366197184 0.65 0.28169014084507044 0.6390625 0.28169014084507044 0.6390625 0.28450704225352114 0.6359375 0.29014084507042254 0.6359375 0.29859154929577464
1 0.103125 0.5577464788732395 0.1015625 0.5633802816901409 0.096875 0.5633802816901409 0.0921875 0.5774647887323944 0.0875 0.5774647887323944 0.0859375 0.5830985915492958 0.08125 0.5830985915492958 0.0796875 0.5887323943661972 0.0734375 0.5887323943661972 0.0609375 0.6112676056338028 0.0609375 0.6225352112676056 0.0578125 0.6253521126760564 0.0578125 0.6816901408450704 0.0609375 0.6873239436619718 0.0890625 0.6873239436619718 0.090625 0.6929577464788732 0.1015625 0.6929577464788732 0.103125 0.6985915492957746 0.1125 0.6985915492957746 0.1140625 0.704225352112676 0.121875 0.704225352112676 0.1234375 0.7098591549295775 0.1296875 0.7126760563380282 0.1296875 0.7183098591549296 0.1390625 0.7183098591549296 0.140625 0.723943661971831 0.1546875 0.723943661971831 0.15625 0.7183098591549296 0.1625 0.7183098591549296 0.1625 0.7126760563380282 0.175 0.6929577464788732 0.175 0.6845070422535211 0.178125 0.6816901408450704 0.178125 0.6422535211267606 0.175 0.6394366197183099 0.175 0.6112676056338028 0.171875 0.6084507042253521 0.171875 0.6 0.16875 0.5971830985915493 0.16875 0.5887323943661972 0.1546875 0.5633802816901409 0.146875 0.5633802816901409 0.1453125 0.5577464788732395 0.1265625 0.5577464788732395 0.125 0.5521126760563381 0.1203125 0.5521126760563381 0.1203125 0.5549295774647888 0.11875 0.5577464788732395 0.103125 0.5577464788732395
1 0.25 0 0.25 0.0028169014084507044 0.25 0.011267605633802818 0.2625 0.03380281690140845 0.265625 0.03380281690140845 0.2703125 0.04225352112676056 0.2703125 0.04788732394366197 0.275 0.04788732394366197 0.2765625 0.05352112676056338 0.28125 0.05352112676056338 0.2828125 0.059154929577464786 0.2875 0.059154929577464786 0.2890625 0.0647887323943662 0.325 0.0647887323943662 0.3265625 0.059154929577464786 0.3375 0.059154929577464786 0.3390625 0.05352112676056338 0.3453125 0.05352112676056338 0.346875 0.04788732394366197 0.3515625 0.04788732394366197 0.3515625 0.04225352112676056 0.3640625 0.022535211267605635 0.3640625 0.014084507042253521 0.36875 0.011267605633802818 0.371875 0.005633802816901409 0.371875 0 0.25 0
1 0.346875 0.5464788732394367 0.346875 0.5549295774647888 0.34375 0.5577464788732395 0.34375 0.5661971830985916 0.3390625 0.5690140845070423 0.3390625 0.5746478873239437 0.321875 0.6056338028169014 0.315625 0.6056338028169014 0.3140625 0.6112676056338028 0.309375 0.6112676056338028 0.3078125 0.6169014084507042 0.303125 0.6169014084507042 0.303125 0.6394366197183099 0.30625 0.6422535211267606 0.30625 0.6507042253521127 0.309375 0.6535211267605634 0.309375 0.6619718309859155 0.3125 0.6647887323943662 0.3125 0.6704225352112676 0.315625 0.676056338028169 0.31875 0.676056338028169 0.3203125 0.6816901408450704 0.325 0.6816901408450704 0.3265625 0.6873239436619718 0.33125 0.6873239436619718 0.3359375 0.6985915492957746 0.3421875 0.6985915492957746 0.34375 0.704225352112676 0.3484375 0.704225352112676 0.35 0.7098591549295775 0.3546875 0.7098591549295775 0.35625 0.7183098591549296 0.3609375 0.7183098591549296 0.3625 0.723943661971831 0.36875 0.723943661971831 0.3703125 0.7295774647887324 0.378125 0.7295774647887324 0.3796875 0.723943661971831 0.384375 0.723943661971831 0.3859375 0.7183098591549296 0.390625 0.7183098591549296 0.3921875 0.7098591549295775 0.3953125 0.7098591549295775 0.4078125 0.6873239436619718 0.4078125 0.6591549295774648 0.4046875 0.6563380281690141 0.4046875 0.647887323943662 0.3953125 0.6309859154929578 0.3921875 0.6309859154929578 0.3875 0.6225352112676056 0.3875 0.6169014084507042 0.384375 0.6140845070422535 0.384375 0.6 0.38125 0.5971830985915493 0.38125 0.5887323943661972 0.378125 0.5859154929577465 0.378125 0.5464788732394367 0.38125 0.5408450704225352 0.375 0.5295774647887324 0.353125 0.5295774647887324 0.353125 0.532394366197183 0.353125 0.5380281690140845 0.346875 0.5464788732394367
1 0.3765625 0 0.3765625 0.0028169014084507044 0.36875 0.01971830985915493 0.365625 0.01971830985915493 0.353125 0.04225352112676056 0.353125 0.05352112676056338 0.3515625 0.056338028169014086 0.34375 0.056338028169014086 0.3421875 0.061971830985915494 0.3359375 0.061971830985915494 0.3328125 0.0676056338028169 0.3328125 0.10140845070422536 0.3359375 0.10422535211267606 0.3359375 0.1295774647887324 0.384375 0.1295774647887324 0.3859375 0.1352112676056338 0.4015625 0.1352112676056338 0.403125 0.14366197183098592 0.4078125 0.14366197183098592 0.4109375 0.14929577464788732 0.41875 0.1295774647887324 0.421875 0.1295774647887324 0.421875 0.10422535211267606 0.425 0.10140845070422536 0.425 0.08450704225352113 0.428125 0.08169014084507042 0.428125 0.07323943661971831 0.43125 0.07042253521126761 0.43125 0.01971830985915493 0.428125 0.016901408450704224 0.428125 0.008450704225352112 0.425 0.005633802816901409 0.425 0 0.3765625 0
1 0.6984375 0 0.6984375 0.0028169014084507044 0.6984375 0.011267605633802818 0.6953125 0.014084507042253521 0.6984375 0.01971830985915493 0.696875 0.02535211267605634 0.6859375 0.02535211267605634 0.684375 0.030985915492957747 0.678125 0.030985915492957747 0.678125 0.03943661971830986 0.675 0.04225352112676056 0.675 0.059154929577464786 0.671875 0.061971830985915494 0.671875 0.08169014084507042 0.675 0.08450704225352113 0.675 0.10704225352112676 0.678125 0.10985915492957747 0.678125 0.11830985915492957 0.68125 0.12112676056338029 0.68125 0.14366197183098592 0.7 0.14366197183098592 0.7 0.13802816901408452 0.7046875 0.1295774647887324 0.7109375 0.1295774647887324 0.7109375 0.12112676056338029 0.7140625 0.11830985915492957 0.7140625 0.10985915492957747 0.7203125 0.10140845070422536 0.7203125 0.08450704225352113 0.7234375 0.08169014084507042 0.7234375 0.0676056338028169 0.7265625 0.0647887323943662 0.7265625 0.056338028169014086 0.7296875 0.05352112676056338 0.7296875 0.036619718309859155 0.7328125 0.03380281690140845 0.7328125 0 0.6984375 0
1 0.4453125 0.30985915492957744 0.4421875 0.3126760563380282 0.4421875 0.3267605633802817 0.4390625 0.3295774647887324 0.4390625 0.35774647887323946 0.4421875 0.36056338028169016 0.4421875 0.38309859154929576 0.4390625 0.38591549295774646 0.4390625 0.4 0.4484375 0.4 0.45 0.39436619718309857 0.4578125 0.39436619718309857 0.459375 0.38873239436619716 0.4640625 0.38873239436619716 0.465625 0.38309859154929576 0.48125 0.38309859154929576 0.48125 0.37746478873239436 0.484375 0.37183098591549296 0.4609375 0.3352112676056338 0.4609375 0.3183098591549296 0.4578125 0.3154929577464789 0.4578125 0.30704225352112674 0.4546875 0.30422535211267604 0.4546875 0.29577464788732394 0.45 0.29577464788732394 0.45 0.29859154929577464 0.4453125 0.30140845070422534 0.4453125 0.30985915492957744
1 0.2203125 0.3380281690140845 0.21875 0.3436619718309859 0.2140625 0.3436619718309859 0.2125 0.3492957746478873 0.20625 0.3492957746478873 0.203125 0.35492957746478876 0.203125 0.36338028169014086 0.196875 0.37183098591549296 0.196875 0.38309859154929576 0.19375 0.38591549295774646 0.19375 0.39436619718309857 0.190625 0.3971830985915493 0.190625 0.4112676056338028 0.1875 0.4140845070422535 0.1875 0.4309859154929577 0.1828125 0.43380281690140843 0.1828125 0.5014084507042254 0.1875 0.504225352112676 0.1875 0.5183098591549296 0.190625 0.5211267605633803 0.190625 0.5380281690140845 0.196875 0.5464788732394367 0.196875 0.5549295774647888 0.2 0.5577464788732395 0.2 0.5661971830985916 0.203125 0.5690140845070423 0.203125 0.5746478873239437 0.209375 0.5859154929577465 0.2125 0.5859154929577465 0.2234375 0.6084507042253521 0.2390625 0.6084507042253521 0.240625 0.6140845070422535 0.246875 0.6169014084507042 0.246875 0.6225352112676056 0.2546875 0.6225352112676056 0.25625 0.6281690140845071 0.284375 0.6281690140845071 0.2859375 0.6225352112676056 0.2921875 0.6225352112676056 0.29375 0.6140845070422535 0.3046875 0.6140845070422535 0.30625 0.6084507042253521 0.3140625 0.6084507042253521 0.315625 0.6028169014084507 0.31875 0.6028169014084507 0.334375 0.5746478873239437 0.334375 0.5690140845070423 0.3390625 0.5605633802816902 0.3421875 0.5605633802816902 0.3421875 0.5464788732394367 0.3484375 0.5380281690140845 0.3484375 0.4676056338028169 0.3453125 0.4647887323943662 0.3453125 0.4563380281690141 0.3421875 0.4535211267605634 0.3421875 0.4450704225352113 0.3390625 0.4450704225352113 0.3375 0.4394366197183099 0.3328125 0.4394366197183099 0.33125 0.43380281690140843 0.3203125 0.43380281690140843 0.3109375 0.4507042253521127 0.3078125 0.4450704225352113 0.303125 0.4450704225352113 0.3015625 0.43380281690140843 0.2984375 0.4309859154929577 0.2984375 0.4197183098591549 0.2953125 0.4169014084507042 0.2953125 0.4084507042253521 0.2875 0.4 0.2875 0.39154929577464787 0.28125 0.38309859154929576 0.28125 0.37746478873239436 0.265625 0.3492957746478873 0.259375 0.3492957746478873 0.2578125 0.3436619718309859 0.253125 0.3436619718309859 0.2515625 0.3380281690140845 0.246875 0.3380281690140845 0.2453125 0.3295774647887324 0.2328125 0.3295774647887324 0.2328125 0.3323943661971831 0.23125 0.3380281690140845 0.2203125 0.3380281690140845
1 0.2 0.12112676056338029 0.19375 0.1323943661971831 0.19375 0.14366197183098592 0.190625 0.14647887323943662 0.190625 0.15492957746478872 0.1875 0.15774647887323945 0.1875 0.16619718309859155 0.1796875 0.17464788732394365 0.1796875 0.19154929577464788 0.1765625 0.19436619718309858 0.1765625 0.2028169014084507 0.1828125 0.2140845070422535 0.1890625 0.2140845070422535 0.190625 0.21971830985915494 0.1953125 0.21971830985915494 0.196875 0.22535211267605634 0.2015625 0.22535211267605634 0.20625 0.23380281690140844 0.20625 0.23943661971830985 0.209375 0.24225352112676057 0.209375 0.29859154929577464 0.2125 0.29859154929577464 0.2171875 0.30704225352112674 0.2171875 0.3154929577464789 0.2203125 0.3211267605633803 0.2453125 0.3211267605633803 0.25625 0.29859154929577464 0.2609375 0.29859154929577464 0.2625 0.29295774647887324 0.265625 0.29295774647887324 0.26875 0.28732394366197184 0.26875 0.27605633802816903 0.271875 0.27323943661971833 0.271875 0.2591549295774648 0.26875 0.2563380281690141 0.26875 0.24225352112676057 0.265625 0.23943661971830985 0.265625 0.22253521126760564 0.26875 0.21971830985915494 0.2703125 0.2084507042253521 0.278125 0.2084507042253521 0.2796875 0.2028169014084507 0.284375 0.2028169014084507 0.284375 0.18028169014084508 0.28125 0.17746478873239438 0.28125 0.16901408450704225 0.26875 0.14929577464788732 0.26875 0.13802816901408452 0.265625 0.1323943661971831 0.259375 0.1323943661971831 0.2578125 0.1267605633802817 0.253125 0.1267605633802817 0.2515625 0.12112676056338029 0.24375 0.12112676056338029 0.2421875 0.11549295774647887 0.2171875 0.11549295774647887 0.2171875 0.11830985915492957 0.215625 0.12112676056338029 0.2 0.12112676056338029
1 0.4796875 0.7380281690140845 0.478125 0.7436619718309859 0.4625 0.7436619718309859 0.4609375 0.7492957746478873 0.453125 0.7492957746478873 0.4515625 0.7549295774647887 0.4453125 0.7549295774647887 0.4375 0.7746478873239436 0.4328125 0.7746478873239436 0.4296875 0.780281690140845 0.4296875 0.7887323943661971 0.4265625 0.7915492957746478 0.4265625 0.8 0.4234375 0.8028169014084507 0.4234375 0.8140845070422535 0.41875 0.8169014084507042 0.41875 0.8253521126760563 0.415625 0.828169014084507 0.415625 0.847887323943662 0.4125 0.8507042253521127 0.4125 0.8732394366197183 0.409375 0.8760563380281691 0.409375 0.9323943661971831 0.4125 0.9352112676056338 0.4125 0.9492957746478873 0.415625 0.952112676056338 0.415625 0.9633802816901409 0.41875 0.9661971830985916 0.41875 0.9746478873239437 0.4234375 0.9774647887323944 0.4234375 0.9915492957746479 0.4265625 0.9971830985915493 0.4546875 0.9971830985915493 0.45625 0.9915492957746479 0.478125 0.9915492957746479 0.4796875 0.9971830985915493 0.5109375 0.9971830985915493 0.5140625 0.9915492957746479 0.5140625 0.9830985915492958 0.5109375 0.9802816901408451 0.5109375 0.971830985915493 0.5078125 0.9690140845070423 0.5078125 0.923943661971831 0.509375 0.9211267605633803 0.5375 0.9211267605633803 0.5390625 0.9154929577464789 0.54375 0.9154929577464789 0.54375 0.9042253521126761 0.546875 0.9014084507042254 0.546875 0.8450704225352113 0.54375 0.8422535211267606 0.54375 0.7971830985915493 0.540625 0.7943661971830986 0.540625 0.7746478873239436 0.53125 0.7577464788732394 0.53125 0.7492957746478873 0.528125 0.7436619718309859 0.525 0.7436619718309859 0.5203125 0.7323943661971831 0.4953125 0.7323943661971831 0.4953125 0.7352112676056338 0.49375 0.7380281690140845 0.4796875 0.7380281690140845
1 0.5328125 0.7380281690140845 0.5328125 0.752112676056338 0.5390625 0.7605633802816901 0.5390625 0.7774647887323943 0.5421875 0.780281690140845 0.5421875 0.7943661971830986 0.5453125 0.7971830985915493 0.5453125 0.8422535211267606 0.5484375 0.8450704225352113 0.5484375 0.8535211267605634 0.5515625 0.856338028169014 0.5515625 0.8619718309859155 0.5484375 0.8676056338028169 0.5515625 0.8732394366197183 0.5484375 0.8788732394366198 0.5515625 0.8845070422535212 0.590625 0.8845070422535212 0.5921875 0.8788732394366198 0.6 0.8788732394366198 0.6015625 0.8732394366197183 0.6078125 0.8732394366197183 0.609375 0.8676056338028169 0.6171875 0.8676056338028169 0.6171875 0.8450704225352113 0.6140625 0.8422535211267606 0.6140625 0.8225352112676056 0.6078125 0.8140845070422535 0.6078125 0.8028169014084507 0.6046875 0.8028169014084507 0.6 0.7943661971830986 0.6 0.7859154929577464 0.5953125 0.7859154929577464 0.5875 0.7690140845070422 0.578125 0.7690140845070422 0.5765625 0.7605633802816901 0.5625 0.7605633802816901 0.5609375 0.7492957746478873 0.5546875 0.7380281690140845 0.5515625 0.7380281690140845 0.55 0.7323943661971831 0.5453125 0.7323943661971831 0.54375 0.7267605633802817 0.5328125 0.7267605633802817 0.5328125 0.7295774647887324 0.5296875 0.7352112676056338 0.5328125 0.7380281690140845
1 0 0.8788732394366198 0.0046875 0.8816901408450705 0.0046875 0.895774647887324 0.0171875 0.9183098591549296 0.0171875 0.9267605633802817 0.0234375 0.9380281690140845 0.0296875 0.9380281690140845 0.03125 0.9408450704225352 0.03125 0.9492957746478873 0.034375 0.952112676056338 0.034375 0.9577464788732394 0.0390625 0.9577464788732394 0.04375 0.9690140845070423 0.053125 0.9690140845070423 0.0546875 0.9746478873239437 0.0625 0.9746478873239437 0.0640625 0.9802816901408451 0.0859375 0.9802816901408451 0.0875 0.9746478873239437 0.0984375 0.9746478873239437 0.1 0.9690140845070423 0.109375 0.9690140845070423 0.1140625 0.9577464788732394 0.11875 0.9577464788732394 0.11875 0.952112676056338 0.1234375 0.9436619718309859 0.128125 0.9436619718309859 0.1296875 0.9380281690140845 0.1359375 0.9380281690140845 0.1375 0.9323943661971831 0.1421875 0.9323943661971831 0.1546875 0.9098591549295775 0.1546875 0.8985915492957747 0.159375 0.895774647887324 0.159375 0.8760563380281691 0.1625 0.8732394366197183 0.1625 0.8450704225352113 0.159375 0.8422535211267606 0.159375 0.7859154929577464 0.1546875 0.7830985915492957 0.1546875 0.7690140845070422 0.1515625 0.7661971830985915 0.1515625 0.7549295774647887 0.1421875 0.7408450704225352 0.1421875 0.7323943661971831 0.1390625 0.7267605633802817 0.134375 0.7267605633802817 0.1328125 0.7211267605633803 0.1234375 0.7211267605633803 0.121875 0.7126760563380282 0.1171875 0.7126760563380282 0.115625 0.7070422535211267 0.1078125 0.7070422535211267 0.10625 0.7014084507042253 0.096875 0.7014084507042253 0.0953125 0.6957746478873239 0.0578125 0.6957746478873239 0.0578125 0.6985915492957746 0.053125 0.7070422535211267 0.0375 0.7070422535211267 0.0359375 0.7126760563380282 0.028125 0.7126760563380282 0.0265625 0.7211267605633803 0.0203125 0.7211267605633803 0.0078125 0.7436619718309859 0.0078125 0.752112676056338 0.0046875 0.7549295774647887 0.0046875 0.7718309859154929 0 0.7746478873239436 0 0.8788732394366198
1 0.346875 0.056338028169014086 0.3453125 0.061971830985915494 0.3359375 0.061971830985915494 0.3296875 0.07323943661971831 0.3296875 0.08169014084507042 0.3328125 0.08450704225352113 0.3328125 0.10704225352112676 0.3359375 0.10985915492957747 0.3359375 0.12394366197183099 0.3390625 0.1295774647887324 0.38125 0.1295774647887324 0.3828125 0.1352112676056338 0.3984375 0.1352112676056338 0.4 0.14366197183098592 0.4140625 0.14366197183098592 0.4140625 0.1323943661971831 0.41875 0.12394366197183099 0.421875 0.12394366197183099 0.421875 0.09859154929577464 0.3921875 0.09859154929577464 0.390625 0.09577464788732394 0.390625 0.07323943661971831 0.384375 0.0647887323943662 0.384375 0.056338028169014086 0.3703125 0.056338028169014086 0.36875 0.05070422535211268 0.3625 0.05070422535211268 0.3625 0.05352112676056338 0.3609375 0.056338028169014086 0.346875 0.056338028169014086
1 0.11875 0.02535211267605634 0.090625 0.02535211267605634 0.0890625 0.030985915492957747 0.08125 0.030985915492957747 0.0796875 0.036619718309859155 0.0703125 0.036619718309859155 0.06875 0.04225352112676056 0.0640625 0.04225352112676056 0.0625 0.05070422535211268 0.0578125 0.05070422535211268 0.05625 0.056338028169014086 0.0375 0.056338028169014086 0.034375 0.061971830985915494 0.034375 0.07042253521126761 0.03125 0.07323943661971831 0.03125 0.16056338028169015 0.034375 0.16338028169014085 0.034375 0.17183098591549295 0.040625 0.17464788732394365 0.040625 0.18309859154929578 0.04375 0.18591549295774648 0.04375 0.19154929577464788 0.046875 0.19718309859154928 0.053125 0.19718309859154928 0.0609375 0.2140845070422535 0.065625 0.2140845070422535 0.0671875 0.21971830985915494 0.071875 0.21971830985915494 0.0734375 0.22535211267605634 0.0796875 0.22535211267605634 0.08125 0.23098591549295774 0.0921875 0.23098591549295774 0.09375 0.23943661971830985 0.1359375 0.23943661971830985 0.1375 0.23098591549295774 0.1453125 0.23098591549295774 0.146875 0.22535211267605634 0.1515625 0.22535211267605634 0.1546875 0.21971830985915494 0.15625 0.2084507042253521 0.159375 0.2084507042253521 0.1609375 0.2028169014084507 0.165625 0.2028169014084507 0.16875 0.19718309859154928 0.16875 0.18591549295774648 0.175 0.17746478873239438 0.175 0.16901408450704225 0.18125 0.16056338028169015 0.18125 0.15211267605633802 0.1859375 0.14929577464788732 0.1859375 0.1323943661971831 0.1890625 0.1295774647887324 0.1890625 0.12112676056338029 0.1859375 0.11830985915492957 0.1859375 0.07887323943661972 0.18125 0.07605633802816901 0.18125 0.061971830985915494 0.178125 0.059154929577464786 0.178125 0.05070422535211268 0.175 0.04788732394366197 0.175 0.04225352112676056 0.171875 0.036619718309859155 0.1671875 0.036619718309859155 0.1625 0.02535211267605634 0.15625 0.02535211267605634 0.1546875 0.01971830985915493 0.14375 0.01971830985915493 0.1421875 0.014084507042253521 0.1265625 0.014084507042253521 0.1265625 0.016901408450704224 0.1203125 0.01971830985915493 0.11875 0.02535211267605634
1 0.453125 0.05070422535211268 0.4515625 0.056338028169014086 0.4453125 0.056338028169014086 0.4296875 0.08450704225352113 0.4296875 0.09577464788732394 0.4265625 0.09859154929577464 0.4265625 0.11830985915492957 0.4234375 0.12112676056338029 0.4234375 0.16056338028169015 0.43125 0.16056338028169015 0.4359375 0.14929577464788732 0.44375 0.14929577464788732 0.4453125 0.14366197183098592 0.475 0.14366197183098592 0.475 0.12112676056338029 0.471875 0.12112676056338029 0.4671875 0.11267605633802817 0.4671875 0.09014084507042254 0.471875 0.08169014084507042 0.4875 0.08169014084507042 0.4953125 0.0647887323943662 0.5015625 0.0647887323943662 0.5015625 0.05070422535211268 0.496875 0.04788732394366197 0.496875 0.04225352112676056 0.459375 0.04225352112676056 0.459375 0.04507042253521127 0.4578125 0.05070422535211268 0.453125 0.05070422535211268
1 0.203125 0.647887323943662 0.1953125 0.6647887323943662 0.190625 0.6647887323943662 0.190625 0.6704225352112676 0.1859375 0.6788732394366197 0.1828125 0.6788732394366197 0.1828125 0.6873239436619718 0.1796875 0.6901408450704225 0.1796875 0.704225352112676 0.1765625 0.7070422535211267 0.1765625 0.7295774647887324 0.1734375 0.7323943661971831 0.1734375 0.7577464788732394 0.1796875 0.7690140845070422 0.1796875 0.7774647887323943 0.1828125 0.7830985915492957 0.1859375 0.7830985915492957 0.2 0.8084507042253521 0.2 0.8140845070422535 0.2078125 0.8140845070422535 0.209375 0.819718309859155 0.228125 0.819718309859155 0.2296875 0.8140845070422535 0.234375 0.8140845070422535 0.234375 0.8084507042253521 0.2390625 0.8056338028169014 0.24375 0.7943661971830986 0.2484375 0.7943661971830986 0.25 0.7887323943661971 0.2546875 0.7887323943661971 0.25625 0.7830985915492957 0.2609375 0.7830985915492957 0.2625 0.7887323943661971 0.2671875 0.7915492957746478 0.2671875 0.8056338028169014 0.2703125 0.8084507042253521 0.2703125 0.8140845070422535 0.278125 0.8140845070422535 0.278125 0.8084507042253521 0.2828125 0.8 0.2875 0.8 0.2890625 0.7943661971830986 0.2921875 0.7943661971830986 0.2921875 0.7859154929577464 0.2953125 0.7830985915492957 0.2953125 0.7746478873239436 0.2984375 0.7690140845070422 0.2953125 0.7661971830985915 0.2953125 0.7605633802816901 0.2828125 0.7605633802816901 0.28125 0.7549295774647887 0.275 0.752112676056338 0.2765625 0.7464788732394366 0.28125 0.7464788732394366 0.28125 0.7380281690140845 0.284375 0.7352112676056338 0.284375 0.7267605633802817 0.2875 0.723943661971831 0.2875 0.7126760563380282 0.2921875 0.7098591549295775 0.2921875 0.6901408450704225 0.2875 0.6873239436619718 0.2875 0.6732394366197183 0.284375 0.6704225352112676 0.284375 0.6647887323943662 0.2796875 0.6647887323943662 0.278125 0.6591549295774648 0.2734375 0.6591549295774648 0.271875 0.6535211267605634 0.259375 0.6535211267605634 0.2578125 0.647887323943662 0.253125 0.647887323943662 0.2515625 0.6535211267605634 0.240625 0.6535211267605634 0.2390625 0.647887323943662 0.2328125 0.647887323943662 0.23125 0.6422535211267606 0.2140625 0.6422535211267606 0.2140625 0.6450704225352113 0.2125 0.647887323943662 0.203125 0.647887323943662
1 0.6484375 0.8169014084507042 0.634375 0.8450704225352113 0.63125 0.8450704225352113 0.628125 0.8507042253521127 0.628125 0.8901408450704226 0.625 0.8929577464788733 0.625 0.9098591549295775 0.621875 0.9126760563380282 0.621875 0.9577464788732394 0.63125 0.9746478873239437 0.6359375 0.9774647887323944 0.6359375 0.9859154929577465 0.6421875 0.9971830985915493 0.7296875 0.9971830985915493 0.7328125 0.9915492957746479 0.7328125 0.9830985915492958 0.7375 0.9802816901408451 0.7375 0.9661971830985916 0.740625 0.9633802816901409 0.740625 0.952112676056338 0.74375 0.9492957746478873 0.74375 0.8873239436619719 0.740625 0.8845070422535212 0.740625 0.8704225352112676 0.7328125 0.8619718309859155 0.7328125 0.856338028169014 0.7171875 0.828169014084507 0.7125 0.828169014084507 0.70625 0.8169014084507042 0.6984375 0.8169014084507042 0.696875 0.8084507042253521 0.6546875 0.8084507042253521 0.6546875 0.8112676056338028 0.653125 0.8169014084507042 0.6484375 0.8169014084507042
1 0.3390625 0.13802816901408452 0.3375 0.14647887323943662 0.3328125 0.14647887323943662 0.33125 0.15211267605633802 0.3265625 0.15211267605633802 0.321875 0.16338028169014085 0.315625 0.16338028169014085 0.315625 0.17183098591549295 0.3125 0.17464788732394365 0.3125 0.19154929577464788 0.3234375 0.2056338028169014 0.3234375 0.2140845070422535 0.3328125 0.22816901408450704 0.3328125 0.2676056338028169 0.3359375 0.2704225352112676 0.3359375 0.27887323943661974 0.3390625 0.28169014084507044 0.3390625 0.29295774647887324 0.34375 0.29577464788732394 0.34375 0.30422535211267604 0.353125 0.3183098591549296 0.353125 0.352112676056338 0.35 0.35492957746478876 0.35 0.36901408450704226 0.35625 0.37746478873239436 0.35625 0.38309859154929576 0.365625 0.4 0.375 0.4 0.3765625 0.4056338028169014 0.4015625 0.4056338028169014 0.403125 0.4 0.4078125 0.4 0.409375 0.39436619718309857 0.4140625 0.39436619718309857 0.41875 0.38309859154929576 0.421875 0.38309859154929576 0.421875 0.37746478873239436 0.425 0.37464788732394366 0.425 0.36619718309859156 0.428125 0.36338028169014086 0.428125 0.35492957746478876 0.43125 0.352112676056338 0.43125 0.3436619718309859 0.434375 0.3408450704225352 0.434375 0.3295774647887324 0.4375 0.3267605633802817 0.4375 0.3183098591549296 0.440625 0.3154929577464789 0.440625 0.30140845070422534 0.44375 0.29859154929577464 0.44375 0.27605633802816903 0.4484375 0.27323943661971833 0.4484375 0.2535211267605634 0.44375 0.2507042253521127 0.44375 0.22253521126760564 0.440625 0.21971830985915494 0.440625 0.2056338028169014 0.4375 0.2028169014084507 0.4375 0.19436619718309858 0.434375 0.19154929577464788 0.434375 0.18591549295774648 0.421875 0.16338028169014085 0.415625 0.16338028169014085 0.4140625 0.15774647887323945 0.409375 0.15774647887323945 0.4078125 0.15211267605633802 0.403125 0.15211267605633802 0.4015625 0.14647887323943662 0.396875 0.14647887323943662 0.3953125 0.13802816901408452 0.3765625 0.13802816901408452 0.375 0.1323943661971831 0.35625 0.1323943661971831 0.35625 0.1352112676056338 0.3546875 0.13802816901408452 0.3390625 0.13802816901408452
1 0.2 0.12112676056338029 0.19375 0.1323943661971831 0.19375 0.14366197183098592 0.190625 0.14647887323943662 0.190625 0.15492957746478872 0.1875 0.15774647887323945 0.1875 0.16619718309859155 0.1796875 0.17464788732394365 0.1796875 0.18309859154929578 0.1765625 0.18591549295774648 0.1765625 0.19154929577464788 0.1609375 0.21690140845070421 0.1609375 0.22535211267605634 0.159375 0.22816901408450704 0.153125 0.22816901408450704 0.1484375 0.24225352112676057 0.140625 0.24225352112676057 0.134375 0.2535211267605634 0.1375 0.2591549295774648 0.1375 0.2676056338028169 0.140625 0.27323943661971833 0.1265625 0.29859154929577464 0.1296875 0.30422535211267604 0.1390625 0.30422535211267604 0.140625 0.30704225352112674 0.140625 0.3352112676056338 0.14375 0.3380281690140845 0.14375 0.3464788732394366 0.146875 0.352112676056338 0.1515625 0.352112676056338 0.153125 0.35774647887323946 0.159375 0.35774647887323946 0.1609375 0.36338028169014086 0.165625 0.36338028169014086 0.1703125 0.37464788732394366 0.1765625 0.37746478873239436 0.1765625 0.38309859154929576 0.1796875 0.38873239436619716 0.1890625 0.38873239436619716 0.1921875 0.38309859154929576 0.1921875 0.37183098591549296 0.1984375 0.36338028169014086 0.2 0.352112676056338 0.2046875 0.352112676056338 0.20625 0.3408450704225352 0.2125 0.3408450704225352 0.2140625 0.3352112676056338 0.21875 0.3352112676056338 0.2203125 0.3267605633802817 0.23125 0.3267605633802817 0.2328125 0.3211267605633803 0.2453125 0.3211267605633803 0.253125 0.30422535211267604 0.2578125 0.30422535211267604 0.2625 0.29295774647887324 0.265625 0.29295774647887324 0.26875 0.28732394366197184 0.26875 0.28169014084507044 0.271875 0.27887323943661974 0.271875 0.2535211267605634 0.26875 0.2507042253521127 0.26875 0.21690140845070421 0.2734375 0.2084507042253521 0.28125 0.2084507042253521 0.2875 0.19718309859154928 0.284375 0.19154929577464788 0.284375 0.18028169014084508 0.28125 0.17746478873239438 0.28125 0.16901408450704225 0.265625 0.14366197183098592 0.265625 0.1323943661971831 0.259375 0.1323943661971831 0.2578125 0.1267605633802817 0.253125 0.1267605633802817 0.2515625 0.12112676056338029 0.246875 0.12112676056338029 0.2453125 0.11549295774647887 0.2140625 0.11549295774647887 0.2140625 0.11830985915492957 0.2125 0.12112676056338029 0.2 0.12112676056338029
1 0.35625 0.9408450704225352 0.3546875 0.9464788732394366 0.35 0.9464788732394366 0.346875 0.952112676056338 0.3453125 0.9605633802816902 0.3296875 0.9605633802816902 0.3265625 0.9661971830985916 0.3265625 0.9746478873239437 0.3234375 0.9774647887323944 0.3234375 0.9971830985915493 0.421875 0.9971830985915493 0.421875 0.9943661971830986 0.4171875 0.9915492957746479 0.4171875 0.9774647887323944 0.4140625 0.9746478873239437 0.4140625 0.9661971830985916 0.4078125 0.9577464788732394 0.4078125 0.9464788732394366 0.403125 0.9464788732394366 0.4015625 0.9408450704225352 0.396875 0.9408450704225352 0.3953125 0.9352112676056338 0.3734375 0.9352112676056338 0.3734375 0.9380281690140845 0.371875 0.9408450704225352 0.35625 0.9408450704225352
1 0.7875 0.6591549295774648 0.7859375 0.6647887323943662 0.778125 0.6647887323943662 0.778125 0.6704225352112676 0.76875 0.6845070422535211 0.76875 0.6929577464788732 0.7640625 0.7014084507042253 0.7609375 0.7014084507042253 0.759375 0.7070422535211267 0.7546875 0.7070422535211267 0.753125 0.7126760563380282 0.7453125 0.7126760563380282 0.7421875 0.7070422535211267 0.740625 0.7126760563380282 0.734375 0.7126760563380282 0.7328125 0.7211267605633803 0.725 0.7211267605633803 0.7234375 0.7126760563380282 0.721875 0.7126760563380282 0.7203125 0.7211267605633803 0.715625 0.7211267605633803 0.7140625 0.7267605633802817 0.7078125 0.7267605633802817 0.7015625 0.7380281690140845 0.7015625 0.7718309859154929 0.7078125 0.7830985915492957 0.7109375 0.7830985915492957 0.725 0.8084507042253521 0.725 0.8140845070422535 0.728125 0.819718309859155 0.7328125 0.819718309859155 0.734375 0.8253521126760563 0.75625 0.8253521126760563 0.7578125 0.819718309859155 0.7671875 0.819718309859155 0.7671875 0.8084507042253521 0.76875 0.8056338028169014 0.7734375 0.8056338028169014 0.775 0.8 0.7859375 0.8 0.7875 0.7943661971830986 0.79375 0.7943661971830986 0.8015625 0.7774647887323943 0.80625 0.7774647887323943 0.8125 0.7661971830985915 0.8140625 0.7577464788732394 0.8171875 0.7577464788732394 0.8203125 0.752112676056338 0.8203125 0.7436619718309859 0.8234375 0.7408450704225352 0.8234375 0.7323943661971831 0.8265625 0.7295774647887324 0.8265625 0.7211267605633803 0.8296875 0.7183098591549296 0.8296875 0.7014084507042253 0.8328125 0.6985915492957746 0.8328125 0.6788732394366197 0.8296875 0.676056338028169 0.8296875 0.6647887323943662 0.8265625 0.6619718309859155 0.8265625 0.6535211267605634 0.7984375 0.6535211267605634 0.7984375 0.6563380281690141 0.796875 0.6591549295774648 0.7875 0.6591549295774648
1 0.5453125 0 0.5453125 0.0028169014084507044 0.5421875 0.008450704225352112 0.5421875 0.022535211267605635 0.5390625 0.02535211267605634 0.5390625 0.03380281690140845 0.5421875 0.03943661971830986 0.55 0.03943661971830986 0.5515625 0.03380281690140845 0.5578125 0.03380281690140845 0.559375 0.028169014084507043 0.5640625 0.028169014084507043 0.571875 0.04225352112676056 0.571875 0.04788732394366197 0.5765625 0.04788732394366197 0.578125 0.03943661971830986 0.5875 0.03943661971830986 0.5890625 0.03380281690140845 0.596875 0.03380281690140845 0.5984375 0.028169014084507043 0.603125 0.028169014084507043 0.6046875 0.022535211267605635 0.6078125 0.022535211267605635 0.6078125 0.008450704225352112 0.603125 0.005633802816901409 0.603125 0 0.5453125 0
1 0.6015625 0.6450704225352113 0.5984375 0.647887323943662 0.5984375 0.6704225352112676 0.6015625 0.6732394366197183 0.6015625 0.6929577464788732 0.5953125 0.6957746478873239 0.59375 0.7014084507042253 0.5859375 0.7014084507042253 0.5859375 0.7183098591549296 0.6140625 0.7183098591549296 0.615625 0.7098591549295775 0.6234375 0.7098591549295775 0.63125 0.6929577464788732 0.634375 0.6929577464788732 0.634375 0.6845070422535211 0.6375 0.6816901408450704 0.6375 0.6591549295774648 0.634375 0.6535211267605634 0.628125 0.6535211267605634 0.6203125 0.6394366197183099 0.6203125 0.6309859154929578 0.615625 0.6309859154929578 0.6140625 0.6253521126760564 0.609375 0.6253521126760564 0.609375 0.6281690140845071 0.6015625 0.6366197183098592 0.6015625 0.6450704225352113
1 0.046875 0 0.046875 0.0028169014084507044 0.046875 0.011267605633802818 0.04375 0.014084507042253521 0.04375 0.028169014084507043 0.040625 0.030985915492957747 0.040625 0.03943661971830986 0.0375 0.04225352112676056 0.0375 0.05352112676056338 0.034375 0.056338028169014086 0.034375 0.0647887323943662 0.03125 0.0676056338028169 0.03125 0.16056338028169015 0.040625 0.17464788732394365 0.040625 0.18309859154929578 0.04375 0.18591549295774648 0.04375 0.19154929577464788 0.05 0.2028169014084507 0.053125 0.2028169014084507 0.0546875 0.2084507042253521 0.059375 0.2084507042253521 0.0609375 0.2140845070422535 0.065625 0.2140845070422535 0.0671875 0.21971830985915494 0.071875 0.21971830985915494 0.0765625 0.23098591549295774 0.0890625 0.23098591549295774 0.090625 0.23943661971830985 0.128125 0.23943661971830985 0.1296875 0.24507042253521127 0.134375 0.24788732394366197 0.134375 0.2676056338028169 0.1375 0.2704225352112676 0.1375 0.27887323943661974 0.134375 0.28169014084507044 0.134375 0.28732394366197184 0.1296875 0.29014084507042254 0.1234375 0.30140845070422534 0.1265625 0.30704225352112674 0.1265625 0.3267605633802817 0.1296875 0.3295774647887324 0.1296875 0.3352112676056338 0.1234375 0.3380281690140845 0.121875 0.3436619718309859 0.1140625 0.3436619718309859 0.1125 0.3492957746478873 0.1078125 0.3492957746478873 0.10625 0.35492957746478876 0.096875 0.35492957746478876 0.0921875 0.36619718309859156 0.08125 0.36619718309859156 0.0796875 0.37183098591549296 0.0765625 0.37183098591549296 0.06875 0.35774647887323946 0.06875 0.3492957746478873 0.065625 0.3436619718309859 0.0609375 0.3436619718309859 0.0578125 0.3380281690140845 0.0578125 0.352112676056338 0.0609375 0.35492957746478876 0.0609375 0.36338028169014086 0.0671875 0.36619718309859156 0.0671875 0.38309859154929576 0.0734375 0.39154929577464787 0.0734375 0.4056338028169014 0.0703125 0.4084507042253521 0.0703125 0.4169014084507042 0.0640625 0.4253521126760563 0.0640625 0.4309859154929577 0.0609375 0.43380281690140843 0.0609375 0.4422535211267606 0.0578125 0.4450704225352113 0.0578125 0.4535211267605634 0.0609375 0.4563380281690141 0.0609375 0.48450704225352115 0.0640625 0.48732394366197185 0.0640625 0.5014084507042254 0.0671875 0.504225352112676 0.0671875 0.5126760563380282 0.0703125 0.5183098591549296 0.075 0.5183098591549296 0.0765625 0.5267605633802817 0.0796875 0.5267605633802817 0.0875 0.543661971830986 0.0921875 0.543661971830986 0.096875 0.5521126760563381 0.096875 0.5605633802816902 0.090625 0.5690140845070423 0.0890625 0.5774647887323944 0.084375 0.5774647887323944 0.0796875 0.5887323943661972 0.0734375 0.5887323943661972 0.0609375 0.6112676056338028 0.0609375 0.6225352112676056 0.0578125 0.6253521126760564 0.0578125 0.6929577464788732 0.053125 0.7014084507042253 0.05 0.7014084507042253 0.0484375 0.7070422535211267 0.0375 0.7070422535211267 0.0359375 0.7126760563380282 0.028125 0.7126760563380282 0.0265625 0.7211267605633803 0.0203125 0.7211267605633803 0.0109375 0.7380281690140845 0.0109375 0.7464788732394366 0.003125 0.7605633802816901 0 0.7605633802816901 0 0.8901408450704226 0.003125 0.8901408450704226 0.0109375 0.9042253521126761 0.0109375 0.9098591549295775 0.0203125 0.923943661971831 0.0203125 0.9323943661971831 0.0234375 0.9380281690140845 0.0265625 0.9380281690140845 0.034375 0.952112676056338 0.034375 0.9577464788732394 0.040625 0.9690140845070423 0.0484375 0.9690140845070423 0.05 0.9746478873239437 0.05625 0.9746478873239437 0.0578125 0.9802816901408451 0.065625 0.9802816901408451 0.0671875 0.9859154929577465 0.071875 0.9859154929577465 0.0734375 0.9802816901408451 0.0890625 0.9802816901408451 0.090625 0.9746478873239437 0.109375 0.9746478873239437 0.11875 0.9577464788732394 0.1203125 0.9690140845070423 0.1171875 0.971830985915493 0.1171875 0.9915492957746479 0.1203125 0.9971830985915493 0.178125 0.9971830985915493 0.18125 0.9915492957746479 0.1828125 0.9971830985915493 0.2390625 0.9971830985915493 0.240625 0.9915492957746479 0.28125 0.9915492957746479 0.2828125 0.9971830985915493 0.6296875 0.9971830985915493 0.63125 0.9915492957746479 0.634375 0.9915492957746479 0.6359375 0.9971830985915493 0.7296875 0.9971830985915493 0.734375 0.9859154929577465 0.7375 0.9859154929577465 0.7375 0.971830985915493 0.740625 0.9690140845070423 0.740625 0.952112676056338 0.74375 0.9492957746478873 0.74375 0.8873239436619719 0.740625 0.8845070422535212 0.740625 0.8704225352112676 0.7375 0.8676056338028169 0.7375 0.856338028169014 0.734375 0.856338028169014 0.7296875 0.847887323943662 0.7296875 0.8394366197183099 0.73125 0.8366197183098592 0.74375 0.8366197183098592 0.7453125 0.8422535211267606 0.75625 0.8422535211267606 0.7578125 0.8366197183098592 0.7703125 0.8366197183098592 0.771875 0.8309859154929577 0.7765625 0.8309859154929577 0.7859375 0.8140845070422535 0.7875 0.8056338028169014 0.80625 0.8056338028169014 0.8078125 0.8140845070422535 0.8125 0.8140845070422535 0.8140625 0.819718309859155 0.8203125 0.819718309859155 0.821875 0.8253521126760563 0.8328125 0.8253521126760563 0.8328125 0.8169014084507042 0.828125 0.8169014084507042 0.8234375 0.8028169014084507 0.81875 0.8028169014084507 0.8171875 0.7971830985915493 0.8125 0.7943661971830986 0.8125 0.780281690140845 0.8171875 0.7774647887323943 0.821875 0.7661971830985915 0.846875 0.7661971830985915 0.846875 0.7605633802816901 0.853125 0.752112676056338 0.853125 0.7492957746478873 0.8484375 0.7492957746478873 0.846875 0.7436619718309859 0.840625 0.7436619718309859 0.8390625 0.7380281690140845 0.834375 0.7380281690140845 0.8296875 0.7295774647887324 0.8296875 0.7211267605633803 0.8328125 0.7183098591549296 0.8328125 0.6591549295774648 0.8296875 0.6563380281690141 0.8296875 0.647887323943662 0.8328125 0.6422535211267606 0.8203125 0.6225352112676056 0.8203125 0.6169014084507042 0.8140625 0.6169014084507042 0.8125 0.6112676056338028 0.8078125 0.6112676056338028 0.796875 0.5887323943661972 0.8015625 0.5802816901408451 0.8265625 0.5802816901408451 0.828125 0.5746478873239437 0.8328125 0.5746478873239437 0.834375 0.5661971830985916 0.8390625 0.5661971830985916 0.840625 0.5605633802816902 0.84375 0.5605633802816902 0.846875 0.5549295774647888 0.846875 0.5464788732394367 0.85 0.543661971830986 0.85 0.4507042253521127 0.846875 0.447887323943662 0.846875 0.4253521126760563 0.85 0.4197183098591549 0.846875 0.4140845070422535 0.840625 0.4140845070422535 0.8390625 0.4112676056338028 0.8390625 0.3971830985915493 0.8359375 0.39436619718309857 0.8359375 0.37746478873239436 0.8328125 0.37464788732394366 0.8328125 0.36619718309859156 0.834375 0.36338028169014086 0.84375 0.36338028169014086 0.846875 0.36901408450704226 0.8484375 0.36338028169014086 0.8625 0.36338028169014086 0.8640625 0.35774647887323946 0.8703125 0.35774647887323946 0.875 0.3464788732394366 0.8796875 0.3464788732394366 0.88125 0.3408450704225352 0.8859375 0.3408450704225352 0.890625 0.3267605633802817 0.896875 0.3267605633802817 0.9 0.3211267605633803 0.9 0.30704225352112674 0.903125 0.30422535211267604 0.903125 0.2647887323943662 0.90625 0.2619718309859155 0.90625 0.24788732394366197 0.903125 0.24225352112676057 0.90625 0.23943661971830985 0.90625 0.23380281690140844 0.903125 0.22816901408450704 0.90625 0.22535211267605634 0.90625 0.21690140845070421 0.903125 0.2140845070422535 0.903125 0.18028169014084508 0.9 0.17746478873239438 0.9 0.15211267605633802 0.8921875 0.14366197183098592 0.8921875 0.1323943661971831 0.8734375 0.09859154929577464 0.8671875 0.09859154929577464 0.8625 0.08450704225352113 0.8515625 0.08450704225352113 0.85 0.07887323943661972 0.81875 0.07887323943661972 0.8171875 0.08450704225352113 0.7984375 0.08450704225352113 0.796875 0.09014084507042254 0.7875 0.09014084507042254 0.7859375 0.09859154929577464 0.771875 0.09859154929577464 0.7640625 0.11549295774647887 0.7609375 0.11549295774647887 0.759375 0.12112676056338029 0.7546875 0.12112676056338029 0.7546875 0.1295774647887324 0.75 0.13802816901408452 0.7390625 0.13802816901408452 0.7375 0.14647887323943662 0.7125 0.14647887323943662 0.7109375 0.14366197183098592 0.7109375 0.11549295774647887 0.7171875 0.10704225352112676 0.7171875 0.09859154929577464 0.7203125 0.09577464788732394 0.7203125 0.08450704225352113 0.7234375 0.08169014084507042 0.7234375 0.0676056338028169 0.7265625 0.0647887323943662 0.7265625 0.05070422535211268 0.7296875 0.04788732394366197 0.7296875 0.036619718309859155 0.7328125 0.03380281690140845 0.7328125 0.01971830985915493 0.7375 0.016901408450704224 0.7375 0 0.25 0 0.25 0.011267605633802818 0.246875 0.016901408450704224 0.2546875 0.016901408450704224 0.25625 0.028169014084507043 0.2625 0.03943661971830986 0.26875 0.03943661971830986 0.2703125 0.04225352112676056 0.2703125 0.04788732394366197 0.2734375 0.05070422535211268 0.2734375 0.059154929577464786 0.284375 0.059154929577464786 0.2859375 0.0647887323943662 0.321875 0.0647887323943662 0.3296875 0.07887323943661972 0.3296875 0.08732394366197183 0.3328125 0.09014084507042254 0.3328125 0.12394366197183099 0.3359375 0.1267605633802817 0.3359375 0.14366197183098592 0.334375 0.14647887323943662 0.3265625 0.14647887323943662 0.31875 0.16338028169014085 0.3125 0.16338028169014085 0.3109375 0.17464788732394365 0.30625 0.17464788732394365 0.30625 0.18309859154929578 0.309375 0.18591549295774648 0.3078125 0.19436619718309858 0.296875 0.19436619718309858 0.2953125 0.18591549295774648 0.2921875 0.18309859154929578 0.2921875 0.17464788732394365 0.2890625 0.17464788732394365 0.2859375 0.18028169014084508 0.26875 0.14929577464788732 0.26875 0.13802816901408452 0.265625 0.1323943661971831 0.2625 0.1323943661971831 0.2609375 0.1267605633802817 0.253125 0.1267605633802817 0.2515625 0.12112676056338029 0.24375 0.12112676056338029 0.2421875 0.11549295774647887 0.2203125 0.11549295774647887 0.21875 0.10985915492957747 0.209375 0.10985915492957747 0.2046875 0.12112676056338029 0.19375 0.12112676056338029 0.1890625 0.11267605633802817 0.1890625 0.09859154929577464 0.1859375 0.09577464788732394 0.1859375 0.09014084507042254 0.1921875 0.08169014084507042 0.19375 0.07042253521126761 0.2046875 0.07042253521126761 0.2078125 0.0647887323943662 0.2078125 0.056338028169014086 0.215625 0.04788732394366197 0.215625 0.02535211267605634 0.21875 0.022535211267605635 0.21875 0.014084507042253521 0.221875 0.011267605633802818 0.221875 0 0.1640625 0 0.1640625 0.011267605633802818 0.1625 0.014084507042253521 0.153125 0.014084507042253521 0.1515625 0.008450704225352112 0.1375 0.008450704225352112 0.1359375 0 0.046875 0
1 0.5515625 0.04225352112676056 0.55 0.05070422535211268 0.5453125 0.05070422535211268 0.54375 0.056338028169014086 0.5359375 0.056338028169014086 0.534375 0.05070422535211268 0.515625 0.05070422535211268 0.5140625 0.04225352112676056 0.509375 0.04225352112676056 0.509375 0.04788732394366197 0.5046875 0.056338028169014086 0.4984375 0.056338028169014086 0.4953125 0.061971830985915494 0.4921875 0.056338028169014086 0.484375 0.07323943661971831 0.4765625 0.07323943661971831 0.475 0.07887323943661972 0.46875 0.07887323943661972 0.4671875 0.07323943661971831 0.459375 0.07323943661971831 0.4578125 0.07887323943661972 0.453125 0.07887323943661972 0.453125 0.10140845070422536 0.45625 0.10422535211267606 0.45625 0.11267605633802817 0.45 0.12394366197183099 0.4546875 0.12394366197183099 0.459375 0.1352112676056338 0.4578125 0.13802816901408452 0.4359375 0.13802816901408452 0.434375 0.14647887323943662 0.4296875 0.14647887323943662 0.428125 0.13802816901408452 0.43125 0.1323943661971831 0.4265625 0.1267605633802817 0.4265625 0.15492957746478872 0.4390625 0.17746478873239438 0.44375 0.17746478873239438 0.4453125 0.18309859154929578 0.4546875 0.18309859154929578 0.45625 0.17746478873239438 0.4609375 0.17746478873239438 0.465625 0.18591549295774648 0.465625 0.19154929577464788 0.490625 0.19154929577464788 0.4921875 0.19436619718309858 0.490625 0.2 0.4859375 0.2 0.484375 0.2056338028169014 0.4796875 0.2056338028169014 0.4796875 0.2140845070422535 0.475 0.22253521126760564 0.471875 0.22253521126760564 0.4671875 0.23380281690140844 0.4625 0.23380281690140844 0.4625 0.23943661971830985 0.459375 0.24225352112676057 0.459375 0.2507042253521127 0.45625 0.2535211267605634 0.45625 0.2619718309859155 0.453125 0.2647887323943662 0.453125 0.27887323943661974 0.45625 0.28169014084507044 0.45625 0.30422535211267604 0.459375 0.30704225352112674 0.459375 0.3154929577464789 0.4625 0.3183098591549296 0.4625 0.3267605633802817 0.465625 0.3295774647887324 0.465625 0.3408450704225352 0.4703125 0.3408450704225352 0.471875 0.3464788732394366 0.475 0.3464788732394366 0.4859375 0.36901408450704226 0.49375 0.36901408450704226 0.4953125 0.37464788732394366 0.5078125 0.37464788732394366 0.509375 0.38309859154929576 0.5203125 0.38309859154929576 0.521875 0.38873239436619716 0.53125 0.38873239436619716 0.5328125 0.39436619718309857 0.5703125 0.39436619718309857 0.571875 0.38873239436619716 0.584375 0.38873239436619716 0.5859375 0.38309859154929576 0.590625 0.38309859154929576 0.5921875 0.37464788732394366 0.596875 0.37464788732394366 0.6046875 0.35774647887323946 0.6078125 0.35774647887323946 0.6203125 0.3352112676056338 0.6203125 0.323943661971831 0.6265625 0.3154929577464789 0.6265625 0.30704225352112674 0.6296875 0.30422535211267604 0.6296875 0.29577464788732394 0.634375 0.29295774647887324 0.634375 0.28169014084507044 0.6375 0.27887323943661974 0.6375 0.21690140845070421 0.634375 0.2140845070422535 0.634375 0.2056338028169014 0.6296875 0.2028169014084507 0.6296875 0.19436619718309858 0.6265625 0.19154929577464788 0.6265625 0.18028169014084508 0.6203125 0.17183098591549295 0.6203125 0.16338028169014085 0.6078125 0.14366197183098592 0.6078125 0.13802816901408452 0.6015625 0.13802816901408452 0.6 0.1323943661971831 0.5921875 0.1323943661971831 0.590625 0.1295774647887324 0.590625 0.10422535211267606 0.596875 0.10140845070422536 0.6015625 0.08732394366197183 0.6078125 0.08732394366197183 0.603125 0.07887323943661972 0.6078125 0.07605633802816901 0.6078125 0.07323943661971831 0.5921875 0.07323943661971831 0.590625 0.07887323943661972 0.578125 0.07887323943661972 0.5734375 0.07042253521126761 0.5734375 0.056338028169014086 0.5671875 0.05352112676056338 0.5671875 0.04225352112676056 0.5625 0.04225352112676056 0.559375 0.036619718309859155 0.559375 0.03943661971830986 0.5578125 0.04225352112676056 0.5515625 0.04225352112676056
1 0.7015625 0 0.7015625 0.0028169014084507044 0.7015625 0.028169014084507043 0.6953125 0.030985915492957747 0.6984375 0.03943661971830986 0.6921875 0.04225352112676056 0.6921875 0.05352112676056338 0.690625 0.056338028169014086 0.678125 0.056338028169014086 0.675 0.061971830985915494 0.675 0.08732394366197183 0.678125 0.09014084507042254 0.678125 0.10704225352112676 0.68125 0.10985915492957747 0.68125 0.11830985915492957 0.6859375 0.12112676056338029 0.6859375 0.1352112676056338 0.6890625 0.13802816901408452 0.6890625 0.14366197183098592 0.696875 0.14366197183098592 0.6984375 0.1352112676056338 0.703125 0.1352112676056338 0.7078125 0.12394366197183099 0.7109375 0.12394366197183099 0.7109375 0.11549295774647887 0.7203125 0.10140845070422536 0.7203125 0.08450704225352113 0.7234375 0.08169014084507042 0.7234375 0.0676056338028169 0.7265625 0.0647887323943662 0.7265625 0.056338028169014086 0.7296875 0.05352112676056338 0.7296875 0.036619718309859155 0.7328125 0.03380281690140845 0.7328125 0 0.7015625 0
1 0.5296875 0.7380281690140845 0.5296875 0.752112676056338 0.5359375 0.7549295774647887 0.5359375 0.7661971830985915 0.5390625 0.7690140845070422 0.5390625 0.7774647887323943 0.5421875 0.780281690140845 0.5421875 0.7943661971830986 0.5453125 0.7971830985915493 0.5453125 0.8422535211267606 0.5484375 0.8450704225352113 0.5484375 0.8535211267605634 0.5515625 0.856338028169014 0.5515625 0.8788732394366198 0.5671875 0.8788732394366198 0.56875 0.8845070422535212 0.5875 0.8845070422535212 0.5890625 0.8788732394366198 0.596875 0.8788732394366198 0.5984375 0.8732394366197183 0.603125 0.8732394366197183 0.6046875 0.8676056338028169 0.6171875 0.8676056338028169 0.6171875 0.8507042253521127 0.6140625 0.847887323943662 0.6140625 0.8225352112676056 0.6078125 0.8140845070422535 0.6078125 0.8028169014084507 0.6046875 0.8028169014084507 0.5875 0.7690140845070422 0.578125 0.7690140845070422 0.5765625 0.7605633802816901 0.5625 0.7605633802816901 0.5578125 0.752112676056338 0.5578125 0.7436619718309859 0.5546875 0.7380281690140845 0.5515625 0.7380281690140845 0.55 0.7323943661971831 0.5453125 0.7323943661971831 0.54375 0.7267605633802817 0.525 0.7267605633802817 0.525 0.7295774647887324 0.525 0.7352112676056338 0.5296875 0.7380281690140845
1 0.7921875 0.4140845070422535 0.7921875 0.4309859154929577 0.7953125 0.43380281690140843 0.7953125 0.4422535211267606 0.7984375 0.4450704225352113 0.7984375 0.4704225352112676 0.8015625 0.4732394366197183 0.8015625 0.49577464788732395 0.7984375 0.49859154929577465 0.7984375 0.5267605633802817 0.7921875 0.5352112676056338 0.7921875 0.5605633802816902 0.7953125 0.5661971830985916 0.80625 0.5661971830985916 0.8078125 0.5746478873239437 0.8328125 0.5746478873239437 0.834375 0.5661971830985916 0.8390625 0.5661971830985916 0.840625 0.5605633802816902 0.84375 0.5605633802816902 0.85 0.5492957746478874 0.85 0.4450704225352113 0.846875 0.4422535211267606 0.846875 0.43380281690140843 0.84375 0.4309859154929577 0.84375 0.4197183098591549 0.840625 0.4197183098591549 0.8390625 0.4140845070422535 0.825 0.4140845070422535 0.8203125 0.4028169014084507 0.8078125 0.4028169014084507 0.8046875 0.3971830985915493 0.8046875 0.4 0.7984375 0.4028169014084507 0.7921875 0.4140845070422535
1 0.8109375 0.7718309859154929 0.8171875 0.7718309859154929 0.81875 0.7661971830985915 0.84375 0.7661971830985915 0.8453125 0.7577464788732394 0.85 0.7577464788732394 0.85 0.7492957746478873 0.8453125 0.7492957746478873 0.84375 0.7436619718309859 0.8375 0.7436619718309859 0.8359375 0.7380281690140845 0.828125 0.7380281690140845 0.8265625 0.7352112676056338 0.8265625 0.7267605633802817 0.8296875 0.723943661971831 0.8296875 0.7014084507042253 0.8328125 0.6985915492957746 0.8328125 0.6788732394366197 0.8296875 0.676056338028169 0.8296875 0.6647887323943662 0.8265625 0.6619718309859155 0.8265625 0.6366197183098592 0.8234375 0.6338028169014085 0.8234375 0.6253521126760564 0.8203125 0.6225352112676056 0.8203125 0.6169014084507042 0.8109375 0.6169014084507042 0.80625 0.6056338028169014 0.8015625 0.6056338028169014 0.790625 0.5830985915492958 0.78125 0.5830985915492958 0.7796875 0.5774647887323944 0.771875 0.5774647887323944 0.771875 0.5802816901408451 0.765625 0.5830985915492958 0.7640625 0.5887323943661972 0.7609375 0.5887323943661972 0.7546875 0.6 0.7546875 0.6084507042253521 0.7515625 0.6112676056338028 0.7515625 0.6225352112676056 0.746875 0.6309859154929578 0.7421875 0.6309859154929578 0.740625 0.6366197183098592 0.728125 0.6366197183098592 0.7265625 0.6422535211267606 0.71875 0.6422535211267606 0.7125 0.6535211267605634 0.7125 0.6619718309859155 0.7078125 0.6647887323943662 0.7078125 0.6704225352112676 0.7015625 0.6788732394366197 0.7015625 0.6929577464788732 0.6984375 0.6957746478873239 0.6984375 0.7464788732394366 0.7015625 0.7492957746478873 0.7015625 0.7718309859154929 0.7078125 0.7830985915492957 0.7109375 0.7830985915492957 0.725 0.8084507042253521 0.725 0.8140845070422535 0.728125 0.819718309859155 0.7328125 0.819718309859155 0.734375 0.8253521126760563 0.75625 0.8253521126760563 0.7578125 0.8309859154929577 0.7734375 0.8309859154929577 0.7828125 0.8140845070422535 0.7828125 0.8084507042253521 0.7875 0.8 0.803125 0.8 0.8046875 0.8056338028169014 0.8125 0.8056338028169014 0.809375 0.8 0.809375 0.7915492957746478 0.80625 0.7859154929577464 0.809375 0.7830985915492957 0.809375 0.7746478873239436 0.8109375 0.7718309859154929
1 0.5984375 0.8760563380281691 0.596875 0.8816901408450705 0.5890625 0.8816901408450705 0.5875 0.8873239436619719 0.559375 0.8873239436619719 0.5546875 0.8985915492957747 0.5515625 0.8985915492957747 0.5484375 0.9042253521126761 0.5484375 0.9098591549295775 0.540625 0.923943661971831 0.509375 0.923943661971831 0.509375 0.9380281690140845 0.5125 0.9436619718309859 0.509375 0.9464788732394366 0.509375 0.9633802816901409 0.5125 0.9661971830985916 0.5125 0.9746478873239437 0.515625 0.9774647887323944 0.515625 0.9971830985915493 0.5546875 0.9971830985915493 0.55625 0.9915492957746479 0.5609375 0.9915492957746479 0.5625 0.9971830985915493 0.596875 0.9971830985915493 0.5984375 0.9915492957746479 0.603125 0.9915492957746479 0.6046875 0.9971830985915493 0.6203125 0.9971830985915493 0.621875 0.9915492957746479 0.6265625 0.9915492957746479 0.6265625 0.9830985915492958 0.6203125 0.9802816901408451 0.6203125 0.971830985915493 0.609375 0.971830985915493 0.6078125 0.9690140845070423 0.6078125 0.952112676056338 0.6109375 0.9492957746478873 0.6109375 0.9352112676056338 0.6140625 0.9323943661971831 0.6109375 0.9267605633802817 0.6109375 0.9183098591549296 0.615625 0.9098591549295775 0.6203125 0.9098591549295775 0.6203125 0.8985915492957747 0.6234375 0.895774647887324 0.6234375 0.8760563380281691 0.61875 0.8760563380281691 0.6171875 0.8704225352112676 0.609375 0.8704225352112676 0.609375 0.8732394366197183 0.6078125 0.8760563380281691 0.5984375 0.8760563380281691
1 0.4625 0.39154929577464787 0.4609375 0.3971830985915493 0.453125 0.3971830985915493 0.4515625 0.4028169014084507 0.4453125 0.4028169014084507 0.44375 0.4084507042253521 0.4359375 0.4084507042253521 0.43125 0.4197183098591549 0.4234375 0.4197183098591549 0.421875 0.4253521126760563 0.415625 0.4253521126760563 0.4140625 0.43380281690140843 0.409375 0.43380281690140843 0.396875 0.4563380281690141 0.396875 0.4647887323943662 0.3921875 0.4676056338028169 0.3921875 0.4788732394366197 0.3890625 0.48169014084507045 0.3890625 0.49577464788732395 0.3859375 0.49859154929577465 0.3859375 0.5380281690140845 0.3828125 0.5408450704225352 0.3828125 0.5605633802816902 0.3796875 0.5661971830985916 0.3828125 0.5690140845070423 0.3828125 0.5915492957746479 0.3859375 0.5943661971830986 0.3859375 0.6084507042253521 0.3890625 0.6112676056338028 0.3890625 0.6225352112676056 0.3953125 0.6225352112676056 0.396875 0.6338028169014085 0.403125 0.6450704225352113 0.409375 0.647887323943662 0.409375 0.6563380281690141 0.4125 0.6591549295774648 0.4125 0.6704225352112676 0.41875 0.6816901408450704 0.425 0.6816901408450704 0.4296875 0.6929577464788732 0.434375 0.6929577464788732 0.4359375 0.6985915492957746 0.440625 0.6985915492957746 0.4421875 0.704225352112676 0.4484375 0.704225352112676 0.45 0.7098591549295775 0.4546875 0.7098591549295775 0.45625 0.7183098591549296 0.4671875 0.7183098591549296 0.46875 0.723943661971831 0.49375 0.723943661971831 0.4953125 0.7183098591549296 0.5171875 0.7183098591549296 0.51875 0.7098591549295775 0.5234375 0.7098591549295775 0.525 0.704225352112676 0.53125 0.704225352112676 0.5328125 0.6985915492957746 0.5375 0.6985915492957746 0.5375 0.6535211267605634 0.540625 0.6507042253521127 0.540625 0.6422535211267606 0.54375 0.6394366197183099 0.54375 0.6309859154929578 0.546875 0.6281690140845071 0.546875 0.6169014084507042 0.55 0.6140845070422535 0.55 0.5887323943661972 0.5546875 0.5859154929577465 0.5546875 0.5577464788732395 0.55 0.5549295774647888 0.55 0.5464788732394367 0.5546875 0.543661971830986 0.5546875 0.5295774647887324 0.55 0.5267605633802817 0.55 0.5154929577464789 0.546875 0.5126760563380282 0.546875 0.49859154929577465 0.54375 0.49577464788732395 0.54375 0.48732394366197185 0.540625 0.48450704225352115 0.540625 0.4732394366197183 0.5375 0.4704225352112676 0.5375 0.4563380281690141 0.534375 0.4535211267605634 0.534375 0.4140845070422535 0.528125 0.4028169014084507 0.525 0.4028169014084507 0.5234375 0.3971830985915493 0.51875 0.3971830985915493 0.5171875 0.39154929577464787 0.50625 0.39154929577464787 0.5046875 0.38591549295774646 0.471875 0.38591549295774646 0.471875 0.38873239436619716 0.4703125 0.39154929577464787 0.4625 0.39154929577464787
1 0.5625 0.16056338028169015 0.5578125 0.16901408450704225 0.5515625 0.16901408450704225 0.55 0.16338028169014085 0.5390625 0.16338028169014085 0.5375 0.16901408450704225 0.5328125 0.16901408450704225 0.528125 0.18028169014084508 0.525 0.18028169014084508 0.5234375 0.18591549295774648 0.515625 0.18591549295774648 0.5140625 0.19436619718309858 0.509375 0.19436619718309858 0.5078125 0.2 0.503125 0.2 0.5015625 0.2056338028169014 0.4953125 0.2056338028169014 0.4875 0.22253521126760564 0.4796875 0.22253521126760564 0.475 0.23380281690140844 0.465625 0.23380281690140844 0.465625 0.23943661971830985 0.45625 0.2535211267605634 0.45625 0.29859154929577464 0.459375 0.30140845070422534 0.459375 0.3154929577464789 0.4625 0.3183098591549296 0.4625 0.3267605633802817 0.465625 0.3295774647887324 0.465625 0.3352112676056338 0.471875 0.3464788732394366 0.475 0.3464788732394366 0.4828125 0.36338028169014086 0.4875 0.36338028169014086 0.4890625 0.36901408450704226 0.496875 0.36901408450704226 0.4984375 0.37464788732394366 0.5078125 0.37464788732394366 0.509375 0.38309859154929576 0.5203125 0.38309859154929576 0.521875 0.38873239436619716 0.53125 0.38873239436619716 0.5328125 0.39436619718309857 0.5703125 0.39436619718309857 0.571875 0.38873239436619716 0.584375 0.38873239436619716 0.5859375 0.38309859154929576 0.590625 0.38309859154929576 0.5921875 0.37464788732394366 0.596875 0.37464788732394366 0.5984375 0.36901408450704226 0.603125 0.36901408450704226 0.6046875 0.36338028169014086 0.6078125 0.36338028169014086 0.6140625 0.352112676056338 0.6140625 0.3436619718309859 0.6203125 0.3352112676056338 0.6203125 0.3295774647887324 0.6265625 0.3211267605633803 0.6265625 0.3126760563380282 0.6296875 0.30985915492957744 0.6296875 0.30140845070422534 0.634375 0.29859154929577464 0.634375 0.28169014084507044 0.6375 0.27887323943661974 0.6375 0.21690140845070421 0.634375 0.2140845070422535 0.634375 0.2056338028169014 0.6296875 0.2028169014084507 0.6296875 0.19436619718309858 0.6265625 0.19154929577464788 0.6265625 0.18028169014084508 0.6078125 0.14647887323943662 0.6015625 0.14647887323943662 0.6 0.13802816901408452 0.56875 0.13802816901408452 0.56875 0.14084507042253522 0.5625 0.15211267605633802 0.5625 0.16056338028169015
1 0.4921875 0.7323943661971831 0.490625 0.7380281690140845 0.4765625 0.7380281690140845 0.475 0.7436619718309859 0.4625 0.7436619718309859 0.4609375 0.7492957746478873 0.453125 0.7492957746478873 0.4515625 0.7549295774647887 0.4453125 0.7549295774647887 0.4421875 0.7605633802816901 0.4421875 0.7661971830985915 0.4375 0.7746478873239436 0.4328125 0.7746478873239436 0.4328125 0.7830985915492957 0.4265625 0.7915492957746478 0.4265625 0.8 0.4234375 0.8028169014084507 0.4234375 0.8140845070422535 0.41875 0.8169014084507042 0.41875 0.8309859154929577 0.415625 0.8338028169014085 0.415625 0.847887323943662 0.4125 0.8507042253521127 0.4125 0.8788732394366198 0.409375 0.8816901408450705 0.409375 0.9323943661971831 0.4125 0.9352112676056338 0.4125 0.9492957746478873 0.415625 0.952112676056338 0.415625 0.9690140845070423 0.41875 0.971830985915493 0.41875 0.9802816901408451 0.4234375 0.9830985915492958 0.4234375 0.9915492957746479 0.4265625 0.9971830985915493 0.4546875 0.9971830985915493 0.45625 0.9915492957746479 0.475 0.9915492957746479 0.4765625 0.9971830985915493 0.5140625 0.9971830985915493 0.515625 0.9915492957746479 0.5234375 0.9915492957746479 0.525 0.9971830985915493 0.54375 0.9971830985915493 0.5453125 0.9915492957746479 0.6078125 0.9915492957746479 0.6109375 0.9830985915492958 0.6078125 0.9802816901408451 0.6078125 0.971830985915493 0.6046875 0.971830985915493 0.603125 0.9661971830985916 0.6109375 0.9577464788732394 0.6109375 0.9295774647887324 0.6140625 0.923943661971831 0.609375 0.923943661971831 0.6078125 0.9183098591549296 0.6171875 0.9014084507042254 0.6171875 0.8760563380281691 0.6140625 0.8732394366197183 0.6140625 0.8338028169014085 0.6109375 0.8309859154929577 0.6109375 0.8225352112676056 0.6078125 0.8169014084507042 0.603125 0.8140845070422535 0.603125 0.8028169014084507 0.59375 0.7859154929577464 0.5890625 0.7859154929577464 0.584375 0.7746478873239436 0.575 0.7746478873239436 0.5734375 0.7690140845070422 0.5625 0.7690140845070422 0.5609375 0.7605633802816901 0.55625 0.7605633802816901 0.5546875 0.7549295774647887 0.55 0.752112676056338 0.55 0.7436619718309859 0.546875 0.7492957746478873 0.5390625 0.7492957746478873 0.53125 0.7323943661971831 0.521875 0.7323943661971831 0.5203125 0.7267605633802817 0.509375 0.7267605633802817 0.509375 0.7295774647887324 0.5078125 0.7323943661971831 0.4921875 0.7323943661971831
1 0.1640625 0.8873239436619719 0.1640625 0.895774647887324 0.1609375 0.8985915492957747 0.1609375 0.9098591549295775 0.15625 0.9126760563380282 0.1453125 0.9352112676056338 0.140625 0.9352112676056338 0.1390625 0.9408450704225352 0.134375 0.9408450704225352 0.1328125 0.9464788732394366 0.1296875 0.9464788732394366 0.1265625 0.952112676056338 0.1265625 0.9577464788732394 0.1203125 0.9661971830985916 0.1203125 0.9746478873239437 0.1171875 0.9774647887323944 0.1171875 0.9971830985915493 0.2390625 0.9971830985915493 0.2390625 0.9887323943661972 0.234375 0.9859154929577465 0.234375 0.9774647887323944 0.225 0.9605633802816902 0.21875 0.9577464788732394 0.21875 0.952112676056338 0.2125 0.9436619718309859 0.2125 0.9352112676056338 0.2078125 0.9323943661971831 0.2078125 0.9183098591549296 0.2046875 0.9154929577464789 0.2046875 0.9042253521126761 0.2015625 0.9014084507042254 0.2015625 0.8873239436619719 0.1953125 0.8760563380281691 0.1734375 0.8760563380281691 0.1734375 0.8788732394366198 0.1671875 0.8816901408450705 0.1640625 0.8873239436619719
1 0.6984375 0.15211267605633802 0.696875 0.15774647887323945 0.6890625 0.15774647887323945 0.6875 0.16338028169014085 0.68125 0.16338028169014085 0.6765625 0.17464788732394365 0.671875 0.17464788732394365 0.665625 0.18591549295774648 0.6640625 0.19436619718309858 0.6578125 0.19436619718309858 0.6546875 0.2 0.6546875 0.2084507042253521 0.6515625 0.2112676056338028 0.6515625 0.21971830985915494 0.6484375 0.22253521126760564 0.6484375 0.23943661971830985 0.6453125 0.24225352112676057 0.6453125 0.2619718309859155 0.6484375 0.2647887323943662 0.6484375 0.27323943661971833 0.6546875 0.28169014084507044 0.6546875 0.28732394366197184 0.6609375 0.28732394366197184 0.66875 0.30140845070422534 0.66875 0.30985915492957744 0.675 0.3211267605633803 0.6796875 0.3211267605633803 0.68125 0.3267605633802817 0.690625 0.3267605633802817 0.6921875 0.3352112676056338 0.7 0.3352112676056338 0.7015625 0.3267605633802817 0.70625 0.3267605633802817 0.7078125 0.3211267605633803 0.7171875 0.3211267605633803 0.71875 0.3154929577464789 0.7234375 0.3154929577464789 0.728125 0.30422535211267604 0.7375 0.30422535211267604 0.74375 0.29295774647887324 0.74375 0.28169014084507044 0.740625 0.27887323943661974 0.740625 0.24788732394366197 0.74375 0.24507042253521127 0.74375 0.2056338028169014 0.740625 0.2028169014084507 0.740625 0.17464788732394365 0.74375 0.16901408450704225 0.740625 0.16619718309859155 0.740625 0.15211267605633802 0.7125 0.15211267605633802 0.7109375 0.14647887323943662 0.7078125 0.14647887323943662 0.7078125 0.14929577464788732 0.70625 0.15211267605633802 0.6984375 0.15211267605633802
1 0.6359375 0.29859154929577464 0.63125 0.30140845070422534 0.63125 0.30985915492957744 0.628125 0.3126760563380282 0.628125 0.3211267605633803 0.621875 0.3295774647887324 0.621875 0.3352112676056338 0.615625 0.3436619718309859 0.615625 0.352112676056338 0.6078125 0.36619718309859156 0.6046875 0.36619718309859156 0.6 0.37746478873239436 0.5953125 0.37746478873239436 0.5953125 0.38309859154929576 0.590625 0.39154929577464787 0.5828125 0.39154929577464787 0.58125 0.3971830985915493 0.565625 0.3971830985915493 0.5640625 0.4028169014084507 0.55625 0.4028169014084507 0.5546875 0.4084507042253521 0.5515625 0.4084507042253521 0.5515625 0.4169014084507042 0.5546875 0.4169014084507042 0.559375 0.4253521126760563 0.559375 0.43661971830985913 0.5625 0.4422535211267606 0.5671875 0.4422535211267606 0.56875 0.447887323943662 0.5765625 0.447887323943662 0.578125 0.4422535211267606 0.58125 0.4422535211267606 0.584375 0.43661971830985913 0.584375 0.4253521126760563 0.5875 0.4225352112676056 0.5890625 0.4112676056338028 0.603125 0.4112676056338028 0.6046875 0.4169014084507042 0.6078125 0.4169014084507042 0.6125 0.4253521126760563 0.6125 0.4309859154929577 0.615625 0.43661971830985913 0.6234375 0.43661971830985913 0.6234375 0.4253521126760563 0.6296875 0.4169014084507042 0.6296875 0.4084507042253521 0.634375 0.4056338028169014 0.6453125 0.38309859154929576 0.65 0.38309859154929576 0.6515625 0.37464788732394366 0.65625 0.37464788732394366 0.6578125 0.36901408450704226 0.6640625 0.36901408450704226 0.665625 0.36338028169014086 0.6703125 0.36338028169014086 0.671875 0.35774647887323946 0.6765625 0.35774647887323946 0.6765625 0.3295774647887324 0.6640625 0.30985915492957744 0.6640625 0.30140845070422534 0.6609375 0.29577464788732394 0.6578125 0.29577464788732394 0.65625 0.29014084507042254 0.6515625 0.29014084507042254 0.65 0.28169014084507044 0.6453125 0.28169014084507044 0.6421875 0.27605633802816903 0.6421875 0.27887323943661974 0.6359375 0.29014084507042254 0.6359375 0.29859154929577464
1 0.5453125 0 0.5453125 0.0028169014084507044 0.5453125 0.011267605633802818 0.5421875 0.014084507042253521 0.5421875 0.028169014084507043 0.5390625 0.030985915492957747 0.5421875 0.03943661971830986 0.55 0.03943661971830986 0.5515625 0.03380281690140845 0.5578125 0.03380281690140845 0.5609375 0.028169014084507043 0.565625 0.03943661971830986 0.571875 0.04225352112676056 0.571875 0.04788732394366197 0.590625 0.04788732394366197 0.5921875 0.05352112676056338 0.5859375 0.056338028169014086 0.5859375 0.0647887323943662 0.590625 0.0647887323943662 0.5921875 0.059154929577464786 0.596875 0.059154929577464786 0.6046875 0.07323943661971831 0.6015625 0.08169014084507042 0.6046875 0.08450704225352113 0.6046875 0.10140845070422536 0.5984375 0.11267605633802817 0.6046875 0.12394366197183099 0.6109375 0.12394366197183099 0.61875 0.13802816901408452 0.61875 0.14929577464788732 0.621875 0.15211267605633802 0.621875 0.16056338028169015 0.628125 0.16901408450704225 0.628125 0.17746478873239438 0.63125 0.18309859154929578 0.6359375 0.18591549295774648 0.6359375 0.19154929577464788 0.653125 0.19154929577464788 0.653125 0.18591549295774648 0.6578125 0.17746478873239438 0.6640625 0.17746478873239438 0.678125 0.14929577464788732 0.684375 0.14929577464788732 0.6859375 0.14366197183098592 0.7 0.14366197183098592 0.7 0.13802816901408452 0.7078125 0.12394366197183099 0.7109375 0.12394366197183099 0.7109375 0.11549295774647887 0.7171875 0.10704225352112676 0.7171875 0.09859154929577464 0.7203125 0.09577464788732394 0.7203125 0.08450704225352113 0.7234375 0.08169014084507042 0.7234375 0.061971830985915494 0.7265625 0.059154929577464786 0.7265625 0.05070422535211268 0.7296875 0.04788732394366197 0.7296875 0.030985915492957747 0.7328125 0.028169014084507043 0.7328125 0.014084507042253521 0.7296875 0.011267605633802818 0.7296875 0 0.6984375 0 0.696875 0.008450704225352112 0.6859375 0.008450704225352112 0.684375 0.014084507042253521 0.675 0.014084507042253521 0.6734375 0.008450704225352112 0.628125 0.008450704225352112 0.6265625 0 0.61875 0 0.6171875 0.008450704225352112 0.6046875 0.008450704225352112 0.603125 0 0.5453125 0
1 0.284375 0.21690140845070421 0.2734375 0.21690140845070421 0.2703125 0.22253521126760564 0.2703125 0.24507042253521127 0.2734375 0.24788732394366197 0.2734375 0.2563380281690141 0.2765625 0.2591549295774648 0.2765625 0.27323943661971833 0.2734375 0.27605633802816903 0.2734375 0.28732394366197184 0.271875 0.29014084507042254 0.2671875 0.29014084507042254 0.265625 0.29577464788732394 0.2625 0.29577464788732394 0.2453125 0.3295774647887324 0.2296875 0.3295774647887324 0.228125 0.3380281690140845 0.2171875 0.3380281690140845 0.215625 0.3436619718309859 0.209375 0.3436619718309859 0.2 0.36056338028169016 0.2 0.36901408450704226 0.196875 0.37183098591549296 0.196875 0.38309859154929576 0.190625 0.39154929577464787 0.190625 0.4056338028169014 0.1875 0.4084507042253521 0.1875 0.4309859154929577 0.1828125 0.43380281690140843 0.1828125 0.5014084507042254 0.1875 0.504225352112676 0.1875 0.5183098591549296 0.190625 0.5211267605633803 0.190625 0.5380281690140845 0.19375 0.5408450704225352 0.19375 0.5492957746478874 0.2 0.5577464788732395 0.2 0.5661971830985916 0.203125 0.5690140845070423 0.203125 0.5746478873239437 0.209375 0.5859154929577465 0.2125 0.5859154929577465 0.2234375 0.6084507042253521 0.234375 0.6084507042253521 0.2359375 0.6140845070422535 0.2421875 0.6140845070422535 0.24375 0.6225352112676056 0.2515625 0.6225352112676056 0.253125 0.6281690140845071 0.284375 0.6281690140845071 0.2859375 0.6225352112676056 0.2921875 0.6225352112676056 0.29375 0.6140845070422535 0.3046875 0.6140845070422535 0.30625 0.6084507042253521 0.3140625 0.6084507042253521 0.315625 0.6028169014084507 0.31875 0.6028169014084507 0.334375 0.5746478873239437 0.334375 0.5690140845070423 0.3375 0.5661971830985916 0.3375 0.5577464788732395 0.3421875 0.5549295774647888 0.3421875 0.5464788732394367 0.3484375 0.5380281690140845 0.3484375 0.4676056338028169 0.3453125 0.4647887323943662 0.3453125 0.4507042253521127 0.3421875 0.447887323943662 0.3421875 0.4394366197183099 0.34375 0.43661971830985913 0.3515625 0.43661971830985913 0.353125 0.4422535211267606 0.3578125 0.4422535211267606 0.359375 0.447887323943662 0.3640625 0.447887323943662 0.36875 0.4394366197183099 0.365625 0.4394366197183099 0.3609375 0.4309859154929577 0.3609375 0.4253521126760563 0.3546875 0.4169014084507042 0.3546875 0.4084507042253521 0.3484375 0.4 0.3484375 0.38591549295774646 0.3421875 0.38309859154929576 0.3421875 0.36056338028169016 0.3484375 0.352112676056338 0.3484375 0.323943661971831 0.3421875 0.3154929577464789 0.3421875 0.30704225352112674 0.3390625 0.30704225352112674 0.334375 0.29859154929577464 0.334375 0.29014084507042254 0.33125 0.28732394366197184 0.33125 0.27605633802816903 0.328125 0.27323943661971833 0.328125 0.24788732394366197 0.325 0.24507042253521127 0.325 0.23380281690140844 0.321875 0.23098591549295774 0.321875 0.22253521126760564 0.31875 0.21971830985915494 0.31875 0.2112676056338028 0.315625 0.2112676056338028 0.3140625 0.2056338028169014 0.309375 0.2056338028169014 0.3078125 0.2 0.29375 0.2 0.29375 0.2028169014084507 0.2890625 0.2056338028169014 0.284375 0.21690140845070421
1 0.6015625 0.6563380281690141 0.5984375 0.6591549295774648 0.5984375 0.6704225352112676 0.6015625 0.6732394366197183 0.6015625 0.6816901408450704 0.6046875 0.6845070422535211 0.6046875 0.6985915492957746 0.603125 0.7014084507042253 0.5859375 0.7014084507042253 0.5828125 0.7070422535211267 0.5828125 0.723943661971831 0.578125 0.7267605633802817 0.578125 0.7464788732394366 0.5828125 0.7492957746478873 0.5828125 0.7577464788732394 0.5859375 0.7605633802816901 0.5859375 0.7661971830985915 0.590625 0.7661971830985915 0.6046875 0.7915492957746478 0.6046875 0.8 0.6078125 0.8 0.6125 0.8084507042253521 0.6125 0.8140845070422535 0.61875 0.8253521126760563 0.6234375 0.8253521126760563 0.625 0.8309859154929577 0.63125 0.819718309859155 0.634375 0.819718309859155 0.634375 0.7971830985915493 0.6296875 0.7943661971830986 0.6296875 0.7746478873239436 0.634375 0.7718309859154929 0.634375 0.7605633802816901 0.64375 0.7464788732394366 0.64375 0.7380281690140845 0.6734375 0.6845070422535211 0.6703125 0.6788732394366197 0.6578125 0.6788732394366197 0.65625 0.6732394366197183 0.6421875 0.6732394366197183 0.640625 0.6647887323943662 0.6359375 0.6647887323943662 0.634375 0.6591549295774648 0.63125 0.6591549295774648 0.6171875 0.6309859154929578 0.609375 0.6309859154929578 0.609375 0.6338028169014085 0.6015625 0.6422535211267606 0.6015625 0.6563380281690141