1 0.3703125 0.697286012526096 0.3640625 0.697286012526096 0.3625 0.7014613778705637 0.359375 0.7014613778705637 0.359375 0.7098121085594989 0.35625 0.7118997912317327 0.35625 0.7306889352818372 0.3515625 0.732776617954071 0.3515625 0.7369519832985386 0.35625 0.7390396659707724 0.35625 0.7661795407098121 0.359375 0.7682672233820459 0.359375 0.7766179540709812 0.3640625 0.778705636743215 0.3640625 0.7870563674321504 0.3671875 0.7891440501043842 0.3671875 0.7974947807933194 0.371875 0.7995824634655533 0.371875 0.81419624217119 0.375 0.8162839248434238 0.375 0.824634655532359 0.378125 0.824634655532359 0.3796875 0.8288100208768268 0.3859375 0.8288100208768268 0.390625 0.8350730688935282 0.390625 0.8392484342379958 0.4203125 0.8392484342379958 0.421875 0.8329853862212944 0.428125 0.8329853862212944 0.4328125 0.824634655532359 0.4359375 0.824634655532359 0.4375 0.8183716075156576 0.44375 0.8183716075156576 0.4484375 0.8079331941544885 0.4515625 0.8079331941544885 0.4546875 0.8037578288100209 0.45625 0.7974947807933194 0.459375 0.7974947807933194 0.459375 0.7891440501043842 0.465625 0.7828810020876826 0.465625 0.7745302713987474 0.4703125 0.7724425887265136 0.4703125 0.7640918580375783 0.4734375 0.7620041753653445 0.4734375 0.7286012526096033 0.4703125 0.7265135699373695 0.4703125 0.7223382045929019 0.4671875 0.7223382045929019 0.4625 0.7160751565762005 0.4625 0.7118997912317327 0.459375 0.7077244258872651 0.4546875 0.7056367432150313 0.4546875 0.7014613778705637 0.4484375 0.7014613778705637 0.446875 0.697286012526096 0.440625 0.697286012526096 0.4390625 0.6910229645093946 0.425 0.6910229645093946 0.4234375 0.6868475991649269 0.3796875 0.6868475991649269 0.3796875 0.6889352818371608 0.371875 0.6910229645093946 0.3703125 0.697286012526096
1 0.5109375 0.9519832985386222 0.5140625 0.954070981210856 0.5140625 0.9582463465553236 0.509375 0.964509394572025 0.50625 0.964509394572025 0.50625 0.9686847599164927 0.5125 0.9686847599164927 0.5203125 0.9791231732776617 0.5203125 0.9749478079331941 0.5171875 0.9707724425887265 0.525 0.9686847599164927 0.5296875 0.9749478079331941 0.5296875 0.9832985386221295 0.5390625 0.9832985386221295 0.540625 0.9895615866388309 0.546875 0.9895615866388309 0.553125 0.9979123173277662 0.5625 0.9979123173277662 0.5625 0.9916492693110647 0.559375 0.9895615866388309 0.559375 0.9749478079331941 0.5546875 0.9728601252609603 0.5546875 0.954070981210856 0.5515625 0.9519832985386222 0.5515625 0.9394572025052192 0.546875 0.9373695198329853 0.546875 0.9144050104384134 0.5515625 0.9123173277661796 0.5515625 0.9081419624217119 0.5484375 0.9081419624217119 0.546875 0.9039665970772442 0.5140625 0.9039665970772442 0.5140625 0.906054279749478 0.5109375 0.9081419624217119 0.5109375 0.9519832985386222
1 0.1625 0.3924843423799583 0.1609375 0.3987473903966597 0.146875 0.3987473903966597 0.1453125 0.40292275574112735 0.1359375 0.40292275574112735 0.134375 0.4091858037578288 0.128125 0.4091858037578288 0.1234375 0.4175365344467641 0.1203125 0.4175365344467641 0.1203125 0.42171189979123175 0.1171875 0.42379958246346555 0.1171875 0.4363256784968685 0.1125 0.4384133611691023 0.1125 0.46346555323590816 0.1171875 0.46555323590814196 0.1171875 0.48434237995824636 0.1203125 0.48643006263048016 0.1203125 0.49478079331941544 0.1234375 0.49478079331941544 0.128125 0.5031315240083507 0.13125 0.5031315240083507 0.1328125 0.5093945720250522 0.1375 0.5093945720250522 0.1390625 0.5135699373695198 0.1421875 0.5135699373695198 0.14375 0.5198329853862212 0.15 0.5198329853862212 0.1515625 0.524008350730689 0.1578125 0.524008350730689 0.159375 0.5302713987473904 0.16875 0.5302713987473904 0.1703125 0.534446764091858 0.1921875 0.534446764091858 0.19375 0.5302713987473904 0.203125 0.5302713987473904 0.203125 0.5260960334029228 0.2109375 0.5198329853862212 0.2125 0.5135699373695198 0.21875 0.5135699373695198 0.2203125 0.5093945720250522 0.2234375 0.5093945720250522 0.2234375 0.5010438413361169 0.2265625 0.4989561586638831 0.2265625 0.4906054279749478 0.23125 0.48851774530271397 0.23125 0.4759916492693111 0.2265625 0.47390396659707723 0.2265625 0.4697286012526096 0.2203125 0.4697286012526096 0.21875 0.46555323590814196 0.209375 0.46555323590814196 0.2078125 0.46346555323590816 0.209375 0.453027139874739 0.2234375 0.453027139874739 0.2234375 0.4488517745302714 0.2265625 0.44676409185803756 0.2265625 0.4384133611691023 0.2234375 0.4363256784968685 0.2234375 0.4279749478079332 0.21875 0.42588726513569936 0.21875 0.4133611691022965 0.2109375 0.407098121085595 0.2109375 0.40292275574112735 0.2078125 0.3987473903966597 0.2015625 0.3987473903966597 0.2 0.3924843423799583 0.190625 0.3924843423799583 0.1890625 0.3883089770354906 0.178125 0.3883089770354906 0.178125 0.3903966597077244 0.1765625 0.3924843423799583 0.1625 0.3924843423799583
1 0.6765625 0.13987473903966596 0.675 0.14613778705636743 0.6703125 0.1440501043841336 0.6703125 0.13987473903966596 0.665625 0.13987473903966596 0.6640625 0.14613778705636743 0.65 0.14613778705636743 0.6484375 0.15031315240083507 0.6421875 0.15031315240083507 0.6421875 0.1544885177453027 0.6375 0.15657620041753653 0.6359375 0.16075156576200417 0.6296875 0.16075156576200417 0.6296875 0.16910229645093947 0.6265625 0.17118997912317327 0.6265625 0.17954070981210857 0.621875 0.18162839248434237 0.621875 0.1837160751565762 0.6265625 0.18580375782881003 0.6265625 0.1941544885177453 0.6296875 0.19624217118997914 0.6296875 0.2045929018789144 0.634375 0.20668058455114824 0.634375 0.24217118997912318 0.6375 0.24425887265135698 0.6375 0.2567849686847599 0.640625 0.2567849686847599 0.6453125 0.2630480167014614 0.6453125 0.267223382045929 0.6515625 0.267223382045929 0.653125 0.27139874739039666 0.6578125 0.27348643006263046 0.6578125 0.2776617954070981 0.6640625 0.2776617954070981 0.665625 0.2818371607515658 0.678125 0.2818371607515658 0.6796875 0.2881002087682672 0.690625 0.2881002087682672 0.6921875 0.2818371607515658 0.7015625 0.2818371607515658 0.703125 0.2776617954070981 0.709375 0.2776617954070981 0.709375 0.27348643006263046 0.7171875 0.267223382045929 0.71875 0.2609603340292276 0.721875 0.2609603340292276 0.721875 0.25260960334029225 0.725 0.25052192066805845 0.725 0.24425887265135698 0.7296875 0.24217118997912318 0.7296875 0.23382045929018788 0.7328125 0.23173277661795408 0.7328125 0.22338204592901878 0.7359375 0.22129436325678498 0.7359375 0.20250521920668058 0.740625 0.20041753653444677 0.740625 0.17536534446764093 0.7359375 0.1732776617954071 0.7359375 0.16701461377870563 0.7328125 0.1649269311064718 0.7328125 0.15657620041753653 0.7296875 0.1544885177453027 0.7296875 0.15031315240083507 0.7234375 0.15031315240083507 0.721875 0.14613778705636743 0.715625 0.14613778705636743 0.7140625 0.13987473903966596 0.7078125 0.13987473903966596 0.70625 0.14613778705636743 0.7 0.14613778705636743 0.6984375 0.13569937369519833 0.6953125 0.13569937369519833 0.6953125 0.13778705636743216 0.69375 0.13987473903966596 0.6765625 0.13987473903966596
1 0.290625 0.8434237995824635 0.2859375 0.8455114822546973 0.2859375 0.860125260960334 0.2828125 0.8622129436325678 0.2828125 0.8705636743215032 0.278125 0.872651356993737 0.278125 0.8810020876826722 0.275 0.8830897703549061 0.275 0.906054279749478 0.278125 0.9081419624217119 0.278125 0.9269311064718163 0.2828125 0.9290187891440501 0.2828125 0.9373695198329853 0.290625 0.9436325678496869 0.290625 0.9478079331941545 0.29375 0.9519832985386222 0.3 0.9519832985386222 0.3015625 0.9582463465553236 0.365625 0.9582463465553236 0.3671875 0.9519832985386222 0.3703125 0.9519832985386222 0.3734375 0.9478079331941545 0.3734375 0.9394572025052192 0.378125 0.9373695198329853 0.378125 0.9290187891440501 0.38125 0.9269311064718163 0.38125 0.918580375782881 0.3890625 0.9123173277661796 0.3890625 0.8663883089770354 0.38125 0.860125260960334 0.38125 0.8559498956158664 0.378125 0.8517745302713987 0.3734375 0.8496868475991649 0.3734375 0.8455114822546973 0.3703125 0.8413361169102297 0.3640625 0.8413361169102297 0.3625 0.8350730688935282 0.35625 0.8350730688935282 0.35 0.826722338204593 0.2984375 0.826722338204593 0.2984375 0.8288100208768268 0.290625 0.8308977035490606 0.290625 0.8434237995824635
1 0.796875 0.4906054279749478 0.7953125 0.4968684759916493 0.7890625 0.4968684759916493 0.7875 0.5010438413361169 0.784375 0.5010438413361169 0.78125 0.5052192066805845 0.78125 0.5135699373695198 0.7765625 0.5156576200417536 0.7765625 0.5511482254697286 0.78125 0.5532359081419624 0.78125 0.5657620041753654 0.784375 0.5678496868475992 0.784375 0.5720250521920668 0.7875 0.5720250521920668 0.7890625 0.5762004175365344 0.7953125 0.5762004175365344 0.796875 0.5824634655532359 0.809375 0.5824634655532359 0.8109375 0.5762004175365344 0.8171875 0.5762004175365344 0.81875 0.5720250521920668 0.821875 0.5720250521920668 0.8234375 0.5657620041753654 0.8328125 0.5657620041753654 0.834375 0.5615866388308977 0.8375 0.5615866388308977 0.8375 0.5532359081419624 0.8453125 0.5511482254697286 0.8453125 0.5469728601252609 0.85 0.5407098121085595 0.8640625 0.5407098121085595 0.865625 0.5448851774530271 0.871875 0.5448851774530271 0.8734375 0.5407098121085595 0.8796875 0.5407098121085595 0.8796875 0.5219206680584552 0.875 0.5198329853862212 0.875 0.5052192066805845 0.8640625 0.49478079331941544 0.8640625 0.4906054279749478 0.834375 0.4906054279749478 0.8328125 0.48643006263048016 0.8234375 0.48643006263048016 0.821875 0.4801670146137787 0.8078125 0.4801670146137787 0.8078125 0.4822546972860125 0.8015625 0.4906054279749478 0.796875 0.4906054279749478
1 0.61875 0.3924843423799583 0.61875 0.3966597077244259 0.6109375 0.40292275574112735 0.609375 0.4091858037578288 0.60625 0.4091858037578288 0.6 0.4175365344467641 0.6 0.42588726513569936 0.5953125 0.4279749478079332 0.5953125 0.453027139874739 0.5921875 0.4551148225469729 0.5921875 0.46764091858037576 0.5953125 0.4697286012526096 0.5953125 0.47390396659707723 0.5984375 0.47390396659707723 0.603125 0.4801670146137787 0.603125 0.48434237995824636 0.609375 0.48434237995824636 0.6109375 0.48851774530271397 0.6171875 0.48851774530271397 0.621875 0.4989561586638831 0.625 0.4989561586638831 0.6296875 0.5052192066805845 0.6296875 0.5093945720250522 0.634375 0.511482254697286 0.634375 0.5198329853862212 0.6375 0.5219206680584552 0.6375 0.5302713987473904 0.640625 0.5302713987473904 0.6453125 0.5365344467640919 0.6453125 0.5448851774530271 0.65 0.5469728601252609 0.65 0.5553235908141962 0.6640625 0.5553235908141962 0.665625 0.5511482254697286 0.675 0.5511482254697286 0.675 0.5469728601252609 0.6796875 0.5407098121085595 0.690625 0.5407098121085595 0.690625 0.5365344467640919 0.69375 0.534446764091858 0.69375 0.5260960334029228 0.6984375 0.524008350730689 0.6984375 0.511482254697286 0.70625 0.5093945720250522 0.70625 0.5052192066805845 0.709375 0.5031315240083507 0.709375 0.4968684759916493 0.70625 0.49478079331941544 0.70625 0.48643006263048016 0.7015625 0.48434237995824636 0.703125 0.4780793319415449 0.70625 0.4780793319415449 0.70625 0.4342379958246347 0.7015625 0.4321503131524008 0.7015625 0.42379958246346555 0.6984375 0.42171189979123175 0.6984375 0.4133611691022965 0.6953125 0.4133611691022965 0.69375 0.4091858037578288 0.6875 0.4091858037578288 0.6828125 0.3987473903966597 0.675 0.3966597077244259 0.675 0.3924843423799583 0.665625 0.3924843423799583 0.6640625 0.3883089770354906 0.634375 0.3883089770354906 0.634375 0.3903966597077244 0.6328125 0.3924843423799583 0.61875 0.3924843423799583
1 0.846875 0.5511482254697286 0.8421875 0.5532359081419624 0.840625 0.55741127348643 0.834375 0.55741127348643 0.834375 0.5615866388308977 0.8296875 0.5678496868475992 0.8265625 0.5678496868475992 0.825 0.5741127348643006 0.81875 0.5741127348643006 0.8140625 0.5845511482254697 0.8109375 0.5845511482254697 0.8109375 0.6492693110647182 0.815625 0.651356993736952 0.815625 0.6597077244258872 0.81875 0.6638830897703549 0.821875 0.6638830897703549 0.8265625 0.6701461377870563 0.8265625 0.6784968684759917 0.83125 0.6805845511482255 0.83125 0.6847599164926931 0.834375 0.6868475991649269 0.834375 0.6951983298538622 0.8375 0.6951983298538622 0.8390625 0.6993736951983298 0.8453125 0.6993736951983298 0.846875 0.7056367432150313 0.853125 0.7056367432150313 0.8546875 0.7098121085594989 0.8609375 0.7098121085594989 0.8625 0.7160751565762005 0.8875 0.7160751565762005 0.8890625 0.7098121085594989 0.8984375 0.7098121085594989 0.9 0.7056367432150313 0.90625 0.7056367432150313 0.9078125 0.6993736951983298 0.9140625 0.6993736951983298 0.915625 0.6951983298538622 0.91875 0.6951983298538622 0.91875 0.6910229645093946 0.9234375 0.6847599164926931 0.9265625 0.6847599164926931 0.9265625 0.6805845511482255 0.9328125 0.6743215031315241 0.9328125 0.6555323590814196 0.9375 0.6534446764091858 0.9375 0.6450939457202505 0.940625 0.6430062630480167 0.940625 0.6304801670146137 0.9453125 0.6283924843423799 0.9453125 0.6200417536534447 0.940625 0.6179540709812108 0.940625 0.6033402922755741 0.9375 0.6012526096033403 0.9375 0.592901878914405 0.9328125 0.5908141962421712 0.9328125 0.5845511482254697 0.9296875 0.5824634655532359 0.9296875 0.5782881002087683 0.921875 0.5720250521920668 0.921875 0.5678496868475992 0.91875 0.5636743215031316 0.9140625 0.5615866388308977 0.9140625 0.55741127348643 0.9078125 0.55741127348643 0.90625 0.5532359081419624 0.9 0.5532359081419624 0.8984375 0.5469728601252609 0.8890625 0.5469728601252609 0.8875 0.5427974947807933 0.8765625 0.5427974947807933 0.875 0.5469728601252609 0.865625 0.5469728601252609 0.8640625 0.5427974947807933 0.8546875 0.5427974947807933 0.8546875 0.5448851774530271 0.846875 0.5469728601252609 0.846875 0.5511482254697286
1 0 0.1837160751565762 0.0109375 0.1837160751565762 0.0125 0.17954070981210857 0.01875 0.17954070981210857 0.01875 0.16075156576200417 0.0234375 0.1544885177453027 0.0265625 0.1544885177453027 0.0265625 0.15031315240083507 0.0296875 0.14822546972860126 0.0296875 0.13987473903966596 0.034375 0.13778705636743216 0.034375 0.11482254697286012 0.0375 0.1127348643006263 0.0375 0.09812108559498957 0.0421875 0.09603340292275574 0.0421875 0.07933194154488518 0.0375 0.07724425887265135 0.0375 0.06263048016701461 0.034375 0.060542797494780795 0.034375 0.05219206680584551 0.03125 0.05219206680584551 0.0265625 0.04592901878914405 0.0265625 0.04175365344467641 0.0234375 0.04175365344467641 0.021875 0.037578288100208766 0.015625 0.037578288100208766 0.0140625 0.031315240083507306 0.0046875 0.031315240083507306 0.0046875 0.033402922755741124 0.003125 0.037578288100208766 0 0.037578288100208766 0 0.1837160751565762
1 0.928125 0.04801670146137787 0.9265625 0.05219206680584551 0.9234375 0.05219206680584551 0.921875 0.05845511482254697 0.915625 0.05845511482254697 0.9125 0.06263048016701461 0.9125 0.07724425887265135 0.9078125 0.07933194154488518 0.9078125 0.1127348643006263 0.9125 0.11482254697286012 0.9125 0.1336116910229645 0.915625 0.13569937369519833 0.915625 0.14822546972860126 0.9203125 0.15031315240083507 0.9203125 0.1649269311064718 0.9234375 0.16701461377870563 0.9234375 0.17954070981210857 0.9265625 0.17954070981210857 0.93125 0.18580375782881003 0.93125 0.18997912317327767 0.934375 0.1941544885177453 0.9453125 0.1941544885177453 0.946875 0.20041753653444677 0.95625 0.20041753653444677 0.9578125 0.1941544885177453 0.9640625 0.1941544885177453 0.965625 0.18997912317327767 0.971875 0.18997912317327767 0.9734375 0.1837160751565762 0.9796875 0.1837160751565762 0.98125 0.17954070981210857 0.984375 0.17954070981210857 0.984375 0.17536534446764093 0.9890625 0.16910229645093947 0.9953125 0.16910229645093947 0.9984375 0.1649269311064718 0.9984375 0.13987473903966596 0.9953125 0.13778705636743216 0.9953125 0.09394572025052192 0.9984375 0.0918580375782881 0.9984375 0.07306889352818371 0.9953125 0.0709812108559499 0.9953125 0.06263048016701461 0.9875 0.05636743215031315 0.9875 0.05219206680584551 0.984375 0.04801670146137787 0.978125 0.04801670146137787 0.9765625 0.04175365344467641 0.9390625 0.04175365344467641 0.9390625 0.04384133611691023 0.9375 0.04801670146137787 0.928125 0.04801670146137787
1 0.4640625 0.3048016701461378 0.4625 0.31524008350730687 0.45625 0.31524008350730687 0.4546875 0.32150313152400833 0.4453125 0.32150313152400833 0.44375 0.325678496868476 0.440625 0.325678496868476 0.440625 0.348643006263048 0.4328125 0.35073068893528186 0.4328125 0.35490605427974947 0.428125 0.36116910229645094 0.425 0.36116910229645094 0.425 0.3695198329853862 0.421875 0.37160751565762007 0.421875 0.3903966597077244 0.425 0.3924843423799583 0.425 0.4112734864300626 0.4296875 0.4133611691022965 0.4296875 0.42171189979123175 0.4328125 0.42588726513569936 0.4359375 0.42588726513569936 0.4375 0.4321503131524008 0.440625 0.4342379958246347 0.440625 0.44258872651356995 0.44375 0.44258872651356995 0.4453125 0.44676409185803756 0.4546875 0.44676409185803756 0.45625 0.453027139874739 0.496875 0.453027139874739 0.4984375 0.44676409185803756 0.509375 0.44676409185803756 0.5140625 0.4363256784968685 0.5171875 0.4363256784968685 0.5203125 0.4321503131524008 0.521875 0.42588726513569936 0.525 0.42588726513569936 0.528125 0.42171189979123175 0.5296875 0.4154488517745303 0.5328125 0.4154488517745303 0.5359375 0.4112734864300626 0.5359375 0.3987473903966597 0.5390625 0.3966597077244259 0.5390625 0.35073068893528186 0.5359375 0.348643006263048 0.5359375 0.34029227557411273 0.525 0.3298538622129436 0.525 0.32150313152400833 0.5203125 0.31941544885177453 0.5203125 0.31524008350730687 0.5140625 0.31524008350730687 0.509375 0.3089770354906054 0.509375 0.30062630480167013 0.4875 0.30062630480167013 0.4875 0.302713987473904 0.4859375 0.3048016701461378 0.4640625 0.3048016701461378
1 0.9234375 0.8350730688935282 0.9234375 0.8392484342379958 0.91875 0.8455114822546973 0.915625 0.8455114822546973 0.915625 0.8496868475991649 0.9109375 0.8559498956158664 0.9078125 0.8559498956158664 0.9078125 0.860125260960334 0.903125 0.8663883089770354 0.896875 0.8663883089770354 0.896875 0.8705636743215032 0.8921875 0.872651356993737 0.890625 0.8768267223382046 0.884375 0.8768267223382046 0.884375 0.8810020876826722 0.8796875 0.8872651356993737 0.8765625 0.8872651356993737 0.8765625 0.8914405010438413 0.8734375 0.8935281837160751 0.8734375 0.906054279749478 0.8765625 0.9081419624217119 0.8765625 0.9164926931106472 0.8796875 0.9164926931106472 0.884375 0.9227557411273486 0.884375 0.9269311064718163 0.8890625 0.9290187891440501 0.8890625 0.9373695198329853 0.896875 0.9436325678496869 0.896875 0.9478079331941545 0.903125 0.9478079331941545 0.9078125 0.954070981210856 0.9078125 0.9582463465553236 0.9140625 0.9582463465553236 0.915625 0.9624217118997912 0.9328125 0.9624217118997912 0.934375 0.9686847599164927 0.953125 0.9686847599164927 0.9546875 0.9624217118997912 0.9609375 0.9624217118997912 0.965625 0.9519832985386222 0.96875 0.9519832985386222 0.96875 0.9290187891440501 0.971875 0.9269311064718163 0.971875 0.9081419624217119 0.9765625 0.906054279749478 0.9765625 0.8977035490605428 0.9796875 0.8956158663883089 0.9796875 0.8872651356993737 0.984375 0.8851774530271399 0.984375 0.8559498956158664 0.98125 0.8559498956158664 0.9765625 0.8496868475991649 0.9765625 0.8455114822546973 0.9734375 0.8455114822546973 0.96875 0.8392484342379958 0.96875 0.8350730688935282 0.95 0.8350730688935282 0.9484375 0.8308977035490606 0.9390625 0.8308977035490606 0.9390625 0.8329853862212944 0.9375 0.8350730688935282 0.9234375 0.8350730688935282
1 0.096875 0 0.096875 0.0020876826722338203 0.096875 0.018789144050104383 0.09375 0.020876826722338204 0.0921875 0.027139874739039668 0.0890625 0.027139874739039668 0.0859375 0.031315240083507306 0.0859375 0.03549060542797495 0.0921875 0.03549060542797495 0.096875 0.04175365344467641 0.096875 0.04592901878914405 0.1046875 0.04801670146137787 0.1046875 0.060542797494780795 0.109375 0.06263048016701461 0.109375 0.07724425887265135 0.1125 0.081419624217119 0.115625 0.081419624217119 0.1171875 0.08559498956158663 0.13125 0.08559498956158663 0.1328125 0.0918580375782881 0.14375 0.10647181628392484 0.146875 0.1022964509394572 0.153125 0.1022964509394572 0.153125 0.09812108559498957 0.1578125 0.09603340292275574 0.159375 0.0918580375782881 0.16875 0.0918580375782881 0.1703125 0.08559498956158663 0.18125 0.08559498956158663 0.1828125 0.081419624217119 0.1890625 0.081419624217119 0.19375 0.0709812108559499 0.196875 0.0709812108559499 0.196875 0.027139874739039668 0.1921875 0.025052192066805846 0.1921875 0 0.096875 0
1 0.2640625 0.6805845511482255 0.2625 0.6868475991649269 0.25625 0.6868475991649269 0.2546875 0.6910229645093946 0.2484375 0.6910229645093946 0.2484375 0.6951983298538622 0.240625 0.7014613778705637 0.2390625 0.7077244258872651 0.2359375 0.7077244258872651 0.2359375 0.7306889352818372 0.240625 0.732776617954071 0.240625 0.7411273486430062 0.2359375 0.7432150313152401 0.2359375 0.755741127348643 0.240625 0.7578288100208769 0.240625 0.7620041753653445 0.246875 0.7620041753653445 0.2515625 0.7682672233820459 0.2515625 0.7724425887265136 0.2546875 0.7724425887265136 0.259375 0.778705636743215 0.259375 0.7828810020876826 0.2625 0.7828810020876826 0.2671875 0.7891440501043842 0.2671875 0.7933194154488518 0.2703125 0.7974947807933194 0.2765625 0.7974947807933194 0.278125 0.8037578288100209 0.28125 0.8037578288100209 0.2859375 0.8100208768267223 0.2859375 0.81419624217119 0.2890625 0.81419624217119 0.290625 0.8183716075156576 0.315625 0.8183716075156576 0.3171875 0.81419624217119 0.328125 0.81419624217119 0.328125 0.8100208768267223 0.334375 0.8037578288100209 0.334375 0.7954070981210856 0.3390625 0.7933194154488518 0.3390625 0.7849686847599165 0.3421875 0.7828810020876826 0.3421875 0.7682672233820459 0.346875 0.7661795407098121 0.346875 0.732776617954071 0.3421875 0.7306889352818372 0.3421875 0.7118997912317327 0.334375 0.7056367432150313 0.334375 0.7014613778705637 0.328125 0.6951983298538622 0.328125 0.6910229645093946 0.321875 0.6910229645093946 0.3203125 0.6868475991649269 0.3171875 0.6868475991649269 0.3125 0.6764091858037579 0.30625 0.6764091858037579 0.3046875 0.6701461377870563 0.275 0.6701461377870563 0.275 0.6722338204592901 0.26875 0.6805845511482255 0.2640625 0.6805845511482255
1 0.2765625 0.9707724425887265 0.2671875 0.9707724425887265 0.265625 0.9749478079331941 0.259375 0.9749478079331941 0.259375 0.9791231732776617 0.2546875 0.9853862212943633 0.2484375 0.9853862212943633 0.246875 0.9916492693110647 0.24375 0.9916492693110647 0.24375 0.9979123173277662 0.2921875 0.9979123173277662 0.29375 0.9937369519832986 0.3046875 0.9937369519832986 0.30625 0.9979123173277662 0.3546875 0.9979123173277662 0.359375 0.9895615866388309 0.3625 0.9895615866388309 0.3625 0.9812108559498957 0.3578125 0.9791231732776617 0.3578125 0.9707724425887265 0.35 0.9686847599164927 0.35 0.964509394572025 0.3140625 0.964509394572025 0.3125 0.9603340292275574 0.2828125 0.9603340292275574 0.2828125 0.9624217118997912 0.278125 0.964509394572025 0.2765625 0.9707724425887265
1 0 0.6784968684759917 0.0109375 0.6784968684759917 0.0125 0.6743215031315241 0.021875 0.6743215031315241 0.0234375 0.6680584551148225 0.0296875 0.6680584551148225 0.03125 0.6638830897703549 0.034375 0.6638830897703549 0.0359375 0.6534446764091858 0.0421875 0.6534446764091858 0.0421875 0.6304801670146137 0.0453125 0.6283924843423799 0.0453125 0.5782881002087683 0.0421875 0.5762004175365344 0.0421875 0.5678496868475992 0.0375 0.5657620041753654 0.0375 0.55741127348643 0.0296875 0.5511482254697286 0.0296875 0.5469728601252609 0.0265625 0.5427974947807933 0.0203125 0.5427974947807933 0.01875 0.5365344467640919 0.0078125 0.5365344467640919 0.00625 0.5323590814196242 0 0.5323590814196242 0 0.534446764091858 0 0.5866388308977035 0.0046875 0.5887265135699373 0.0046875 0.5970772442588727 0 0.5991649269311065 0 0.6784968684759917
1 0.25625 0.37160751565762007 0.2546875 0.3778705636743215 0.2484375 0.3778705636743215 0.246875 0.38204592901878914 0.24375 0.38204592901878914 0.24375 0.3862212943632568 0.2390625 0.3924843423799583 0.2359375 0.3924843423799583 0.2359375 0.40083507306889354 0.2328125 0.40292275574112735 0.2328125 0.407098121085595 0.225 0.4133611691022965 0.225 0.42588726513569936 0.228125 0.4279749478079332 0.228125 0.453027139874739 0.2265625 0.4551148225469729 0.2125 0.4551148225469729 0.2125 0.46346555323590816 0.2265625 0.46346555323590816 0.228125 0.46764091858037576 0.2359375 0.4697286012526096 0.2359375 0.4989561586638831 0.2328125 0.5010438413361169 0.2328125 0.5093945720250522 0.228125 0.511482254697286 0.228125 0.5135699373695198 0.2328125 0.5156576200417536 0.2328125 0.5198329853862212 0.2421875 0.5198329853862212 0.24375 0.524008350730689 0.2484375 0.5260960334029228 0.2484375 0.5302713987473904 0.2546875 0.5302713987473904 0.25625 0.534446764091858 0.2625 0.534446764091858 0.2640625 0.5407098121085595 0.296875 0.5407098121085595 0.2984375 0.534446764091858 0.315625 0.534446764091858 0.3171875 0.5302713987473904 0.3234375 0.5302713987473904 0.3234375 0.5260960334029228 0.328125 0.524008350730689 0.33125 0.5198329853862212 0.33125 0.5156576200417536 0.334375 0.5135699373695198 0.334375 0.5052192066805845 0.3390625 0.5031315240083507 0.3390625 0.4906054279749478 0.3359375 0.4906054279749478 0.33125 0.48434237995824636 0.33125 0.4759916492693111 0.328125 0.47390396659707723 0.328125 0.46555323590814196 0.3234375 0.46346555323590816 0.3234375 0.4488517745302714 0.3203125 0.44676409185803756 0.3203125 0.4175365344467641 0.3234375 0.4133611691022965 0.3203125 0.4112734864300626 0.3203125 0.40292275574112735 0.3171875 0.40292275574112735 0.3125 0.3966597077244259 0.3125 0.3924843423799583 0.309375 0.3924843423799583 0.3046875 0.3862212943632568 0.3046875 0.38204592901878914 0.3015625 0.38204592901878914 0.296875 0.3757828810020877 0.296875 0.37160751565762007 0.29375 0.37160751565762007 0.2921875 0.3674321503131524 0.2703125 0.3674321503131524 0.2703125 0.3695198329853862 0.26875 0.37160751565762007 0.25625 0.37160751565762007
1 0.0734375 0.5427974947807933 0.071875 0.5469728601252609 0.0671875 0.5469728601252609 0.065625 0.5532359081419624 0.0625 0.5532359081419624 0.059375 0.55741127348643 0.059375 0.5657620041753654 0.0546875 0.5678496868475992 0.0546875 0.5762004175365344 0.0515625 0.5782881002087683 0.0515625 0.5970772442588727 0.046875 0.5991649269311065 0.046875 0.6492693110647182 0.0515625 0.651356993736952 0.0515625 0.6680584551148225 0.0546875 0.6701461377870563 0.0546875 0.6743215031315241 0.0578125 0.6743215031315241 0.0625 0.6805845511482255 0.0625 0.6847599164926931 0.06875 0.6847599164926931 0.0703125 0.6889352818371608 0.0765625 0.6889352818371608 0.078125 0.6951983298538622 0.084375 0.6951983298538622 0.0859375 0.6993736951983298 0.0953125 0.6993736951983298 0.096875 0.6951983298538622 0.1078125 0.6951983298538622 0.109375 0.6889352818371608 0.115625 0.6889352818371608 0.11875 0.6847599164926931 0.11875 0.6805845511482255 0.1234375 0.6784968684759917 0.125 0.6743215031315241 0.13125 0.6743215031315241 0.13125 0.6701461377870563 0.1359375 0.6638830897703549 0.1421875 0.6638830897703549 0.14375 0.6597077244258872 0.15 0.6597077244258872 0.15 0.6555323590814196 0.153125 0.6534446764091858 0.153125 0.6450939457202505 0.1578125 0.6430062630480167 0.1578125 0.6304801670146137 0.1609375 0.6283924843423799 0.1625 0.6221294363256785 0.165625 0.6221294363256785 0.165625 0.5845511482254697 0.1625 0.5845511482254697 0.1578125 0.5741127348643006 0.153125 0.5720250521920668 0.153125 0.5636743215031316 0.15 0.5615866388308977 0.15 0.55741127348643 0.14375 0.55741127348643 0.1421875 0.5532359081419624 0.1359375 0.5532359081419624 0.134375 0.5469728601252609 0.125 0.5469728601252609 0.1234375 0.5427974947807933 0.1171875 0.5427974947807933 0.115625 0.5365344467640919 0.0890625 0.5365344467640919 0.0890625 0.5386221294363257 0.0875 0.5427974947807933 0.0734375 0.5427974947807933
1 0.49375 0.5991649269311065 0.490625 0.5991649269311065 0.4890625 0.6096033402922756 0.4828125 0.6096033402922756 0.478125 0.6200417536534447 0.475 0.6200417536534447 0.471875 0.6242171189979123 0.4703125 0.6304801670146137 0.4671875 0.6304801670146137 0.465625 0.6346555323590815 0.4609375 0.6346555323590815 0.459375 0.6409185803757829 0.4484375 0.6409185803757829 0.4453125 0.6450939457202505 0.4453125 0.6784968684759917 0.4484375 0.6805845511482255 0.4484375 0.6889352818371608 0.4515625 0.6889352818371608 0.45625 0.6993736951983298 0.4609375 0.7014613778705637 0.4609375 0.7056367432150313 0.4671875 0.7118997912317327 0.4671875 0.7160751565762005 0.4703125 0.7160751565762005 0.471875 0.7202505219206681 0.48125 0.7202505219206681 0.4828125 0.7265135699373695 0.4890625 0.7265135699373695 0.490625 0.7202505219206681 0.5015625 0.7202505219206681 0.503125 0.7160751565762005 0.525 0.7160751565762005 0.525 0.7118997912317327 0.5296875 0.7056367432150313 0.54375 0.7056367432150313 0.5453125 0.6993736951983298 0.559375 0.6993736951983298 0.559375 0.6805845511482255 0.5640625 0.6743215031315241 0.5671875 0.6743215031315241 0.5671875 0.6701461377870563 0.5703125 0.6659707724425887 0.5671875 0.6638830897703549 0.5671875 0.6555323590814196 0.5625 0.6534446764091858 0.5625 0.6450939457202505 0.55625 0.6450939457202505 0.5515625 0.6388308977035491 0.5515625 0.6346555323590815 0.5484375 0.6346555323590815 0.546875 0.6304801670146137 0.540625 0.6304801670146137 0.5390625 0.6242171189979123 0.5265625 0.6242171189979123 0.525 0.6137787056367432 0.521875 0.6137787056367432 0.5171875 0.6075156576200418 0.5171875 0.6033402922755741 0.5125 0.6012526096033403 0.5125 0.592901878914405 0.50625 0.592901878914405 0.503125 0.5887265135699373 0.503125 0.5908141962421712 0.4953125 0.592901878914405 0.49375 0.5991649269311065
1 0.546875 0.4759916492693111 0.540625 0.4759916492693111 0.5328125 0.4906054279749478 0.5296875 0.4906054279749478 0.5296875 0.49478079331941544 0.5265625 0.4968684759916493 0.5265625 0.5031315240083507 0.521875 0.5052192066805845 0.521875 0.5198329853862212 0.51875 0.5219206680584552 0.51875 0.534446764091858 0.5140625 0.5365344467640919 0.5140625 0.5908141962421712 0.51875 0.592901878914405 0.51875 0.6012526096033403 0.521875 0.6033402922755741 0.521875 0.6075156576200418 0.525 0.6075156576200418 0.5296875 0.6137787056367432 0.5296875 0.6179540709812108 0.5359375 0.6179540709812108 0.5375 0.6221294363256785 0.54375 0.6221294363256785 0.5453125 0.6283924843423799 0.5515625 0.6283924843423799 0.553125 0.6325678496868476 0.5671875 0.6325678496868476 0.5703125 0.6283924843423799 0.571875 0.6325678496868476 0.575 0.6325678496868476 0.575 0.6200417536534447 0.578125 0.6179540709812108 0.5796875 0.6221294363256785 0.5828125 0.6221294363256785 0.5859375 0.6179540709812108 0.5859375 0.6033402922755741 0.59375 0.6012526096033403 0.5953125 0.5970772442588727 0.5984375 0.5970772442588727 0.5984375 0.5887265135699373 0.603125 0.5824634655532359 0.6125 0.5824634655532359 0.6140625 0.5762004175365344 0.6328125 0.5762004175365344 0.6359375 0.5720250521920668 0.6359375 0.55741127348643 0.640625 0.5553235908141962 0.640625 0.5365344467640919 0.6359375 0.534446764091858 0.6359375 0.5260960334029228 0.6328125 0.524008350730689 0.6328125 0.5156576200417536 0.628125 0.5135699373695198 0.628125 0.5052192066805845 0.625 0.5010438413361169 0.61875 0.5010438413361169 0.6171875 0.4968684759916493 0.6140625 0.4968684759916493 0.609375 0.48643006263048016 0.603125 0.48643006263048016 0.6015625 0.4801670146137787 0.5953125 0.4801670146137787 0.59375 0.4759916492693111 0.5875 0.4759916492693111 0.5859375 0.4697286012526096 0.5765625 0.4697286012526096 0.575 0.46555323590814196 0.553125 0.46555323590814196 0.553125 0.46764091858037576 0.5484375 0.4697286012526096 0.546875 0.4759916492693111
1 0.4140625 0 0.4140625 0.0020876826722338203 0.4140625 0.03549060542797495 0.409375 0.037578288100208766 0.409375 0.05010438413361169 0.40625 0.05219206680584551 0.40625 0.06680584551148225 0.4140625 0.07306889352818371 0.4140625 0.07724425887265135 0.4171875 0.081419624217119 0.4234375 0.081419624217119 0.425 0.08559498956158663 0.43125 0.08559498956158663 0.4328125 0.0918580375782881 0.4359375 0.0918580375782881 0.4375 0.09603340292275574 0.4546875 0.09603340292275574 0.45625 0.1022964509394572 0.4625 0.1022964509394572 0.4640625 0.09603340292275574 0.4734375 0.09603340292275574 0.475 0.0918580375782881 0.48125 0.0918580375782881 0.4828125 0.08559498956158663 0.4859375 0.08559498956158663 0.490625 0.07724425887265135 0.49375 0.07724425887265135 0.49375 0.06889352818371608 0.496875 0.06680584551148225 0.496875 0.06263048016701461 0.5015625 0.060542797494780795 0.5015625 0.05219206680584551 0.5046875 0.05010438413361169 0.5046875 0 0.4140625 0
1 0.5484375 0.3757828810020877 0.5453125 0.3778705636743215 0.5453125 0.3903966597077244 0.540625 0.3924843423799583 0.540625 0.407098121085595 0.5375 0.4091858037578288 0.5375 0.4154488517745303 0.534375 0.4175365344467641 0.534375 0.42588726513569936 0.5296875 0.4279749478079332 0.5296875 0.4321503131524008 0.525 0.4384133611691023 0.521875 0.4384133611691023 0.521875 0.453027139874739 0.5140625 0.4551148225469729 0.5140625 0.46346555323590816 0.5109375 0.46555323590814196 0.5109375 0.4780793319415449 0.5140625 0.4801670146137787 0.5140625 0.48851774530271397 0.528125 0.48851774530271397 0.5296875 0.48434237995824636 0.5359375 0.48434237995824636 0.5375 0.4780793319415449 0.54375 0.4780793319415449 0.5484375 0.46764091858037576 0.5546875 0.46764091858037576 0.55625 0.46346555323590816 0.575 0.46346555323590816 0.5765625 0.46764091858037576 0.5859375 0.46764091858037576 0.5859375 0.4592901878914405 0.590625 0.4572025052192067 0.590625 0.4384133611691023 0.59375 0.4363256784968685 0.59375 0.42379958246346555 0.5984375 0.42171189979123175 0.5984375 0.3987473903966597 0.59375 0.3966597077244259 0.59375 0.3883089770354906 0.590625 0.3862212943632568 0.590625 0.38204592901878914 0.584375 0.38204592901878914 0.5828125 0.3778705636743215 0.578125 0.3757828810020877 0.578125 0.37160751565762007 0.571875 0.37160751565762007 0.5703125 0.3674321503131524 0.553125 0.3674321503131524 0.553125 0.3695198329853862 0.5484375 0.37160751565762007 0.5484375 0.3757828810020877
1 0.0578125 0.08768267223382047 0.0515625 0.08768267223382047 0.05 0.09394572025052192 0.046875 0.09394572025052192 0.046875 0.10647181628392484 0.04375 0.10855949895615867 0.0421875 0.11482254697286012 0.0390625 0.11482254697286012 0.0390625 0.1440501043841336 0.0359375 0.14613778705636743 0.0359375 0.1544885177453027 0.03125 0.15657620041753653 0.0296875 0.16075156576200417 0.0203125 0.16075156576200417 0.0203125 0.1649269311064718 0.0234375 0.16701461377870563 0.0234375 0.1732776617954071 0.028125 0.17536534446764093 0.028125 0.17954070981210857 0.03125 0.1837160751565762 0.0390625 0.18580375782881003 0.0390625 0.1941544885177453 0.0421875 0.1941544885177453 0.046875 0.2045929018789144 0.0515625 0.20668058455114824 0.0515625 0.21085594989561587 0.065625 0.21085594989561587 0.0671875 0.2150313152400835 0.0765625 0.2150313152400835 0.078125 0.22129436325678498 0.0875 0.22129436325678498 0.0890625 0.2254697286012526 0.1109375 0.2254697286012526 0.1125 0.22129436325678498 0.11875 0.22129436325678498 0.11875 0.21711899791231734 0.1265625 0.21085594989561587 0.128125 0.2045929018789144 0.13125 0.2045929018789144 0.13125 0.10438413361169102 0.1265625 0.1022964509394572 0.1265625 0.09812108559498957 0.1234375 0.09394572025052192 0.1171875 0.09394572025052192 0.115625 0.08768267223382047 0.109375 0.08768267223382047 0.1078125 0.08350730688935282 0.096875 0.08350730688935282 0.0953125 0.07933194154488518 0.0671875 0.07933194154488518 0.0671875 0.081419624217119 0.059375 0.08350730688935282 0.0578125 0.08768267223382047
1 0.7796875 0.5991649269311065 0.7734375 0.5991649269311065 0.7734375 0.6075156576200418 0.76875 0.6096033402922756 0.76875 0.6221294363256785 0.765625 0.6242171189979123 0.765625 0.6325678496868476 0.7609375 0.6346555323590815 0.7609375 0.6597077244258872 0.765625 0.6617954070981211 0.765625 0.6680584551148225 0.76875 0.6701461377870563 0.76875 0.6993736951983298 0.7734375 0.7014613778705637 0.7734375 0.7265135699373695 0.7765625 0.7306889352818372 0.790625 0.7306889352818372 0.7921875 0.7369519832985386 0.7953125 0.7369519832985386 0.796875 0.7306889352818372 0.80625 0.7306889352818372 0.8078125 0.7265135699373695 0.8140625 0.7265135699373695 0.8140625 0.7223382045929019 0.81875 0.7160751565762005 0.825 0.7160751565762005 0.8265625 0.7056367432150313 0.8296875 0.7056367432150313 0.8296875 0.6868475991649269 0.825 0.6847599164926931 0.825 0.6764091858037579 0.821875 0.6743215031315241 0.821875 0.6701461377870563 0.81875 0.6701461377870563 0.8140625 0.6638830897703549 0.8140625 0.6555323590814196 0.809375 0.6534446764091858 0.809375 0.6200417536534447 0.80625 0.6179540709812108 0.80625 0.6033402922755741 0.8015625 0.6012526096033403 0.8015625 0.592901878914405 0.796875 0.592901878914405 0.7953125 0.5887265135699373 0.7890625 0.5887265135699373 0.7890625 0.5908141962421712 0.78125 0.592901878914405 0.7796875 0.5991649269311065
1 0.334375 0.5427974947807933 0.3296875 0.5427974947807933 0.328125 0.5469728601252609 0.321875 0.5469728601252609 0.321875 0.5511482254697286 0.3140625 0.55741127348643 0.3125 0.5636743215031316 0.309375 0.5636743215031316 0.309375 0.5720250521920668 0.30625 0.5741127348643006 0.30625 0.5824634655532359 0.3015625 0.5845511482254697 0.3015625 0.6221294363256785 0.2984375 0.6242171189979123 0.2984375 0.6388308977035491 0.3015625 0.6409185803757829 0.3015625 0.6534446764091858 0.30625 0.6555323590814196 0.30625 0.6597077244258872 0.309375 0.6617954070981211 0.309375 0.6680584551148225 0.3125 0.6680584551148225 0.3171875 0.6784968684759917 0.321875 0.6805845511482255 0.321875 0.6847599164926931 0.328125 0.6847599164926931 0.3296875 0.6889352818371608 0.3390625 0.6889352818371608 0.340625 0.6951983298538622 0.3625 0.6951983298538622 0.3625 0.6910229645093946 0.3671875 0.6847599164926931 0.378125 0.6847599164926931 0.3796875 0.6784968684759917 0.396875 0.6784968684759917 0.4015625 0.6680584551148225 0.4046875 0.6680584551148225 0.4046875 0.6555323590814196 0.40625 0.6534446764091858 0.4125 0.6534446764091858 0.4140625 0.6492693110647182 0.4203125 0.6492693110647182 0.4203125 0.6346555323590815 0.4171875 0.6346555323590815 0.4125 0.6283924843423799 0.4125 0.6242171189979123 0.4078125 0.6221294363256785 0.4078125 0.6137787056367432 0.4 0.6075156576200418 0.4 0.5991649269311065 0.396875 0.5970772442588727 0.396875 0.592901878914405 0.3859375 0.5824634655532359 0.3859375 0.5782881002087683 0.38125 0.5762004175365344 0.38125 0.5427974947807933 0.378125 0.5407098121085595 0.378125 0.5323590814196242 0.34375 0.5323590814196242 0.34375 0.534446764091858 0.3359375 0.5365344467640919 0.334375 0.5427974947807933
1 0 0.8079331941544885 0.003125 0.8079331941544885 0.0046875 0.81419624217119 0.084375 0.81419624217119 0.084375 0.8100208768267223 0.0875 0.8079331941544885 0.0875 0.7995824634655533 0.0921875 0.7974947807933194 0.0921875 0.732776617954071 0.0875 0.7306889352818372 0.0875 0.7223382045929019 0.084375 0.7202505219206681 0.084375 0.7118997912317327 0.08125 0.7118997912317327 0.0765625 0.7056367432150313 0.0765625 0.7014613778705637 0.0734375 0.7014613778705637 0.06875 0.6951983298538622 0.06875 0.6910229645093946 0.065625 0.6868475991649269 0.059375 0.6868475991649269 0.0578125 0.6805845511482255 0.046875 0.6805845511482255 0.0453125 0.6764091858037579 0.028125 0.6764091858037579 0.028125 0.6784968684759917 0.0203125 0.6805845511482255 0.01875 0.6868475991649269 0.0125 0.6868475991649269 0.0109375 0.6910229645093946 0.0078125 0.6910229645093946 0.0078125 0.6951983298538622 0.003125 0.7014613778705637 0 0.7014613778705637 0 0.8079331941544885
1 0.734375 0.8517745302713987 0.7328125 0.8559498956158664 0.7265625 0.8559498956158664 0.7265625 0.860125260960334 0.7234375 0.8622129436325678 0.7234375 0.8747390396659708 0.71875 0.8768267223382046 0.71875 0.8851774530271399 0.715625 0.8872651356993737 0.715625 0.8914405010438413 0.71875 0.8935281837160751 0.7171875 0.8977035490605428 0.7078125 0.8977035490605428 0.70625 0.9039665970772442 0.7 0.9039665970772442 0.6984375 0.8977035490605428 0.6953125 0.8977035490605428 0.69375 0.9039665970772442 0.6765625 0.9039665970772442 0.675 0.9081419624217119 0.66875 0.9081419624217119 0.66875 0.9123173277661796 0.665625 0.9144050104384134 0.665625 0.9206680584551148 0.6703125 0.9269311064718163 0.671875 0.9206680584551148 0.678125 0.9206680584551148 0.6796875 0.9311064718162839 0.6765625 0.9331941544885177 0.6765625 0.9373695198329853 0.684375 0.9436325678496869 0.684375 0.9519832985386222 0.6875 0.954070981210856 0.6875 0.9582463465553236 0.69375 0.9582463465553236 0.6953125 0.9624217118997912 0.7 0.964509394572025 0.7 0.9686847599164927 0.70625 0.9686847599164927 0.7078125 0.9728601252609603 0.7296875 0.9728601252609603 0.73125 0.9686847599164927 0.7359375 0.9686847599164927 0.7375 0.9624217118997912 0.74375 0.9624217118997912 0.7453125 0.9582463465553236 0.7484375 0.9582463465553236 0.75 0.9519832985386222 0.75625 0.9519832985386222 0.7578125 0.9478079331941545 0.7640625 0.9478079331941545 0.765625 0.941544885177453 0.771875 0.941544885177453 0.775 0.9373695198329853 0.775 0.9227557411273486 0.7796875 0.9206680584551148 0.7796875 0.9144050104384134 0.775 0.9123173277661796 0.775 0.872651356993737 0.771875 0.8705636743215032 0.771875 0.8663883089770354 0.76875 0.8663883089770354 0.7640625 0.860125260960334 0.7640625 0.8559498956158664 0.7609375 0.8559498956158664 0.75625 0.8496868475991649 0.75625 0.8455114822546973 0.7421875 0.8455114822546973 0.7421875 0.8475991649269311 0.740625 0.8517745302713987 0.734375 0.8517745302713987
1 0.2046875 0.24843423799582465 0.203125 0.25260960334029225 0.1984375 0.25260960334029225 0.1984375 0.2567849686847599 0.19375 0.2588726513569937 0.1921875 0.2630480167014614 0.1859375 0.2630480167014614 0.1859375 0.267223382045929 0.18125 0.27348643006263046 0.178125 0.27348643006263046 0.178125 0.2881002087682672 0.175 0.29018789144050106 0.175 0.348643006263048 0.178125 0.35073068893528186 0.178125 0.35490605427974947 0.18125 0.35490605427974947 0.1859375 0.36116910229645094 0.1859375 0.3653444676409186 0.1921875 0.3653444676409186 0.19375 0.3695198329853862 0.1984375 0.37160751565762007 0.1984375 0.3757828810020877 0.203125 0.3757828810020877 0.2046875 0.37995824634655534 0.2109375 0.37995824634655534 0.2125 0.3862212943632568 0.2421875 0.3862212943632568 0.2421875 0.38204592901878914 0.246875 0.37995824634655534 0.2484375 0.3757828810020877 0.2546875 0.3757828810020877 0.25625 0.3695198329853862 0.2625 0.3695198329853862 0.2640625 0.3653444676409186 0.26875 0.3653444676409186 0.26875 0.3569937369519833 0.2734375 0.35490605427974947 0.2734375 0.35073068893528186 0.2765625 0.348643006263048 0.2765625 0.34029227557411273 0.28125 0.33820459290187893 0.28125 0.26931106471816285 0.278125 0.26931106471816285 0.2734375 0.2588726513569937 0.26875 0.2567849686847599 0.26875 0.25260960334029225 0.2640625 0.25260960334029225 0.2625 0.24843423799582465 0.2515625 0.24843423799582465 0.25 0.24425887265135698 0.2171875 0.24425887265135698 0.2171875 0.24634655532359082 0.215625 0.24843423799582465 0.2046875 0.24843423799582465
1 0.9625 0.9812108559498957 0.9609375 0.9853862212943633 0.9546875 0.9853862212943633 0.953125 0.9916492693110647 0.95 0.9916492693110647 0.95 0.9979123173277662 0.9765625 0.9979123173277662 0.978125 0.9937369519832986 0.9875 0.9937369519832986 0.9890625 0.9895615866388309 0.9921875 0.9895615866388309 0.9953125 0.9937369519832986 0.9984375 0.9895615866388309 0.9984375 0.9749478079331941 0.978125 0.9749478079331941 0.978125 0.9770354906054279 0.9765625 0.9812108559498957 0.9625 0.9812108559498957
1 0.9421875 0.6555323590814196 0.9421875 0.6597077244258872 0.9390625 0.6617954070981211 0.9390625 0.6680584551148225 0.934375 0.6701461377870563 0.934375 0.6784968684759917 0.93125 0.6805845511482255 0.9296875 0.6868475991649269 0.9234375 0.6868475991649269 0.91875 0.697286012526096 0.915625 0.697286012526096 0.9125 0.7014613778705637 0.9109375 0.7077244258872651 0.9046875 0.7077244258872651 0.903125 0.7118997912317327 0.896875 0.7118997912317327 0.8953125 0.7181628392484343 0.8921875 0.7181628392484343 0.8890625 0.7223382045929019 0.8890625 0.7473903966597077 0.8921875 0.7494780793319415 0.8921875 0.755741127348643 0.8953125 0.755741127348643 0.896875 0.7620041753653445 0.9 0.7640918580375783 0.9 0.7766179540709812 0.903125 0.7766179540709812 0.9078125 0.7870563674321504 0.9125 0.7891440501043842 0.9125 0.7974947807933194 0.915625 0.7995824634655533 0.915625 0.8037578288100209 0.91875 0.8037578288100209 0.9234375 0.8100208768267223 0.9234375 0.81419624217119 0.9296875 0.81419624217119 0.934375 0.8204592901878914 0.934375 0.824634655532359 0.9453125 0.824634655532359 0.9484375 0.8288100208768268 0.95 0.824634655532359 0.9765625 0.824634655532359 0.98125 0.8308977035490606 0.98125 0.8392484342379958 0.984375 0.8392484342379958 0.9859375 0.8434237995824635 0.9921875 0.8434237995824635 0.9953125 0.8392484342379958 0.9953125 0.8350730688935282 0.9984375 0.8329853862212944 0.9984375 0.6617954070981211 0.9953125 0.6597077244258872 0.9953125 0.6555323590814196 0.9859375 0.6555323590814196 0.984375 0.651356993736952 0.98125 0.651356993736952 0.978125 0.6555323590814196 0.9765625 0.651356993736952 0.9546875 0.651356993736952 0.9546875 0.6534446764091858 0.953125 0.6555323590814196 0.9421875 0.6555323590814196
1 0.203125 0.7745302713987474 0.1984375 0.7745302713987474 0.196875 0.778705636743215 0.190625 0.778705636743215 0.190625 0.7870563674321504 0.1859375 0.7891440501043842 0.1859375 0.7933194154488518 0.18125 0.7995824634655533 0.178125 0.7995824634655533 0.178125 0.8183716075156576 0.175 0.8204592901878914 0.175 0.8288100208768268 0.1703125 0.8308977035490606 0.1703125 0.8392484342379958 0.165625 0.8455114822546973 0.1625 0.8455114822546973 0.1625 0.8705636743215032 0.165625 0.8705636743215032 0.1703125 0.8768267223382046 0.1703125 0.8810020876826722 0.1734375 0.8810020876826722 0.175 0.8851774530271399 0.18125 0.8851774530271399 0.1828125 0.8914405010438413 0.1890625 0.8914405010438413 0.190625 0.8956158663883089 0.196875 0.8956158663883089 0.1984375 0.9018789144050104 0.25 0.9018789144050104 0.2515625 0.8956158663883089 0.2578125 0.8956158663883089 0.259375 0.8914405010438413 0.265625 0.8914405010438413 0.265625 0.8872651356993737 0.2703125 0.8810020876826722 0.2734375 0.8810020876826722 0.2734375 0.8768267223382046 0.2765625 0.8747390396659708 0.2765625 0.8663883089770354 0.28125 0.8643006263048016 0.28125 0.8559498956158664 0.284375 0.8538622129436325 0.284375 0.8162839248434238 0.28125 0.81419624217119 0.28125 0.8058455114822547 0.278125 0.8058455114822547 0.2734375 0.7954070981210856 0.26875 0.7933194154488518 0.26875 0.7891440501043842 0.2640625 0.7891440501043842 0.2625 0.7849686847599165 0.259375 0.7849686847599165 0.2546875 0.7745302713987474 0.25 0.7724425887265136 0.25 0.7682672233820459 0.24375 0.7682672233820459 0.2421875 0.7640918580375783 0.2125 0.7640918580375783 0.2125 0.7661795407098121 0.2046875 0.7682672233820459 0.203125 0.7745302713987474
1 0.8078125 0 0.8078125 0.0020876826722338203 0.80625 0.006263048016701462 0.803125 0.006263048016701462 0.803125 0.05636743215031315 0.8078125 0.05845511482254697 0.8078125 0.06680584551148225 0.8171875 0.06680584551148225 0.81875 0.0709812108559499 0.8328125 0.0709812108559499 0.834375 0.07724425887265135 0.840625 0.07724425887265135 0.8421875 0.081419624217119 0.8484375 0.081419624217119 0.85 0.08559498956158663 0.85625 0.08559498956158663 0.8578125 0.0918580375782881 0.8609375 0.0918580375782881 0.865625 0.09812108559498957 0.865625 0.10647181628392484 0.8875 0.10647181628392484 0.8921875 0.09603340292275574 0.8953125 0.09603340292275574 0.8984375 0.0918580375782881 0.9 0.08559498956158663 0.903125 0.08559498956158663 0.903125 0.07306889352818371 0.90625 0.0709812108559499 0.90625 0.006263048016701462 0.903125 0.0041753653444676405 0.903125 0 0.8078125 0
1 0.9265625 0.5323590814196242 0.9234375 0.5323590814196242 0.9203125 0.5365344467640919 0.9203125 0.5615866388308977 0.9234375 0.5657620041753654 0.9265625 0.5657620041753654 0.928125 0.5720250521920668 0.934375 0.5782881002087683 0.934375 0.5866388308977035 0.9390625 0.5887265135699373 0.9390625 0.5970772442588727 0.9421875 0.5991649269311065 0.9421875 0.6075156576200418 0.946875 0.6096033402922756 0.946875 0.6430062630480167 0.9953125 0.6430062630480167 0.9984375 0.6388308977035491 0.9984375 0.5991649269311065 0.9953125 0.5970772442588727 0.9953125 0.592901878914405 0.9984375 0.5908141962421712 0.9984375 0.5532359081419624 0.9953125 0.5511482254697286 0.9953125 0.5469728601252609 0.978125 0.5469728601252609 0.9765625 0.5427974947807933 0.9578125 0.5427974947807933 0.95625 0.5365344467640919 0.95 0.5365344467640919 0.9484375 0.5323590814196242 0.9421875 0.5323590814196242 0.9375 0.5219206680584552 0.93125 0.5219206680584552 0.93125 0.524008350730689 0.928125 0.5260960334029228 0.9265625 0.5323590814196242
1 0.6296875 0.7849686847599165 0.6296875 0.7933194154488518 0.625 0.7995824634655533 0.621875 0.7995824634655533 0.621875 0.81419624217119 0.61875 0.8162839248434238 0.61875 0.824634655532359 0.6140625 0.826722338204593 0.6140625 0.8810020876826722 0.6171875 0.8810020876826722 0.61875 0.8851774530271399 0.628125 0.8851774530271399 0.6296875 0.8914405010438413 0.640625 0.8914405010438413 0.6421875 0.8956158663883089 0.6515625 0.8956158663883089 0.653125 0.9018789144050104 0.675 0.9018789144050104 0.6765625 0.8956158663883089 0.690625 0.8956158663883089 0.6921875 0.8914405010438413 0.70625 0.8914405010438413 0.7078125 0.8851774530271399 0.7140625 0.8851774530271399 0.71875 0.8747390396659708 0.721875 0.8747390396659708 0.721875 0.8350730688935282 0.71875 0.8350730688935282 0.7140625 0.8288100208768268 0.7140625 0.8204592901878914 0.7109375 0.8204592901878914 0.70625 0.81419624217119 0.70625 0.8100208768267223 0.703125 0.8100208768267223 0.6984375 0.8037578288100209 0.6984375 0.7995824634655533 0.6921875 0.7995824634655533 0.690625 0.7954070981210856 0.684375 0.7954070981210856 0.6828125 0.7891440501043842 0.6796875 0.7891440501043842 0.678125 0.7849686847599165 0.671875 0.7849686847599165 0.6703125 0.778705636743215 0.6375 0.778705636743215 0.6375 0.7807933194154488 0.6359375 0.7849686847599165 0.6296875 0.7849686847599165
1 0.2671875 0.08350730688935282 0.265625 0.08768267223382047 0.259375 0.08768267223382047 0.259375 0.0918580375782881 0.25625 0.09394572025052192 0.25625 0.1022964509394572 0.2515625 0.10438413361169102 0.2515625 0.1127348643006263 0.2484375 0.11482254697286012 0.2484375 0.14822546972860126 0.24375 0.15031315240083507 0.24375 0.17954070981210857 0.2484375 0.18162839248434237 0.2484375 0.2045929018789144 0.2515625 0.20668058455114824 0.2515625 0.2150313152400835 0.25625 0.21711899791231734 0.25625 0.22129436325678498 0.2625 0.22129436325678498 0.2640625 0.2254697286012526 0.26875 0.2254697286012526 0.2703125 0.23173277661795408 0.2921875 0.23173277661795408 0.29375 0.2254697286012526 0.3 0.2254697286012526 0.3015625 0.22129436325678498 0.3078125 0.22129436325678498 0.309375 0.2150313152400835 0.315625 0.2150313152400835 0.3171875 0.21085594989561587 0.328125 0.21085594989561587 0.328125 0.20668058455114824 0.33125 0.2045929018789144 0.33125 0.19206680584551147 0.3390625 0.18997912317327767 0.3390625 0.18580375782881003 0.3421875 0.1837160751565762 0.3421875 0.16701461377870563 0.346875 0.1649269311064718 0.346875 0.14613778705636743 0.35 0.1440501043841336 0.35 0.11899791231732777 0.340625 0.11899791231732777 0.3390625 0.11482254697286012 0.3328125 0.11482254697286012 0.33125 0.10855949895615867 0.325 0.10855949895615867 0.3203125 0.1022964509394572 0.3203125 0.09812108559498957 0.3171875 0.09812108559498957 0.315625 0.09394572025052192 0.309375 0.09394572025052192 0.3046875 0.08350730688935282 0.2984375 0.08350730688935282 0.296875 0.07933194154488518 0.278125 0.07933194154488518 0.278125 0.081419624217119 0.2765625 0.08350730688935282 0.2671875 0.08350730688935282
1 0.753125 0 0.753125 0.0020876826722338203 0.753125 0.008350730688935281 0.7578125 0.010438413361169102 0.7578125 0.018789144050104383 0.7609375 0.020876826722338204 0.7609375 0.029227557411273485 0.7640625 0.029227557411273485 0.76875 0.03966597077244259 0.7734375 0.04175365344467641 0.7734375 0.04592901878914405 0.7765625 0.04801670146137787 0.7765625 0.05636743215031315 0.7796875 0.05636743215031315 0.78125 0.060542797494780795 0.7875 0.060542797494780795 0.7890625 0.06680584551148225 0.8015625 0.06680584551148225 0.8015625 0.010438413361169102 0.80625 0.008350730688935281 0.80625 0 0.753125 0
1 0.8921875 0.16075156576200417 0.8921875 0.1649269311064718 0.8875 0.17118997912317327 0.884375 0.17118997912317327 0.884375 0.17954070981210857 0.88125 0.18162839248434237 0.88125 0.2150313152400835 0.8765625 0.21711899791231734 0.875 0.22755741127348644 0.865625 0.22755741127348644 0.865625 0.23173277661795408 0.8609375 0.23799582463465555 0.8578125 0.23799582463465555 0.8578125 0.24217118997912318 0.853125 0.24843423799582465 0.85 0.24843423799582465 0.846875 0.25260960334029225 0.8453125 0.2588726513569937 0.8421875 0.2588726513569937 0.8421875 0.2776617954070981 0.8453125 0.2776617954070981 0.846875 0.2818371607515658 0.8640625 0.2818371607515658 0.86875 0.27139874739039666 0.871875 0.27139874739039666 0.875 0.267223382045929 0.8765625 0.2609603340292276 0.8796875 0.2609603340292276 0.8828125 0.2567849686847599 0.884375 0.25052192066805845 0.890625 0.25052192066805845 0.896875 0.24217118997912318 0.903125 0.24217118997912318 0.903125 0.23799582463465555 0.9078125 0.23173277661795408 0.9140625 0.23173277661795408 0.915625 0.2254697286012526 0.921875 0.2254697286012526 0.9234375 0.22129436325678498 0.9328125 0.22129436325678498 0.9328125 0.20668058455114824 0.9296875 0.2045929018789144 0.9296875 0.19624217118997914 0.9265625 0.1941544885177453 0.9265625 0.18580375782881003 0.921875 0.1837160751565762 0.921875 0.17536534446764093 0.91875 0.1732776617954071 0.91875 0.16701461377870563 0.915625 0.16701461377870563 0.9140625 0.16075156576200417 0.9109375 0.15657620041753653 0.9078125 0.15657620041753653 0.90625 0.15031315240083507 0.9046875 0.15031315240083507 0.9046875 0.1524008350730689 0.8984375 0.16075156576200417 0.8921875 0.16075156576200417
1 0.2046875 0.5323590814196242 0.203125 0.5365344467640919 0.1984375 0.5365344467640919 0.1984375 0.5407098121085595 0.19375 0.5427974947807933 0.1890625 0.5532359081419624 0.1859375 0.5532359081419624 0.1828125 0.55741127348643 0.18125 0.5636743215031316 0.178125 0.5636743215031316 0.175 0.5678496868475992 0.1734375 0.5741127348643006 0.1703125 0.5741127348643006 0.1703125 0.6075156576200418 0.175 0.6096033402922756 0.175 0.6283924843423799 0.178125 0.6304801670146137 0.178125 0.6388308977035491 0.184375 0.6388308977035491 0.1859375 0.6430062630480167 0.1890625 0.6430062630480167 0.190625 0.6492693110647182 0.1984375 0.6555323590814196 0.1984375 0.6597077244258872 0.2046875 0.6680584551148225 0.209375 0.6701461377870563 0.209375 0.6743215031315241 0.2125 0.6784968684759917 0.2203125 0.6805845511482255 0.2203125 0.6847599164926931 0.2546875 0.6847599164926931 0.25625 0.6784968684759917 0.2625 0.6784968684759917 0.2640625 0.6743215031315241 0.26875 0.6743215031315241 0.26875 0.6701461377870563 0.2734375 0.6680584551148225 0.278125 0.6597077244258872 0.3 0.6597077244258872 0.3 0.6555323590814196 0.296875 0.6534446764091858 0.296875 0.6450939457202505 0.2921875 0.6430062630480167 0.2921875 0.5991649269311065 0.2890625 0.5970772442588727 0.2890625 0.5887265135699373 0.2921875 0.5866388308977035 0.2921875 0.5741127348643006 0.2859375 0.5741127348643006 0.28125 0.5636743215031316 0.2765625 0.5615866388308977 0.2765625 0.5532359081419624 0.2703125 0.5532359081419624 0.265625 0.5427974947807933 0.2578125 0.5407098121085595 0.2578125 0.5365344467640919 0.2515625 0.5365344467640919 0.25 0.5323590814196242 0.24375 0.5323590814196242 0.2421875 0.5260960334029228 0.2171875 0.5260960334029228 0.2171875 0.5281837160751566 0.215625 0.5323590814196242 0.2046875 0.5323590814196242
1 0.3859375 0.9394572025052192 0.3828125 0.9394572025052192 0.3796875 0.9436325678496869 0.3796875 0.9686847599164927 0.3828125 0.9707724425887265 0.3828125 0.9791231732776617 0.3859375 0.9791231732776617 0.390625 0.9853862212943633 0.390625 0.9895615866388309 0.4046875 0.9895615866388309 0.40625 0.9937369519832986 0.43125 0.9937369519832986 0.4328125 0.9979123173277662 0.4625 0.9979123173277662 0.465625 0.9937369519832986 0.465625 0.9812108559498957 0.4625 0.9791231732776617 0.4625 0.9749478079331941 0.459375 0.9707724425887265 0.4375 0.9707724425887265 0.4359375 0.964509394572025 0.421875 0.964509394572025 0.4203125 0.9603340292275574 0.415625 0.9582463465553236 0.415625 0.954070981210856 0.409375 0.954070981210856 0.4046875 0.9478079331941545 0.4046875 0.9436325678496869 0.4 0.941544885177453 0.4 0.9331941544885177 0.3953125 0.9331941544885177 0.39375 0.9290187891440501 0.390625 0.9290187891440501 0.390625 0.9311064718162839 0.3875 0.9331941544885177 0.3859375 0.9394572025052192
1 0.671875 0.016701461377870562 0.66875 0.020876826722338204 0.66875 0.029227557411273485 0.665625 0.031315240083507306 0.665625 0.03966597077244259 0.6609375 0.04175365344467641 0.6609375 0.04592901878914405 0.665625 0.04801670146137787 0.665625 0.05636743215031315 0.6609375 0.05845511482254697 0.6609375 0.06680584551148225 0.6578125 0.06889352818371608 0.6578125 0.07724425887265135 0.653125 0.07933194154488518 0.653125 0.08559498956158663 0.6578125 0.08768267223382047 0.6578125 0.0918580375782881 0.653125 0.09394572025052192 0.653125 0.1022964509394572 0.65 0.10438413361169102 0.65 0.11691022964509394 0.653125 0.11899791231732777 0.653125 0.12317327766179541 0.65625 0.12317327766179541 0.6609375 0.12943632567849686 0.6609375 0.1336116910229645 0.7171875 0.1336116910229645 0.71875 0.13778705636743216 0.7234375 0.13987473903966596 0.7234375 0.1440501043841336 0.7328125 0.1440501043841336 0.7328125 0.13569937369519833 0.7359375 0.1336116910229645 0.7359375 0.11899791231732777 0.740625 0.11691022964509394 0.740625 0.09812108559498957 0.74375 0.09603340292275574 0.74375 0.08768267223382047 0.7484375 0.08559498956158663 0.7484375 0.05845511482254697 0.74375 0.05636743215031315 0.74375 0.05219206680584551 0.7515625 0.05010438413361169 0.7515625 0.04801670146137787 0.7453125 0.04801670146137787 0.74375 0.04175365344467641 0.7375 0.04175365344467641 0.7359375 0.037578288100208766 0.7265625 0.037578288100208766 0.725 0.027139874739039668 0.715625 0.027139874739039668 0.7140625 0.020876826722338204 0.7109375 0.020876826722338204 0.709375 0.016701461377870562 0.6875 0.016701461377870562 0.6859375 0.010438413361169102 0.6796875 0.010438413361169102 0.6796875 0.012526096033402923 0.678125 0.016701461377870562 0.671875 0.016701461377870562
1 0.1078125 0.26931106471816285 0.1015625 0.26931106471816285 0.1 0.27348643006263046 0.09375 0.27348643006263046 0.0921875 0.2797494780793319 0.0859375 0.2797494780793319 0.084375 0.2839248434237996 0.078125 0.2839248434237996 0.0765625 0.29018789144050106 0.0734375 0.29018789144050106 0.0703125 0.29436325678496866 0.0703125 0.2985386221294363 0.0671875 0.30062630480167013 0.0671875 0.31315240083507306 0.0625 0.31524008350730687 0.0625 0.348643006263048 0.0671875 0.35073068893528186 0.0671875 0.35908141962421714 0.0703125 0.36116910229645094 0.0703125 0.3653444676409186 0.0734375 0.3695198329853862 0.078125 0.37160751565762007 0.078125 0.3757828810020877 0.084375 0.3757828810020877 0.0890625 0.38204592901878914 0.0890625 0.3862212943632568 0.0921875 0.3862212943632568 0.09375 0.3903966597077244 0.1 0.3903966597077244 0.1015625 0.3966597077244259 0.1078125 0.3966597077244259 0.109375 0.40083507306889354 0.11875 0.40083507306889354 0.1203125 0.407098121085595 0.13125 0.407098121085595 0.1328125 0.40083507306889354 0.1421875 0.40083507306889354 0.14375 0.3966597077244259 0.15 0.3966597077244259 0.15 0.3924843423799583 0.1546875 0.3862212943632568 0.1578125 0.3862212943632568 0.1578125 0.37160751565762007 0.1609375 0.3695198329853862 0.1609375 0.3569937369519833 0.165625 0.35490605427974947 0.165625 0.29436325678496866 0.1609375 0.29227557411273486 0.1609375 0.2797494780793319 0.1578125 0.2776617954070981 0.1578125 0.27348643006263046 0.1546875 0.27348643006263046 0.15 0.267223382045929 0.15 0.2630480167014614 0.146875 0.2630480167014614 0.1453125 0.2588726513569937 0.1171875 0.2588726513569937 0.1171875 0.2609603340292276 0.109375 0.2630480167014614 0.1078125 0.26931106471816285
1 0.4890625 0.10438413361169102 0.4796875 0.10438413361169102 0.478125 0.10855949895615867 0.475 0.10855949895615867 0.475 0.1127348643006263 0.471875 0.11482254697286012 0.471875 0.12317327766179541 0.4640625 0.12943632567849686 0.4640625 0.1732776617954071 0.4671875 0.17536534446764093 0.4671875 0.2045929018789144 0.471875 0.20668058455114824 0.471875 0.2150313152400835 0.475 0.21711899791231734 0.475 0.2254697286012526 0.478125 0.2254697286012526 0.4828125 0.2359081419624217 0.4875 0.23799582463465555 0.4875 0.24217118997912318 0.49375 0.24217118997912318 0.4953125 0.24634655532359082 0.5125 0.24634655532359082 0.5125 0.23799582463465555 0.5171875 0.2359081419624217 0.5171875 0.22755741127348644 0.5203125 0.2254697286012526 0.5203125 0.20250521920668058 0.525 0.20041753653444677 0.525 0.19624217118997914 0.528125 0.1941544885177453 0.528125 0.18580375782881003 0.525 0.1837160751565762 0.525 0.17536534446764093 0.5296875 0.16910229645093947 0.5390625 0.16910229645093947 0.5390625 0.16075156576200417 0.54375 0.15866388308977036 0.54375 0.15031315240083507 0.546875 0.14822546972860126 0.546875 0.13569937369519833 0.54375 0.1336116910229645 0.54375 0.12943632567849686 0.540625 0.12943632567849686 0.5359375 0.12317327766179541 0.5359375 0.11899791231732777 0.5328125 0.11691022964509394 0.5328125 0.10855949895615867 0.5265625 0.10855949895615867 0.525 0.10438413361169102 0.51875 0.10438413361169102 0.5171875 0.09812108559498957 0.5109375 0.09812108559498957 0.509375 0.09394572025052192 0.4984375 0.09394572025052192 0.4984375 0.09603340292275574 0.490625 0.09812108559498957 0.4890625 0.10438413361169102
1 0.634375 0.2881002087682672 0.6296875 0.29018789144050106 0.6296875 0.2985386221294363 0.625 0.3048016701461378 0.621875 0.3048016701461378 0.621875 0.31315240083507306 0.61875 0.31524008350730687 0.6171875 0.32150313152400833 0.6140625 0.32150313152400833 0.6125 0.325678496868476 0.6 0.325678496868476 0.5984375 0.33194154488517746 0.5796875 0.33194154488517746 0.578125 0.325678496868476 0.5609375 0.325678496868476 0.5609375 0.3444676409185804 0.56875 0.35073068893528186 0.56875 0.35908141962421714 0.571875 0.36116910229645094 0.571875 0.3653444676409186 0.575 0.3653444676409186 0.5796875 0.37160751565762007 0.5796875 0.3757828810020877 0.5859375 0.3757828810020877 0.5875 0.37995824634655534 0.59375 0.37995824634655534 0.5953125 0.3862212943632568 0.6015625 0.3862212943632568 0.603125 0.3903966597077244 0.625 0.3903966597077244 0.6265625 0.3862212943632568 0.640625 0.3862212943632568 0.6421875 0.37995824634655534 0.6453125 0.38204592901878914 0.6453125 0.3862212943632568 0.6515625 0.3862212943632568 0.653125 0.37995824634655534 0.6640625 0.37995824634655534 0.6671875 0.3757828810020877 0.6671875 0.3674321503131524 0.6703125 0.3653444676409186 0.6703125 0.30062630480167013 0.6671875 0.2985386221294363 0.6671875 0.29018789144050106 0.6640625 0.2881002087682672 0.6640625 0.2839248434237996 0.6609375 0.2839248434237996 0.659375 0.2797494780793319 0.653125 0.2797494780793319 0.6515625 0.27348643006263046 0.6375 0.27348643006263046 0.6375 0.2755741127348643 0.634375 0.2797494780793319 0.634375 0.2881002087682672
1 0.665625 0 0.665625 0.0020876826722338203 0.665625 0.008350730688935281 0.6609375 0.010438413361169102 0.6609375 0.014613778705636743 0.6640625 0.014613778705636743 0.66875 0.020876826722338204 0.66875 0.029227557411273485 0.671875 0.031315240083507306 0.671875 0.03966597077244259 0.675 0.03966597077244259 0.678125 0.03549060542797495 0.678125 0.027139874739039668 0.6828125 0.025052192066805846 0.684375 0.018789144050104383 0.690625 0.018789144050104383 0.6921875 0.025052192066805846 0.7140625 0.025052192066805846 0.71875 0.031315240083507306 0.71875 0.03549060542797495 0.721875 0.03549060542797495 0.7265625 0.04175365344467641 0.7265625 0.05010438413361169 0.7328125 0.05010438413361169 0.734375 0.05636743215031315 0.7515625 0.05636743215031315 0.753125 0.05010438413361169 0.75625 0.05010438413361169 0.759375 0.04592901878914405 0.759375 0.020876826722338204 0.75625 0.018789144050104383 0.75625 0.006263048016701462 0.7515625 0.0041753653444676405 0.7515625 0 0.734375 0 0.7328125 0.006263048016701462 0.684375 0.006263048016701462 0.6828125 0 0.665625 0
1 0.78125 0.8935281837160751 0.78125 0.9123173277661796 0.7765625 0.9144050104384134 0.7765625 0.9373695198329853 0.771875 0.9436325678496869 0.765625 0.9436325678496869 0.765625 0.9478079331941545 0.7609375 0.9498956158663883 0.759375 0.954070981210856 0.753125 0.954070981210856 0.7515625 0.9603340292275574 0.7453125 0.9603340292275574 0.74375 0.964509394572025 0.7375 0.964509394572025 0.7375 0.9686847599164927 0.7328125 0.9749478079331941 0.7265625 0.9749478079331941 0.7265625 0.9937369519832986 0.7296875 0.9937369519832986 0.73125 0.9979123173277662 0.759375 0.9979123173277662 0.7609375 0.9937369519832986 0.7640625 0.9937369519832986 0.765625 0.9979123173277662 0.7953125 0.9979123173277662 0.796875 0.9937369519832986 0.80625 0.9937369519832986 0.8078125 0.9895615866388309 0.821875 0.9895615866388309 0.821875 0.9853862212943633 0.8109375 0.9853862212943633 0.80625 0.9791231732776617 0.80625 0.9749478079331941 0.809375 0.9707724425887265 0.80625 0.9686847599164927 0.80625 0.964509394572025 0.809375 0.9624217118997912 0.809375 0.954070981210856 0.8171875 0.9478079331941545 0.81875 0.941544885177453 0.821875 0.941544885177453 0.821875 0.9227557411273486 0.825 0.9206680584551148 0.825 0.9144050104384134 0.821875 0.9123173277661796 0.821875 0.9081419624217119 0.81875 0.9081419624217119 0.8140625 0.9018789144050104 0.8140625 0.8977035490605428 0.8109375 0.8977035490605428 0.809375 0.8935281837160751 0.803125 0.8935281837160751 0.8015625 0.8872651356993737 0.7890625 0.8872651356993737 0.7890625 0.8893528183716075 0.7875 0.8935281837160751 0.78125 0.8935281837160751
1 0.671875 0.6137787056367432 0.671875 0.6179540709812108 0.665625 0.6242171189979123 0.6640625 0.6304801670146137 0.6578125 0.6304801670146137 0.65625 0.6346555323590815 0.653125 0.6346555323590815 0.653125 0.6388308977035491 0.6484375 0.6450939457202505 0.6453125 0.6450939457202505 0.6453125 0.6534446764091858 0.6421875 0.6555323590814196 0.6421875 0.6638830897703549 0.6375 0.6659707724425887 0.6375 0.6743215031315241 0.634375 0.6764091858037579 0.634375 0.6847599164926931 0.6296875 0.6868475991649269 0.6296875 0.7160751565762005 0.6328125 0.7160751565762005 0.6375 0.7223382045929019 0.6375 0.7265135699373695 0.640625 0.7265135699373695 0.6453125 0.732776617954071 0.6453125 0.7411273486430062 0.65 0.7432150313152401 0.65 0.7473903966597077 0.653125 0.7515657620041754 0.6578125 0.7536534446764092 0.6578125 0.7661795407098121 0.6609375 0.7682672233820459 0.6609375 0.7724425887265136 0.678125 0.7724425887265136 0.6796875 0.7828810020876826 0.6828125 0.7828810020876826 0.684375 0.7870563674321504 0.7015625 0.7870563674321504 0.703125 0.7828810020876826 0.709375 0.7828810020876826 0.709375 0.778705636743215 0.7140625 0.7766179540709812 0.715625 0.7724425887265136 0.7359375 0.7724425887265136 0.7375 0.7661795407098121 0.74375 0.7661795407098121 0.7453125 0.7620041753653445 0.7515625 0.7620041753653445 0.7515625 0.7536534446764092 0.75625 0.7515657620041754 0.7609375 0.7411273486430062 0.7640625 0.7411273486430062 0.7671875 0.7369519832985386 0.7671875 0.6868475991649269 0.7640625 0.6847599164926931 0.7640625 0.6659707724425887 0.759375 0.6638830897703549 0.759375 0.6555323590814196 0.75625 0.6534446764091858 0.75625 0.6450939457202505 0.753125 0.6450939457202505 0.7484375 0.6388308977035491 0.7484375 0.6346555323590815 0.74375 0.6325678496868476 0.74375 0.6242171189979123 0.73125 0.6242171189979123 0.7296875 0.6200417536534447 0.725 0.6179540709812108 0.725 0.6137787056367432 0.71875 0.6137787056367432 0.7171875 0.6200417536534447 0.7109375 0.6200417536534447 0.709375 0.6137787056367432 0.703125 0.6137787056367432 0.7015625 0.6096033402922756 0.6875 0.6096033402922756 0.6875 0.6116910229645094 0.6859375 0.6137787056367432 0.671875 0.6137787056367432
1 0.3140625 0.24634655532359082 0.309375 0.24843423799582465 0.309375 0.2609603340292276 0.3078125 0.2630480167014614 0.3015625 0.2630480167014614 0.3 0.2588726513569937 0.290625 0.2588726513569937 0.2890625 0.2630480167014614 0.2859375 0.2630480167014614 0.2859375 0.267223382045929 0.290625 0.26931106471816285 0.290625 0.2776617954070981 0.2984375 0.2839248434237996 0.2984375 0.2881002087682672 0.29375 0.29018789144050106 0.2921875 0.29436325678496866 0.2859375 0.29436325678496866 0.2859375 0.302713987473904 0.2828125 0.3048016701461378 0.2828125 0.3089770354906054 0.2859375 0.31106471816283926 0.2859375 0.3298538622129436 0.2890625 0.3298538622129436 0.29375 0.33611691022964507 0.29375 0.3653444676409186 0.296875 0.3653444676409186 0.3015625 0.37160751565762007 0.3015625 0.3757828810020877 0.3046875 0.3757828810020877 0.309375 0.38204592901878914 0.309375 0.3862212943632568 0.315625 0.3862212943632568 0.3171875 0.3903966597077244 0.334375 0.3903966597077244 0.3359375 0.3862212943632568 0.3390625 0.3862212943632568 0.3390625 0.38204592901878914 0.34375 0.3757828810020877 0.346875 0.3757828810020877 0.346875 0.37160751565762007 0.3515625 0.3653444676409186 0.3578125 0.3653444676409186 0.359375 0.35908141962421714 0.378125 0.35908141962421714 0.3796875 0.35490605427974947 0.3890625 0.35490605427974947 0.390625 0.348643006263048 0.39375 0.348643006263048 0.396875 0.3444676409185804 0.396875 0.31524008350730687 0.4 0.31106471816283926 0.396875 0.3089770354906054 0.396875 0.29018789144050106 0.39375 0.2881002087682672 0.39375 0.27348643006263046 0.3890625 0.27139874739039666 0.3890625 0.2630480167014614 0.38125 0.2567849686847599 0.38125 0.25260960334029225 0.378125 0.24843423799582465 0.375 0.24843423799582465 0.3734375 0.24425887265135698 0.3484375 0.24425887265135698 0.346875 0.24843423799582465 0.3296875 0.24843423799582465 0.328125 0.23799582463465555 0.3234375 0.2359081419624217 0.3234375 0.22338204592901878 0.3171875 0.22338204592901878 0.3171875 0.2254697286012526 0.3140625 0.22755741127348644 0.3140625 0.24634655532359082
1 0 0.3444676409185804 0.0046875 0.3465553235908142 0.0046875 0.35490605427974947 0.00625 0.35490605427974947 0.0078125 0.348643006263048 0.01875 0.348643006263048 0.0203125 0.3444676409185804 0.0296875 0.3444676409185804 0.03125 0.33820459290187893 0.0578125 0.33820459290187893 0.0578125 0.325678496868476 0.0609375 0.3235908141962422 0.0609375 0.31106471816283926 0.065625 0.3089770354906054 0.065625 0.29436325678496866 0.06875 0.29227557411273486 0.06875 0.2797494780793319 0.071875 0.2776617954070981 0.0734375 0.27139874739039666 0.0765625 0.27139874739039666 0.078125 0.2609603340292276 0.084375 0.2609603340292276 0.084375 0.23382045929018788 0.0796875 0.23173277661795408 0.0796875 0.22755741127348644 0.0765625 0.22338204592901878 0.0671875 0.22338204592901878 0.065625 0.21711899791231734 0.0546875 0.21711899791231734 0.053125 0.21294363256784968 0.04375 0.21294363256784968 0.0421875 0.20668058455114824 0 0.20668058455114824 0 0.20876826722338204 0 0.3444676409185804
1 0.1703125 0.08768267223382047 0.16875 0.09394572025052192 0.159375 0.09394572025052192 0.1578125 0.09812108559498957 0.1546875 0.09812108559498957 0.1546875 0.1022964509394572 0.15 0.10855949895615867 0.14375 0.10855949895615867 0.1421875 0.11482254697286012 0.1390625 0.11482254697286012 0.1390625 0.12317327766179541 0.1359375 0.12526096033402923 0.1359375 0.1336116910229645 0.1328125 0.13569937369519833 0.1328125 0.17954070981210857 0.1359375 0.18162839248434237 0.1359375 0.18997912317327767 0.1390625 0.19206680584551147 0.1390625 0.2045929018789144 0.1421875 0.2045929018789144 0.14375 0.21085594989561587 0.146875 0.21294363256784968 0.146875 0.2254697286012526 0.15 0.2254697286012526 0.1546875 0.2359081419624217 0.159375 0.23799582463465555 0.159375 0.24217118997912318 0.1625 0.24634655532359082 0.165625 0.24634655532359082 0.1671875 0.25052192066805845 0.1765625 0.25052192066805845 0.178125 0.2567849686847599 0.1890625 0.2567849686847599 0.190625 0.25052192066805845 0.2 0.25052192066805845 0.2015625 0.24634655532359082 0.2078125 0.24634655532359082 0.209375 0.24217118997912318 0.21875 0.24217118997912318 0.2203125 0.2359081419624217 0.2265625 0.2359081419624217 0.228125 0.23173277661795408 0.234375 0.23173277661795408 0.234375 0.22338204592901878 0.2390625 0.22129436325678498 0.2390625 0.17536534446764093 0.234375 0.1732776617954071 0.234375 0.16075156576200417 0.2390625 0.15866388308977036 0.2390625 0.14613778705636743 0.2421875 0.1440501043841336 0.2421875 0.13987473903966596 0.2390625 0.13569937369519833 0.23125 0.1336116910229645 0.23125 0.12526096033402923 0.2265625 0.12317327766179541 0.2265625 0.11482254697286012 0.2234375 0.1127348643006263 0.2234375 0.10438413361169102 0.21875 0.1022964509394572 0.21875 0.09812108559498957 0.2125 0.09812108559498957 0.2078125 0.0918580375782881 0.2078125 0.08768267223382047 0.2015625 0.08768267223382047 0.2 0.08350730688935282 0.1828125 0.08350730688935282 0.1828125 0.08559498956158663 0.18125 0.08768267223382047 0.1703125 0.08768267223382047
1 0.4515625 0.24425887265135698 0.4296875 0.24425887265135698 0.428125 0.24843423799582465 0.421875 0.24843423799582465 0.4203125 0.25260960334029225 0.4171875 0.25260960334029225 0.4171875 0.2567849686847599 0.4125 0.2630480167014614 0.409375 0.2630480167014614 0.409375 0.267223382045929 0.40625 0.26931106471816285 0.40625 0.2776617954070981 0.4015625 0.2797494780793319 0.4015625 0.3298538622129436 0.40625 0.33194154488517746 0.40625 0.33820459290187893 0.409375 0.34029227557411273 0.409375 0.3444676409185804 0.4125 0.3444676409185804 0.4171875 0.35073068893528186 0.4171875 0.35908141962421714 0.43125 0.35908141962421714 0.4390625 0.348643006263048 0.4390625 0.33194154488517746 0.44375 0.3298538622129436 0.4453125 0.3235908141962422 0.459375 0.3235908141962422 0.4625 0.31941544885177453 0.4625 0.31106471816283926 0.465625 0.3089770354906054 0.4671875 0.302713987473904 0.49375 0.302713987473904 0.4953125 0.2985386221294363 0.5015625 0.2985386221294363 0.5015625 0.26931106471816285 0.496875 0.267223382045929 0.496875 0.2588726513569937 0.49375 0.2567849686847599 0.49375 0.25260960334029225 0.490625 0.25260960334029225 0.4859375 0.24425887265135698 0.475 0.24425887265135698 0.4734375 0.23799582463465555 0.4609375 0.23799582463465555 0.459375 0.23382045929018788 0.45625 0.23382045929018788 0.45625 0.2359081419624217 0.453125 0.23799582463465555 0.4515625 0.24425887265135698
1 0.3484375 0.7766179540709812 0.34375 0.778705636743215 0.34375 0.7933194154488518 0.340625 0.7954070981210856 0.340625 0.8037578288100209 0.3328125 0.8100208768267223 0.3328125 0.8183716075156576 0.3390625 0.8183716075156576 0.340625 0.824634655532359 0.35 0.824634655532359 0.35625 0.8329853862212944 0.3625 0.8329853862212944 0.3640625 0.8392484342379958 0.3703125 0.8392484342379958 0.371875 0.8434237995824635 0.38125 0.8434237995824635 0.3828125 0.8392484342379958 0.3859375 0.8392484342379958 0.3859375 0.8350730688935282 0.3828125 0.8350730688935282 0.378125 0.826722338204593 0.3734375 0.824634655532359 0.3734375 0.8100208768267223 0.3703125 0.8079331941544885 0.3703125 0.7954070981210856 0.365625 0.7933194154488518 0.365625 0.7849686847599165 0.3625 0.7828810020876826 0.3625 0.778705636743215 0.3578125 0.7766179540709812 0.3578125 0.7682672233820459 0.3546875 0.7640918580375783 0.3515625 0.7640918580375783 0.3515625 0.7661795407098121 0.3484375 0.7682672233820459 0.3484375 0.7766179540709812
1 0 0.5198329853862212 0.003125 0.5198329853862212 0.0078125 0.5260960334029228 0.0078125 0.5302713987473904 0.0140625 0.5302713987473904 0.015625 0.534446764091858 0.021875 0.534446764091858 0.0234375 0.5302713987473904 0.0296875 0.5302713987473904 0.03125 0.524008350730689 0.0375 0.524008350730689 0.0390625 0.5302713987473904 0.05 0.5302713987473904 0.0515625 0.524008350730689 0.0609375 0.524008350730689 0.0625 0.5198329853862212 0.06875 0.5198329853862212 0.06875 0.5156576200417536 0.0734375 0.5093945720250522 0.0796875 0.5093945720250522 0.08125 0.5031315240083507 0.084375 0.5031315240083507 0.0890625 0.49478079331941544 0.0921875 0.49478079331941544 0.0921875 0.48643006263048016 0.0953125 0.48434237995824636 0.0953125 0.4759916492693111 0.1 0.47390396659707723 0.1 0.46555323590814196 0.103125 0.46346555323590816 0.103125 0.4551148225469729 0.1078125 0.453027139874739 0.1078125 0.42379958246346555 0.103125 0.42171189979123175 0.103125 0.4133611691022965 0.1 0.4112734864300626 0.1 0.40292275574112735 0.096875 0.40292275574112735 0.0921875 0.3966597077244259 0.0921875 0.3924843423799583 0.0890625 0.3924843423799583 0.084375 0.3862212943632568 0.084375 0.38204592901878914 0.078125 0.38204592901878914 0.0765625 0.3778705636743215 0.071875 0.3757828810020877 0.071875 0.37160751565762007 0.0671875 0.37160751565762007 0.065625 0.3674321503131524 0.059375 0.3674321503131524 0.0578125 0.36116910229645094 0.0515625 0.36116910229645094 0.05 0.3569937369519833 0.0359375 0.3569937369519833 0.034375 0.35073068893528186 0.028125 0.35073068893528186 0.028125 0.35281837160751567 0.0265625 0.3569937369519833 0.0046875 0.3569937369519833 0.003125 0.36116910229645094 0 0.36116910229645094 0 0.5198329853862212
1 0.0234375 0.826722338204593 0.0234375 0.8705636743215032 0.0203125 0.872651356993737 0.0203125 0.8810020876826722 0.0125 0.8872651356993737 0.0125 0.9018789144050104 0.0078125 0.9039665970772442 0.0078125 0.9373695198329853 0.0125 0.9394572025052192 0.0125 0.9478079331941545 0.015625 0.9519832985386222 0.0296875 0.9519832985386222 0.03125 0.9582463465553236 0.0375 0.9582463465553236 0.0390625 0.9624217118997912 0.05 0.9624217118997912 0.0515625 0.9686847599164927 0.065625 0.9686847599164927 0.0671875 0.9728601252609603 0.0796875 0.9728601252609603 0.08125 0.9791231732776617 0.1 0.9791231732776617 0.1015625 0.9728601252609603 0.1078125 0.9728601252609603 0.109375 0.9686847599164927 0.115625 0.9686847599164927 0.1171875 0.9624217118997912 0.1234375 0.9624217118997912 0.1265625 0.9582463465553236 0.1265625 0.9498956158663883 0.13125 0.9478079331941545 0.13125 0.9331941544885177 0.134375 0.9311064718162839 0.134375 0.9144050104384134 0.13125 0.9123173277661796 0.13125 0.8935281837160751 0.1265625 0.8914405010438413 0.1265625 0.8768267223382046 0.1234375 0.8747390396659708 0.1234375 0.8663883089770354 0.11875 0.8643006263048016 0.11875 0.8559498956158664 0.115625 0.8538622129436325 0.115625 0.8455114822546973 0.1125 0.8455114822546973 0.1078125 0.8392484342379958 0.1078125 0.8350730688935282 0.1046875 0.8350730688935282 0.1 0.826722338204593 0.0859375 0.826722338204593 0.084375 0.8204592901878914 0.028125 0.8204592901878914 0.028125 0.8225469728601252 0.0265625 0.826722338204593 0.0234375 0.826722338204593
1 0.7890625 0.07933194154488518 0.7875 0.08350730688935282 0.78125 0.08350730688935282 0.7796875 0.08768267223382047 0.7765625 0.08768267223382047 0.775 0.09394572025052192 0.76875 0.09394572025052192 0.7671875 0.09812108559498957 0.7609375 0.09812108559498957 0.7609375 0.1022964509394572 0.75625 0.10855949895615867 0.753125 0.10855949895615867 0.753125 0.1127348643006263 0.7484375 0.11899791231732777 0.7453125 0.11899791231732777 0.7453125 0.12734864300626306 0.7421875 0.12943632567849686 0.7421875 0.1732776617954071 0.7453125 0.17536534446764093 0.7453125 0.18997912317327767 0.7484375 0.18997912317327767 0.753125 0.19624217118997914 0.753125 0.20041753653444677 0.7578125 0.20250521920668058 0.7578125 0.21085594989561587 0.765625 0.21711899791231734 0.765625 0.22129436325678498 0.76875 0.2254697286012526 0.7734375 0.22755741127348644 0.7734375 0.23173277661795408 0.7765625 0.2359081419624217 0.78125 0.23799582463465555 0.78125 0.24217118997912318 0.7875 0.24217118997912318 0.7890625 0.24634655532359082 0.7953125 0.24634655532359082 0.796875 0.25052192066805845 0.80625 0.25052192066805845 0.8078125 0.2567849686847599 0.825 0.2567849686847599 0.8265625 0.25052192066805845 0.840625 0.25052192066805845 0.8421875 0.24634655532359082 0.8484375 0.24634655532359082 0.85 0.24217118997912318 0.853125 0.24217118997912318 0.853125 0.23799582463465555 0.8578125 0.23173277661795408 0.8609375 0.23173277661795408 0.8625 0.2254697286012526 0.871875 0.2254697286012526 0.875 0.22129436325678498 0.875 0.21294363256784968 0.8796875 0.21085594989561587 0.8796875 0.17536534446764093 0.8828125 0.1732776617954071 0.884375 0.1649269311064718 0.890625 0.1649269311064718 0.8921875 0.15866388308977036 0.8953125 0.15866388308977036 0.8984375 0.1544885177453027 0.8984375 0.14613778705636743 0.8953125 0.1440501043841336 0.8953125 0.13987473903966596 0.8984375 0.13778705636743216 0.8984375 0.12526096033402923 0.86875 0.12526096033402923 0.8671875 0.11899791231732777 0.8640625 0.11691022964509394 0.8640625 0.10855949895615867 0.8609375 0.10647181628392484 0.8609375 0.09812108559498957 0.8578125 0.09812108559498957 0.853125 0.0918580375782881 0.853125 0.08768267223382047 0.85 0.08768267223382047 0.8484375 0.08350730688935282 0.8421875 0.08350730688935282 0.840625 0.07933194154488518 0.834375 0.07933194154488518 0.8328125 0.07306889352818371 0.8 0.07306889352818371 0.8 0.07515657620041753 0.7984375 0.07933194154488518 0.7890625 0.07933194154488518
1 0.9234375 0.22338204592901878 0.921875 0.22755741127348644 0.915625 0.22755741127348644 0.9140625 0.23382045929018788 0.9078125 0.23382045929018788 0.903125 0.24425887265135698 0.896875 0.24425887265135698 0.8953125 0.24843423799582465 0.8890625 0.24843423799582465 0.8875 0.25260960334029225 0.884375 0.25260960334029225 0.8828125 0.2588726513569937 0.8765625 0.2588726513569937 0.8765625 0.267223382045929 0.871875 0.27348643006263046 0.86875 0.27348643006263046 0.86875 0.2818371607515658 0.865625 0.2839248434237996 0.865625 0.29227557411273486 0.86875 0.29436325678496866 0.86875 0.302713987473904 0.8734375 0.3048016701461378 0.8734375 0.31941544885177453 0.88125 0.325678496868476 0.88125 0.3298538622129436 0.8984375 0.3298538622129436 0.9 0.3235908141962422 0.903125 0.3235908141962422 0.9078125 0.33402922755741127 0.9140625 0.33402922755741127 0.915625 0.33820459290187893 0.91875 0.33820459290187893 0.9203125 0.34029227557411273 0.9203125 0.3653444676409186 0.9234375 0.3695198329853862 0.9296875 0.3695198329853862 0.93125 0.3757828810020877 0.9484375 0.3757828810020877 0.95 0.3695198329853862 0.9640625 0.3695198329853862 0.965625 0.3653444676409186 0.96875 0.3653444676409186 0.9734375 0.37160751565762007 0.9734375 0.3757828810020877 0.9765625 0.3757828810020877 0.978125 0.37995824634655534 0.984375 0.37995824634655534 0.984375 0.3569937369519833 0.9875 0.35490605427974947 0.9890625 0.348643006263048 0.9921875 0.348643006263048 0.9921875 0.33611691022964507 0.9875 0.33402922755741127 0.9875 0.31524008350730687 0.9953125 0.3089770354906054 0.9953125 0.3048016701461378 0.9921875 0.302713987473904 0.9921875 0.29436325678496866 0.9953125 0.29227557411273486 0.9953125 0.2797494780793319 0.9921875 0.2776617954070981 0.9921875 0.27348643006263046 0.9890625 0.27348643006263046 0.984375 0.267223382045929 0.984375 0.24425887265135698 0.98125 0.24425887265135698 0.9765625 0.25260960334029225 0.9703125 0.25260960334029225 0.96875 0.24843423799582465 0.9640625 0.24634655532359082 0.9640625 0.23799582463465555 0.95625 0.23173277661795408 0.95625 0.22755741127348644 0.953125 0.22338204592901878 0.9390625 0.22338204592901878 0.9375 0.21711899791231734 0.93125 0.21711899791231734 0.93125 0.21920668058455114 0.9296875 0.22338204592901878 0.9234375 0.22338204592901878
1 0.6109375 0.5845511482254697 0.609375 0.5887265135699373 0.603125 0.5887265135699373 0.603125 0.6012526096033403 0.6015625 0.6033402922755741 0.5921875 0.6033402922755741 0.5921875 0.6116910229645094 0.5875 0.6137787056367432 0.5875 0.6179540709812108 0.584375 0.6200417536534447 0.584375 0.6283924843423799 0.5765625 0.6304801670146137 0.5765625 0.6430062630480167 0.571875 0.6450939457202505 0.571875 0.6597077244258872 0.5765625 0.6617954070981211 0.5765625 0.6743215031315241 0.5828125 0.6743215031315241 0.5875 0.6805845511482255 0.5875 0.6889352818371608 0.590625 0.6889352818371608 0.5953125 0.6993736951983298 0.6 0.7014613778705637 0.6 0.7056367432150313 0.6046875 0.7056367432150313 0.60625 0.7098121085594989 0.6203125 0.7098121085594989 0.621875 0.7160751565762005 0.625 0.7160751565762005 0.625 0.7118997912317327 0.628125 0.7098121085594989 0.628125 0.6868475991649269 0.6328125 0.6847599164926931 0.6328125 0.6764091858037579 0.6359375 0.6743215031315241 0.6359375 0.6659707724425887 0.640625 0.6638830897703549 0.640625 0.6555323590814196 0.64375 0.6534446764091858 0.64375 0.6450939457202505 0.6484375 0.6430062630480167 0.653125 0.6325678496868476 0.65625 0.6325678496868476 0.659375 0.6283924843423799 0.6609375 0.6221294363256785 0.6640625 0.6221294363256785 0.6671875 0.6179540709812108 0.6671875 0.6096033402922756 0.6640625 0.6075156576200418 0.6640625 0.5991649269311065 0.659375 0.5970772442588727 0.659375 0.5887265135699373 0.6515625 0.5824634655532359 0.6515625 0.5782881002087683 0.6296875 0.5782881002087683 0.6296875 0.5824634655532359 0.6265625 0.5845511482254697 0.625 0.5782881002087683 0.621875 0.5782881002087683 0.621875 0.5803757828810021 0.6203125 0.5845511482254697 0.6109375 0.5845511482254697
1 0.4828125 0.964509394572025 0.4828125 0.9686847599164927 0.478125 0.9749478079331941 0.475 0.9749478079331941 0.475 0.9895615866388309 0.478125 0.9895615866388309 0.4796875 0.9937369519832986 0.528125 0.9937369519832986 0.5296875 0.9979123173277662 0.5390625 0.9979123173277662 0.54375 0.9916492693110647 0.540625 0.9916492693110647 0.5390625 0.9853862212943633 0.5328125 0.9791231732776617 0.5328125 0.9707724425887265 0.528125 0.9686847599164927 0.528125 0.964509394572025 0.521875 0.964509394572025 0.5203125 0.9603340292275574 0.4953125 0.9603340292275574 0.4953125 0.9624217118997912 0.49375 0.964509394572025 0.4828125 0.964509394572025
1 0 0 0 0.0020876826722338203 0 0.20041753653444677 0.003125 0.20041753653444677 0.0046875 0.2045929018789144 0 0.20668058455114824 0 0.9937369519832986 0.003125 0.9937369519832986 0.0046875 0.9979123173277662 0.184375 0.9979123173277662 0.1859375 0.9937369519832986 0.196875 0.9937369519832986 0.2 0.9979123173277662 0.203125 0.9937369519832986 0.2046875 0.9979123173277662 0.234375 0.9979123173277662 0.2359375 0.9937369519832986 0.2390625 0.9937369519832986 0.240625 0.9979123173277662 0.3734375 0.9979123173277662 0.375 0.9937369519832986 0.378125 0.9937369519832986 0.3796875 0.9979123173277662 0.3859375 0.9979123173277662 0.3875 0.9937369519832986 0.39375 0.9937369519832986 0.3953125 0.9979123173277662 0.4 0.9979123173277662 0.4015625 0.9937369519832986 0.4046875 0.9937369519832986 0.40625 0.9979123173277662 0.690625 0.9979123173277662 0.6921875 0.9937369519832986 0.6984375 0.9937369519832986 0.7 0.9979123173277662 0.70625 0.9979123173277662 0.709375 0.9937369519832986 0.7109375 0.9979123173277662 0.7140625 0.9979123173277662 0.7171875 0.9937369519832986 0.71875 0.9979123173277662 0.721875 0.9979123173277662 0.725 0.9937369519832986 0.7265625 0.9979123173277662 0.8609375 0.9979123173277662 0.8640625 0.9937369519832986 0.865625 0.9979123173277662 0.875 0.9979123173277662 0.8765625 0.9937369519832986 0.8796875 0.9937369519832986 0.88125 0.9979123173277662 0.9875 0.9979123173277662 0.99375 0.9895615866388309 0.9984375 0.9895615866388309 0.9984375 0.872651356993737 0.9953125 0.8705636743215032 0.9953125 0.8622129436325678 0.9984375 0.860125260960334 0.9984375 0.6617954070981211 0.9953125 0.6597077244258872 0.9953125 0.6450939457202505 0.9984375 0.6430062630480167 0.9984375 0.3987473903966597 0.9953125 0.3966597077244259 0.9953125 0.3883089770354906 0.9984375 0.3862212943632568 0.9984375 0.2588726513569937 0.9953125 0.2567849686847599 0.9953125 0.23799582463465555 0.9984375 0.2359081419624217 0.9984375 0.18580375782881003 0.9953125 0.1837160751565762 0.9953125 0.16701461377870563 0.9984375 0.1649269311064718 0.9984375 0.14613778705636743 0.9953125 0.1440501043841336 0.9953125 0.12943632567849686 0.9921875 0.12526096033402923 0.9953125 0.12317327766179541 0.9953125 0.08350730688935282 0.9984375 0.07933194154488518 0.9953125 0.07724425887265135 0.9953125 0.027139874739039668 0.9921875 0.025052192066805846 0.9921875 0.020876826722338204 0.9953125 0.016701461377870562 0.9921875 0.014613778705636743 0.9921875 0.010438413361169102 0.9875 0.008350730688935281 0.9875 0 0.371875 0 0.371875 0.0041753653444676405 0.3671875 0.006263048016701462 0.365625 0 0 0
1 0.734375 0.23382045929018788 0.7296875 0.24425887265135698 0.7265625 0.24425887265135698 0.7265625 0.25052192066805845 0.7234375 0.25260960334029225 0.7234375 0.2609603340292276 0.71875 0.2630480167014614 0.71875 0.267223382045929 0.7140625 0.27348643006263046 0.7109375 0.27348643006263046 0.709375 0.2797494780793319 0.703125 0.2797494780793319 0.7015625 0.2839248434237996 0.6953125 0.2839248434237996 0.69375 0.29018789144050106 0.6875 0.29018789144050106 0.6828125 0.30062630480167013 0.6796875 0.30062630480167013 0.6765625 0.3048016701461378 0.6765625 0.35490605427974947 0.684375 0.36116910229645094 0.684375 0.3653444676409186 0.690625 0.3653444676409186 0.6921875 0.3695198329853862 0.6984375 0.3695198329853862 0.7 0.3757828810020877 0.70625 0.3757828810020877 0.7078125 0.37995824634655534 0.7140625 0.37995824634655534 0.715625 0.3862212943632568 0.725 0.3862212943632568 0.7265625 0.3903966597077244 0.7359375 0.3903966597077244 0.7375 0.3966597077244259 0.7828125 0.3966597077244259 0.7828125 0.3924843423799583 0.790625 0.3862212943632568 0.7921875 0.37995824634655534 0.7953125 0.37995824634655534 0.7984375 0.3757828810020877 0.7984375 0.3674321503131524 0.8015625 0.3653444676409186 0.8015625 0.35073068893528186 0.80625 0.348643006263048 0.80625 0.34029227557411273 0.809375 0.33820459290187893 0.809375 0.3048016701461378 0.80625 0.302713987473904 0.80625 0.29018789144050106 0.8015625 0.2881002087682672 0.8015625 0.2797494780793319 0.7984375 0.2776617954070981 0.7984375 0.26931106471816285 0.7953125 0.267223382045929 0.7953125 0.2630480167014614 0.7921875 0.2630480167014614 0.7875 0.2567849686847599 0.7875 0.25260960334029225 0.784375 0.25260960334029225 0.7796875 0.24425887265135698 0.7765625 0.24425887265135698 0.771875 0.23382045929018788 0.765625 0.23382045929018788 0.7640625 0.22755741127348644 0.7421875 0.22755741127348644 0.7421875 0.22964509394572025 0.740625 0.23382045929018788 0.734375 0.23382045929018788
1 0 0.9895615866388309 0.003125 0.9895615866388309 0.0078125 0.9979123173277662 0.034375 0.9979123173277662 0.0359375 0.9937369519832986 0.0453125 0.9937369519832986 0.046875 0.9979123173277662 0.0953125 0.9979123173277662 0.0953125 0.9853862212943633 0.1 0.9832985386221295 0.1 0.9812108559498957 0.096875 0.9812108559498957 0.09375 0.9853862212943633 0.0921875 0.9812108559498957 0.078125 0.9812108559498957 0.0765625 0.9749478079331941 0.0671875 0.9749478079331941 0.065625 0.9707724425887265 0.0546875 0.9707724425887265 0.053125 0.964509394572025 0.04375 0.964509394572025 0.0421875 0.9603340292275574 0.0359375 0.9603340292275574 0.034375 0.954070981210856 0.015625 0.954070981210856 0.0140625 0.9498956158663883 0.0046875 0.9498956158663883 0.0046875 0.9519832985386222 0.0046875 0.9582463465553236 0 0.9603340292275574 0 0.9895615866388309
1 0.3796875 0.10438413361169102 0.378125 0.10855949895615867 0.375 0.10855949895615867 0.3734375 0.11482254697286012 0.3671875 0.11482254697286012 0.3625 0.12526096033402923 0.359375 0.12526096033402923 0.359375 0.1336116910229645 0.35625 0.13569937369519833 0.35625 0.1440501043841336 0.3515625 0.14613778705636743 0.3515625 0.15866388308977036 0.3484375 0.16075156576200417 0.3484375 0.21085594989561587 0.3515625 0.21294363256784968 0.3515625 0.23173277661795408 0.3546875 0.23173277661795408 0.35625 0.2359081419624217 0.3625 0.2359081419624217 0.3640625 0.24217118997912318 0.3734375 0.24217118997912318 0.375 0.24634655532359082 0.38125 0.24634655532359082 0.3828125 0.25052192066805845 0.3890625 0.25052192066805845 0.390625 0.2567849686847599 0.396875 0.2567849686847599 0.3984375 0.25052192066805845 0.4078125 0.25052192066805845 0.409375 0.2567849686847599 0.4125 0.2567849686847599 0.4140625 0.25052192066805845 0.4203125 0.25052192066805845 0.425 0.24217118997912318 0.43125 0.24217118997912318 0.4328125 0.2359081419624217 0.4390625 0.2359081419624217 0.440625 0.23173277661795408 0.446875 0.23173277661795408 0.4484375 0.2254697286012526 0.4515625 0.2254697286012526 0.4546875 0.22129436325678498 0.4546875 0.20668058455114824 0.459375 0.2045929018789144 0.459375 0.20250521920668058 0.4546875 0.20041753653444677 0.4546875 0.19624217118997914 0.459375 0.1941544885177453 0.459375 0.18580375782881003 0.45625 0.18580375782881003 0.4546875 0.18162839248434237 0.459375 0.17954070981210857 0.459375 0.13569937369519833 0.45625 0.13569937369519833 0.4515625 0.12526096033402923 0.446875 0.12317327766179541 0.446875 0.11899791231732777 0.44375 0.11482254697286012 0.4375 0.11482254697286012 0.4359375 0.10855949895615867 0.4328125 0.10855949895615867 0.43125 0.10438413361169102 0.4171875 0.10438413361169102 0.415625 0.09812108559498957 0.3984375 0.09812108559498957 0.3984375 0.10020876826722339 0.396875 0.10438413361169102 0.3796875 0.10438413361169102
1 0.934375 0.3924843423799583 0.934375 0.3966597077244259 0.928125 0.40292275574112735 0.9265625 0.4091858037578288 0.9234375 0.4091858037578288 0.9234375 0.42171189979123175 0.9203125 0.42379958246346555 0.9203125 0.46346555323590816 0.9234375 0.46555323590814196 0.9234375 0.4780793319415449 0.928125 0.4801670146137787 0.928125 0.49478079331941544 0.934375 0.5010438413361169 0.934375 0.5135699373695198 0.9375 0.5135699373695198 0.9421875 0.524008350730689 0.946875 0.5260960334029228 0.946875 0.5302713987473904 0.95 0.534446764091858 0.95625 0.534446764091858 0.9578125 0.5407098121085595 0.9765625 0.5407098121085595 0.978125 0.5448851774530271 0.9875 0.5448851774530271 0.9890625 0.5407098121085595 0.9953125 0.5407098121085595 0.9953125 0.5323590814196242 0.9984375 0.5302713987473904 0.9984375 0.3987473903966597 0.98125 0.3987473903966597 0.9796875 0.3924843423799583 0.9734375 0.3924843423799583 0.971875 0.3883089770354906 0.965625 0.3883089770354906 0.9640625 0.38204592901878914 0.9421875 0.38204592901878914 0.9421875 0.38413361169102295 0.9375 0.3924843423799583 0.934375 0.3924843423799583
1 0.815625 0.7390396659707724 0.8140625 0.7432150313152401 0.8109375 0.7432150313152401 0.8109375 0.7473903966597077 0.80625 0.7536534446764092 0.803125 0.7536534446764092 0.8 0.7578288100208769 0.8 0.7661795407098121 0.796875 0.7682672233820459 0.796875 0.7933194154488518 0.7921875 0.7954070981210856 0.7921875 0.824634655532359 0.796875 0.826722338204593 0.796875 0.8434237995824635 0.8 0.8455114822546973 0.8 0.8496868475991649 0.803125 0.8538622129436325 0.8078125 0.8559498956158664 0.8078125 0.8643006263048016 0.8109375 0.8663883089770354 0.8109375 0.8705636743215032 0.8171875 0.8705636743215032 0.81875 0.8747390396659708 0.8234375 0.8768267223382046 0.8234375 0.8810020876826722 0.8296875 0.8810020876826722 0.834375 0.8872651356993737 0.834375 0.8914405010438413 0.8453125 0.8914405010438413 0.8484375 0.8956158663883089 0.85 0.8914405010438413 0.8671875 0.8914405010438413 0.86875 0.8851774530271399 0.875 0.8851774530271399 0.8765625 0.8810020876826722 0.8828125 0.8810020876826722 0.8828125 0.8768267223382046 0.8875 0.8747390396659708 0.8890625 0.8705636743215032 0.8953125 0.8705636743215032 0.8953125 0.8663883089770354 0.9 0.860125260960334 0.903125 0.860125260960334 0.903125 0.8559498956158664 0.9078125 0.8496868475991649 0.9109375 0.8496868475991649 0.9109375 0.8413361169102297 0.9140625 0.8392484342379958 0.9140625 0.8204592901878914 0.9109375 0.8183716075156576 0.9109375 0.8058455114822547 0.90625 0.8037578288100209 0.90625 0.7954070981210856 0.903125 0.7933194154488518 0.903125 0.7849686847599165 0.9 0.7849686847599165 0.8953125 0.7745302713987474 0.890625 0.7724425887265136 0.890625 0.7640918580375783 0.8875 0.7620041753653445 0.8875 0.7578288100208769 0.884375 0.7578288100208769 0.8796875 0.7494780793319415 0.875 0.7473903966597077 0.875 0.7432150313152401 0.871875 0.7411273486430062 0.871875 0.732776617954071 0.8265625 0.732776617954071 0.8265625 0.7348643006263048 0.825 0.7390396659707724 0.815625 0.7390396659707724
1 0.5453125 0.7077244258872651 0.54375 0.7118997912317327 0.5375 0.7118997912317327 0.5359375 0.7181628392484343 0.5296875 0.7181628392484343 0.528125 0.7223382045929019 0.5109375 0.7223382045929019 0.509375 0.7286012526096033 0.4984375 0.7286012526096033 0.4984375 0.7661795407098121 0.503125 0.7682672233820459 0.503125 0.7828810020876826 0.4984375 0.7849686847599165 0.4984375 0.7933194154488518 0.4953125 0.7954070981210856 0.4953125 0.8037578288100209 0.490625 0.8058455114822547 0.490625 0.81419624217119 0.4953125 0.8162839248434238 0.4953125 0.824634655532359 0.503125 0.826722338204593 0.503125 0.8329853862212944 0.50625 0.8350730688935282 0.50625 0.8434237995824635 0.509375 0.8434237995824635 0.5109375 0.8496868475991649 0.5140625 0.8517745302713987 0.5140625 0.860125260960334 0.5203125 0.860125260960334 0.521875 0.8643006263048016 0.5265625 0.8663883089770354 0.5265625 0.8705636743215032 0.546875 0.8705636743215032 0.5484375 0.8747390396659708 0.590625 0.8747390396659708 0.5921875 0.8705636743215032 0.5984375 0.8705636743215032 0.5984375 0.8663883089770354 0.6046875 0.860125260960334 0.6046875 0.8559498956158664 0.609375 0.8538622129436325 0.609375 0.8413361169102297 0.6125 0.8392484342379958 0.6125 0.8204592901878914 0.6171875 0.8183716075156576 0.6171875 0.8100208768267223 0.6203125 0.8079331941544885 0.6203125 0.7995824634655533 0.625 0.7974947807933194 0.625 0.7849686847599165 0.628125 0.7828810020876826 0.628125 0.7578288100208769 0.625 0.755741127348643 0.625 0.7432150313152401 0.6203125 0.7411273486430062 0.6203125 0.732776617954071 0.6125 0.7265135699373695 0.6125 0.7223382045929019 0.609375 0.7181628392484343 0.603125 0.7181628392484343 0.5984375 0.7077244258872651 0.590625 0.7056367432150313 0.590625 0.7014613778705637 0.5640625 0.7014613778705637 0.5640625 0.7035490605427975 0.5625 0.7077244258872651 0.5453125 0.7077244258872651
1 0.8609375 0.9290187891440501 0.8578125 0.9290187891440501 0.8546875 0.9331941544885177 0.853125 0.9394572025052192 0.85 0.9394572025052192 0.85 0.9478079331941545 0.846875 0.9498956158663883 0.846875 0.9624217118997912 0.8421875 0.964509394572025 0.8421875 0.9791231732776617 0.8453125 0.9791231732776617 0.85 0.9853862212943633 0.85 0.9895615866388309 0.8796875 0.9895615866388309 0.884375 0.9979123173277662 0.9109375 0.9979123173277662 0.9109375 0.9853862212943633 0.9140625 0.9832985386221295 0.9140625 0.964509394572025 0.9109375 0.9603340292275574 0.9046875 0.9603340292275574 0.903125 0.954070981210856 0.9 0.954070981210856 0.8953125 0.9478079331941545 0.8953125 0.9436325678496869 0.890625 0.941544885177453 0.890625 0.9331941544885177 0.8828125 0.9269311064718163 0.8828125 0.9227557411273486 0.8796875 0.918580375782881 0.865625 0.918580375782881 0.865625 0.9206680584551148 0.8625 0.9227557411273486 0.8609375 0.9290187891440501
1 0.1390625 0.6659707724425887 0.1375 0.6701461377870563 0.1328125 0.6701461377870563 0.1328125 0.6743215031315241 0.128125 0.6764091858037579 0.1234375 0.6868475991649269 0.1203125 0.6868475991649269 0.1171875 0.6910229645093946 0.115625 0.697286012526096 0.1125 0.697286012526096 0.109375 0.7014613778705637 0.109375 0.7098121085594989 0.1046875 0.7118997912317327 0.1046875 0.7202505219206681 0.1015625 0.7223382045929019 0.1015625 0.7306889352818372 0.096875 0.732776617954071 0.096875 0.7828810020876826 0.1015625 0.7849686847599165 0.1015625 0.7974947807933194 0.1046875 0.7995824634655533 0.1046875 0.8079331941544885 0.1078125 0.8079331941544885 0.109375 0.81419624217119 0.1125 0.8162839248434238 0.1125 0.824634655532359 0.115625 0.824634655532359 0.1203125 0.8329853862212944 0.1265625 0.8329853862212944 0.128125 0.8392484342379958 0.134375 0.8392484342379958 0.1359375 0.8434237995824635 0.165625 0.8434237995824635 0.16875 0.8392484342379958 0.16875 0.826722338204593 0.1734375 0.824634655532359 0.1734375 0.7995824634655533 0.178125 0.7933194154488518 0.18125 0.7933194154488518 0.1828125 0.7870563674321504 0.1890625 0.7870563674321504 0.19375 0.7766179540709812 0.2 0.7766179540709812 0.2015625 0.7724425887265136 0.2078125 0.7724425887265136 0.2078125 0.7682672233820459 0.2125 0.7620041753653445 0.215625 0.7620041753653445 0.215625 0.7536534446764092 0.2203125 0.7473903966597077 0.2234375 0.7473903966597077 0.2234375 0.7390396659707724 0.225 0.7369519832985386 0.234375 0.7369519832985386 0.234375 0.732776617954071 0.23125 0.7306889352818372 0.23125 0.7223382045929019 0.225 0.7223382045929019 0.2234375 0.7181628392484343 0.215625 0.7160751565762005 0.215625 0.7014613778705637 0.2109375 0.6993736951983298 0.2109375 0.6910229645093946 0.203125 0.6847599164926931 0.203125 0.6805845511482255 0.196875 0.6743215031315241 0.196875 0.6701461377870563 0.190625 0.6701461377870563 0.1890625 0.6659707724425887 0.178125 0.6659707724425887 0.1765625 0.6617954070981211 0.1546875 0.6617954070981211 0.1546875 0.6638830897703549 0.153125 0.6659707724425887 0.1390625 0.6659707724425887
1 0.5109375 0 0.5109375 0.0020876826722338203 0.5109375 0.081419624217119 0.51875 0.08768267223382047 0.51875 0.0918580375782881 0.5328125 0.0918580375782881 0.5328125 0.08768267223382047 0.5390625 0.081419624217119 0.5390625 0.06889352818371608 0.54375 0.06680584551148225 0.54375 0.05219206680584551 0.5484375 0.04592901878914405 0.5515625 0.04592901878914405 0.5515625 0.04175365344467641 0.55625 0.03549060542797495 0.5625 0.03549060542797495 0.5640625 0.029227557411273485 0.5703125 0.029227557411273485 0.571875 0.025052192066805846 0.578125 0.025052192066805846 0.5796875 0.018789144050104383 0.5984375 0.018789144050104383 0.6 0.014613778705636743 0.6046875 0.014613778705636743 0.60625 0.008350730688935281 0.609375 0.008350730688935281 0.609375 0 0.5109375 0
1 0.35625 0.36116910229645094 0.3546875 0.3674321503131524 0.3484375 0.3674321503131524 0.346875 0.37160751565762007 0.34375 0.37160751565762007 0.34375 0.3757828810020877 0.3390625 0.38204592901878914 0.3359375 0.38204592901878914 0.3359375 0.3862212943632568 0.33125 0.3924843423799583 0.325 0.3924843423799583 0.325 0.4154488517745303 0.321875 0.4175365344467641 0.321875 0.453027139874739 0.325 0.4551148225469729 0.325 0.46346555323590816 0.328125 0.46346555323590816 0.3359375 0.4780793319415449 0.340625 0.4801670146137787 0.340625 0.48434237995824636 0.346875 0.48434237995824636 0.3484375 0.48851774530271397 0.3625 0.48851774530271397 0.3640625 0.49478079331941544 0.3859375 0.49478079331941544 0.3875 0.48851774530271397 0.396875 0.48851774530271397 0.3984375 0.48434237995824636 0.4046875 0.48434237995824636 0.40625 0.4780793319415449 0.4125 0.4780793319415449 0.4171875 0.46764091858037576 0.4203125 0.46764091858037576 0.4234375 0.46346555323590816 0.425 0.4572025052192067 0.428125 0.4572025052192067 0.428125 0.42379958246346555 0.4234375 0.42171189979123175 0.4234375 0.4091858037578288 0.4203125 0.407098121085595 0.4203125 0.38204592901878914 0.415625 0.37995824634655534 0.415625 0.37160751565762007 0.4078125 0.3653444676409186 0.4078125 0.36116910229645094 0.4046875 0.3569937369519833 0.3671875 0.3569937369519833 0.3671875 0.35908141962421714 0.365625 0.36116910229645094 0.35625 0.36116910229645094
1 0.4375 0.46346555323590816 0.4328125 0.46555323590814196 0.43125 0.4697286012526096 0.425 0.4697286012526096 0.4234375 0.4759916492693111 0.4171875 0.4759916492693111 0.415625 0.4801670146137787 0.409375 0.4801670146137787 0.4078125 0.48643006263048016 0.4015625 0.48643006263048016 0.4 0.4906054279749478 0.3953125 0.4906054279749478 0.39375 0.4968684759916493 0.3875 0.4968684759916493 0.3859375 0.5010438413361169 0.3828125 0.5010438413361169 0.3828125 0.5657620041753654 0.3875 0.5678496868475992 0.3875 0.5824634655532359 0.3984375 0.592901878914405 0.3984375 0.5970772442588727 0.4015625 0.5991649269311065 0.4015625 0.6075156576200418 0.4046875 0.6075156576200418 0.409375 0.6137787056367432 0.409375 0.6179540709812108 0.4125 0.6179540709812108 0.4171875 0.6242171189979123 0.4171875 0.6283924843423799 0.4234375 0.6283924843423799 0.425 0.6325678496868476 0.43125 0.6325678496868476 0.4328125 0.6388308977035491 0.4546875 0.6388308977035491 0.45625 0.6325678496868476 0.4625 0.6325678496868476 0.4671875 0.6221294363256785 0.4703125 0.6221294363256785 0.4734375 0.6179540709812108 0.475 0.6116910229645094 0.478125 0.6116910229645094 0.48125 0.6075156576200418 0.4828125 0.6012526096033403 0.4859375 0.6012526096033403 0.4859375 0.592901878914405 0.4890625 0.5908141962421712 0.4890625 0.5845511482254697 0.49375 0.5824634655532359 0.49375 0.5741127348643006 0.496875 0.5720250521920668 0.496875 0.5678496868475992 0.5015625 0.5657620041753654 0.5015625 0.5532359081419624 0.5046875 0.5511482254697286 0.5046875 0.5219206680584552 0.5015625 0.5198329853862212 0.5015625 0.511482254697286 0.4984375 0.511482254697286 0.49375 0.5010438413361169 0.490625 0.5010438413361169 0.4859375 0.49478079331941544 0.4859375 0.4906054279749478 0.48125 0.48851774530271397 0.4828125 0.48434237995824636 0.4859375 0.48434237995824636 0.4859375 0.46555323590814196 0.48125 0.46346555323590816 0.48125 0.4592901878914405 0.4671875 0.4592901878914405 0.4671875 0.46346555323590816 0.4609375 0.4697286012526096 0.459375 0.4759916492693111 0.4484375 0.4759916492693111 0.446875 0.4697286012526096 0.44375 0.46764091858037576 0.44375 0.4488517745302714 0.440625 0.4488517745302714 0.440625 0.4509394572025052 0.4375 0.4551148225469729 0.4375 0.46346555323590816
1 0.19375 0 0.19375 0.0020876826722338203 0.19375 0.029227557411273485 0.1984375 0.031315240083507306 0.1984375 0.06680584551148225 0.2015625 0.06889352818371608 0.2015625 0.07724425887265135 0.2046875 0.081419624217119 0.2078125 0.081419624217119 0.209375 0.08559498956158663 0.215625 0.08559498956158663 0.2171875 0.0918580375782881 0.25 0.0918580375782881 0.2515625 0.08559498956158663 0.2625 0.08559498956158663 0.2671875 0.07724425887265135 0.2734375 0.07724425887265135 0.275 0.0709812108559499 0.28125 0.0709812108559499 0.284375 0.06680584551148225 0.284375 0.037578288100208766 0.28125 0.03549060542797495 0.28125 0.006263048016701462 0.275 0.006263048016701462 0.2734375 0 0.2359375 0 0.2359375 0.0041753653444676405 0.2328125 0.006263048016701462 0.23125 0 0.19375 0
1 0.4484375 0.8162839248434238 0.4453125 0.8204592901878914 0.4453125 0.824634655532359 0.440625 0.826722338204593 0.4390625 0.8308977035490606 0.4328125 0.8308977035490606 0.43125 0.8350730688935282 0.425 0.8350730688935282 0.4234375 0.8413361169102297 0.40625 0.8413361169102297 0.4046875 0.8455114822546973 0.3984375 0.8455114822546973 0.3984375 0.8496868475991649 0.3953125 0.8517745302713987 0.3953125 0.8747390396659708 0.3984375 0.8768267223382046 0.3984375 0.9123173277661796 0.4015625 0.9164926931106472 0.3984375 0.918580375782881 0.3984375 0.9373695198329853 0.3953125 0.941544885177453 0.3984375 0.9436325678496869 0.3984375 0.9478079331941545 0.4046875 0.9478079331941545 0.409375 0.954070981210856 0.409375 0.9582463465553236 0.4125 0.9582463465553236 0.4140625 0.9624217118997912 0.428125 0.9624217118997912 0.4296875 0.9686847599164927 0.478125 0.9686847599164927 0.4796875 0.9624217118997912 0.4859375 0.9624217118997912 0.4875 0.9582463465553236 0.49375 0.9582463465553236 0.4953125 0.9519832985386222 0.5015625 0.9519832985386222 0.5015625 0.9436325678496869 0.5046875 0.941544885177453 0.5046875 0.9144050104384134 0.509375 0.9123173277661796 0.509375 0.8935281837160751 0.5046875 0.8914405010438413 0.5046875 0.872651356993737 0.5015625 0.8705636743215032 0.5015625 0.8559498956158664 0.496875 0.8538622129436325 0.496875 0.8455114822546973 0.49375 0.8434237995824635 0.49375 0.8350730688935282 0.490625 0.8350730688935282 0.4859375 0.826722338204593 0.4828125 0.826722338204593 0.48125 0.8204592901878914 0.475 0.8204592901878914 0.4734375 0.8162839248434238 0.4671875 0.8162839248434238 0.465625 0.8100208768267223 0.45625 0.8100208768267223 0.45625 0.8121085594989561 0.4546875 0.8162839248434238 0.4484375 0.8162839248434238
1 0.0046875 0 0.0046875 0.0020876826722338203 0.0046875 0.008350730688935281 0 0.010438413361169102 0 0.014613778705636743 0.0046875 0.016701461377870562 0.0046875 0.029227557411273485 0.0109375 0.029227557411273485 0.0125 0.03549060542797495 0.021875 0.03549060542797495 0.0234375 0.03966597077244259 0.028125 0.04175365344467641 0.028125 0.04592901878914405 0.03125 0.05010438413361169 0.0359375 0.05219206680584551 0.0359375 0.05636743215031315 0.0453125 0.05636743215031315 0.046875 0.060542797494780795 0.05 0.060542797494780795 0.0515625 0.05636743215031315 0.065625 0.05636743215031315 0.065625 0.05219206680584551 0.071875 0.04592901878914405 0.071875 0.04175365344467641 0.0796875 0.03549060542797495 0.0796875 0.027139874739039668 0.084375 0.025052192066805846 0.084375 0.020876826722338204 0.0890625 0.014613778705636743 0.0921875 0.014613778705636743 0.0921875 0 0.0515625 0 0.05 0.006263048016701462 0.04375 0.006263048016701462 0.0421875 0.010438413361169102 0.0390625 0.010438413361169102 0.034375 0.0041753653444676405 0.034375 0 0.0046875 0
1 0.571875 0.13569937369519833 0.571875 0.1440501043841336 0.5671875 0.15031315240083507 0.5609375 0.15031315240083507 0.559375 0.14613778705636743 0.5484375 0.14613778705636743 0.5453125 0.15031315240083507 0.5453125 0.15866388308977036 0.540625 0.16075156576200417 0.540625 0.1649269311064718 0.5359375 0.17118997912317327 0.5296875 0.17118997912317327 0.5265625 0.17536534446764093 0.5265625 0.17954070981210857 0.5296875 0.18162839248434237 0.5296875 0.1941544885177453 0.5265625 0.19624217118997914 0.525 0.20250521920668058 0.521875 0.20250521920668058 0.521875 0.2150313152400835 0.51875 0.21711899791231734 0.51875 0.23173277661795408 0.5140625 0.23382045929018788 0.5140625 0.25052192066805845 0.5109375 0.25260960334029225 0.5109375 0.2567849686847599 0.5140625 0.2588726513569937 0.5140625 0.27139874739039666 0.5171875 0.27139874739039666 0.51875 0.2776617954070981 0.5265625 0.2839248434237996 0.5265625 0.2881002087682672 0.5296875 0.29227557411273486 0.534375 0.29436325678496866 0.534375 0.2985386221294363 0.5375 0.302713987473904 0.54375 0.302713987473904 0.5453125 0.3089770354906054 0.5515625 0.3089770354906054 0.55625 0.31524008350730687 0.55625 0.31941544885177453 0.5671875 0.31941544885177453 0.56875 0.3235908141962422 0.578125 0.3235908141962422 0.5796875 0.3298538622129436 0.6015625 0.3298538622129436 0.603125 0.3235908141962422 0.6125 0.3235908141962422 0.6140625 0.31941544885177453 0.6171875 0.31941544885177453 0.6171875 0.31524008350730687 0.621875 0.3089770354906054 0.625 0.3089770354906054 0.625 0.30062630480167013 0.628125 0.2985386221294363 0.628125 0.2839248434237996 0.6328125 0.2818371607515658 0.6328125 0.21711899791231734 0.628125 0.2150313152400835 0.628125 0.20250521920668058 0.625 0.20041753653444677 0.625 0.19206680584551147 0.6203125 0.18997912317327767 0.6203125 0.18580375782881003 0.6140625 0.18580375782881003 0.6125 0.18162839248434237 0.60625 0.18162839248434237 0.6046875 0.17536534446764093 0.6015625 0.1732776617954071 0.6015625 0.16701461377870563 0.5984375 0.1649269311064718 0.5984375 0.16075156576200417 0.5953125 0.16075156576200417 0.59375 0.15657620041753653 0.5859375 0.1544885177453027 0.5859375 0.13569937369519833 0.5828125 0.1336116910229645 0.5828125 0.12943632567849686 0.5796875 0.12943632567849686 0.5796875 0.1315240083507307 0.578125 0.13569937369519833 0.571875 0.13569937369519833
1 0.61875 0 0.61875 0.0020876826722338203 0.6171875 0.006263048016701462 0.6109375 0.006263048016701462 0.609375 0.010438413361169102 0.60625 0.010438413361169102 0.6046875 0.016701461377870562 0.5953125 0.016701461377870562 0.59375 0.020876826722338204 0.5765625 0.020876826722338204 0.5765625 0.025052192066805846 0.571875 0.027139874739039668 0.5703125 0.031315240083507306 0.5609375 0.031315240083507306 0.559375 0.037578288100208766 0.553125 0.037578288100208766 0.5515625 0.04175365344467641 0.5484375 0.04175365344467641 0.5484375 0.04592901878914405 0.5453125 0.04801670146137787 0.5453125 0.060542797494780795 0.540625 0.06263048016701461 0.540625 0.0918580375782881 0.5453125 0.09394572025052192 0.5453125 0.1127348643006263 0.553125 0.11899791231732777 0.553125 0.12734864300626306 0.5609375 0.12943632567849686 0.5609375 0.1336116910229645 0.575 0.1336116910229645 0.5765625 0.12734864300626306 0.5828125 0.12734864300626306 0.5875 0.13778705636743216 0.5921875 0.13987473903966596 0.5921875 0.1440501043841336 0.625 0.1440501043841336 0.625 0.13987473903966596 0.6296875 0.1336116910229645 0.6328125 0.1336116910229645 0.6328125 0.12943632567849686 0.6375 0.12317327766179541 0.640625 0.12317327766179541 0.640625 0.11899791231732777 0.64375 0.11691022964509394 0.64375 0.10855949895615867 0.6515625 0.1022964509394572 0.653125 0.09603340292275574 0.65625 0.09603340292275574 0.65625 0.06889352818371608 0.659375 0.06680584551148225 0.659375 0.05845511482254697 0.6640625 0.05636743215031315 0.6640625 0.05219206680584551 0.659375 0.05010438413361169 0.659375 0.027139874739039668 0.65625 0.025052192066805846 0.65625 0.016701461377870562 0.6515625 0.014613778705636743 0.6515625 0.010438413361169102 0.65625 0.008350730688935281 0.65625 0.006263048016701462 0.653125 0.006263048016701462 0.65 0.010438413361169102 0.6484375 0.006263048016701462 0.6375 0.006263048016701462 0.6359375 0 0.61875 0
1 0.715625 0.40292275574112735 0.7140625 0.4091858037578288 0.7078125 0.4091858037578288 0.70625 0.4133611691022965 0.703125 0.4133611691022965 0.703125 0.42588726513569936 0.7078125 0.4279749478079332 0.7078125 0.44258872651356995 0.7109375 0.44467640918580376 0.7078125 0.4488517745302714 0.7078125 0.48851774530271397 0.7109375 0.4906054279749478 0.7109375 0.49478079331941544 0.715625 0.4968684759916493 0.715625 0.5093945720250522 0.721875 0.5093945720250522 0.7234375 0.5135699373695198 0.7328125 0.5135699373695198 0.734375 0.5198329853862212 0.7484375 0.5198329853862212 0.75 0.524008350730689 0.75625 0.524008350730689 0.7578125 0.5302713987473904 0.759375 0.5302713987473904 0.7609375 0.524008350730689 0.7671875 0.524008350730689 0.76875 0.5198329853862212 0.771875 0.5198329853862212 0.771875 0.5156576200417536 0.7765625 0.5093945720250522 0.7796875 0.5093945720250522 0.7796875 0.5052192066805845 0.784375 0.4989561586638831 0.7875 0.4989561586638831 0.7890625 0.49478079331941544 0.7953125 0.49478079331941544 0.7953125 0.4906054279749478 0.7984375 0.48851774530271397 0.7984375 0.4801670146137787 0.7953125 0.4780793319415449 0.7953125 0.4551148225469729 0.790625 0.453027139874739 0.790625 0.4384133611691023 0.7875 0.4363256784968685 0.7875 0.4279749478079332 0.7828125 0.42588726513569936 0.7828125 0.4175365344467641 0.7796875 0.4133611691022965 0.7765625 0.4133611691022965 0.775 0.4091858037578288 0.76875 0.4091858037578288 0.7671875 0.40292275574112735 0.7421875 0.40292275574112735 0.740625 0.3987473903966597 0.7265625 0.3987473903966597 0.7265625 0.40083507306889354 0.725 0.40292275574112735 0.715625 0.40292275574112735
1 0.7078125 0.5260960334029228 0.7078125 0.5302713987473904 0.703125 0.5323590814196242 0.7015625 0.5365344467640919 0.6953125 0.5365344467640919 0.6953125 0.5407098121085595 0.690625 0.5469728601252609 0.6875 0.5469728601252609 0.6875 0.5511482254697286 0.6828125 0.55741127348643 0.6796875 0.55741127348643 0.6796875 0.5615866388308977 0.6765625 0.5636743215031316 0.6765625 0.5762004175365344 0.671875 0.5782881002087683 0.671875 0.6075156576200418 0.678125 0.6075156576200418 0.6796875 0.6116910229645094 0.6828125 0.6116910229645094 0.684375 0.6075156576200418 0.690625 0.6075156576200418 0.6921875 0.6116910229645094 0.7171875 0.6116910229645094 0.71875 0.6179540709812108 0.7296875 0.6179540709812108 0.73125 0.6221294363256785 0.740625 0.6221294363256785 0.7453125 0.6325678496868476 0.75 0.6346555323590815 0.75 0.6388308977035491 0.759375 0.6388308977035491 0.7609375 0.6325678496868476 0.7640625 0.6325678496868476 0.7640625 0.6200417536534447 0.7671875 0.6179540709812108 0.7671875 0.6096033402922756 0.771875 0.6075156576200418 0.771875 0.55741127348643 0.7671875 0.5553235908141962 0.7671875 0.5469728601252609 0.759375 0.5407098121085595 0.759375 0.5365344467640919 0.75625 0.5323590814196242 0.7484375 0.5302713987473904 0.7484375 0.5260960334029228 0.7265625 0.5260960334029228 0.725 0.5219206680584552 0.71875 0.5219206680584552 0.71875 0.524008350730689 0.7171875 0.5260960334029228 0.7078125 0.5260960334029228
1 0.5609375 0.8830897703549061 0.5609375 0.8914405010438413 0.55625 0.8935281837160751 0.55625 0.906054279749478 0.553125 0.9081419624217119 0.553125 0.9164926931106472 0.5484375 0.918580375782881 0.5484375 0.9373695198329853 0.553125 0.9394572025052192 0.553125 0.9582463465553236 0.55625 0.9603340292275574 0.55625 0.9728601252609603 0.559375 0.9728601252609603 0.5640625 0.9832985386221295 0.56875 0.9853862212943633 0.56875 0.9895615866388309 0.571875 0.9937369519832986 0.5859375 0.9937369519832986 0.5875 0.9979123173277662 0.6640625 0.9979123173277662 0.665625 0.9937369519832986 0.675 0.9937369519832986 0.675 0.9916492693110647 0.6703125 0.9895615866388309 0.6703125 0.9812108559498957 0.675 0.9791231732776617 0.675 0.9749478079331941 0.671875 0.9749478079331941 0.6671875 0.9686847599164927 0.6671875 0.9603340292275574 0.6640625 0.9582463465553236 0.6640625 0.9436325678496869 0.6609375 0.9436325678496869 0.65625 0.9373695198329853 0.65625 0.9290187891440501 0.6453125 0.9290187891440501 0.64375 0.9227557411273486 0.640625 0.9206680584551148 0.640625 0.9144050104384134 0.6359375 0.9123173277661796 0.6359375 0.9081419624217119 0.6328125 0.906054279749478 0.6328125 0.8935281837160751 0.6265625 0.8935281837160751 0.625 0.8872651356993737 0.6140625 0.8872651356993737 0.609375 0.8810020876826722 0.609375 0.8768267223382046 0.5765625 0.8768267223382046 0.5765625 0.8789144050104384 0.575 0.8830897703549061 0.5609375 0.8830897703549061
1 0.1015625 0.48434237995824636 0.09375 0.4906054279749478 0.0921875 0.4968684759916493 0.0890625 0.4968684759916493 0.0890625 0.5031315240083507 0.08125 0.5052192066805845 0.08125 0.5093945720250522 0.0765625 0.5156576200417536 0.0734375 0.5156576200417536 0.0734375 0.5198329853862212 0.0703125 0.5219206680584552 0.0703125 0.5302713987473904 0.0734375 0.5323590814196242 0.0734375 0.5407098121085595 0.0921875 0.5407098121085595 0.09375 0.534446764091858 0.11875 0.534446764091858 0.1203125 0.5407098121085595 0.1265625 0.5407098121085595 0.128125 0.5448851774530271 0.1375 0.5448851774530271 0.1390625 0.5511482254697286 0.15 0.5511482254697286 0.1515625 0.5553235908141962 0.165625 0.5553235908141962 0.165625 0.5532359081419624 0.1546875 0.5532359081419624 0.153125 0.5511482254697286 0.153125 0.5469728601252609 0.1578125 0.5448851774530271 0.1578125 0.5427974947807933 0.1546875 0.5427974947807933 0.153125 0.5365344467640919 0.15 0.534446764091858 0.15 0.5260960334029228 0.1390625 0.5260960334029228 0.1375 0.5156576200417536 0.134375 0.511482254697286 0.128125 0.511482254697286 0.1234375 0.5010438413361169 0.11875 0.4989561586638831 0.11875 0.48643006263048016 0.115625 0.48434237995824636 0.115625 0.4759916492693111 0.1109375 0.47390396659707723 0.1109375 0.4697286012526096 0.1046875 0.4697286012526096 0.1046875 0.4718162839248434 0.1015625 0.4759916492693111 0.1015625 0.48434237995824636
1 0.1546875 0.8810020876826722 0.1515625 0.8830897703549061 0.1515625 0.8914405010438413 0.146875 0.8935281837160751 0.146875 0.9123173277661796 0.14375 0.9144050104384134 0.14375 0.9311064718162839 0.1390625 0.9331941544885177 0.1390625 0.9519832985386222 0.1328125 0.954070981210856 0.13125 0.9603340292275574 0.128125 0.9603340292275574 0.125 0.964509394572025 0.125 0.9728601252609603 0.1203125 0.9749478079331941 0.1203125 0.9895615866388309 0.1171875 0.9937369519832986 0.1203125 0.9979123173277662 0.13125 0.9979123173277662 0.1328125 0.9937369519832986 0.1421875 0.9937369519832986 0.14375 0.9979123173277662 0.1609375 0.9979123173277662 0.1625 0.9937369519832986 0.1921875 0.9937369519832986 0.19375 0.9895615866388309 0.2078125 0.9895615866388309 0.2109375 0.9937369519832986 0.2125 0.9895615866388309 0.215625 0.9895615866388309 0.2171875 0.9937369519832986 0.23125 0.9937369519832986 0.2328125 0.9895615866388309 0.2421875 0.9895615866388309 0.2421875 0.9853862212943633 0.25 0.9791231732776617 0.2515625 0.9728601252609603 0.2546875 0.9728601252609603 0.2546875 0.964509394572025 0.2578125 0.9624217118997912 0.2578125 0.9394572025052192 0.2625 0.9373695198329853 0.2625 0.9227557411273486 0.2578125 0.9206680584551148 0.2578125 0.9081419624217119 0.209375 0.9081419624217119 0.2078125 0.9039665970772442 0.1984375 0.9039665970772442 0.196875 0.8977035490605428 0.190625 0.8977035490605428 0.1890625 0.8935281837160751 0.1828125 0.8935281837160751 0.18125 0.8872651356993737 0.175 0.8872651356993737 0.1734375 0.8830897703549061 0.16875 0.8810020876826722 0.16875 0.8768267223382046 0.1625 0.8768267223382046 0.159375 0.872651356993737 0.159375 0.8747390396659708 0.1546875 0.8768267223382046 0.1546875 0.8810020876826722
1 0.8578125 0.30062630480167013 0.8578125 0.31315240083507306 0.85625 0.31524008350730687 0.846875 0.31524008350730687 0.8453125 0.32150313152400833 0.83125 0.32150313152400833 0.8296875 0.325678496868476 0.8234375 0.325678496868476 0.821875 0.33194154488517746 0.81875 0.33194154488517746 0.8140625 0.34029227557411273 0.8109375 0.34029227557411273 0.8109375 0.3444676409185804 0.8078125 0.3465553235908142 0.8078125 0.35490605427974947 0.803125 0.3569937369519833 0.803125 0.3695198329853862 0.8 0.37160751565762007 0.8 0.37995824634655534 0.796875 0.38204592901878914 0.796875 0.40083507306889354 0.7921875 0.40292275574112735 0.7921875 0.4112734864300626 0.796875 0.4133611691022965 0.796875 0.44676409185803756 0.8 0.4488517745302714 0.8 0.453027139874739 0.803125 0.4572025052192067 0.8078125 0.4592901878914405 0.8078125 0.46346555323590816 0.8109375 0.46764091858037576 0.815625 0.4697286012526096 0.815625 0.47390396659707723 0.821875 0.47390396659707723 0.8265625 0.4801670146137787 0.8265625 0.48434237995824636 0.8671875 0.48434237995824636 0.86875 0.4780793319415449 0.875 0.4780793319415449 0.8765625 0.47390396659707723 0.8875 0.47390396659707723 0.8875 0.4697286012526096 0.8921875 0.46346555323590816 0.8984375 0.46346555323590816 0.8984375 0.4551148225469729 0.903125 0.453027139874739 0.903125 0.4488517745302714 0.9078125 0.44258872651356995 0.9109375 0.44258872651356995 0.9109375 0.4342379958246347 0.9140625 0.4321503131524008 0.9140625 0.42379958246346555 0.91875 0.42171189979123175 0.91875 0.3924843423799583 0.9203125 0.3903966597077244 0.9296875 0.3903966597077244 0.9296875 0.3778705636743215 0.915625 0.3778705636743215 0.9140625 0.37160751565762007 0.90625 0.3695198329853862 0.90625 0.36116910229645094 0.9140625 0.35490605427974947 0.915625 0.348643006263048 0.91875 0.348643006263048 0.91875 0.34029227557411273 0.915625 0.34029227557411273 0.9140625 0.33611691022964507 0.9078125 0.33611691022964507 0.90625 0.33194154488517746 0.88125 0.33194154488517746 0.8796875 0.325678496868476 0.8765625 0.325678496868476 0.871875 0.31941544885177453 0.871875 0.31524008350730687 0.8671875 0.31315240083507306 0.8671875 0.3048016701461378 0.8640625 0.302713987473904 0.8640625 0.29436325678496866 0.8625 0.29436325678496866 0.8625 0.2964509394572025 0.8609375 0.30062630480167013 0.8578125 0.30062630480167013
1 0.7609375 0.7473903966597077 0.75625 0.7536534446764092 0.753125 0.7536534446764092 0.75 0.7578288100208769 0.7484375 0.7640918580375783 0.7453125 0.7640918580375783 0.74375 0.7682672233820459 0.7375 0.7682672233820459 0.7359375 0.7745302713987474 0.71875 0.7745302713987474 0.7171875 0.778705636743215 0.7109375 0.778705636743215 0.7109375 0.7828810020876826 0.70625 0.7891440501043842 0.7 0.7891440501043842 0.7 0.8037578288100209 0.7078125 0.8100208768267223 0.7078125 0.81419624217119 0.7109375 0.8183716075156576 0.715625 0.8204592901878914 0.715625 0.8288100208768268 0.71875 0.8329853862212944 0.7234375 0.8350730688935282 0.7234375 0.8496868475991649 0.7359375 0.8496868475991649 0.7375 0.8434237995824635 0.74375 0.8434237995824635 0.7453125 0.8392484342379958 0.759375 0.8392484342379958 0.759375 0.8350730688935282 0.7640625 0.8329853862212944 0.765625 0.8288100208768268 0.771875 0.8288100208768268 0.775 0.824634655532359 0.775 0.8162839248434238 0.7796875 0.81419624217119 0.7796875 0.8100208768267223 0.7828125 0.8079331941544885 0.7828125 0.7954070981210856 0.7875 0.7933194154488518 0.7875 0.7578288100208769 0.7828125 0.755741127348643 0.7828125 0.7494780793319415 0.775 0.7390396659707724 0.765625 0.7390396659707724 0.765625 0.7411273486430062 0.7609375 0.7432150313152401 0.7609375 0.7473903966597077
1 0.2859375 0 0.2859375 0.0020876826722338203 0.2859375 0.05010438413361169 0.290625 0.05219206680584551 0.290625 0.060542797494780795 0.29375 0.06263048016701461 0.29375 0.0709812108559499 0.296875 0.0709812108559499 0.2984375 0.07724425887265135 0.3015625 0.081419624217119 0.3046875 0.081419624217119 0.30625 0.08559498956158663 0.3125 0.08559498956158663 0.3140625 0.0918580375782881 0.3203125 0.0918580375782881 0.325 0.09812108559498957 0.325 0.1022964509394572 0.33125 0.1022964509394572 0.3328125 0.10647181628392484 0.3546875 0.10647181628392484 0.35625 0.1022964509394572 0.3625 0.1022964509394572 0.3640625 0.09603340292275574 0.3703125 0.09603340292275574 0.371875 0.08559498956158663 0.378125 0.08559498956158663 0.3828125 0.07724425887265135 0.3859375 0.07724425887265135 0.3859375 0.07306889352818371 0.390625 0.06680584551148225 0.39375 0.06680584551148225 0.39375 0.06263048016701461 0.4 0.05636743215031315 0.4 0.05219206680584551 0.4078125 0.04592901878914405 0.4078125 0.031315240083507306 0.4125 0.029227557411273485 0.4125 0 0.375 0 0.375 0.0041753653444676405 0.371875 0.006263048016701462 0.3703125 0 0.2859375 0