6 0.9290187891440501 0.146875 0.9290187891440501 0.165625 0.9227557411273486 0.1671875 0.9227557411273486 0.1921875 0.918580375782881 0.19375 0.918580375782881 0.203125 0.9144050104384134 0.2046875 0.9144050104384134 0.2109375 0.9081419624217119 0.2125 0.9081419624217119 0.2265625 0.9039665970772442 0.228125 0.9039665970772442 0.234375 0.8977035490605428 0.2359375 0.8977035490605428 0.2421875 0.8935281837160751 0.24375 0.8935281837160751 0.25 0.8872651356993737 0.2515625 0.8872651356993737 0.2578125 0.8830897703549061 0.259375 0.8830897703549061 0.2625 0.8768267223382046 0.2640625 0.8768267223382046 0.26875 0.872651356993737 0.2703125 0.8705636743215032 0.275 0.8663883089770354 0.275 0.8663883089770354 0.28125 0.860125260960334 0.2859375 0.8559498956158664 0.2859375 0.8559498956158664 0.2890625 0.8496868475991649 0.29375 0.8455114822546973 0.29375 0.8455114822546973 0.3046875 0.860125260960334 0.3046875 0.8622129436325678 0.3 0.8705636743215032 0.3 0.8705636743215032 0.29375 0.8768267223382046 0.2890625 0.8810020876826722 0.2890625 0.8810020876826722 0.2859375 0.8851774530271399 0.284375 0.8851774530271399 0.278125 0.8956158663883089 0.2734375 0.8956158663883089 0.2671875 0.906054279749478 0.2625 0.906054279749478 0.25625 0.9123173277661796 0.2546875 0.9123173277661796 0.2484375 0.9164926931106472 0.246875 0.9164926931106472 0.240625 0.9206680584551148 0.2390625 0.9206680584551148 0.2328125 0.9269311064718163 0.23125 0.9269311064718163 0.2203125 0.9311064718162839 0.21875 0.9311064718162839 0.2046875 0.9373695198329853 0.203125 0.9373695198329853 0.19375 0.941544885177453 0.1921875 0.941544885177453 0.178125 0.9478079331941545 0.1765625 0.9478079331941545 0.14375 0.941544885177453 0.1421875 0.941544885177453 0.1390625 0.9331941544885177 0.1390625 0.9331941544885177 0.140625 0.9331941544885177 0.1453125 0.9290187891440501 0.146875
6 0.29018789144050106 0.8015625 0.3089770354906054 0.8015625 0.31106471816283926 0.80625 0.3235908141962422 0.80625 0.325678496868476 0.809375 0.3298538622129436 0.809375 0.33194154488517746 0.8140625 0.34029227557411273 0.81875 0.34029227557411273 0.821875 0.3444676409185804 0.821875 0.35073068893528186 0.8265625 0.35073068893528186 0.8296875 0.35490605427974947 0.8296875 0.36116910229645094 0.834375 0.36116910229645094 0.8375 0.3653444676409186 0.8375 0.3674321503131524 0.840625 0.3757828810020877 0.840625 0.38204592901878914 0.8484375 0.3883089770354906 0.85 0.3883089770354906 0.853125 0.3924843423799583 0.8546875 0.3924843423799583 0.8609375 0.3966597077244259 0.8609375 0.40292275574112735 0.8671875 0.407098121085595 0.8671875 0.4091858037578288 0.871875 0.42171189979123175 0.871875 0.42171189979123175 0.8578125 0.4175365344467641 0.8578125 0.407098121085595 0.846875 0.40083507306889354 0.8453125 0.40083507306889354 0.8421875 0.3966597077244259 0.8390625 0.3903966597077244 0.8375 0.3903966597077244 0.834375 0.3862212943632568 0.83125 0.37995824634655534 0.8296875 0.37995824634655534 0.8234375 0.37160751565762007 0.8234375 0.3653444676409186 0.815625 0.35908141962421714 0.8140625 0.35908141962421714 0.8109375 0.35490605427974947 0.8078125 0.3465553235908142 0.8078125 0.3444676409185804 0.803125 0.34029227557411273 0.803125 0.33820459290187893 0.8 0.325678496868476 0.8 0.3235908141962422 0.796875 0.30062630480167013 0.796875 0.30062630480167013 0.7984375 0.29018789144050106 0.8 0.29018789144050106 0.8015625
6 0.8977035490605428 0.6171875 0.9039665970772442 0.61875 0.9039665970772442 0.625 0.9081419624217119 0.6265625 0.9081419624217119 0.6328125 0.9144050104384134 0.634375 0.9144050104384134 0.64375 0.918580375782881 0.6453125 0.918580375782881 0.6515625 0.9227557411273486 0.653125 0.9227557411273486 0.6640625 0.9290187891440501 0.665625 0.9290187891440501 0.6703125 0.9331941544885177 0.671875 0.9331941544885177 0.6828125 0.9394572025052192 0.684375 0.9394572025052192 0.69375 0.9436325678496869 0.6953125 0.9436325678496869 0.7140625 0.9498956158663883 0.715625 0.9498956158663883 0.740625 0.954070981210856 0.74375 0.9624217118997912 0.74375 0.964509394572025 0.740625 0.9686847599164927 0.740625 0.9686847599164927 0.703125 0.9624217118997912 0.7015625 0.9624217118997912 0.6875 0.9582463465553236 0.6859375 0.9582463465553236 0.6796875 0.9519832985386222 0.678125 0.9519832985386222 0.66875 0.9478079331941545 0.6671875 0.9478079331941545 0.6609375 0.941544885177453 0.659375 0.941544885177453 0.65 0.9373695198329853 0.6484375 0.9373695198329853 0.6421875 0.9311064718162839 0.640625 0.9311064718162839 0.634375 0.9269311064718163 0.6328125 0.9269311064718163 0.6296875 0.9206680584551148 0.628125 0.9206680584551148 0.621875 0.9164926931106472 0.6203125 0.9164926931106472 0.6140625 0.9123173277661796 0.6109375 0.9039665970772442 0.6109375 0.9039665970772442 0.6125 0.8977035490605428 0.6140625 0.8977035490605428 0.6171875
6 0 0.8140625 0.014613778705636743 0.8140625 0.016701461377870562 0.809375 0.025052192066805846 0.809375 0.027139874739039668 0.80625 0.03966597077244259 0.80625 0.04175365344467641 0.8015625 0.05636743215031315 0.8015625 0.05845511482254697 0.7984375 0.0709812108559499 0.7984375 0.07306889352818371 0.7953125 0.08559498956158663 0.7953125 0.08768267223382047 0.790625 0.12317327766179541 0.790625 0.12526096033402923 0.7875 0.1336116910229645 0.7875 0.1336116910229645 0.78125 0.13778705636743216 0.7796875 0.13987473903966596 0.775 0.1440501043841336 0.775 0.14822546972860126 0.771875 0.14822546972860126 0.76875 0.13778705636743216 0.7640625 0.13778705636743216 0.7609375 0.12943632567849686 0.7609375 0.12943632567849686 0.7625 0.12734864300626306 0.765625 0.11899791231732777 0.765625 0.11691022964509394 0.76875 0.10438413361169102 0.76875 0.1022964509394572 0.7734375 0.09394572025052192 0.7734375 0.0918580375782881 0.7765625 0.08350730688935282 0.7765625 0.081419624217119 0.78125 0.06889352818371608 0.78125 0.06680584551148225 0.784375 0.04801670146137787 0.784375 0.04592901878914405 0.7890625 0.031315240083507306 0.7890625 0.029227557411273485 0.7921875 0.020876826722338204 0.7921875 0.018789144050104383 0.796875 0.006263048016701462 0.796875 0.0041753653444676405 0.8 0 0.8 0 0.8140625
6 0.27348643006263046 0.2484375 0.27348643006263046 0.2546875 0.2776617954070981 0.2546875 0.2839248434237996 0.259375 0.2839248434237996 0.2625 0.2881002087682672 0.2625 0.29436325678496866 0.26875 0.30062630480167013 0.2703125 0.30062630480167013 0.2765625 0.3048016701461378 0.278125 0.3048016701461378 0.28125 0.3089770354906054 0.28125 0.31524008350730687 0.2859375 0.31524008350730687 0.2890625 0.31941544885177453 0.2890625 0.31941544885177453 0.2703125 0.31315240083507306 0.26875 0.31315240083507306 0.259375 0.302713987473904 0.2546875 0.302713987473904 0.2515625 0.2985386221294363 0.2484375 0.29227557411273486 0.246875 0.29227557411273486 0.24375 0.2881002087682672 0.240625 0.2818371607515658 0.2390625 0.2818371607515658 0.2359375 0.2776617954070981 0.2328125 0.26931106471816285 0.2328125 0.26931106471816285 0.234375 0.26931106471816285 0.246875 0.27348643006263046 0.2484375
6 0.8663883089770354 0.5953125 0.8643006263048016 0.6 0.7995824634655533 0.6 0.7974947807933194 0.5953125 0.7954070981210856 0.5953125 0.7954070981210856 0.5984375 0.7891440501043842 0.6 0.7891440501043842 0.6015625 0.7954070981210856 0.603125 0.7954070981210856 0.609375 0.8183716075156576 0.609375 0.8204592901878914 0.6125 0.906054279749478 0.6125 0.9081419624217119 0.609375 0.9373695198329853 0.609375 0.9394572025052192 0.6046875 0.9519832985386222 0.6046875 0.9519832985386222 0.5953125 0.9478079331941545 0.5921875 0.9227557411273486 0.5921875 0.9227557411273486 0.59375 0.9206680584551148 0.5953125 0.8663883089770354 0.5953125
6 0.20668058455114824 0.209375 0.20041753653444677 0.2171875 0.19624217118997914 0.2171875 0.19206680584551147 0.2203125 0.18997912317327767 0.225 0.18162839248434237 0.225 0.17954070981210857 0.228125 0.17536534446764093 0.228125 0.17536534446764093 0.23125 0.16701461377870563 0.2359375 0.1649269311064718 0.240625 0.16075156576200417 0.240625 0.15866388308977036 0.24375 0.15031315240083507 0.24375 0.15031315240083507 0.246875 0.1440501043841336 0.2515625 0.13987473903966596 0.2515625 0.13778705636743216 0.25625 0.12943632567849686 0.25625 0.12317327766179541 0.2640625 0.11482254697286012 0.2640625 0.1127348643006263 0.2671875 0.10438413361169102 0.2671875 0.1022964509394572 0.2703125 0.09394572025052192 0.2703125 0.0918580375782881 0.275 0.08768267223382047 0.275 0.08768267223382047 0.28125 0.11691022964509394 0.28125 0.11899791231732777 0.2765625 0.12734864300626306 0.2765625 0.12943632567849686 0.2734375 0.13778705636743216 0.2734375 0.13778705636743216 0.2703125 0.1440501043841336 0.26875 0.15031315240083507 0.2625 0.15866388308977036 0.2625 0.15866388308977036 0.259375 0.16910229645093947 0.2546875 0.17118997912317327 0.25 0.17954070981210857 0.25 0.1837160751565762 0.246875 0.18580375782881003 0.2421875 0.18997912317327767 0.2421875 0.19206680584551147 0.2390625 0.20041753653444677 0.2390625 0.20041753653444677 0.2359375 0.20668058455114824 0.23125 0.21085594989561587 0.23125 0.21085594989561587 0.228125 0.21711899791231734 0.2234375 0.22129436325678498 0.2234375 0.22129436325678498 0.2203125 0.22755741127348644 0.215625 0.23173277661795408 0.215625 0.23173277661795408 0.2046875 0.21711899791231734 0.2046875 0.21711899791231734 0.20625 0.2150313152400835 0.209375 0.20668058455114824 0.209375
6 0.18162839248434237 0.0671875 0.18162839248434237 0.071875 0.18580375782881003 0.0734375 0.18580375782881003 0.0765625 0.18997912317327767 0.0765625 0.19624217118997914 0.08125 0.19624217118997914 0.0875 0.20041753653444677 0.0875 0.20668058455114824 0.0953125 0.21294363256784968 0.096875 0.21294363256784968 0.1 0.22129436325678498 0.1 0.22129436325678498 0.096875 0.2254697286012526 0.0953125 0.2254697286012526 0.0890625 0.22129436325678498 0.0875 0.22129436325678498 0.08125 0.2150313152400835 0.0796875 0.2150313152400835 0.0734375 0.2045929018789144 0.06875 0.2045929018789144 0.0625 0.20041753653444677 0.059375 0.19206680584551147 0.059375 0.18997912317327767 0.0546875 0.17536534446764093 0.0546875 0.17536534446764093 0.05625 0.17536534446764093 0.065625 0.18162839248434237 0.0671875
6 0.6137787056367432 0.65625 0.6075156576200418 0.6609375 0.6033402922755741 0.6609375 0.6033402922755741 0.6640625 0.5970772442588727 0.66875 0.592901878914405 0.66875 0.5887265135699373 0.671875 0.5866388308977035 0.6765625 0.5782881002087683 0.6765625 0.5741127348643006 0.6796875 0.5741127348643006 0.6828125 0.5678496868475992 0.684375 0.5657620041753654 0.6875 0.55741127348643 0.6875 0.5553235908141962 0.6921875 0.5427974947807933 0.6921875 0.5407098121085595 0.6953125 0.5260960334029228 0.6953125 0.524008350730689 0.7 0.511482254697286 0.7 0.5093945720250522 0.703125 0.5052192066805845 0.703125 0.5052192066805845 0.70625 0.5010438413361169 0.709375 0.5052192066805845 0.7109375 0.5052192066805845 0.7140625 0.524008350730689 0.7140625 0.5260960334029228 0.709375 0.5511482254697286 0.709375 0.5532359081419624 0.70625 0.5657620041753654 0.70625 0.5678496868475992 0.7015625 0.5824634655532359 0.7015625 0.5845511482254697 0.6984375 0.5908141962421712 0.6984375 0.5908141962421712 0.6953125 0.6012526096033403 0.690625 0.6033402922755741 0.6859375 0.6075156576200418 0.6859375 0.6075156576200418 0.6796875 0.6137787056367432 0.675 0.6179540709812108 0.675 0.6179540709812108 0.671875 0.6242171189979123 0.6671875 0.6283924843423799 0.6671875 0.6325678496868476 0.6640625 0.6325678496868476 0.6578125 0.6283924843423799 0.65625 0.6283924843423799 0.653125 0.6242171189979123 0.653125 0.6200417536534447 0.65 0.6200417536534447 0.6515625 0.6137787056367432 0.653125 0.6137787056367432 0.65625
1 0.8663883089770354 0.04375 0.8643006263048016 0.046875 0.8308977035490606 0.046875 0.8308977035490606 0.05 0.826722338204593 0.0515625 0.826722338204593 0.0609375 0.8204592901878914 0.0625 0.8204592901878914 0.0765625 0.8162839248434238 0.078125 0.8162839248434238 0.0921875 0.8100208768267223 0.09375 0.8100208768267223 0.103125 0.8162839248434238 0.1046875 0.8162839248434238 0.1078125 0.8288100208768268 0.1078125 0.8308977035490606 0.103125 0.8413361169102297 0.1046875 0.8413361169102297 0.1078125 0.8455114822546973 0.109375 0.8455114822546973 0.1375 0.8538622129436325 0.1375 0.8559498956158664 0.1421875 0.860125260960334 0.1421875 0.8622129436325678 0.1375 0.9123173277661796 0.1375 0.9144050104384134 0.134375 0.9311064718162839 0.134375 0.9331941544885177 0.13125 0.9478079331941545 0.13125 0.9498956158663883 0.1265625 0.9582463465553236 0.1265625 0.9603340292275574 0.1234375 0.9686847599164927 0.1234375 0.9686847599164927 0.1203125 0.9728601252609603 0.11875 0.9728601252609603 0.1125 0.9791231732776617 0.1109375 0.9791231732776617 0.1046875 0.9832985386221295 0.103125 0.9832985386221295 0.096875 0.9895615866388309 0.0953125 0.9937369519832986 0.0921875 0.9937369519832986 0.0890625 0.9979123173277662 0.0875 0.9979123173277662 0.0625 0.9832985386221295 0.0515625 0.9749478079331941 0.0515625 0.9728601252609603 0.046875 0.964509394572025 0.046875 0.9624217118997912 0.04375 0.9498956158663883 0.04375 0.9478079331941545 0.0390625 0.9144050104384134 0.0390625 0.9144050104384134 0.040625 0.9123173277661796 0.04375 0.8663883089770354 0.04375
1 0.3883089770354906 0.8734375 0.3862212943632568 0.8765625 0.38204592901878914 0.8765625 0.38204592901878914 0.890625 0.3778705636743215 0.8921875 0.3778705636743215 0.8984375 0.37160751565762007 0.9 0.37160751565762007 0.903125 0.3674321503131524 0.9046875 0.3674321503131524 0.9140625 0.36116910229645094 0.915625 0.36116910229645094 0.9375 0.3674321503131524 0.9390625 0.3674321503131524 0.9484375 0.37160751565762007 0.95 0.37160751565762007 0.95625 0.3778705636743215 0.9578125 0.3778705636743215 0.9609375 0.3862212943632568 0.9609375 0.3883089770354906 0.9640625 0.4154488517745303 0.9640625 0.4154488517745303 0.946875 0.4112734864300626 0.9453125 0.4112734864300626 0.9078125 0.4154488517745303 0.90625 0.4154488517745303 0.8890625 0.42171189979123175 0.8875 0.42171189979123175 0.88125 0.42588726513569936 0.8796875 0.42588726513569936 0.86875 0.40292275574112735 0.86875 0.40292275574112735 0.8703125 0.40083507306889354 0.8734375 0.3883089770354906 0.8734375
1 0.09603340292275574 0.0671875 0.08768267223382047 0.0671875 0.081419624217119 0.0734375 0.07306889352818371 0.0734375 0.07306889352818371 0.0765625 0.06680584551148225 0.08125 0.06263048016701461 0.08125 0.06263048016701461 0.0953125 0.05845511482254697 0.096875 0.05845511482254697 0.11875 0.06263048016701461 0.1203125 0.06263048016701461 0.13125 0.06680584551148225 0.13125 0.07306889352818371 0.1359375 0.07306889352818371 0.1421875 0.07724425887265135 0.1421875 0.08350730688935282 0.146875 0.08350730688935282 0.153125 0.08768267223382047 0.1546875 0.08768267223382047 0.1578125 0.0918580375782881 0.1578125 0.09394572025052192 0.1609375 0.1022964509394572 0.1609375 0.10855949895615867 0.16875 0.11482254697286012 0.1703125 0.11482254697286012 0.1734375 0.12317327766179541 0.1734375 0.12526096033402923 0.1765625 0.1336116910229645 0.1765625 0.1336116910229645 0.1703125 0.13987473903966596 0.165625 0.1440501043841336 0.165625 0.1440501043841336 0.1625 0.15031315240083507 0.1578125 0.15866388308977036 0.1578125 0.16075156576200417 0.153125 0.1837160751565762 0.153125 0.1837160751565762 0.1328125 0.18997912317327767 0.13125 0.18997912317327767 0.125 0.1941544885177453 0.1234375 0.1941544885177453 0.1171875 0.20041753653444677 0.115625 0.20041753653444677 0.109375 0.2045929018789144 0.1078125 0.2045929018789144 0.1046875 0.21085594989561587 0.103125 0.21085594989561587 0.096875 0.20668058455114824 0.096875 0.20041753653444677 0.0921875 0.20041753653444677 0.0890625 0.1941544885177453 0.0875 0.1941544885177453 0.08125 0.18997912317327767 0.078125 0.18580375782881003 0.078125 0.1837160751565762 0.0734375 0.17954070981210857 0.0703125 0.17536534446764093 0.0703125 0.1732776617954071 0.0671875 0.16701461377870563 0.0671875 0.1649269311064718 0.0703125 0.15031315240083507 0.0703125 0.1440501043841336 0.065625 0.1440501043841336 0.0625 0.13987473903966596 0.0625 0.13778705636743216 0.059375 0.10855949895615867 0.059375 0.10855949895615867 0.0609375 0.09812108559498957 0.0625 0.09603340292275574 0.0671875
1 0.6764091858037579 0 0.6764091858037579 0.0015625 0.6743215031315241 0.0046875 0.6659707724425887 0.0046875 0.6659707724425887 0.00625 0.6701461377870563 0.0078125 0.6701461377870563 0.01875 0.6764091858037579 0.0203125 0.6764091858037579 0.0453125 0.6805845511482255 0.046875 0.6805845511482255 0.053125 0.6764091858037579 0.0546875 0.6764091858037579 0.0578125 0.6805845511482255 0.059375 0.6805845511482255 0.071875 0.6868475991649269 0.0734375 0.6868475991649269 0.084375 0.697286012526096 0.0890625 0.697286012526096 0.0921875 0.7870563674321504 0.0921875 0.7891440501043842 0.0875 0.7974947807933194 0.0875 0.7995824634655533 0.084375 0.8037578288100209 0.084375 0.8037578288100209 0.08125 0.8079331941544885 0.0796875 0.8079331941544885 0.0734375 0.81419624217119 0.071875 0.81419624217119 0.0625 0.8183716075156576 0.0609375 0.8183716075156576 0.0546875 0.824634655532359 0.053125 0.824634655532359 0.028125 0.8183716075156576 0.0265625 0.8183716075156576 0.0125 0.81419624217119 0.0109375 0.81419624217119 0 0.6764091858037579 0
1 0.6304801670146137 0.4828125 0.6283924843423799 0.4875 0.6137787056367432 0.4875 0.6116910229645094 0.490625 0.6033402922755741 0.490625 0.6012526096033403 0.4953125 0.592901878914405 0.4953125 0.5908141962421712 0.4984375 0.5845511482254697 0.4984375 0.5845511482254697 0.5015625 0.5782881002087683 0.503125 0.5762004175365344 0.50625 0.5678496868475992 0.50625 0.5678496868475992 0.509375 0.5615866388308977 0.5140625 0.5532359081419624 0.5140625 0.5511482254697286 0.51875 0.5427974947807933 0.51875 0.5407098121085595 0.521875 0.5365344467640919 0.521875 0.534446764091858 0.5265625 0.5260960334029228 0.5265625 0.524008350730689 0.5296875 0.5156576200417536 0.5296875 0.5156576200417536 0.5328125 0.5093945720250522 0.5375 0.5010438413361169 0.5375 0.49478079331941544 0.5453125 0.4906054279749478 0.5453125 0.48643006263048016 0.5484375 0.48434237995824636 0.553125 0.4801670146137787 0.553125 0.4801670146137787 0.559375 0.47390396659707723 0.5640625 0.4697286012526096 0.5640625 0.4697286012526096 0.578125 0.46555323590814196 0.5796875 0.46555323590814196 0.609375 0.4697286012526096 0.6109375 0.4697286012526096 0.6171875 0.47390396659707723 0.6171875 0.4801670146137787 0.621875 0.4801670146137787 0.625 0.48434237995824636 0.625 0.4906054279749478 0.6296875 0.4906054279749478 0.6328125 0.49478079331941544 0.6328125 0.4968684759916493 0.6359375 0.5031315240083507 0.6359375 0.5052192066805845 0.640625 0.5093945720250522 0.640625 0.5156576200417536 0.6453125 0.5156576200417536 0.6484375 0.5198329853862212 0.6484375 0.5260960334029228 0.653125 0.5260960334029228 0.65625 0.5302713987473904 0.65625 0.5365344467640919 0.6609375 0.5365344467640919 0.6640625 0.5427974947807933 0.665625 0.5427974947807933 0.6703125 0.5469728601252609 0.671875 0.5469728601252609 0.675 0.5553235908141962 0.675 0.55741127348643 0.678125 0.5720250521920668 0.678125 0.5741127348643006 0.675 0.5824634655532359 0.675 0.5824634655532359 0.671875 0.592901878914405 0.6640625 0.5970772442588727 0.6640625 0.5970772442588727 0.6609375 0.6033402922755741 0.65625 0.6075156576200418 0.65625 0.6096033402922756 0.6515625 0.6179540709812108 0.6515625 0.6221294363256785 0.6484375 0.6242171189979123 0.6515625 0.6304801670146137 0.653125 0.6304801670146137 0.65625 0.6346555323590815 0.6578125 0.6346555323590815 0.6640625 0.6200417536534447 0.671875 0.6179540709812108 0.6765625 0.6137787056367432 0.6765625 0.6137787056367432 0.6828125 0.6075156576200418 0.6875 0.6033402922755741 0.6875 0.6033402922755741 0.690625 0.5991649269311065 0.6921875 0.5991649269311065 0.6984375 0.6033402922755741 0.7015625 0.6116910229645094 0.7015625 0.6137787056367432 0.70625 0.6325678496868476 0.70625 0.6346555323590815 0.709375 0.6430062630480167 0.709375 0.6450939457202505 0.7140625 0.6743215031315241 0.7140625 0.6764091858037579 0.709375 0.7160751565762005 0.709375 0.7181628392484343 0.70625 0.7265135699373695 0.70625 0.7265135699373695 0.703125 0.732776617954071 0.6984375 0.7369519832985386 0.6984375 0.7369519832985386 0.6953125 0.7432150313152401 0.690625 0.7473903966597077 0.690625 0.7473903966597077 0.6875 0.755741127348643 0.6828125 0.755741127348643 0.6796875 0.7620041753653445 0.678125 0.7620041753653445 0.6609375 0.7661795407098121 0.659375 0.7682672233820459 0.6640625 0.7724425887265136 0.6640625 0.7724425887265136 0.6609375 0.7766179540709812 0.659375 0.7766179540709812 0.6453125 0.778705636743215 0.64375 0.8079331941544885 0.64375 0.8100208768267223 0.6484375 0.8183716075156576 0.6484375 0.8204592901878914 0.6515625 0.8434237995824635 0.6515625 0.8434237995824635 0.6421875 0.8329853862212944 0.640625 0.8329853862212944 0.634375 0.8288100208768268 0.6328125 0.8288100208768268 0.621875 0.8204592901878914 0.621875 0.81419624217119 0.6171875 0.8162839248434238 0.6125 0.8538622129436325 0.6125 0.8559498956158664 0.609375 0.9123173277661796 0.609375 0.9144050104384134 0.6046875 0.9373695198329853 0.6046875 0.941544885177453 0.6 0.9373695198329853 0.5984375 0.9373695198329853 0.5953125 0.9144050104384134 0.5953125 0.9123173277661796 0.6 0.8872651356993737 0.6 0.8851774530271399 0.603125 0.8810020876826722 0.6 0.8455114822546973 0.6 0.8413361169102297 0.603125 0.8392484342379958 0.6 0.8058455114822547 0.6 0.8037578288100209 0.5953125 0.7954070981210856 0.5953125 0.7933194154488518 0.5921875 0.7870563674321504 0.590625 0.7891440501043842 0.5859375 0.7933194154488518 0.5859375 0.7933194154488518 0.5765625 0.7870563674321504 0.575 0.7870563674321504 0.5640625 0.7828810020876826 0.5625 0.7849686847599165 0.559375 0.7933194154488518 0.559375 0.7933194154488518 0.55625 0.7974947807933194 0.5546875 0.7974947807933194 0.5453125 0.8037578288100209 0.54375 0.8037578288100209 0.534375 0.7974947807933194 0.5328125 0.7974947807933194 0.5296875 0.7870563674321504 0.528125 0.7870563674321504 0.521875 0.7766179540709812 0.5171875 0.7766179540709812 0.5109375 0.7724425887265136 0.509375 0.7724425887265136 0.50625 0.7682672233820459 0.50625 0.7661795407098121 0.5109375 0.7578288100208769 0.5109375 0.755741127348643 0.50625 0.7515657620041754 0.5046875 0.7515657620041754 0.4984375 0.7432150313152401 0.4984375 0.7411273486430062 0.4953125 0.732776617954071 0.4953125 0.7265135699373695 0.4875 0.7160751565762005 0.4859375 0.7160751565762005 0.4828125 0.697286012526096 0.4828125 0.6951983298538622 0.4796875 0.651356993736952 0.4796875 0.651356993736952 0.48125 0.6492693110647182 0.4828125 0.6304801670146137 0.4828125
1 0 0.2921875 0.0041753653444676405 0.2921875 0.006263048016701462 0.296875 0.008350730688935281 0.296875 0.010438413361169102 0.2921875 0.018789144050104383 0.2921875 0.020876826722338204 0.2890625 0.029227557411273485 0.2890625 0.031315240083507306 0.284375 0.03966597077244259 0.284375 0.04175365344467641 0.28125 0.05010438413361169 0.28125 0.05219206680584551 0.2765625 0.0709812108559499 0.2765625 0.07306889352818371 0.2734375 0.07724425887265135 0.2734375 0.07933194154488518 0.26875 0.08559498956158663 0.26875 0.08768267223382047 0.265625 0.09603340292275574 0.265625 0.09812108559498957 0.2625 0.10647181628392484 0.2625 0.10855949895615867 0.2578125 0.1127348643006263 0.2578125 0.11691022964509394 0.2546875 0.11691022964509394 0.2484375 0.12317327766179541 0.246875 0.12317327766179541 0.2328125 0.12734864300626306 0.23125 0.12734864300626306 0.2203125 0.1336116910229645 0.21875 0.1336116910229645 0.209375 0.12734864300626306 0.2078125 0.12734864300626306 0.1984375 0.12317327766179541 0.196875 0.12317327766179541 0.19375 0.11899791231732777 0.19375 0.1127348643006263 0.1890625 0.1127348643006263 0.1859375 0.10855949895615867 0.1859375 0.1022964509394572 0.18125 0.1022964509394572 0.178125 0.09603340292275574 0.1765625 0.09603340292275574 0.1703125 0.08559498956158663 0.165625 0.08559498956158663 0.1625 0.07724425887265135 0.1578125 0.07724425887265135 0.1546875 0.07306889352818371 0.1546875 0.0709812108559499 0.1515625 0.06263048016701461 0.1515625 0.05636743215031315 0.14375 0.05010438413361169 0.1421875 0.05010438413361169 0.1390625 0.04175365344467641 0.1390625 0.03966597077244259 0.1359375 0.031315240083507306 0.1359375 0.029227557411273485 0.1328125 0 0.1328125 0 0.134375 0 0.2921875
1 0.8204592901878914 0 0.8204592901878914 0.0015625 0.8204592901878914 0.0140625 0.826722338204593 0.015625 0.826722338204593 0.021875 0.8350730688935282 0.028125 0.8350730688935282 0.034375 0.8434237995824635 0.034375 0.8455114822546973 0.0375 0.8538622129436325 0.0375 0.8559498956158664 0.0421875 0.906054279749478 0.0421875 0.9081419624217119 0.0375 0.9624217118997912 0.0375 0.9624217118997912 0.03125 0.9728601252609603 0.0265625 0.9728601252609603 0.015625 0.9791231732776617 0.0140625 0.9791231732776617 0.0078125 0.9895615866388309 0.00625 0.9895615866388309 0.0046875 0.9812108559498957 0.0046875 0.9791231732776617 0 0.9081419624217119 0 0.9081419624217119 0.003125 0.9039665970772442 0.0046875 0.9018789144050104 0 0.8204592901878914 0
1 0.24217118997912318 0.0203125 0.2359081419624217 0.01875 0.2359081419624217 0.015625 0.22338204592901878 0.015625 0.22129436325678498 0.0234375 0.21294363256784968 0.0234375 0.21294363256784968 0.0265625 0.20250521920668058 0.03125 0.20041753653444677 0.0359375 0.19624217118997914 0.0359375 0.1941544885177453 0.0390625 0.18580375782881003 0.0390625 0.18580375782881003 0.0453125 0.18162839248434237 0.046875 0.18162839248434237 0.053125 0.18580375782881003 0.05 0.18997912317327767 0.05 0.19206680584551147 0.0578125 0.20250521920668058 0.059375 0.20250521920668058 0.065625 0.20668058455114824 0.0671875 0.20668058455114824 0.071875 0.21294363256784968 0.0734375 0.21294363256784968 0.0796875 0.21711899791231734 0.08125 0.21711899791231734 0.0875 0.22338204592901878 0.0890625 0.22338204592901878 0.0921875 0.2359081419624217 0.0921875 0.23799582463465555 0.0875 0.24634655532359082 0.0875 0.24843423799582465 0.084375 0.2609603340292276 0.084375 0.2630480167014614 0.0796875 0.2776617954070981 0.0796875 0.2797494780793319 0.0765625 0.302713987473904 0.0765625 0.302713987473904 0.0703125 0.3089770354906054 0.06875 0.3089770354906054 0.059375 0.302713987473904 0.0578125 0.302713987473904 0.0515625 0.2985386221294363 0.05 0.2985386221294363 0.046875 0.29227557411273486 0.0453125 0.29227557411273486 0.0359375 0.2881002087682672 0.034375 0.2881002087682672 0.028125 0.2818371607515658 0.0265625 0.2818371607515658 0.0234375 0.2776617954070981 0.0203125 0.26931106471816285 0.0203125 0.267223382045929 0.015625 0.2630480167014614 0.015625 0.2609603340292276 0.0125 0.2567849686847599 0.015625 0.25260960334029225 0.015625 0.24843423799582465 0.0125 0.24843423799582465 0.0140625 0.24425887265135698 0.015625 0.24217118997912318 0.0203125
1 0.407098121085595 0.2703125 0.40292275574112735 0.2703125 0.40292275574112735 0.2765625 0.3987473903966597 0.278125 0.3987473903966597 0.2890625 0.3924843423799583 0.290625 0.3903966597077244 0.29375 0.3778705636743215 0.29375 0.3757828810020877 0.290625 0.3674321503131524 0.290625 0.3653444676409186 0.2859375 0.34029227557411273 0.2859375 0.34029227557411273 0.2890625 0.33611691022964507 0.290625 0.33611691022964507 0.3 0.34029227557411273 0.3015625 0.34029227557411273 0.3125 0.3465553235908142 0.3140625 0.3465553235908142 0.3234375 0.34029227557411273 0.325 0.34029227557411273 0.33125 0.33402922755741127 0.3359375 0.325678496868476 0.3359375 0.325678496868476 0.3390625 0.32150313152400833 0.340625 0.32150313152400833 0.3546875 0.325678496868476 0.3578125 0.3444676409185804 0.3578125 0.3465553235908142 0.3546875 0.35490605427974947 0.3546875 0.36116910229645094 0.359375 0.36116910229645094 0.3703125 0.3674321503131524 0.371875 0.3674321503131524 0.3890625 0.37160751565762007 0.390625 0.37160751565762007 0.4046875 0.3778705636743215 0.40625 0.3778705636743215 0.415625 0.38204592901878914 0.4171875 0.38204592901878914 0.4203125 0.3862212943632568 0.4203125 0.3924843423799583 0.425 0.3924843423799583 0.428125 0.3987473903966597 0.4296875 0.3987473903966597 0.4359375 0.4091858037578288 0.440625 0.4091858037578288 0.44375 0.4175365344467641 0.4484375 0.4175365344467641 0.4515625 0.42588726513569936 0.4515625 0.4279749478079332 0.4546875 0.4363256784968685 0.4546875 0.4384133611691023 0.459375 0.4572025052192067 0.459375 0.4592901878914405 0.4625 0.5720250521920668 0.4625 0.5741127348643006 0.459375 0.5866388308977035 0.459375 0.5887265135699373 0.4546875 0.5970772442588727 0.4546875 0.6012526096033403 0.4515625 0.6033402922755741 0.446875 0.6116910229645094 0.446875 0.6137787056367432 0.44375 0.6179540709812108 0.44375 0.6179540709812108 0.4375 0.6221294363256785 0.4359375 0.6221294363256785 0.3875 0.6179540709812108 0.3859375 0.6179540709812108 0.3796875 0.6116910229645094 0.378125 0.6116910229645094 0.3671875 0.6075156576200418 0.365625 0.6075156576200418 0.34375 0.6116910229645094 0.3421875 0.6116910229645094 0.3359375 0.6075156576200418 0.334375 0.6075156576200418 0.3296875 0.6033402922755741 0.3296875 0.6012526096033403 0.325 0.5970772442588727 0.3234375 0.5970772442588727 0.3171875 0.5908141962421712 0.315625 0.5908141962421712 0.309375 0.5824634655532359 0.3046875 0.5824634655532359 0.2984375 0.5762004175365344 0.296875 0.5762004175365344 0.290625 0.5720250521920668 0.2890625 0.5720250521920668 0.2859375 0.5678496868475992 0.2859375 0.5615866388308977 0.28125 0.5615866388308977 0.278125 0.5532359081419624 0.278125 0.5511482254697286 0.275 0.5427974947807933 0.275 0.5407098121085595 0.2703125 0.5323590814196242 0.2703125 0.5302713987473904 0.2671875 0.5219206680584552 0.2671875 0.5198329853862212 0.2640625 0.4592901878914405 0.2640625 0.4572025052192067 0.2671875 0.4488517745302714 0.2671875 0.44676409185803756 0.2703125 0.4384133611691023 0.2703125 0.4363256784968685 0.275 0.4279749478079332 0.275 0.42588726513569936 0.2734375 0.42588726513569936 0.2640625 0.42171189979123175 0.2625 0.42171189979123175 0.259375 0.4133611691022965 0.259375 0.4133611691022965 0.2609375 0.4133611691022965 0.265625 0.407098121085595 0.2703125
1 0.7014613778705637 0.2828125 0.697286012526096 0.2859375 0.697286012526096 0.2890625 0.6910229645093946 0.290625 0.6889352818371608 0.29375 0.6805845511482255 0.29375 0.6805845511482255 0.296875 0.6764091858037579 0.2984375 0.6764091858037579 0.3078125 0.6701461377870563 0.309375 0.6701461377870563 0.315625 0.6659707724425887 0.3171875 0.6659707724425887 0.3234375 0.6701461377870563 0.325 0.6701461377870563 0.3390625 0.6555323590814196 0.34375 0.6555323590814196 0.346875 0.6617954070981211 0.3484375 0.6597077244258872 0.3515625 0.651356993736952 0.3515625 0.651356993736952 0.4 0.6450939457202505 0.4015625 0.6450939457202505 0.4390625 0.651356993736952 0.440625 0.651356993736952 0.44375 0.6450939457202505 0.4453125 0.6450939457202505 0.446875 0.651356993736952 0.4484375 0.651356993736952 0.4546875 0.6555323590814196 0.45625 0.6555323590814196 0.459375 0.6638830897703549 0.459375 0.6701461377870563 0.465625 0.6784968684759917 0.465625 0.6805845511482255 0.4703125 0.6847599164926931 0.4703125 0.6868475991649269 0.4734375 0.7202505219206681 0.4734375 0.7223382045929019 0.478125 0.755741127348643 0.478125 0.7578288100208769 0.48125 0.7661795407098121 0.48125 0.7682672233820459 0.478125 0.7766179540709812 0.478125 0.778705636743215 0.4734375 0.7933194154488518 0.4734375 0.7954070981210856 0.4703125 0.81419624217119 0.4703125 0.8162839248434238 0.465625 0.8288100208768268 0.465625 0.8308977035490606 0.4625 0.8434237995824635 0.4625 0.8455114822546973 0.459375 0.8538622129436325 0.459375 0.8559498956158664 0.4546875 0.8643006263048016 0.4546875 0.8663883089770354 0.4515625 0.8705636743215032 0.4515625 0.872651356993737 0.446875 0.8810020876826722 0.446875 0.8872651356993737 0.4390625 0.8914405010438413 0.4390625 0.8935281837160751 0.43125 0.9018789144050104 0.43125 0.9018789144050104 0.390625 0.8956158663883089 0.3890625 0.8956158663883089 0.3828125 0.8914405010438413 0.38125 0.8914405010438413 0.3484375 0.8851774530271399 0.346875 0.8851774530271399 0.34375 0.8622129436325678 0.34375 0.860125260960334 0.3359375 0.8559498956158664 0.3359375 0.8496868475991649 0.33125 0.8496868475991649 0.325 0.8455114822546973 0.325 0.8392484342379958 0.3203125 0.8392484342379958 0.3171875 0.8308977035490606 0.3171875 0.8288100208768268 0.3140625 0.8204592901878914 0.3140625 0.81419624217119 0.30625 0.8037578288100209 0.3046875 0.8037578288100209 0.3015625 0.778705636743215 0.3015625 0.7766179540709812 0.2984375 0.7640918580375783 0.2984375 0.7620041753653445 0.29375 0.755741127348643 0.2921875 0.755741127348643 0.2859375 0.7473903966597077 0.28125 0.7473903966597077 0.278125 0.7118997912317327 0.278125 0.7118997912317327 0.2796875 0.7098121085594989 0.2828125 0.7014613778705637 0.2828125
1 0.18162839248434237 0.246875 0.17118997912317327 0.2515625 0.16910229645093947 0.25625 0.16075156576200417 0.25625 0.15657620041753653 0.259375 0.15657620041753653 0.2625 0.15031315240083507 0.2640625 0.1440501043841336 0.2703125 0.13569937369519833 0.2703125 0.1336116910229645 0.275 0.12943632567849686 0.275 0.12943632567849686 0.284375 0.1336116910229645 0.284375 0.13569937369519833 0.2890625 0.14613778705636743 0.29375 0.14613778705636743 0.296875 0.15031315240083507 0.3 0.15657620041753653 0.3015625 0.15657620041753653 0.3046875 0.16075156576200417 0.3078125 0.16701461377870563 0.309375 0.16701461377870563 0.3125 0.17118997912317327 0.3140625 0.17118997912317327 0.3203125 0.18162839248434237 0.325 0.18162839248434237 0.328125 0.18580375782881003 0.33125 0.19206680584551147 0.3328125 0.19206680584551147 0.3390625 0.20041753653444677 0.3390625 0.20668058455114824 0.34375 0.20668058455114824 0.346875 0.2254697286012526 0.346875 0.22755741127348644 0.35 0.2359081419624217 0.35 0.23799582463465555 0.3546875 0.24634655532359082 0.3546875 0.24843423799582465 0.3578125 0.2776617954070981 0.3578125 0.2839248434237996 0.35 0.2881002087682672 0.35 0.29227557411273486 0.346875 0.29227557411273486 0.340625 0.2985386221294363 0.3390625 0.2985386221294363 0.3359375 0.3048016701461378 0.33125 0.3089770354906054 0.33125 0.31315240083507306 0.328125 0.31524008350730687 0.3234375 0.31941544885177453 0.3234375 0.31941544885177453 0.3171875 0.3235908141962422 0.315625 0.3235908141962422 0.290625 0.31941544885177453 0.2890625 0.31941544885177453 0.2828125 0.3089770354906054 0.28125 0.3089770354906054 0.275 0.3048016701461378 0.275 0.2985386221294363 0.2671875 0.29436325678496866 0.2671875 0.2881002087682672 0.2625 0.2881002087682672 0.259375 0.2797494780793319 0.259375 0.2776617954070981 0.2640625 0.27348643006263046 0.2640625 0.27348643006263046 0.2765625 0.26931106471816285 0.278125 0.26931106471816285 0.284375 0.2630480167014614 0.2859375 0.2567849686847599 0.28125 0.2567849686847599 0.275 0.25052192066805845 0.2734375 0.25052192066805845 0.2671875 0.24217118997912318 0.2625 0.24217118997912318 0.259375 0.23382045929018788 0.259375 0.23173277661795408 0.25625 0.22755741127348644 0.25625 0.2254697286012526 0.2515625 0.2150313152400835 0.246875 0.2150313152400835 0.24375 0.21085594989561587 0.240625 0.19206680584551147 0.240625 0.19206680584551147 0.2421875 0.18162839248434237 0.24375 0.18162839248434237 0.246875
1 0 0.69375 0.014613778705636743 0.69375 0.016701461377870562 0.6984375 0.03966597077244259 0.6984375 0.04175365344467641 0.69375 0.05010438413361169 0.69375 0.05219206680584551 0.690625 0.06680584551148225 0.690625 0.06680584551148225 0.6796875 0.0709812108559499 0.678125 0.0709812108559499 0.66875 0.07724425887265135 0.6671875 0.07724425887265135 0.6578125 0.081419624217119 0.65625 0.081419624217119 0.6421875 0.07724425887265135 0.640625 0.07724425887265135 0.6375 0.06889352818371608 0.6375 0.06680584551148225 0.634375 0.05845511482254697 0.634375 0.05636743215031315 0.6296875 0.037578288100208766 0.6296875 0.03549060542797495 0.6265625 0.016701461377870562 0.6265625 0.016701461377870562 0.628125 0.014613778705636743 0.6296875 0 0.6296875 0 0.69375
1 0.04175365344467641 0 0.04175365344467641 0.0015625 0.04175365344467641 0.00625 0.05010438413361169 0.00625 0.05219206680584551 0.0109375 0.05636743215031315 0.0109375 0.06263048016701461 0.015625 0.06263048016701461 0.01875 0.06680584551148225 0.01875 0.07306889352818371 0.0234375 0.07306889352818371 0.0265625 0.07724425887265135 0.0265625 0.08350730688935282 0.03125 0.08350730688935282 0.034375 0.08768267223382047 0.0375 0.09394572025052192 0.0390625 0.09394572025052192 0.0421875 0.1022964509394572 0.0421875 0.10855949895615867 0.046875 0.10855949895615867 0.05 0.12734864300626306 0.05 0.12943632567849686 0.053125 0.1336116910229645 0.053125 0.13569937369519833 0.05 0.15866388308977036 0.05 0.16075156576200417 0.0453125 0.16910229645093947 0.0453125 0.17536534446764093 0.0375 0.17954070981210857 0.0375 0.18580375782881003 0.0296875 0.18997912317327767 0.0296875 0.1941544885177453 0.0265625 0.19624217118997914 0.021875 0.20041753653444677 0.021875 0.2045929018789144 0.01875 0.2045929018789144 0 0.04175365344467641 0
1 0.6012526096033403 0.4609375 0.592901878914405 0.4609375 0.5908141962421712 0.4640625 0.5782881002087683 0.4640625 0.5762004175365344 0.4671875 0.5636743215031316 0.4671875 0.5615866388308977 0.471875 0.5553235908141962 0.4703125 0.5553235908141962 0.4671875 0.5156576200417536 0.4671875 0.5156576200417536 0.4703125 0.511482254697286 0.471875 0.5093945720250522 0.4671875 0.4906054279749478 0.4671875 0.4906054279749478 0.4703125 0.48643006263048016 0.471875 0.48643006263048016 0.478125 0.4801670146137787 0.4796875 0.4801670146137787 0.49375 0.48643006263048016 0.4953125 0.48643006263048016 0.5046875 0.4906054279749478 0.50625 0.4906054279749478 0.5171875 0.48434237995824636 0.521875 0.4801670146137787 0.521875 0.4801670146137787 0.5359375 0.48434237995824636 0.5359375 0.48643006263048016 0.5390625 0.49478079331941544 0.5390625 0.4968684759916493 0.5359375 0.5031315240083507 0.5359375 0.5052192066805845 0.5328125 0.5093945720250522 0.5328125 0.511482254697286 0.528125 0.5198329853862212 0.528125 0.5219206680584552 0.525 0.5302713987473904 0.525 0.5323590814196242 0.5203125 0.5407098121085595 0.5203125 0.5448851774530271 0.5171875 0.5469728601252609 0.5125 0.5553235908141962 0.5125 0.55741127348643 0.509375 0.5657620041753654 0.509375 0.5657620041753654 0.50625 0.5720250521920668 0.5046875 0.5741127348643006 0.5015625 0.5824634655532359 0.5015625 0.5824634655532359 0.4984375 0.5887265135699373 0.49375 0.5970772442588727 0.49375 0.5991649269311065 0.4890625 0.6075156576200418 0.4890625 0.6096033402922756 0.4859375 0.6179540709812108 0.4859375 0.6200417536534447 0.48125 0.6388308977035491 0.48125 0.6409185803757829 0.478125 0.6534446764091858 0.478125 0.6555323590814196 0.4734375 0.6597077244258872 0.4734375 0.6597077244258872 0.4671875 0.6555323590814196 0.4671875 0.6534446764091858 0.4640625 0.6450939457202505 0.4640625 0.6388308977035491 0.459375 0.6388308977035491 0.45625 0.6304801670146137 0.45625 0.6283924843423799 0.453125 0.6200417536534447 0.453125 0.6179540709812108 0.45625 0.6137787056367432 0.45625 0.6096033402922756 0.453125 0.6096033402922756 0.4546875 0.6033402922755741 0.45625 0.6012526096033403 0.4609375
1 0.7849686847599165 0.665625 0.7849686847599165 0.678125 0.778705636743215 0.6796875 0.778705636743215 0.690625 0.7724425887265136 0.6953125 0.7640918580375783 0.6953125 0.7620041753653445 0.6921875 0.755741127348643 0.690625 0.755741127348643 0.6875 0.7494780793319415 0.6875 0.7473903966597077 0.6921875 0.7432150313152401 0.6921875 0.7390396659707724 0.6953125 0.7390396659707724 0.7015625 0.7286012526096033 0.703125 0.7265135699373695 0.7078125 0.7181628392484343 0.7078125 0.7160751565762005 0.7109375 0.6868475991649269 0.7109375 0.6847599164926931 0.715625 0.6701461377870563 0.715625 0.6680584551148225 0.71875 0.6555323590814196 0.71875 0.6555323590814196 0.721875 0.6492693110647182 0.7265625 0.6450939457202505 0.7265625 0.6450939457202505 0.7328125 0.6409185803757829 0.734375 0.6409185803757829 0.74375 0.6450939457202505 0.7453125 0.6450939457202505 0.7515625 0.6534446764091858 0.7515625 0.6555323590814196 0.75625 0.6638830897703549 0.75625 0.6701461377870563 0.7609375 0.6701461377870563 0.7640625 0.6993736951983298 0.7640625 0.7014613778705637 0.7671875 0.7160751565762005 0.7671875 0.7181628392484343 0.771875 0.7265135699373695 0.771875 0.732776617954071 0.7765625 0.732776617954071 0.7796875 0.7411273486430062 0.7796875 0.7432150313152401 0.7828125 0.7515657620041754 0.7828125 0.7536534446764092 0.7875 0.7620041753653445 0.7875 0.7640918580375783 0.790625 0.7974947807933194 0.790625 0.7995824634655533 0.7875 0.8037578288100209 0.7875 0.8037578288100209 0.784375 0.8100208768267223 0.7796875 0.81419624217119 0.7796875 0.81419624217119 0.7765625 0.8204592901878914 0.771875 0.824634655532359 0.771875 0.824634655532359 0.76875 0.8329853862212944 0.7640625 0.8329853862212944 0.7578125 0.8392484342379958 0.75625 0.8392484342379958 0.753125 0.8434237995824635 0.7515625 0.8434237995824635 0.7421875 0.8496868475991649 0.740625 0.8517745302713987 0.7328125 0.860125260960334 0.7328125 0.8622129436325678 0.7359375 0.8810020876826722 0.7359375 0.8810020876826722 0.73125 0.8851774530271399 0.7296875 0.8851774530271399 0.7265625 0.8810020876826722 0.725 0.8810020876826722 0.6796875 0.8747390396659708 0.678125 0.8747390396659708 0.671875 0.8705636743215032 0.66875 0.8663883089770354 0.66875 0.8643006263048016 0.665625 0.8559498956158664 0.665625 0.8538622129436325 0.66875 0.8413361169102297 0.66875 0.8392484342379958 0.671875 0.8350730688935282 0.671875 0.824634655532359 0.6640625 0.824634655532359 0.6609375 0.8162839248434238 0.6609375 0.81419624217119 0.6578125 0.7891440501043842 0.6578125 0.7891440501043842 0.659375 0.7891440501043842 0.6640625 0.7849686847599165 0.665625
1 0.9039665970772442 0.75 0.9018789144050104 0.753125 0.8935281837160751 0.753125 0.8914405010438413 0.7578125 0.8768267223382046 0.7578125 0.8747390396659708 0.7609375 0.8622129436325678 0.7609375 0.860125260960334 0.765625 0.8559498956158664 0.765625 0.8538622129436325 0.76875 0.8455114822546973 0.76875 0.8434237995824635 0.7734375 0.8350730688935282 0.7734375 0.824634655532359 0.784375 0.8204592901878914 0.784375 0.8204592901878914 0.7875 0.8162839248434238 0.7890625 0.8162839248434238 0.7953125 0.8100208768267223 0.796875 0.8100208768267223 0.8328125 0.8162839248434238 0.834375 0.8162839248434238 0.840625 0.824634655532359 0.840625 0.826722338204593 0.8453125 0.8329853862212944 0.8453125 0.8350730688935282 0.8484375 0.8455114822546973 0.85 0.8455114822546973 0.8671875 0.8496868475991649 0.8671875 0.8517745302713987 0.871875 0.8622129436325678 0.8765625 0.8622129436325678 0.8796875 0.8663883089770354 0.8828125 0.872651356993737 0.884375 0.872651356993737 0.8875 0.8810020876826722 0.8875 0.8830897703549061 0.890625 0.8914405010438413 0.890625 0.8935281837160751 0.8953125 0.9206680584551148 0.8953125 0.9227557411273486 0.890625 0.9269311064718163 0.890625 0.9269311064718163 0.8765625 0.9290187891440501 0.875 0.9373695198329853 0.875 0.9436325678496869 0.8828125 0.9498956158663883 0.884375 0.9498956158663883 0.8875 0.9895615866388309 0.8875 0.9895615866388309 0.884375 0.9937369519832986 0.8828125 0.9937369519832986 0.8625 0.9979123173277662 0.8609375 0.9979123173277662 0.7578125 0.9937369519832986 0.75625 0.9937369519832986 0.75 0.9853862212943633 0.75 0.9832985386221295 0.7453125 0.918580375782881 0.7453125 0.918580375782881 0.746875 0.9164926931106472 0.75 0.9039665970772442 0.75
1 0.2839248434237996 0 0.2839248434237996 0.0015625 0.2839248434237996 0.01875 0.29018789144050106 0.0203125 0.29018789144050106 0.0265625 0.29436325678496866 0.028125 0.29436325678496866 0.034375 0.30062630480167013 0.0359375 0.30062630480167013 0.0453125 0.3048016701461378 0.046875 0.3048016701461378 0.05 0.31106471816283926 0.0515625 0.31106471816283926 0.0578125 0.32150313152400833 0.0625 0.32150313152400833 0.065625 0.3298538622129436 0.065625 0.33194154488517746 0.06875 0.348643006263048 0.06875 0.35073068893528186 0.071875 0.35490605427974947 0.071875 0.3569937369519833 0.06875 0.3757828810020877 0.06875 0.38204592901878914 0.0609375 0.3903966597077244 0.0609375 0.3924843423799583 0.0578125 0.40083507306889354 0.0578125 0.40083507306889354 0.0546875 0.4112734864300626 0.05 0.4112734864300626 0.046875 0.4175365344467641 0.0421875 0.42171189979123175 0.0421875 0.42171189979123175 0.0359375 0.42588726513569936 0.034375 0.42588726513569936 0.028125 0.4321503131524008 0.0265625 0.4321503131524008 0.0203125 0.4363256784968685 0.01875 0.4363256784968685 0.0125 0.44258872651356995 0.0109375 0.44258872651356995 0.0046875 0.44676409185803756 0.003125 0.44676409185803756 0 0.2839248434237996 0
1 0.22129436325678498 0.028125 0.21294363256784968 0.028125 0.21085594989561587 0.03125 0.20250521920668058 0.03125 0.20250521920668058 0.034375 0.19624217118997914 0.0359375 0.1941544885177453 0.0390625 0.18580375782881003 0.0390625 0.18580375782881003 0.0453125 0.18162839248434237 0.046875 0.17954070981210857 0.0515625 0.17118997912317327 0.0515625 0.16910229645093947 0.0546875 0.16075156576200417 0.0546875 0.15866388308977036 0.059375 0.10438413361169102 0.059375 0.1022964509394572 0.0625 0.09812108559498957 0.0625 0.09603340292275574 0.0671875 0.08768267223382047 0.0671875 0.07933194154488518 0.0734375 0.07724425887265135 0.078125 0.06889352818371608 0.078125 0.06680584551148225 0.0859375 0.06263048016701461 0.0859375 0.06263048016701461 0.1078125 0.05845511482254697 0.109375 0.05845511482254697 0.11875 0.06263048016701461 0.1203125 0.06263048016701461 0.1265625 0.06889352818371608 0.128125 0.06889352818371608 0.134375 0.07306889352818371 0.1359375 0.07306889352818371 0.1421875 0.07724425887265135 0.1421875 0.08768267223382047 0.153125 0.09394572025052192 0.1546875 0.09394572025052192 0.1578125 0.09812108559498957 0.1609375 0.10438413361169102 0.1625 0.10438413361169102 0.165625 0.1127348643006263 0.165625 0.11482254697286012 0.16875 0.1336116910229645 0.16875 0.13569937369519833 0.165625 0.1440501043841336 0.165625 0.1440501043841336 0.1625 0.15031315240083507 0.1578125 0.1649269311064718 0.1578125 0.16701461377870563 0.153125 0.1837160751565762 0.153125 0.1837160751565762 0.1328125 0.18997912317327767 0.13125 0.18997912317327767 0.125 0.1941544885177453 0.1234375 0.1941544885177453 0.1171875 0.20041753653444677 0.115625 0.20041753653444677 0.1125 0.20668058455114824 0.1078125 0.21085594989561587 0.1078125 0.21085594989561587 0.1015625 0.2150313152400835 0.1 0.21711899791231734 0.0953125 0.22129436325678498 0.0953125 0.22338204592901878 0.0921875 0.2359081419624217 0.0921875 0.23799582463465555 0.0875 0.24634655532359082 0.0875 0.24843423799582465 0.084375 0.267223382045929 0.084375 0.26931106471816285 0.0796875 0.2818371607515658 0.0796875 0.2839248434237996 0.0765625 0.302713987473904 0.0765625 0.3048016701461378 0.071875 0.3089770354906054 0.071875 0.3089770354906054 0.0625 0.302713987473904 0.0609375 0.302713987473904 0.0546875 0.2985386221294363 0.053125 0.2985386221294363 0.046875 0.29227557411273486 0.0453125 0.29227557411273486 0.0390625 0.2881002087682672 0.0375 0.2881002087682672 0.03125 0.2839248434237996 0.03125 0.2776617954070981 0.0265625 0.2776617954070981 0.0234375 0.2630480167014614 0.0234375 0.2609603340292276 0.0203125 0.22755741127348644 0.0203125 0.22755741127348644 0.021875 0.22338204592901878 0.0234375 0.22129436325678498 0.028125
1 0 0 0 0.0015625 0 0.065625 0.006263048016701462 0.0671875 0.006263048016701462 0.071875 0 0.0734375 0 0.11875 0.0041753653444676405 0.11875 0.006263048016701462 0.1234375 0.025052192066805846 0.1234375 0.025052192066805846 0.1203125 0.031315240083507306 0.115625 0.03966597077244259 0.115625 0.04175365344467641 0.1078125 0.04592901878914405 0.1078125 0.04592901878914405 0.096875 0.05010438413361169 0.0953125 0.05010438413361169 0.08125 0.05636743215031315 0.0796875 0.05636743215031315 0.059375 0.060542797494780795 0.0578125 0.060542797494780795 0.04375 0.06680584551148225 0.0421875 0.06680584551148225 0.0390625 0.060542797494780795 0.0375 0.060542797494780795 0.028125 0.05636743215031315 0.0265625 0.05636743215031315 0.0234375 0.05010438413361169 0.021875 0.05010438413361169 0.015625 0.04592901878914405 0.0140625 0.04592901878914405 0.0078125 0.03966597077244259 0.00625 0.03549060542797495 0.003125 0.03549060542797495 0 0 0
1 0.9603340292275574 0.5921875 0.9603340292275574 0.6015625 0.9582463465553236 0.603125 0.954070981210856 0.603125 0.9519832985386222 0.60625 0.9436325678496869 0.60625 0.941544885177453 0.6109375 0.9331941544885177 0.6109375 0.9269311064718163 0.61875 0.9227557411273486 0.61875 0.9227557411273486 0.628125 0.9290187891440501 0.6296875 0.9290187891440501 0.640625 0.9331941544885177 0.6421875 0.9331941544885177 0.65625 0.9436325678496869 0.6578125 0.9436325678496869 0.6640625 0.9498956158663883 0.665625 0.9498956158663883 0.675 0.954070981210856 0.6765625 0.954070981210856 0.6828125 0.9603340292275574 0.684375 0.9603340292275574 0.690625 0.964509394572025 0.6921875 0.964509394572025 0.70625 0.9707724425887265 0.7078125 0.9707724425887265 0.7328125 0.9749478079331941 0.734375 0.9749478079331941 0.740625 0.9791231732776617 0.740625 0.9812108559498957 0.74375 0.9979123173277662 0.74375 0.9979123173277662 0.5921875 0.9937369519832986 0.590625 0.9937369519832986 0.5875 0.9707724425887265 0.5875 0.9707724425887265 0.5890625 0.9686847599164927 0.5921875 0.9603340292275574 0.5921875
1 0.4133611691022965 0.6296875 0.4112734864300626 0.634375 0.3987473903966597 0.634375 0.3883089770354906 0.6421875 0.3883089770354906 0.6484375 0.38204592901878914 0.65 0.38204592901878914 0.659375 0.3778705636743215 0.6609375 0.3778705636743215 0.678125 0.37160751565762007 0.6796875 0.37160751565762007 0.6984375 0.3674321503131524 0.7 0.3674321503131524 0.7515625 0.36116910229645094 0.753125 0.36116910229645094 0.7640625 0.3569937369519833 0.765625 0.3569937369519833 0.7796875 0.36116910229645094 0.78125 0.36116910229645094 0.7875 0.3674321503131524 0.7890625 0.3674321503131524 0.7953125 0.37160751565762007 0.7984375 0.3757828810020877 0.7984375 0.38204592901878914 0.803125 0.38204592901878914 0.80625 0.3862212943632568 0.80625 0.3924843423799583 0.8109375 0.3924843423799583 0.8140625 0.3966597077244259 0.8140625 0.40292275574112735 0.81875 0.40292275574112735 0.821875 0.4112734864300626 0.821875 0.4133611691022965 0.825 0.4363256784968685 0.825 0.4384133611691023 0.8296875 0.4572025052192067 0.8296875 0.4592901878914405 0.825 0.46346555323590816 0.825 0.46764091858037576 0.821875 0.46764091858037576 0.815625 0.47390396659707723 0.8140625 0.47390396659707723 0.8109375 0.4801670146137787 0.80625 0.48434237995824636 0.80625 0.48434237995824636 0.803125 0.48851774530271397 0.8015625 0.48851774530271397 0.796875 0.49478079331941544 0.7953125 0.49478079331941544 0.7921875 0.4989561586638831 0.790625 0.4989561586638831 0.784375 0.5093945720250522 0.7828125 0.511482254697286 0.775 0.5198329853862212 0.775 0.5219206680584552 0.771875 0.5302713987473904 0.771875 0.5323590814196242 0.7671875 0.5615866388308977 0.7671875 0.5636743215031316 0.7640625 0.5720250521920668 0.7640625 0.5741127348643006 0.75625 0.5970772442588727 0.75625 0.5991649269311065 0.759375 0.6221294363256785 0.759375 0.6179540709812108 0.75625 0.6179540709812108 0.753125 0.6137787056367432 0.753125 0.6075156576200418 0.7484375 0.6075156576200418 0.7421875 0.6033402922755741 0.7421875 0.6012526096033403 0.7375 0.5970772442588727 0.7359375 0.5991649269311065 0.7296875 0.6075156576200418 0.7296875 0.6075156576200418 0.7265625 0.6116910229645094 0.725 0.6116910229645094 0.715625 0.6075156576200418 0.7140625 0.6075156576200418 0.7109375 0.5845511482254697 0.7109375 0.5824634655532359 0.7078125 0.5762004175365344 0.70625 0.5762004175365344 0.703125 0.5824634655532359 0.7015625 0.5824634655532359 0.6953125 0.5866388308977035 0.69375 0.5866388308977035 0.6875 0.5908141962421712 0.6859375 0.592901878914405 0.690625 0.5970772442588727 0.690625 0.5970772442588727 0.6875 0.6012526096033403 0.6859375 0.6012526096033403 0.6796875 0.6075156576200418 0.678125 0.6116910229645094 0.675 0.6116910229645094 0.671875 0.6179540709812108 0.6703125 0.6242171189979123 0.6640625 0.6283924843423799 0.6640625 0.6283924843423799 0.6609375 0.6242171189979123 0.6609375 0.6200417536534447 0.6578125 0.6179540709812108 0.6609375 0.6137787056367432 0.6609375 0.6137787056367432 0.6640625 0.6075156576200418 0.66875 0.5991649269311065 0.66875 0.5970772442588727 0.671875 0.592901878914405 0.671875 0.592901878914405 0.678125 0.5887265135699373 0.6796875 0.5866388308977035 0.684375 0.5782881002087683 0.684375 0.5762004175365344 0.6875 0.5636743215031316 0.6875 0.5615866388308977 0.6921875 0.5532359081419624 0.6921875 0.5511482254697286 0.6875 0.5469728601252609 0.6875 0.5407098121085595 0.6828125 0.5407098121085595 0.6796875 0.5365344467640919 0.6796875 0.5302713987473904 0.675 0.5302713987473904 0.66875 0.5260960334029228 0.66875 0.5198329853862212 0.6640625 0.5198329853862212 0.6609375 0.5135699373695198 0.659375 0.5135699373695198 0.653125 0.5031315240083507 0.6484375 0.5031315240083507 0.6453125 0.49478079331941544 0.640625 0.49478079331941544 0.6375 0.4906054279749478 0.6375 0.48434237995824636 0.6328125 0.48434237995824636 0.6296875 0.4759916492693111 0.6296875 0.47390396659707723 0.6265625 0.4384133611691023 0.6265625 0.4384133611691023 0.628125 0.4363256784968685 0.6296875 0.4133611691022965 0.6296875
1 0.2797494780793319 0.5921875 0.2776617954070981 0.5953125 0.26931106471816285 0.5953125 0.267223382045929 0.6 0.24843423799582465 0.6 0.24634655532359082 0.603125 0.17118997912317327 0.603125 0.16910229645093947 0.60625 0.15031315240083507 0.60625 0.14822546972860126 0.6109375 0.13987473903966596 0.6109375 0.1336116910229645 0.61875 0.12526096033402923 0.61875 0.12317327766179541 0.621875 0.11899791231732777 0.621875 0.11899791231732777 0.625 0.1127348643006263 0.6296875 0.10855949895615867 0.6296875 0.10855949895615867 0.6328125 0.1022964509394572 0.6375 0.09812108559498957 0.6375 0.09812108559498957 0.640625 0.0918580375782881 0.6453125 0.08768267223382047 0.6453125 0.08768267223382047 0.65625 0.08350730688935282 0.6578125 0.08350730688935282 0.6671875 0.07933194154488518 0.66875 0.07933194154488518 0.690625 0.08768267223382047 0.6953125 0.08768267223382047 0.7015625 0.08350730688935282 0.703125 0.08350730688935282 0.70625 0.0918580375782881 0.70625 0.09812108559498957 0.7109375 0.09812108559498957 0.721875 0.09394572025052192 0.7234375 0.09394572025052192 0.7359375 0.09812108559498957 0.7375 0.09812108559498957 0.74375 0.1022964509394572 0.74375 0.10855949895615867 0.7515625 0.11482254697286012 0.753125 0.11482254697286012 0.75625 0.12317327766179541 0.75625 0.12943632567849686 0.7609375 0.12734864300626306 0.765625 0.11899791231732777 0.765625 0.1127348643006263 0.7734375 0.10855949895615867 0.7734375 0.10438413361169102 0.7765625 0.10438413361169102 0.7828125 0.11482254697286012 0.790625 0.12734864300626306 0.790625 0.12943632567849686 0.7875 0.13778705636743216 0.7875 0.13987473903966596 0.790625 0.14822546972860126 0.790625 0.15031315240083507 0.7828125 0.15866388308977036 0.7828125 0.16075156576200417 0.784375 0.16075156576200417 0.7953125 0.1732776617954071 0.7953125 0.17536534446764093 0.7984375 0.1837160751565762 0.7984375 0.18580375782881003 0.7953125 0.2045929018789144 0.7953125 0.20668058455114824 0.7984375 0.21085594989561587 0.7984375 0.21294363256784968 0.790625 0.22129436325678498 0.790625 0.22338204592901878 0.7953125 0.2359081419624217 0.7953125 0.23799582463465555 0.7984375 0.2881002087682672 0.7984375 0.29018789144050106 0.7953125 0.302713987473904 0.7953125 0.3048016701461378 0.790625 0.31315240083507306 0.790625 0.31524008350730687 0.7875 0.31941544885177453 0.7875 0.31941544885177453 0.784375 0.325678496868476 0.7796875 0.3298538622129436 0.7796875 0.33194154488517746 0.775 0.33820459290187893 0.775 0.34029227557411273 0.771875 0.348643006263048 0.771875 0.348643006263048 0.765625 0.35490605427974947 0.7640625 0.35490605427974947 0.75 0.35908141962421714 0.7484375 0.35908141962421714 0.734375 0.3653444676409186 0.7328125 0.3653444676409186 0.6796875 0.3695198329853862 0.678125 0.3695198329853862 0.665625 0.3757828810020877 0.6640625 0.3757828810020877 0.65 0.37995824634655534 0.6484375 0.37995824634655534 0.6375 0.3862212943632568 0.6359375 0.3862212943632568 0.634375 0.37995824634655534 0.6328125 0.37995824634655534 0.6140625 0.3757828810020877 0.6125 0.3757828810020877 0.603125 0.37160751565762007 0.603125 0.3653444676409186 0.5984375 0.3653444676409186 0.5953125 0.36116910229645094 0.5953125 0.35908141962421714 0.5921875 0.35073068893528186 0.5921875 0.348643006263048 0.5875 0.29436325678496866 0.5875 0.29436325678496866 0.5890625 0.29227557411273486 0.5921875 0.2797494780793319 0.5921875
1 0.5156576200417536 0.78125 0.511482254697286 0.784375 0.5093945720250522 0.7890625 0.5052192066805845 0.7890625 0.5010438413361169 0.7921875 0.5010438413361169 0.7953125 0.4968684759916493 0.796875 0.4968684759916493 0.8015625 0.4906054279749478 0.803125 0.4906054279749478 0.80625 0.48434237995824636 0.8109375 0.4801670146137787 0.8109375 0.4801670146137787 0.8140625 0.4759916492693111 0.815625 0.4759916492693111 0.821875 0.46555323590814196 0.8265625 0.46555323590814196 0.8328125 0.4592901878914405 0.834375 0.4592901878914405 0.840625 0.4551148225469729 0.8421875 0.453027139874739 0.846875 0.4488517745302714 0.846875 0.4488517745302714 0.853125 0.44467640918580376 0.8546875 0.44467640918580376 0.8609375 0.4342379958246347 0.865625 0.4321503131524008 0.8734375 0.4279749478079332 0.8734375 0.4279749478079332 0.8828125 0.42379958246346555 0.884375 0.42379958246346555 0.8953125 0.4175365344467641 0.896875 0.4175365344467641 0.91875 0.4133611691022965 0.9203125 0.4133611691022965 0.9296875 0.4175365344467641 0.93125 0.4175365344467641 0.9640625 0.42171189979123175 0.9640625 0.42379958246346555 0.96875 0.4279749478079332 0.9703125 0.4279749478079332 0.9765625 0.4321503131524008 0.9765625 0.4342379958246347 0.9796875 0.44258872651356995 0.9796875 0.4488517745302714 0.9875 0.47390396659707723 0.9875 0.4759916492693111 0.9921875 0.48851774530271397 0.9921875 0.4906054279749478 0.9875 0.534446764091858 0.9875 0.5365344467640919 0.984375 0.5407098121085595 0.984375 0.5407098121085595 0.98125 0.5469728601252609 0.9765625 0.5615866388308977 0.9765625 0.5636743215031316 0.971875 0.5720250521920668 0.971875 0.5762004175365344 0.96875 0.5782881002087683 0.9640625 0.5866388308977035 0.9640625 0.5887265135699373 0.9609375 0.6075156576200418 0.9609375 0.6075156576200418 0.9578125 0.6137787056367432 0.953125 0.6179540709812108 0.953125 0.6200417536534447 0.9546875 0.6200417536534447 0.9765625 0.6283924843423799 0.9765625 0.6283924843423799 0.9546875 0.6304801670146137 0.953125 0.6346555323590815 0.9546875 0.6346555323590815 0.9609375 0.6430062630480167 0.9609375 0.6450939457202505 0.9640625 0.6597077244258872 0.9640625 0.6617954070981211 0.9609375 0.6680584551148225 0.9640625 0.6701461377870563 0.9609375 0.6993736951983298 0.9609375 0.7014613778705637 0.95625 0.7056367432150313 0.95625 0.7098121085594989 0.953125 0.7098121085594989 0.9390625 0.7160751565762005 0.9375 0.7160751565762005 0.93125 0.7098121085594989 0.9296875 0.7098121085594989 0.9125 0.7056367432150313 0.9109375 0.7056367432150313 0.896875 0.6993736951983298 0.8953125 0.6993736951983298 0.884375 0.6951983298538622 0.8828125 0.6951983298538622 0.86875 0.6910229645093946 0.86875 0.6847599164926931 0.8640625 0.6847599164926931 0.8578125 0.6805845511482255 0.8578125 0.6743215031315241 0.853125 0.6743215031315241 0.85 0.6701461377870563 0.85 0.6638830897703549 0.8453125 0.6638830897703549 0.8390625 0.6597077244258872 0.8375 0.6597077244258872 0.834375 0.6555323590814196 0.834375 0.6492693110647182 0.8296875 0.6492693110647182 0.8265625 0.6450939457202505 0.8265625 0.6388308977035491 0.821875 0.6388308977035491 0.81875 0.6346555323590815 0.81875 0.6283924843423799 0.8140625 0.6283924843423799 0.8078125 0.6242171189979123 0.8078125 0.6179540709812108 0.8 0.6137787056367432 0.8 0.6075156576200418 0.7953125 0.6075156576200418 0.7921875 0.5991649269311065 0.7921875 0.5970772442588727 0.7890625 0.592901878914405 0.7890625 0.5866388308977035 0.78125 0.5782881002087683 0.78125 0.5762004175365344 0.7765625 0.5219206680584552 0.7765625 0.5219206680584552 0.778125 0.5198329853862212 0.78125 0.5156576200417536 0.78125
1 0.6242171189979123 0.7765625 0.6242171189979123 0.7796875 0.6179540709812108 0.784375 0.6137787056367432 0.784375 0.6137787056367432 0.790625 0.6200417536534447 0.7921875 0.6200417536534447 0.7984375 0.6304801670146137 0.803125 0.6304801670146137 0.80625 0.6346555323590815 0.809375 0.6409185803757829 0.8109375 0.6409185803757829 0.8171875 0.6450939457202505 0.81875 0.6450939457202505 0.821875 0.6492693110647182 0.821875 0.6555323590814196 0.8265625 0.6555323590814196 0.8328125 0.6597077244258872 0.8328125 0.6617954070981211 0.8375 0.6701461377870563 0.8421875 0.6701461377870563 0.8453125 0.6743215031315241 0.8453125 0.6805845511482255 0.85 0.6805845511482255 0.85625 0.6847599164926931 0.85625 0.6910229645093946 0.8640625 0.697286012526096 0.865625 0.697286012526096 0.871875 0.7014613778705637 0.8734375 0.7014613778705637 0.8875 0.7077244258872651 0.8890625 0.7077244258872651 0.8984375 0.7118997912317327 0.9 0.7118997912317327 0.9109375 0.7181628392484343 0.9125 0.7181628392484343 0.9265625 0.7223382045929019 0.928125 0.7223382045929019 0.9375 0.7265135699373695 0.9375 0.7286012526096033 0.9328125 0.7369519832985386 0.9328125 0.7432150313152401 0.9265625 0.7473903966597077 0.9265625 0.7473903966597077 0.9234375 0.755741127348643 0.91875 0.755741127348643 0.915625 0.7620041753653445 0.9140625 0.7640918580375783 0.9109375 0.7766179540709812 0.9109375 0.778705636743215 0.9140625 0.7933194154488518 0.9140625 0.7995824634655533 0.90625 0.8037578288100209 0.90625 0.8079331941544885 0.903125 0.8100208768267223 0.8984375 0.81419624217119 0.8984375 0.8162839248434238 0.8953125 0.8288100208768268 0.8953125 0.8288100208768268 0.8765625 0.824634655532359 0.875 0.824634655532359 0.8546875 0.8183716075156576 0.853125 0.8183716075156576 0.85 0.8058455114822547 0.85 0.8037578288100209 0.8546875 0.7954070981210856 0.8546875 0.7933194154488518 0.85 0.7870563674321504 0.8484375 0.7870563674321504 0.8421875 0.7828810020876826 0.840625 0.7828810020876826 0.8265625 0.7766179540709812 0.825 0.7766179540709812 0.8109375 0.7724425887265136 0.809375 0.7724425887265136 0.803125 0.7682672233820459 0.803125 0.7620041753653445 0.796875 0.7578288100208769 0.796875 0.7515657620041754 0.7890625 0.7432150313152401 0.7890625 0.7369519832985386 0.78125 0.7286012526096033 0.78125 0.7265135699373695 0.7765625 0.7118997912317327 0.7765625 0.7098121085594989 0.7734375 0.6805845511482255 0.7734375 0.6805845511482255 0.775 0.6784968684759917 0.7765625 0.6242171189979123 0.7765625
1 0 0.7953125 0.025052192066805846 0.7953125 0.027139874739039668 0.790625 0.03549060542797495 0.790625 0.037578288100208766 0.7875 0.04592901878914405 0.7875 0.04801670146137787 0.7828125 0.060542797494780795 0.7828125 0.06263048016701461 0.7796875 0.08559498956158663 0.7796875 0.08768267223382047 0.775 0.0918580375782881 0.775 0.09603340292275574 0.771875 0.09603340292275574 0.7578125 0.0918580375782881 0.75625 0.0918580375782881 0.753125 0.08350730688935282 0.753125 0.07724425887265135 0.7484375 0.07724425887265135 0.73125 0.07306889352818371 0.73125 0.0709812108559499 0.7265625 0.060542797494780795 0.721875 0.060542797494780795 0.71875 0.05636743215031315 0.715625 0.05010438413361169 0.7140625 0.05010438413361169 0.7109375 0.037578288100208766 0.7109375 0.03549060542797495 0.7078125 0.027139874739039668 0.7078125 0.025052192066805846 0.703125 0.016701461377870562 0.703125 0.014613778705636743 0.7 0 0.7 0 0.7015625 0 0.7953125
1 0.17536534446764093 0.3828125 0.17536534446764093 0.39375 0.17118997912317327 0.396875 0.1837160751565762 0.396875 0.18580375782881003 0.4 0.18997912317327767 0.4 0.19206680584551147 0.4078125 0.20041753653444677 0.4078125 0.20041753653444677 0.4015625 0.2045929018789144 0.4 0.20668058455114824 0.4015625 0.20668058455114824 0.428125 0.21085594989561587 0.428125 0.21294363256784968 0.43125 0.22129436325678498 0.43125 0.22338204592901878 0.4390625 0.22755741127348644 0.440625 0.22755741127348644 0.44375 0.23799582463465555 0.4453125 0.23799582463465555 0.4546875 0.23382045929018788 0.45625 0.23382045929018788 0.4625 0.22755741127348644 0.4640625 0.22755741127348644 0.4703125 0.22129436325678498 0.475 0.21711899791231734 0.475 0.21711899791231734 0.48125 0.21294363256784968 0.4828125 0.21085594989561587 0.4875 0.20668058455114824 0.4875 0.20668058455114824 0.49375 0.20250521920668058 0.4953125 0.20250521920668058 0.5046875 0.19624217118997914 0.50625 0.19624217118997914 0.54375 0.20250521920668058 0.5453125 0.20250521920668058 0.559375 0.20668058455114824 0.5609375 0.20668058455114824 0.5703125 0.21294363256784968 0.571875 0.21294363256784968 0.578125 0.21711899791231734 0.5796875 0.21711899791231734 0.5859375 0.22338204592901878 0.5875 0.22338204592901878 0.590625 0.22755741127348644 0.59375 0.267223382045929 0.59375 0.26931106471816285 0.590625 0.2818371607515658 0.590625 0.2839248434237996 0.5859375 0.2985386221294363 0.5859375 0.30062630480167013 0.5828125 0.348643006263048 0.5828125 0.35073068893528186 0.5859375 0.35908141962421714 0.5859375 0.36116910229645094 0.590625 0.3653444676409186 0.590625 0.37160751565762007 0.5953125 0.37160751565762007 0.5984375 0.3757828810020877 0.5984375 0.38204592901878914 0.603125 0.38204592901878914 0.6125 0.3883089770354906 0.6140625 0.3883089770354906 0.6203125 0.3924843423799583 0.621875 0.3924843423799583 0.628125 0.40083507306889354 0.628125 0.40292275574112735 0.625 0.4321503131524008 0.625 0.4342379958246347 0.6203125 0.44676409185803756 0.6203125 0.44676409185803756 0.6140625 0.453027139874739 0.6125 0.453027139874739 0.5921875 0.4572025052192067 0.590625 0.4572025052192067 0.56875 0.46346555323590816 0.5671875 0.46346555323590816 0.4828125 0.4572025052192067 0.48125 0.4572025052192067 0.475 0.44676409185803756 0.4703125 0.44676409185803756 0.4671875 0.44258872651356995 0.4640625 0.4279749478079332 0.4640625 0.42588726513569936 0.4609375 0.4175365344467641 0.4609375 0.4154488517745303 0.45625 0.407098121085595 0.4515625 0.407098121085595 0.4484375 0.40083507306889354 0.446875 0.40083507306889354 0.440625 0.3903966597077244 0.4359375 0.3903966597077244 0.4296875 0.3862212943632568 0.428125 0.3862212943632568 0.425 0.38204592901878914 0.425 0.37995824634655534 0.421875 0.37160751565762007 0.421875 0.3695198329853862 0.4171875 0.3569937369519833 0.4171875 0.35490605427974947 0.4140625 0.31524008350730687 0.4140625 0.31106471816283926 0.4171875 0.3089770354906054 0.4140625 0.302713987473904 0.4125 0.302713987473904 0.409375 0.2985386221294363 0.40625 0.29018789144050106 0.40625 0.2881002087682672 0.409375 0.2839248434237996 0.409375 0.2818371607515658 0.40625 0.27348643006263046 0.40625 0.27139874739039666 0.4015625 0.26931106471816285 0.4015625 0.267223382045929 0.40625 0.2630480167014614 0.40625 0.2609603340292276 0.4015625 0.25260960334029225 0.4015625 0.24634655532359082 0.396875 0.24634655532359082 0.3828125 0.24425887265135698 0.3828125 0.24217118997912318 0.3875 0.23799582463465555 0.3875 0.23382045929018788 0.390625 0.23173277661795408 0.3828125 0.22755741127348644 0.3828125 0.22338204592901878 0.3796875 0.22338204592901878 0.38125 0.22129436325678498 0.3828125 0.17536534446764093 0.3828125
1 0.8204592901878914 0.9 0.8204592901878914 0.903125 0.81419624217119 0.9078125 0.8100208768267223 0.9078125 0.8100208768267223 0.9109375 0.8037578288100209 0.915625 0.7995824634655533 0.915625 0.7995824634655533 0.91875 0.7933194154488518 0.9234375 0.7891440501043842 0.9234375 0.7891440501043842 0.9296875 0.7849686847599165 0.93125 0.7849686847599165 0.9375 0.778705636743215 0.9390625 0.778705636743215 0.953125 0.7745302713987474 0.9546875 0.7745302713987474 0.9796875 0.7682672233820459 0.98125 0.7682672233820459 0.9953125 0.7724425887265136 0.9953125 0.7745302713987474 0.9984375 0.8392484342379958 0.9984375 0.8413361169102297 0.9953125 0.8705636743215032 0.9953125 0.872651356993737 0.9984375 0.9123173277661796 0.9984375 0.9144050104384134 0.9953125 0.9269311064718163 0.9953125 0.9290187891440501 0.9984375 0.9519832985386222 0.9984375 0.9519832985386222 0.99375 0.9478079331941545 0.9921875 0.9478079331941545 0.965625 0.954070981210856 0.9609375 0.9582463465553236 0.9609375 0.9603340292275574 0.95625 0.9791231732776617 0.95625 0.9812108559498957 0.9609375 0.9832985386221295 0.9609375 0.9832985386221295 0.946875 0.9791231732776617 0.9453125 0.9791231732776617 0.934375 0.9749478079331941 0.934375 0.9686847599164927 0.928125 0.964509394572025 0.928125 0.9582463465553236 0.9203125 0.9519832985386222 0.91875 0.9519832985386222 0.915625 0.9436325678496869 0.915625 0.941544885177453 0.9125 0.9331941544885177 0.9125 0.9311064718162839 0.9078125 0.9144050104384134 0.9078125 0.9123173277661796 0.9046875 0.8935281837160751 0.9046875 0.8914405010438413 0.9 0.8768267223382046 0.9 0.8747390396659708 0.896875 0.8413361169102297 0.896875 0.8413361169102297 0.8984375 0.8392484342379958 0.9 0.8204592901878914 0.9
1 0 0.690625 0.0041753653444676405 0.690625 0.008350730688935281 0.69375 0.008350730688935281 0.6875 0.014613778705636743 0.6859375 0.020876826722338204 0.678125 0.025052192066805846 0.678125 0.025052192066805846 0.66875 0.018789144050104383 0.6671875 0.018789144050104383 0.6609375 0.025052192066805846 0.659375 0.025052192066805846 0.6453125 0.018789144050104383 0.64375 0.018789144050104383 0.6375 0.014613778705636743 0.6359375 0.014613778705636743 0.6296875 0 0.6296875 0 0.63125 0 0.690625
1 0.6033402922755741 0.2828125 0.6012526096033403 0.2859375 0.592901878914405 0.2859375 0.592901878914405 0.2890625 0.5887265135699373 0.290625 0.5887265135699373 0.3078125 0.592901878914405 0.309375 0.592901878914405 0.3125 0.5991649269311065 0.3140625 0.5991649269311065 0.3203125 0.6033402922755741 0.321875 0.6033402922755741 0.328125 0.6096033402922756 0.3296875 0.6096033402922756 0.334375 0.6137787056367432 0.3359375 0.6137787056367432 0.346875 0.6096033402922756 0.3484375 0.6096033402922756 0.3546875 0.6137787056367432 0.35625 0.6137787056367432 0.3703125 0.6200417536534447 0.371875 0.6200417536534447 0.38125 0.6242171189979123 0.3828125 0.6242171189979123 0.396875 0.6304801670146137 0.3984375 0.6304801670146137 0.4078125 0.6346555323590815 0.409375 0.6346555323590815 0.415625 0.6304801670146137 0.4171875 0.6304801670146137 0.4203125 0.6388308977035491 0.4203125 0.6388308977035491 0.409375 0.6430062630480167 0.4078125 0.6430062630480167 0.390625 0.6492693110647182 0.3890625 0.6492693110647182 0.3515625 0.6534446764091858 0.35 0.6555323590814196 0.3421875 0.6597077244258872 0.3421875 0.6617954070981211 0.3390625 0.6680584551148225 0.3390625 0.6680584551148225 0.30625 0.6743215031315241 0.3046875 0.6743215031315241 0.2984375 0.6784968684759917 0.296875 0.6784968684759917 0.2859375 0.6701461377870563 0.2859375 0.6680584551148225 0.2828125 0.6409185803757829 0.2828125 0.6388308977035491 0.278125 0.6304801670146137 0.278125 0.6304801670146137 0.2796875 0.6283924843423799 0.2828125 0.6033402922755741 0.2828125
1 0.9331941544885177 0.14375 0.9290187891440501 0.146875 0.9290187891440501 0.16875 0.9227557411273486 0.1703125 0.9227557411273486 0.196875 0.918580375782881 0.1984375 0.918580375782881 0.2078125 0.9144050104384134 0.209375 0.9144050104384134 0.215625 0.9081419624217119 0.2171875 0.9081419624217119 0.2265625 0.9039665970772442 0.228125 0.9039665970772442 0.234375 0.8977035490605428 0.2359375 0.8977035490605428 0.2421875 0.8935281837160751 0.24375 0.8935281837160751 0.25 0.8872651356993737 0.2515625 0.8872651356993737 0.2546875 0.8830897703549061 0.25625 0.8810020876826722 0.2640625 0.8768267223382046 0.2640625 0.8747390396659708 0.2671875 0.8559498956158664 0.2671875 0.8496868475991649 0.2625 0.8496868475991649 0.24375 0.8455114822546973 0.24375 0.8413361169102297 0.240625 0.8392484342379958 0.24375 0.8350730688935282 0.24375 0.8350730688935282 0.25 0.8308977035490606 0.2515625 0.8308977035490606 0.2546875 0.824634655532359 0.259375 0.8204592901878914 0.259375 0.8204592901878914 0.2625 0.81419624217119 0.2671875 0.8100208768267223 0.2671875 0.8079331941544885 0.275 0.7578288100208769 0.275 0.7536534446764092 0.278125 0.7494780793319415 0.275 0.7473903966597077 0.278125 0.7077244258872651 0.278125 0.7077244258872651 0.28125 0.697286012526096 0.2859375 0.6951983298538622 0.290625 0.6910229645093946 0.290625 0.6889352818371608 0.29375 0.6805845511482255 0.29375 0.6805845511482255 0.296875 0.6764091858037579 0.2984375 0.6764091858037579 0.3078125 0.6701461377870563 0.309375 0.6701461377870563 0.334375 0.6659707724425887 0.3359375 0.6638830897703549 0.340625 0.6555323590814196 0.340625 0.6555323590814196 0.35 0.651356993736952 0.3515625 0.651356993736952 0.4046875 0.6450939457202505 0.40625 0.6450939457202505 0.446875 0.651356993736952 0.4484375 0.651356993736952 0.4546875 0.6555323590814196 0.45625 0.6555323590814196 0.459375 0.6659707724425887 0.4609375 0.6659707724425887 0.465625 0.6701461377870563 0.4671875 0.6701461377870563 0.4703125 0.6847599164926931 0.4703125 0.6868475991649269 0.4734375 0.7202505219206681 0.4734375 0.7223382045929019 0.478125 0.7369519832985386 0.478125 0.7390396659707724 0.48125 0.7432150313152401 0.478125 0.7515657620041754 0.478125 0.7536534446764092 0.48125 0.7661795407098121 0.48125 0.7682672233820459 0.478125 0.7870563674321504 0.478125 0.7891440501043842 0.4734375 0.8037578288100209 0.4734375 0.8058455114822547 0.4703125 0.81419624217119 0.4703125 0.8162839248434238 0.465625 0.8288100208768268 0.465625 0.8308977035490606 0.4625 0.8434237995824635 0.4625 0.8455114822546973 0.459375 0.860125260960334 0.459375 0.860125260960334 0.45625 0.8663883089770354 0.4515625 0.8747390396659708 0.4515625 0.8747390396659708 0.4484375 0.8810020876826722 0.446875 0.8872651356993737 0.4390625 0.8914405010438413 0.4390625 0.8956158663883089 0.4359375 0.8977035490605428 0.43125 0.9018789144050104 0.43125 0.9018789144050104 0.425 0.906054279749478 0.4234375 0.906054279749478 0.409375 0.9164926931106472 0.4078125 0.9227557411273486 0.4 0.9311064718162839 0.4 0.9311064718162839 0.3953125 0.9373695198329853 0.39375 0.9373695198329853 0.390625 0.9436325678496869 0.3859375 0.9498956158663883 0.3875 0.9498956158663883 0.39375 0.9519832985386222 0.39375 0.954070981210856 0.3890625 0.9582463465553236 0.3890625 0.9582463465553236 0.3796875 0.9624217118997912 0.378125 0.9624217118997912 0.371875 0.9686847599164927 0.3703125 0.9707724425887265 0.365625 0.9832985386221295 0.365625 0.9832985386221295 0.35625 0.9895615866388309 0.3546875 0.9895615866388309 0.3484375 0.9937369519832986 0.346875 0.9937369519832986 0.321875 0.9895615866388309 0.3203125 0.9895615866388309 0.309375 0.9853862212943633 0.309375 0.9832985386221295 0.30625 0.9895615866388309 0.3046875 0.9895615866388309 0.2984375 0.9937369519832986 0.296875 0.9937369519832986 0.29375 0.9853862212943633 0.29375 0.9791231732776617 0.2890625 0.9791231732776617 0.2859375 0.9749478079331941 0.2859375 0.9728601252609603 0.2828125 0.964509394572025 0.2828125 0.9624217118997912 0.278125 0.9498956158663883 0.278125 0.9478079331941545 0.275 0.9394572025052192 0.275 0.9373695198329853 0.2703125 0.9331941544885177 0.2703125 0.9331941544885177 0.2734375 0.9290187891440501 0.275 0.9269311064718163 0.2703125 0.9081419624217119 0.2703125 0.9018789144050104 0.265625 0.9018789144050104 0.259375 0.906054279749478 0.2578125 0.906054279749478 0.2515625 0.9123173277661796 0.25 0.9123173277661796 0.24375 0.9164926931106472 0.2421875 0.9164926931106472 0.2328125 0.9206680584551148 0.23125 0.9206680584551148 0.2203125 0.9269311064718163 0.21875 0.9269311064718163 0.2125 0.9311064718162839 0.2109375 0.9311064718162839 0.19375 0.9373695198329853 0.1921875 0.9373695198329853 0.1859375 0.941544885177453 0.184375 0.941544885177453 0.1546875 0.9478079331941545 0.153125 0.9478079331941545 0.146875 0.941544885177453 0.1453125 0.941544885177453 0.1390625 0.9394572025052192 0.1390625 0.9394572025052192 0.140625 0.9373695198329853 0.14375 0.9331941544885177 0.14375
1 0.26931106471816285 0.08125 0.267223382045929 0.0859375 0.24843423799582465 0.0859375 0.24634655532359082 0.0890625 0.23799582463465555 0.0890625 0.2359081419624217 0.09375 0.22755741127348644 0.09375 0.22129436325678498 0.1015625 0.21711899791231734 0.1015625 0.21294363256784968 0.1046875 0.21085594989561587 0.109375 0.20668058455114824 0.109375 0.20668058455114824 0.115625 0.20041753653444677 0.1203125 0.19624217118997914 0.1203125 0.19624217118997914 0.1265625 0.19206680584551147 0.128125 0.19206680584551147 0.1375 0.18580375782881003 0.1390625 0.18580375782881003 0.153125 0.19206680584551147 0.1546875 0.19206680584551147 0.1578125 0.18580375782881003 0.159375 0.1837160751565762 0.1625 0.17954070981210857 0.159375 0.15657620041753653 0.159375 0.1544885177453027 0.1625 0.15031315240083507 0.1625 0.15031315240083507 0.16875 0.14613778705636743 0.1703125 0.14613778705636743 0.1765625 0.15031315240083507 0.178125 0.15031315240083507 0.18125 0.15657620041753653 0.1828125 0.15657620041753653 0.1890625 0.16075156576200417 0.190625 0.16075156576200417 0.203125 0.16701461377870563 0.2046875 0.16701461377870563 0.2109375 0.17536534446764093 0.2171875 0.17536534446764093 0.2234375 0.17954070981210857 0.2234375 0.18162839248434237 0.2265625 0.17536534446764093 0.228125 0.17536534446764093 0.23125 0.17118997912317327 0.2328125 0.17118997912317327 0.2390625 0.1649269311064718 0.24375 0.16075156576200417 0.24375 0.15866388308977036 0.2484375 0.15031315240083507 0.2484375 0.1440501043841336 0.25625 0.13569937369519833 0.25625 0.1336116910229645 0.259375 0.12943632567849686 0.259375 0.12734864300626306 0.2640625 0.11899791231732777 0.2640625 0.1127348643006263 0.2703125 0.10438413361169102 0.2703125 0.10438413361169102 0.2765625 0.12317327766179541 0.2765625 0.12943632567849686 0.26875 0.13778705636743216 0.26875 0.13987473903966596 0.265625 0.14822546972860126 0.265625 0.15031315240083507 0.2578125 0.1544885177453027 0.2578125 0.15657620041753653 0.2546875 0.1649269311064718 0.2546875 0.16701461377870563 0.25 0.1732776617954071 0.25 0.17536534446764093 0.246875 0.17954070981210857 0.246875 0.17954070981210857 0.24375 0.18580375782881003 0.2390625 0.1941544885177453 0.2390625 0.19624217118997914 0.234375 0.2045929018789144 0.234375 0.20668058455114824 0.2390625 0.21711899791231734 0.240625 0.21711899791231734 0.246875 0.22129436325678498 0.246875 0.22755741127348644 0.2515625 0.22755741127348644 0.2546875 0.2359081419624217 0.2546875 0.23799582463465555 0.2578125 0.24425887265135698 0.259375 0.24425887265135698 0.2625 0.2567849686847599 0.2625 0.2588726513569937 0.2640625 0.2588726513569937 0.28125 0.2630480167014614 0.284375 0.267223382045929 0.284375 0.267223382045929 0.278125 0.27139874739039666 0.2765625 0.27139874739039666 0.2671875 0.2776617954070981 0.265625 0.2797494780793319 0.2578125 0.2881002087682672 0.2578125 0.29436325678496866 0.265625 0.302713987473904 0.265625 0.302713987473904 0.25625 0.2985386221294363 0.2546875 0.2985386221294363 0.2515625 0.29227557411273486 0.25 0.29227557411273486 0.24375 0.2881002087682672 0.2421875 0.29018789144050106 0.2390625 0.302713987473904 0.2390625 0.3048016701461378 0.2421875 0.33820459290187893 0.2421875 0.34029227557411273 0.2390625 0.35908141962421714 0.2390625 0.36116910229645094 0.234375 0.3695198329853862 0.234375 0.37160751565762007 0.23125 0.3757828810020877 0.23125 0.3757828810020877 0.228125 0.38204592901878914 0.2234375 0.3862212943632568 0.2234375 0.3862212943632568 0.2203125 0.3924843423799583 0.215625 0.3966597077244259 0.215625 0.3966597077244259 0.2125 0.40292275574112735 0.2078125 0.407098121085595 0.2078125 0.407098121085595 0.2046875 0.4112734864300626 0.203125 0.4112734864300626 0.1984375 0.4154488517745303 0.196875 0.4154488517745303 0.1859375 0.42171189979123175 0.184375 0.42171189979123175 0.175 0.42588726513569936 0.1734375 0.4279749478079332 0.16875 0.4321503131524008 0.16875 0.4321503131524008 0.1546875 0.4363256784968685 0.153125 0.4363256784968685 0.128125 0.4321503131524008 0.1265625 0.4321503131524008 0.1171875 0.42588726513569936 0.115625 0.42588726513569936 0.109375 0.42171189979123175 0.1078125 0.42171189979123175 0.1046875 0.4175365344467641 0.1046875 0.4112734864300626 0.1 0.4112734864300626 0.09375 0.40292275574112735 0.09375 0.3966597077244259 0.0859375 0.3862212943632568 0.084375 0.3862212943632568 0.08125 0.36116910229645094 0.08125 0.35908141962421714 0.078125 0.29018789144050106 0.078125 0.29018789144050106 0.0796875 0.2881002087682672 0.08125 0.26931106471816285 0.08125
1 0 0.4359375 0.04592901878914405 0.4359375 0.04801670146137787 0.4390625 0.0709812108559499 0.4390625 0.07306889352818371 0.44375 0.0918580375782881 0.44375 0.09603340292275574 0.446875 0.09812108559498957 0.44375 0.1127348643006263 0.44375 0.11482254697286012 0.4390625 0.12317327766179541 0.4390625 0.12526096033402923 0.4359375 0.15866388308977036 0.4359375 0.16075156576200417 0.43125 0.16910229645093947 0.43125 0.1732776617954071 0.428125 0.1732776617954071 0.4140625 0.16910229645093947 0.4125 0.16910229645093947 0.40625 0.1649269311064718 0.4046875 0.1649269311064718 0.4015625 0.15866388308977036 0.4 0.15866388308977036 0.3953125 0.1544885177453027 0.39375 0.1544885177453027 0.3875 0.14822546972860126 0.3859375 0.14822546972860126 0.3796875 0.1440501043841336 0.378125 0.1440501043841336 0.3671875 0.14613778705636743 0.365625 0.1649269311064718 0.365625 0.16701461377870563 0.3703125 0.1837160751565762 0.3703125 0.18580375782881003 0.365625 0.1941544885177453 0.365625 0.1941544885177453 0.3515625 0.1837160751565762 0.346875 0.1837160751565762 0.3359375 0.17954070981210857 0.334375 0.17954070981210857 0.3296875 0.1732776617954071 0.328125 0.1732776617954071 0.325 0.1649269311064718 0.3203125 0.1649269311064718 0.3171875 0.15866388308977036 0.315625 0.15866388308977036 0.309375 0.14822546972860126 0.3046875 0.14822546972860126 0.3015625 0.1440501043841336 0.2984375 0.13778705636743216 0.296875 0.13778705636743216 0.29375 0.1336116910229645 0.290625 0.11899791231732777 0.290625 0.11691022964509394 0.2859375 0.09812108559498957 0.2859375 0.09603340292275574 0.2828125 0.08350730688935282 0.2828125 0.081419624217119 0.278125 0.07306889352818371 0.278125 0.07306889352818371 0.2796875 0.0709812108559499 0.2828125 0.05219206680584551 0.2828125 0.05010438413361169 0.2859375 0.037578288100208766 0.2859375 0.03549060542797495 0.290625 0.027139874739039668 0.290625 0.025052192066805846 0.29375 0.020876826722338204 0.29375 0.018789144050104383 0.2984375 0.010438413361169102 0.2984375 0.0041753653444676405 0.30625 0 0.30625 0 0.4359375
1 0.9707724425887265 0.371875 0.9686847599164927 0.375 0.964509394572025 0.375 0.9624217118997912 0.3796875 0.9582463465553236 0.378125 0.9582463465553236 0.375 0.954070981210856 0.375 0.954070981210856 0.378125 0.9498956158663883 0.38125 0.9603340292275574 0.3828125 0.9603340292275574 0.3890625 0.954070981210856 0.390625 0.954070981210856 0.396875 0.9478079331941545 0.4015625 0.9436325678496869 0.4015625 0.941544885177453 0.40625 0.9290187891440501 0.40625 0.9269311064718163 0.409375 0.918580375782881 0.409375 0.918580375782881 0.4125 0.9123173277661796 0.4171875 0.9081419624217119 0.4171875 0.9081419624217119 0.428125 0.9144050104384134 0.4296875 0.9144050104384134 0.44375 0.9269311064718163 0.44375 0.9290187891440501 0.446875 0.9373695198329853 0.446875 0.9394572025052192 0.4546875 0.9436325678496869 0.45625 0.9436325678496869 0.4625 0.9478079331941545 0.4625 0.954070981210856 0.4671875 0.954070981210856 0.4703125 0.9582463465553236 0.4703125 0.9603340292275574 0.4734375 0.9707724425887265 0.475 0.9707724425887265 0.4859375 0.9749478079331941 0.4875 0.9749478079331941 0.49375 0.9791231732776617 0.49375 0.9812108559498957 0.4890625 0.9895615866388309 0.4890625 0.9895615866388309 0.4609375 0.9937369519832986 0.459375 0.9937369519832986 0.4453125 0.9979123173277662 0.44375 0.9979123173277662 0.371875 0.9916492693110647 0.371875 0.9895615866388309 0.3671875 0.9812108559498957 0.3671875 0.9812108559498957 0.36875 0.9791231732776617 0.371875 0.9707724425887265 0.371875
1 0 0.6203125 0.008350730688935281 0.6203125 0.010438413361169102 0.625 0.025052192066805846 0.625 0.025052192066805846 0.621875 0.029227557411273485 0.6203125 0.031315240083507306 0.625 0.0918580375782881 0.625 0.09394572025052192 0.6203125 0.10647181628392484 0.6203125 0.10855949895615867 0.6171875 0.1127348643006263 0.6171875 0.11482254697286012 0.6125 0.12734864300626306 0.6125 0.12943632567849686 0.609375 0.13778705636743216 0.609375 0.13778705636743216 0.60625 0.1440501043841336 0.6046875 0.15031315240083507 0.5984375 0.15866388308977036 0.5984375 0.15866388308977036 0.5953125 0.16910229645093947 0.590625 0.16910229645093947 0.5875 0.17536534446764093 0.5828125 0.17954070981210857 0.5828125 0.17954070981210857 0.571875 0.1837160751565762 0.5703125 0.1837160751565762 0.5640625 0.18997912317327767 0.5625 0.18997912317327767 0.51875 0.1837160751565762 0.5171875 0.1837160751565762 0.5109375 0.17954070981210857 0.509375 0.17954070981210857 0.50625 0.17536534446764093 0.50625 0.16910229645093947 0.5015625 0.16910229645093947 0.4953125 0.1649269311064718 0.49375 0.1649269311064718 0.490625 0.16075156576200417 0.490625 0.1544885177453027 0.4859375 0.1544885177453027 0.4828125 0.15031315240083507 0.4828125 0.1440501043841336 0.478125 0.1440501043841336 0.475 0.13987473903966596 0.475 0.13778705636743216 0.471875 0.12943632567849686 0.471875 0.12317327766179541 0.4640625 0.11899791231732777 0.4640625 0.11691022964509394 0.4609375 0.10855949895615867 0.4609375 0.10647181628392484 0.45625 0.09812108559498957 0.45625 0.09603340292275574 0.453125 0.08350730688935282 0.453125 0.081419624217119 0.4484375 0.07306889352818371 0.4484375 0.0709812108559499 0.4453125 0.05845511482254697 0.4453125 0.05636743215031315 0.440625 0.006263048016701462 0.440625 0.006263048016701462 0.4421875 0.0041753653444676405 0.4453125 0 0.4453125 0 0.6203125
1 0 0.9953125 0.0041753653444676405 0.9953125 0.006263048016701462 0.9984375 0.03549060542797495 0.9984375 0.03549060542797495 0.98125 0.04175365344467641 0.9765625 0.04592901878914405 0.9765625 0.04592901878914405 0.9703125 0.05010438413361169 0.96875 0.05010438413361169 0.9625 0.05636743215031315 0.9609375 0.05636743215031315 0.95 0.060542797494780795 0.9484375 0.060542797494780795 0.93125 0.05636743215031315 0.9296875 0.05636743215031315 0.9078125 0.05010438413361169 0.90625 0.05010438413361169 0.9 0.03966597077244259 0.8953125 0.03966597077244259 0.8921875 0.027139874739039668 0.8921875 0.025052192066805846 0.8890625 0 0.8890625 0 0.890625 0 0.9953125
1 0.954070981210856 0.9578125 0.954070981210856 0.9609375 0.9498956158663883 0.9625 0.9498956158663883 0.9921875 0.9436325678496869 0.99375 0.9436325678496869 0.9984375 0.9832985386221295 0.9984375 0.9853862212943633 0.9953125 0.9979123173277662 0.9953125 0.9979123173277662 0.9625 0.9937369519832986 0.9609375 0.9937369519832986 0.9578125 0.9812108559498957 0.9578125 0.9791231732776617 0.9546875 0.9707724425887265 0.9546875 0.9707724425887265 0.95625 0.9686847599164927 0.9578125 0.954070981210856 0.9578125
1 0 0 0 0.0015625 0 0.9984375 0.081419624217119 0.9984375 0.08559498956158663 0.9953125 0.08768267223382047 0.9984375 0.44258872651356995 0.9984375 0.44676409185803756 0.9953125 0.4488517745302714 0.9984375 0.4572025052192067 0.9984375 0.4592901878914405 0.9953125 0.46346555323590816 0.9953125 0.46555323590814196 0.9984375 0.47390396659707723 0.9984375 0.4780793319415449 0.9953125 0.4801670146137787 0.9984375 0.48434237995824636 0.9984375 0.48851774530271397 0.9953125 0.4906054279749478 0.9984375 0.5135699373695198 0.9984375 0.5156576200417536 0.9953125 0.5302713987473904 0.9953125 0.5323590814196242 0.9984375 0.6388308977035491 0.9984375 0.6430062630480167 0.9953125 0.6450939457202505 0.9984375 0.7620041753653445 0.9984375 0.7661795407098121 0.9953125 0.7682672233820459 0.9984375 0.9895615866388309 0.9984375 0.9937369519832986 0.9953125 0.9979123173277662 0.9984375 0.9979123173277662 0.9125 0.9937369519832986 0.9109375 0.9937369519832986 0.9046875 0.9979123173277662 0.903125 0.9979123173277662 0.225 0.9937369519832986 0.2234375 0.9937369519832986 0.2203125 0.9979123173277662 0.21875 0.9979123173277662 0.1984375 0.9937369519832986 0.196875 0.9937369519832986 0.190625 0.9979123173277662 0.1890625 0.9979123173277662 0.175 0.9937369519832986 0.1734375 0.9937369519832986 0.1625 0.9979123173277662 0.1609375 0.9979123173277662 0 0.9144050104384134 0 0.9144050104384134 0.003125 0.9081419624217119 0.0046875 0.906054279749478 0 0.872651356993737 0 0.8705636743215032 0.0046875 0.8622129436325678 0.0046875 0.860125260960334 0 0 0
1 0.27348643006263046 0.08125 0.27139874739039666 0.0859375 0.25260960334029225 0.0859375 0.25052192066805845 0.0890625 0.24425887265135698 0.0890625 0.24217118997912318 0.09375 0.23382045929018788 0.09375 0.23173277661795408 0.096875 0.22338204592901878 0.096875 0.22338204592901878 0.1 0.21294363256784968 0.1046875 0.21085594989561587 0.109375 0.20668058455114824 0.109375 0.20668058455114824 0.115625 0.20041753653444677 0.1203125 0.19624217118997914 0.1203125 0.19624217118997914 0.1265625 0.19206680584551147 0.128125 0.19206680584551147 0.165625 0.19624217118997914 0.1671875 0.19624217118997914 0.1734375 0.19206680584551147 0.175 0.19206680584551147 0.184375 0.19624217118997914 0.1859375 0.19624217118997914 0.1890625 0.20041753653444677 0.1890625 0.20041753653444677 0.1828125 0.2045929018789144 0.18125 0.2045929018789144 0.175 0.21085594989561587 0.1734375 0.21085594989561587 0.1703125 0.2150313152400835 0.16875 0.2150313152400835 0.1625 0.2254697286012526 0.1609375 0.22755741127348644 0.1625 0.22755741127348644 0.165625 0.22338204592901878 0.16875 0.22755741127348644 0.1703125 0.22755741127348644 0.1734375 0.23382045929018788 0.175 0.23382045929018788 0.184375 0.22755741127348644 0.1859375 0.22755741127348644 0.1921875 0.23382045929018788 0.19375 0.23382045929018788 0.196875 0.22338204592901878 0.1984375 0.21711899791231734 0.203125 0.23173277661795408 0.203125 0.23382045929018788 0.2046875 0.23382045929018788 0.21875 0.23799582463465555 0.215625 0.25052192066805845 0.215625 0.25052192066805845 0.2125 0.2567849686847599 0.2109375 0.2588726513569937 0.2078125 0.27139874739039666 0.2078125 0.27348643006263046 0.209375 0.27348643006263046 0.2234375 0.2776617954070981 0.2234375 0.2839248434237996 0.228125 0.2839248434237996 0.23125 0.2881002087682672 0.23125 0.29436325678496866 0.2359375 0.29436325678496866 0.2390625 0.31941544885177453 0.2390625 0.3235908141962422 0.2421875 0.325678496868476 0.2390625 0.348643006263048 0.2390625 0.35073068893528186 0.234375 0.3653444676409186 0.234375 0.37160751565762007 0.2265625 0.3757828810020877 0.2265625 0.3778705636743215 0.2234375 0.3862212943632568 0.2234375 0.3862212943632568 0.2203125 0.3924843423799583 0.215625 0.3966597077244259 0.215625 0.3966597077244259 0.2125 0.40292275574112735 0.2078125 0.407098121085595 0.2078125 0.407098121085595 0.2046875 0.4112734864300626 0.203125 0.4112734864300626 0.19375 0.4154488517745303 0.1921875 0.4154488517745303 0.1828125 0.42171189979123175 0.18125 0.42171189979123175 0.175 0.42588726513569936 0.1734375 0.42588726513569936 0.1671875 0.4321503131524008 0.165625 0.4321503131524008 0.1359375 0.4363256784968685 0.1328125 0.4321503131524008 0.13125 0.4321503131524008 0.1171875 0.42588726513569936 0.115625 0.42588726513569936 0.109375 0.42171189979123175 0.1078125 0.42171189979123175 0.1046875 0.4175365344467641 0.1046875 0.4112734864300626 0.1 0.4112734864300626 0.096875 0.407098121085595 0.09375 0.40083507306889354 0.0921875 0.40083507306889354 0.0890625 0.3924843423799583 0.0890625 0.3903966597077244 0.0859375 0.38204592901878914 0.0859375 0.37995824634655534 0.08125 0.35073068893528186 0.08125 0.348643006263048 0.078125 0.29436325678496866 0.078125 0.29436325678496866 0.0796875 0.29227557411273486 0.08125 0.27348643006263046 0.08125
1 0.9791231732776617 0.1671875 0.9707724425887265 0.1671875 0.9686847599164927 0.1703125 0.964509394572025 0.1703125 0.964509394572025 0.1734375 0.9582463465553236 0.178125 0.954070981210856 0.178125 0.954070981210856 0.18125 0.9478079331941545 0.1859375 0.9436325678496869 0.1859375 0.9436325678496869 0.1921875 0.9394572025052192 0.19375 0.9394572025052192 0.203125 0.9331941544885177 0.2046875 0.9331941544885177 0.21875 0.9290187891440501 0.2203125 0.9290187891440501 0.2546875 0.9331941544885177 0.25625 0.9331941544885177 0.2625 0.9373695198329853 0.2625 0.9394572025052192 0.265625 0.9478079331941545 0.265625 0.9498956158663883 0.26875 0.9582463465553236 0.26875 0.9603340292275574 0.2734375 0.9686847599164927 0.2734375 0.9707724425887265 0.2765625 0.9791231732776617 0.2765625 0.9812108559498957 0.28125 0.9895615866388309 0.28125 0.9916492693110647 0.284375 0.9979123173277662 0.284375 0.9979123173277662 0.159375 0.9916492693110647 0.159375 0.9916492693110647 0.1609375 0.9812108559498957 0.1625 0.9791231732776617 0.1671875
1 0.7014613778705637 0.965625 0.7014613778705637 0.96875 0.6951983298538622 0.9734375 0.6910229645093946 0.9734375 0.6910229645093946 0.9796875 0.6868475991649269 0.98125 0.6868475991649269 0.984375 0.6805845511482255 0.9859375 0.6764091858037579 0.9890625 0.6764091858037579 0.9921875 0.6701461377870563 0.99375 0.6701461377870563 0.9953125 0.6743215031315241 0.9953125 0.6764091858037579 0.9984375 0.7620041753653445 0.9984375 0.7620041753653445 0.9859375 0.755741127348643 0.984375 0.755741127348643 0.978125 0.7515657620041754 0.9765625 0.7515657620041754 0.9703125 0.7473903966597077 0.96875 0.7473903966597077 0.965625 0.7432150313152401 0.965625 0.7411273486430062 0.9625 0.732776617954071 0.9625 0.7306889352818372 0.9578125 0.7118997912317327 0.9578125 0.7118997912317327 0.959375 0.7056367432150313 0.965625 0.7014613778705637 0.965625
1 0.44467640918580376 0.021875 0.4384133611691023 0.0234375 0.4384133611691023 0.0265625 0.4321503131524008 0.03125 0.4279749478079332 0.03125 0.4279749478079332 0.034375 0.42379958246346555 0.0359375 0.42379958246346555 0.0421875 0.4133611691022965 0.046875 0.4133611691022965 0.05 0.407098121085595 0.0546875 0.40292275574112735 0.0546875 0.40292275574112735 0.0578125 0.3966597077244259 0.0625 0.3924843423799583 0.0625 0.3924843423799583 0.065625 0.3883089770354906 0.0671875 0.3883089770354906 0.0765625 0.3924843423799583 0.0796875 0.40083507306889354 0.0796875 0.40292275574112735 0.084375 0.407098121085595 0.084375 0.4091858037578288 0.0875 0.42588726513569936 0.0875 0.4279749478079332 0.084375 0.4321503131524008 0.084375 0.4321503131524008 0.0734375 0.4342379958246347 0.071875 0.46764091858037576 0.071875 0.4697286012526096 0.06875 0.47390396659707723 0.06875 0.4780793319415449 0.065625 0.4780793319415449 0.0515625 0.47390396659707723 0.05 0.47390396659707723 0.0359375 0.46764091858037576 0.034375 0.46764091858037576 0.0234375 0.46346555323590816 0.0203125 0.4592901878914405 0.0203125 0.4572025052192067 0.0234375 0.453027139874739 0.021875 0.453027139874739 0.015625 0.4572025052192067 0.0140625 0.4551148225469729 0.0125 0.4551148225469729 0.0140625 0.44467640918580376 0.015625 0.44467640918580376 0.021875
1 0.11482254697286012 0.965625 0.1127348643006263 0.9703125 0.10438413361169102 0.9703125 0.1022964509394572 0.9734375 0.09812108559498957 0.9734375 0.09812108559498957 0.9765625 0.0918580375782881 0.98125 0.08768267223382047 0.98125 0.08768267223382047 0.9875 0.0918580375782881 0.9875 0.09394572025052192 0.9921875 0.09812108559498957 0.9953125 0.1022964509394572 0.9953125 0.10438413361169102 0.9984375 0.21085594989561587 0.9984375 0.2150313152400835 0.99375 0.2045929018789144 0.9859375 0.19624217118997914 0.9859375 0.1941544885177453 0.98125 0.1837160751565762 0.9765625 0.1837160751565762 0.9734375 0.17954070981210857 0.9703125 0.1732776617954071 0.96875 0.1732776617954071 0.965625 0.16910229645093947 0.9625 0.13569937369519833 0.9625 0.13569937369519833 0.9640625 0.1336116910229645 0.965625 0.11482254697286012 0.965625
1 0.8559498956158664 0.04375 0.8538622129436325 0.046875 0.8308977035490606 0.046875 0.8308977035490606 0.05 0.826722338204593 0.0515625 0.826722338204593 0.0609375 0.8204592901878914 0.0625 0.8204592901878914 0.071875 0.8162839248434238 0.0734375 0.8162839248434238 0.0875 0.8100208768267223 0.0890625 0.8100208768267223 0.1078125 0.8392484342379958 0.1078125 0.8455114822546973 0.1125 0.8455114822546973 0.1421875 0.8705636743215032 0.1421875 0.8705636743215032 0.1390625 0.8747390396659708 0.1375 0.8768267223382046 0.1421875 0.8872651356993737 0.14375 0.8872651356993737 0.15 0.8914405010438413 0.15 0.8935281837160751 0.1421875 0.9039665970772442 0.146875 0.9018789144050104 0.1515625 0.8977035490605428 0.1515625 0.8956158663883089 0.1546875 0.8872651356993737 0.1546875 0.8872651356993737 0.1578125 0.8810020876826722 0.1625 0.8768267223382046 0.1625 0.8768267223382046 0.16875 0.872651356993737 0.1703125 0.872651356993737 0.18125 0.8768267223382046 0.184375 0.8851774530271399 0.184375 0.8872651356993737 0.1890625 0.9123173277661796 0.1890625 0.9123173277661796 0.1859375 0.9164926931106472 0.184375 0.9164926931106472 0.146875 0.9227557411273486 0.1421875 0.9269311064718163 0.1421875 0.9269311064718163 0.1390625 0.9331941544885177 0.134375 0.9624217118997912 0.134375 0.964509394572025 0.13125 0.9728601252609603 0.13125 0.9812108559498957 0.1375 0.9749478079331941 0.1390625 0.9749478079331941 0.1421875 0.9707724425887265 0.1453125 0.9832985386221295 0.1453125 0.9853862212943633 0.15 0.9895615866388309 0.15 0.9895615866388309 0.1359375 0.9937369519832986 0.134375 0.9937369519832986 0.0890625 0.9979123173277662 0.0875 0.9979123173277662 0.0625 0.9832985386221295 0.0515625 0.9749478079331941 0.0515625 0.9728601252609603 0.046875 0.964509394572025 0.046875 0.9624217118997912 0.04375 0.9498956158663883 0.04375 0.9478079331941545 0.0390625 0.9144050104384134 0.0390625 0.9144050104384134 0.040625 0.9123173277661796 0.04375 0.8559498956158664 0.04375
1 0.30062630480167013 0.9734375 0.30062630480167013 0.9765625 0.29436325678496866 0.978125 0.29227557411273486 0.98125 0.2839248434237996 0.98125 0.2818371607515658 0.9859375 0.27348643006263046 0.9859375 0.27348643006263046 0.9921875 0.26931106471816285 0.99375 0.26931106471816285 0.9984375 0.44676409185803756 0.9984375 0.44676409185803756 0.99375 0.44258872651356995 0.9921875 0.44258872651356995 0.9890625 0.4342379958246347 0.9890625 0.4321503131524008 0.9859375 0.4279749478079332 0.9859375 0.42588726513569936 0.98125 0.4154488517745303 0.9765625 0.4154488517745303 0.9734375 0.4112734864300626 0.9703125 0.31524008350730687 0.9703125 0.31524008350730687 0.971875 0.31315240083507306 0.9734375 0.30062630480167013 0.9734375
1 0.6304801670146137 0.4828125 0.6283924843423799 0.4875 0.6137787056367432 0.4875 0.6116910229645094 0.490625 0.6033402922755741 0.490625 0.6012526096033403 0.4953125 0.592901878914405 0.4953125 0.5908141962421712 0.4984375 0.5845511482254697 0.4984375 0.5845511482254697 0.5015625 0.5782881002087683 0.503125 0.5762004175365344 0.50625 0.5678496868475992 0.50625 0.5657620041753654 0.5109375 0.55741127348643 0.5109375 0.5511482254697286 0.51875 0.5427974947807933 0.51875 0.5407098121085595 0.521875 0.5365344467640919 0.521875 0.534446764091858 0.5265625 0.5219206680584552 0.5265625 0.5198329853862212 0.5296875 0.5156576200417536 0.5296875 0.5135699373695198 0.534375 0.5052192066805845 0.534375 0.4968684759916493 0.540625 0.4968684759916493 0.546875 0.48643006263048016 0.5484375 0.48643006263048016 0.5546875 0.4801670146137787 0.55625 0.4801670146137787 0.559375 0.47390396659707723 0.5640625 0.4697286012526096 0.5640625 0.4697286012526096 0.578125 0.46555323590814196 0.5796875 0.46555323590814196 0.609375 0.4697286012526096 0.6109375 0.4697286012526096 0.6171875 0.47390396659707723 0.6171875 0.4801670146137787 0.621875 0.4801670146137787 0.625 0.48434237995824636 0.625 0.4906054279749478 0.6296875 0.4906054279749478 0.6328125 0.49478079331941544 0.6328125 0.4968684759916493 0.6359375 0.5031315240083507 0.6359375 0.5052192066805845 0.640625 0.5093945720250522 0.640625 0.5156576200417536 0.6453125 0.5156576200417536 0.6484375 0.5198329853862212 0.6484375 0.5260960334029228 0.653125 0.5260960334029228 0.65625 0.5302713987473904 0.65625 0.5365344467640919 0.6609375 0.5365344467640919 0.6640625 0.5427974947807933 0.665625 0.5427974947807933 0.6703125 0.5469728601252609 0.671875 0.5469728601252609 0.675 0.5553235908141962 0.675 0.55741127348643 0.678125 0.5720250521920668 0.678125 0.5741127348643006 0.675 0.5824634655532359 0.675 0.5824634655532359 0.671875 0.592901878914405 0.6640625 0.5970772442588727 0.6640625 0.5970772442588727 0.6609375 0.6033402922755741 0.65625 0.6075156576200418 0.65625 0.6075156576200418 0.653125 0.6137787056367432 0.6484375 0.6221294363256785 0.6484375 0.6242171189979123 0.6515625 0.6283924843423799 0.6515625 0.6304801670146137 0.65625 0.6346555323590815 0.6578125 0.6346555323590815 0.6640625 0.6283924843423799 0.66875 0.6242171189979123 0.66875 0.6242171189979123 0.675 0.6179540709812108 0.6796875 0.6137787056367432 0.6796875 0.6137787056367432 0.6828125 0.6075156576200418 0.6875 0.6033402922755741 0.6875 0.6033402922755741 0.69375 0.5991649269311065 0.6953125 0.5991649269311065 0.6984375 0.6033402922755741 0.7015625 0.6137787056367432 0.703125 0.6137787056367432 0.70625 0.6325678496868476 0.70625 0.6346555323590815 0.709375 0.6534446764091858 0.709375 0.6555323590814196 0.7140625 0.6638830897703549 0.7140625 0.6659707724425887 0.709375 0.7056367432150313 0.709375 0.7077244258872651 0.70625 0.7160751565762005 0.70625 0.7181628392484343 0.7015625 0.7306889352818372 0.7015625 0.732776617954071 0.6984375 0.7369519832985386 0.6984375 0.7369519832985386 0.6953125 0.7432150313152401 0.690625 0.7473903966597077 0.690625 0.7473903966597077 0.6875 0.7515657620041754 0.6859375 0.7515657620041754 0.6796875 0.755741127348643 0.678125 0.755741127348643 0.65 0.7515657620041754 0.6484375 0.7515657620041754 0.61875 0.7473903966597077 0.6171875 0.7473903966597077 0.60625 0.7411273486430062 0.6046875 0.7411273486430062 0.6 0.7473903966597077 0.5984375 0.7473903966597077 0.584375 0.7515657620041754 0.5828125 0.7515657620041754 0.5765625 0.755741127348643 0.575 0.755741127348643 0.56875 0.7620041753653445 0.5671875 0.7620041753653445 0.553125 0.7661795407098121 0.5515625 0.7661795407098121 0.540625 0.7620041753653445 0.5390625 0.7620041753653445 0.5296875 0.755741127348643 0.528125 0.755741127348643 0.50625 0.7411273486430062 0.4953125 0.732776617954071 0.4953125 0.7265135699373695 0.4875 0.7181628392484343 0.4875 0.7160751565762005 0.4828125 0.6910229645093946 0.4828125 0.6889352818371608 0.4796875 0.6555323590814196 0.4796875 0.6555323590814196 0.48125 0.6534446764091858 0.4828125 0.6304801670146137 0.4828125
1 0.4759916492693111 0 0.4759916492693111 0.0015625 0.47390396659707723 0.0046875 0.4697286012526096 0.0046875 0.4697286012526096 0.0296875 0.4759916492693111 0.03125 0.4759916492693111 0.0421875 0.4801670146137787 0.04375 0.4801670146137787 0.053125 0.48643006263048016 0.0546875 0.48643006263048016 0.0609375 0.49478079331941544 0.0609375 0.4968684759916493 0.065625 0.5198329853862212 0.065625 0.5219206680584552 0.071875 0.5260960334029228 0.0734375 0.5260960334029228 0.0796875 0.5302713987473904 0.0796875 0.5365344467640919 0.0875 0.5427974947807933 0.0890625 0.5427974947807933 0.0921875 0.5511482254697286 0.0921875 0.55741127348643 0.096875 0.55741127348643 0.1 0.5657620041753654 0.1 0.5678496868475992 0.103125 0.5741127348643006 0.1046875 0.5741127348643006 0.1078125 0.5824634655532359 0.1078125 0.5887265135699373 0.1125 0.5887265135699373 0.115625 0.5970772442588727 0.115625 0.6033402922755741 0.1203125 0.6033402922755741 0.1234375 0.6116910229645094 0.1234375 0.6137787056367432 0.1265625 0.6534446764091858 0.1265625 0.6555323590814196 0.1234375 0.6638830897703549 0.1234375 0.6638830897703549 0.1171875 0.6680584551148225 0.115625 0.6701461377870563 0.1109375 0.6743215031315241 0.1109375 0.6743215031315241 0.096875 0.6784968684759917 0.0953125 0.6784968684759917 0.0859375 0.6847599164926931 0.084375 0.6847599164926931 0.08125 0.6784968684759917 0.0796875 0.6784968684759917 0.0546875 0.6743215031315241 0.053125 0.6743215031315241 0.0125 0.6680584551148225 0.0109375 0.6680584551148225 0.0046875 0.6638830897703549 0.003125 0.6638830897703549 0 0.4759916492693111 0
1 0.47390396659707723 0.078125 0.4697286012526096 0.078125 0.46555323590814196 0.08125 0.46346555323590816 0.0859375 0.4488517745302714 0.0859375 0.44676409185803756 0.078125 0.4384133611691023 0.078125 0.4384133611691023 0.084375 0.4342379958246347 0.0859375 0.4342379958246347 0.1109375 0.4384133611691023 0.1125 0.4384133611691023 0.115625 0.44467640918580376 0.1171875 0.44467640918580376 0.15 0.4384133611691023 0.1515625 0.4384133611691023 0.1609375 0.4342379958246347 0.1625 0.4342379958246347 0.16875 0.4279749478079332 0.1703125 0.4279749478079332 0.18125 0.42379958246346555 0.1828125 0.42379958246346555 0.203125 0.4175365344467641 0.2046875 0.4175365344467641 0.2109375 0.42379958246346555 0.2125 0.42379958246346555 0.2265625 0.4279749478079332 0.228125 0.4279749478079332 0.234375 0.4342379958246347 0.2359375 0.4342379958246347 0.246875 0.4384133611691023 0.25 0.4488517745302714 0.2515625 0.4488517745302714 0.2578125 0.48434237995824636 0.2578125 0.48643006263048016 0.2625 0.49478079331941544 0.2625 0.4968684759916493 0.2578125 0.5031315240083507 0.2578125 0.5052192066805845 0.2625 0.524008350730689 0.2625 0.5260960334029228 0.265625 0.534446764091858 0.265625 0.5365344467640919 0.26875 0.5511482254697286 0.26875 0.55741127348643 0.2765625 0.5657620041753654 0.2765625 0.5678496868475992 0.28125 0.5720250521920668 0.28125 0.5741127348643006 0.2765625 0.5824634655532359 0.2765625 0.592901878914405 0.265625 0.5970772442588727 0.265625 0.5970772442588727 0.259375 0.6012526096033403 0.2578125 0.6012526096033403 0.2515625 0.6075156576200418 0.25 0.6075156576200418 0.24375 0.6116910229645094 0.2421875 0.6116910229645094 0.2359375 0.6179540709812108 0.234375 0.6179540709812108 0.209375 0.6221294363256785 0.2078125 0.6221294363256785 0.1828125 0.6179540709812108 0.18125 0.6179540709812108 0.1515625 0.6116910229645094 0.15 0.6116910229645094 0.14375 0.6075156576200418 0.1421875 0.6075156576200418 0.1359375 0.6033402922755741 0.1359375 0.5970772442588727 0.13125 0.5970772442588727 0.128125 0.592901878914405 0.128125 0.5908141962421712 0.125 0.5845511482254697 0.125 0.5824634655532359 0.1203125 0.5782881002087683 0.1203125 0.5762004175365344 0.1171875 0.5678496868475992 0.1171875 0.5657620041753654 0.1125 0.55741127348643 0.1125 0.5553235908141962 0.109375 0.5427974947807933 0.109375 0.5407098121085595 0.1046875 0.5260960334029228 0.1046875 0.524008350730689 0.109375 0.511482254697286 0.109375 0.5093945720250522 0.1046875 0.5031315240083507 0.103125 0.5031315240083507 0.08125 0.5093945720250522 0.0796875 0.5093945720250522 0.0734375 0.4906054279749478 0.0734375 0.48851774530271397 0.0703125 0.4801670146137787 0.0703125 0.4801670146137787 0.071875 0.4759916492693111 0.0734375 0.47390396659707723 0.078125
1 0.06263048016701461 0.95625 0.05845511482254697 0.9578125 0.05845511482254697 0.9609375 0.05219206680584551 0.9625 0.05219206680584551 0.971875 0.04801670146137787 0.9734375 0.04801670146137787 0.9765625 0.04175365344467641 0.978125 0.04175365344467641 0.9875 0.037578288100208766 0.9890625 0.037578288100208766 0.9984375 0.07724425887265135 0.9984375 0.07933194154488518 0.9953125 0.0918580375782881 0.9953125 0.09394572025052192 0.9984375 0.21085594989561587 0.9984375 0.2150313152400835 0.99375 0.2045929018789144 0.9859375 0.19624217118997914 0.9859375 0.18997912317327767 0.978125 0.1837160751565762 0.9765625 0.1837160751565762 0.9734375 0.17954070981210857 0.971875 0.17954070981210857 0.965625 0.17536534446764093 0.965625 0.1732776617954071 0.9625 0.11482254697286012 0.9625 0.1127348643006263 0.965625 0.09812108559498957 0.965625 0.09812108559498957 0.96875 0.0918580375782881 0.9734375 0.08350730688935282 0.9734375 0.081419624217119 0.971875 0.081419624217119 0.9578125 0.08559498956158663 0.9546875 0.081419624217119 0.953125 0.081419624217119 0.95 0.07724425887265135 0.946875 0.06889352818371608 0.946875 0.06889352818371608 0.9484375 0.06263048016701461 0.95 0.06263048016701461 0.95625
1 0.7014613778705637 0.096875 0.6993736951983298 0.1015625 0.6868475991649269 0.1015625 0.6847599164926931 0.1046875 0.6805845511482255 0.1046875 0.6805845511482255 0.1109375 0.6764091858037579 0.1125 0.6764091858037579 0.11875 0.6701461377870563 0.1203125 0.6701461377870563 0.1234375 0.6617954070981211 0.128125 0.6597077244258872 0.1328125 0.6555323590814196 0.1328125 0.6555323590814196 0.1375 0.651356993736952 0.1390625 0.651356993736952 0.1421875 0.6450939457202505 0.14375 0.6450939457202505 0.15 0.6409185803757829 0.1515625 0.6409185803757829 0.1609375 0.6346555323590815 0.1625 0.6346555323590815 0.1734375 0.6304801670146137 0.175 0.6304801670146137 0.2546875 0.6346555323590815 0.25625 0.6346555323590815 0.2625 0.6388308977035491 0.2625 0.6450939457202505 0.2671875 0.6450939457202505 0.2734375 0.6597077244258872 0.2734375 0.6617954070981211 0.2765625 0.6701461377870563 0.278125 0.6701461377870563 0.28125 0.6993736951983298 0.28125 0.7014613778705637 0.2765625 0.7160751565762005 0.2765625 0.7181628392484343 0.2734375 0.7265135699373695 0.2734375 0.7286012526096033 0.26875 0.7974947807933194 0.26875 0.7995824634655533 0.265625 0.8037578288100209 0.265625 0.8079331941544885 0.2625 0.8100208768267223 0.2578125 0.81419624217119 0.2578125 0.8183716075156576 0.2546875 0.8183716075156576 0.2484375 0.824634655532359 0.246875 0.824634655532359 0.2203125 0.8204592901878914 0.2203125 0.8183716075156576 0.2171875 0.824634655532359 0.215625 0.824634655532359 0.2125 0.8183716075156576 0.2109375 0.8183716075156576 0.19375 0.8079331941544885 0.1890625 0.8079331941544885 0.1625 0.81419624217119 0.1609375 0.81419624217119 0.128125 0.8079331941544885 0.1265625 0.8079331941544885 0.1203125 0.7974947807933194 0.115625 0.7974947807933194 0.1125 0.7933194154488518 0.109375 0.7849686847599165 0.109375 0.7828810020876826 0.1046875 0.778705636743215 0.1046875 0.7766179540709812 0.1015625 0.7682672233820459 0.1015625 0.7661795407098121 0.096875 0.7432150313152401 0.096875 0.7411273486430062 0.09375 0.7223382045929019 0.09375 0.7223382045929019 0.0953125 0.7202505219206681 0.096875 0.7014613778705637 0.096875
1 0.6910229645093946 0.096875 0.6889352818371608 0.1015625 0.6805845511482255 0.1015625 0.6805845511482255 0.1078125 0.6764091858037579 0.109375 0.6764091858037579 0.115625 0.6701461377870563 0.1171875 0.6701461377870563 0.1234375 0.6617954070981211 0.128125 0.6597077244258872 0.1328125 0.6555323590814196 0.1328125 0.6492693110647182 0.1390625 0.6450939457202505 0.1390625 0.6450939457202505 0.1453125 0.6409185803757829 0.146875 0.6409185803757829 0.1578125 0.6346555323590815 0.159375 0.6346555323590815 0.16875 0.6304801670146137 0.1703125 0.6304801670146137 0.2265625 0.6242171189979123 0.228125 0.6242171189979123 0.234375 0.6304801670146137 0.2359375 0.6304801670146137 0.246875 0.6242171189979123 0.2484375 0.6242171189979123 0.25 0.6304801670146137 0.2515625 0.6304801670146137 0.2625 0.6450939457202505 0.2703125 0.6450939457202505 0.2734375 0.6597077244258872 0.2734375 0.6617954070981211 0.2765625 0.6743215031315241 0.2765625 0.6764091858037579 0.28125 0.7056367432150313 0.28125 0.7077244258872651 0.2765625 0.7265135699373695 0.2765625 0.7286012526096033 0.2734375 0.7473903966597077 0.2734375 0.7494780793319415 0.26875 0.7620041753653445 0.26875 0.7640918580375783 0.2734375 0.7724425887265136 0.2734375 0.7745302713987474 0.26875 0.8037578288100209 0.26875 0.8183716075156576 0.2578125 0.8183716075156576 0.2515625 0.8288100208768268 0.246875 0.8288100208768268 0.2359375 0.8308977035490606 0.234375 0.8434237995824635 0.234375 0.8455114822546973 0.23125 0.8496868475991649 0.23125 0.8517745302713987 0.234375 0.8643006263048016 0.234375 0.8663883089770354 0.2421875 0.872651356993737 0.24375 0.872651356993737 0.246875 0.8768267223382046 0.2484375 0.8768267223382046 0.2546875 0.8810020876826722 0.2546875 0.8810020876826722 0.24375 0.8851774530271399 0.240625 0.8810020876826722 0.2390625 0.8810020876826722 0.2328125 0.8747390396659708 0.23125 0.8747390396659708 0.225 0.8810020876826722 0.2234375 0.8810020876826722 0.2203125 0.8872651356993737 0.215625 0.8914405010438413 0.215625 0.8914405010438413 0.19375 0.8830897703549061 0.19375 0.8810020876826722 0.190625 0.8705636743215032 0.1890625 0.8705636743215032 0.1671875 0.8747390396659708 0.165625 0.8768267223382046 0.1609375 0.8810020876826722 0.1609375 0.8810020876826722 0.1546875 0.8851774530271399 0.153125 0.8810020876826722 0.15 0.8810020876826722 0.14375 0.8455114822546973 0.14375 0.8434237995824635 0.1421875 0.8434237995824635 0.109375 0.826722338204593 0.109375 0.8162839248434238 0.1171875 0.8162839248434238 0.1234375 0.8100208768267223 0.125 0.8079331941544885 0.1171875 0.8037578288100209 0.115625 0.8037578288100209 0.1125 0.7954070981210856 0.1125 0.7933194154488518 0.109375 0.7870563674321504 0.1078125 0.7870563674321504 0.1046875 0.778705636743215 0.1046875 0.7724425887265136 0.1 0.7724425887265136 0.096875 0.7536534446764092 0.096875 0.7515657620041754 0.09375 0.7077244258872651 0.09375 0.7077244258872651 0.0953125 0.7056367432150313 0.096875 0.6910229645093946 0.096875
1 0.8977035490605428 0.2734375 0.8914405010438413 0.278125 0.8872651356993737 0.278125 0.8872651356993737 0.284375 0.8830897703549061 0.2859375 0.8810020876826722 0.290625 0.8768267223382046 0.290625 0.8768267223382046 0.296875 0.872651356993737 0.2984375 0.872651356993737 0.3078125 0.8956158663883089 0.3078125 0.8977035490605428 0.309375 0.8977035490605428 0.315625 0.8872651356993737 0.3234375 0.8935281837160751 0.325 0.8935281837160751 0.3390625 0.8977035490605428 0.340625 0.8977035490605428 0.35 0.8935281837160751 0.3515625 0.8935281837160751 0.38125 0.8977035490605428 0.3828125 0.8977035490605428 0.39375 0.9039665970772442 0.3953125 0.9039665970772442 0.4046875 0.9081419624217119 0.4078125 0.9269311064718163 0.4078125 0.9290187891440501 0.4046875 0.9478079331941545 0.4046875 0.9498956158663883 0.4 0.9582463465553236 0.4 0.9582463465553236 0.3953125 0.9624217118997912 0.39375 0.9624217118997912 0.3796875 0.9686847599164927 0.378125 0.9686847599164927 0.375 0.9749478079331941 0.3703125 0.9979123173277662 0.3703125 0.9979123173277662 0.290625 0.9916492693110647 0.290625 0.9895615866388309 0.2859375 0.9812108559498957 0.2859375 0.9791231732776617 0.2828125 0.9749478079331941 0.2828125 0.9728601252609603 0.278125 0.964509394572025 0.278125 0.9582463465553236 0.2734375 0.9582463465553236 0.2703125 0.9436325678496869 0.2703125 0.941544885177453 0.2671875 0.9039665970772442 0.2671875 0.9039665970772442 0.26875 0.8977035490605428 0.2703125 0.8977035490605428 0.2734375
1 0.12526096033402923 0.80625 0.11482254697286012 0.8109375 0.1127348643006263 0.815625 0.10855949895615867 0.815625 0.10855949895615867 0.821875 0.1022964509394572 0.8265625 0.09812108559498957 0.8265625 0.09812108559498957 0.8375 0.09394572025052192 0.8390625 0.09394572025052192 0.8453125 0.08768267223382047 0.846875 0.08768267223382047 0.85625 0.08350730688935282 0.8578125 0.08350730688935282 0.8953125 0.08768267223382047 0.896875 0.08768267223382047 0.90625 0.09394572025052192 0.9078125 0.09394572025052192 0.9140625 0.09812108559498957 0.915625 0.09812108559498957 0.921875 0.10647181628392484 0.921875 0.10855949895615867 0.9265625 0.11482254697286012 0.928125 0.10647181628392484 0.934375 0.09812108559498957 0.934375 0.09812108559498957 0.9484375 0.10438413361169102 0.95 0.10438413361169102 0.953125 0.12317327766179541 0.953125 0.12526096033402923 0.95625 0.17954070981210857 0.95625 0.18162839248434237 0.9609375 0.18580375782881003 0.9625 0.18580375782881003 0.96875 0.18997912317327767 0.96875 0.19624217118997914 0.9734375 0.19624217118997914 0.9765625 0.20041753653444677 0.9765625 0.20250521920668058 0.971875 0.22129436325678498 0.971875 0.22755741127348644 0.9796875 0.23382045929018788 0.98125 0.23382045929018788 0.9875 0.2359081419624217 0.9875 0.2359081419624217 0.9734375 0.24217118997912318 0.971875 0.24217118997912318 0.965625 0.2359081419624217 0.9640625 0.2359081419624217 0.9578125 0.24217118997912318 0.95625 0.24217118997912318 0.9390625 0.24634655532359082 0.9375 0.25052192066805845 0.940625 0.25052192066805845 0.93125 0.25260960334029225 0.9296875 0.2567849686847599 0.9296875 0.2588726513569937 0.9328125 0.267223382045929 0.9328125 0.26931106471816285 0.9296875 0.27348643006263046 0.93125 0.27348643006263046 0.9453125 0.31941544885177453 0.9453125 0.32150313152400833 0.940625 0.3298538622129436 0.940625 0.34029227557411273 0.9296875 0.3444676409185804 0.9296875 0.348643006263048 0.9265625 0.348643006263048 0.9203125 0.35490605427974947 0.91875 0.35490605427974947 0.9125 0.35908141962421714 0.9109375 0.35908141962421714 0.9 0.3653444676409186 0.8984375 0.3653444676409186 0.8546875 0.35908141962421714 0.853125 0.35908141962421714 0.846875 0.35490605427974947 0.8453125 0.35490605427974947 0.8390625 0.35073068893528186 0.8390625 0.348643006263048 0.834375 0.3444676409185804 0.8328125 0.3444676409185804 0.8265625 0.34029227557411273 0.8265625 0.3298538622129436 0.815625 0.3235908141962422 0.8140625 0.3235908141962422 0.8078125 0.25260960334029225 0.8078125 0.24843423799582465 0.8109375 0.24843423799582465 0.8140625 0.24425887265135698 0.815625 0.24425887265135698 0.821875 0.23382045929018788 0.8265625 0.23173277661795408 0.8234375 0.2254697286012526 0.821875 0.2254697286012526 0.81875 0.22129436325678498 0.815625 0.2150313152400835 0.8140625 0.2150313152400835 0.8109375 0.20668058455114824 0.8109375 0.2045929018789144 0.8078125 0.18580375782881003 0.8078125 0.17954070981210857 0.815625 0.17536534446764093 0.815625 0.1732776617954071 0.81875 0.16701461377870563 0.81875 0.1649269311064718 0.815625 0.15866388308977036 0.8140625 0.15866388308977036 0.803125 0.1544885177453027 0.8 0.13569937369519833 0.8 0.13569937369519833 0.8015625 0.12526096033402923 0.803125 0.12526096033402923 0.80625
1 0.9853862212943633 0.4609375 0.9812108559498957 0.4640625 0.9812108559498957 0.4734375 0.9749478079331941 0.475 0.9749478079331941 0.509375 0.9812108559498957 0.5109375 0.9812108559498957 0.5359375 0.9853862212943633 0.5375 0.9853862212943633 0.5671875 0.9916492693110647 0.56875 0.9916492693110647 0.578125 0.9979123173277662 0.5828125 0.9979123173277662 0.45625 0.9916492693110647 0.45625 0.9916492693110647 0.4578125 0.9895615866388309 0.4609375 0.9853862212943633 0.4609375
1 0.8643006263048016 0.4609375 0.8559498956158664 0.4609375 0.8538622129436325 0.4640625 0.8413361169102297 0.4640625 0.8392484342379958 0.4671875 0.8308977035490606 0.4671875 0.8288100208768268 0.471875 0.8162839248434238 0.471875 0.81419624217119 0.475 0.8100208768267223 0.475 0.8100208768267223 0.478125 0.8037578288100209 0.4828125 0.7954070981210856 0.4828125 0.7933194154488518 0.4875 0.7891440501043842 0.4875 0.7849686847599165 0.490625 0.7849686847599165 0.5015625 0.7891440501043842 0.503125 0.7891440501043842 0.5125 0.7954070981210856 0.5140625 0.7954070981210856 0.5203125 0.7995824634655533 0.521875 0.7995824634655533 0.525 0.8183716075156576 0.525 0.8204592901878914 0.5265625 0.8204592901878914 0.5328125 0.8162839248434238 0.534375 0.8162839248434238 0.5390625 0.8100208768267223 0.540625 0.8100208768267223 0.5546875 0.8288100208768268 0.5546875 0.8288100208768268 0.5484375 0.8350730688935282 0.54375 0.8392484342379958 0.54375 0.8413361169102297 0.5390625 0.8496868475991649 0.5390625 0.8517745302713987 0.54375 0.8705636743215032 0.54375 0.872651356993737 0.546875 0.8810020876826722 0.546875 0.8830897703549061 0.5515625 0.8914405010438413 0.5515625 0.8935281837160751 0.5546875 0.9373695198329853 0.5546875 0.9436325678496869 0.546875 0.9519832985386222 0.546875 0.954070981210856 0.54375 0.9582463465553236 0.54375 0.9603340292275574 0.5390625 0.9686847599164927 0.5390625 0.9749478079331941 0.5328125 0.9791231732776617 0.5328125 0.9791231732776617 0.5265625 0.9728601252609603 0.525 0.9728601252609603 0.4984375 0.9686847599164927 0.496875 0.9686847599164927 0.490625 0.964509394572025 0.490625 0.9582463465553236 0.4859375 0.9582463465553236 0.4828125 0.954070981210856 0.4828125 0.9478079331941545 0.478125 0.9478079331941545 0.475 0.9436325678496869 0.475 0.9373695198329853 0.4703125 0.9373695198329853 0.4671875 0.9331941544885177 0.4671875 0.9269311064718163 0.4609375 0.918580375782881 0.4609375 0.9164926931106472 0.45625 0.9081419624217119 0.45625 0.906054279749478 0.453125 0.8768267223382046 0.453125 0.8768267223382046 0.4546875 0.8663883089770354 0.45625 0.8643006263048016 0.4609375