2 0.8484375 0.1966824644549763 0.85625 0.2037914691943128 0.85625 0.20853080568720378 0.8625 0.21800947867298578 0.8671875 0.22037914691943128 0.8671875 0.22511848341232227 0.8734375 0.23459715639810427 0.878125 0.23696682464454977 0.878125 0.24170616113744076 0.88125 0.24407582938388625 0.88125 0.25118483412322273 0.8890625 0.25829383886255924 0.8890625 0.26303317535545023 0.8953125 0.27014218009478674 0.8953125 0.2796208530805687 0.8984375 0.2796208530805687 0.90625 0.2914691943127962 0.90625 0.2962085308056872 0.9234375 0.2962085308056872 0.925 0.3009478672985782 0.9296875 0.3009478672985782 0.93125 0.3056872037914692 0.9375 0.3056872037914692 0.9390625 0.3127962085308057 0.9421875 0.3175355450236967 0.9453125 0.3175355450236967 0.946875 0.3222748815165877 0.95625 0.3222748815165877 0.959375 0.3175355450236967 0.959375 0.3080568720379147 0.9625 0.3033175355450237 0.959375 0.3009478672985782 0.959375 0.28199052132701424 0.95625 0.2796208530805687 0.95625 0.27014218009478674 0.953125 0.27014218009478674 0.9484375 0.26303317535545023 0.9484375 0.25829383886255924 0.9390625 0.25829383886255924 0.9375 0.25355450236966826 0.93125 0.25355450236966826 0.9265625 0.24644549763033174 0.9265625 0.22037914691943128 0.91875 0.2132701421800948 0.91875 0.2037914691943128 0.915625 0.1990521327014218 0.9109375 0.1990521327014218 0.909375 0.1943127962085308 0.8890625 0.1943127962085308 0.8875 0.1990521327014218 0.88125 0.1990521327014218 0.8796875 0.2037914691943128 0.8734375 0.2037914691943128 0.871875 0.1943127962085308 0.86875 0.19194312796208532 0.86875 0.1872037914691943 0.8578125 0.17535545023696683 0.8578125 0.17061611374407584 0.8515625 0.17061611374407584 0.8515625 0.17298578199052134 0.8484375 0.17772511848341233 0.8484375 0.1966824644549763
2 0.5 0.7274881516587678 0.496875 0.7322274881516587 0.496875 0.7417061611374408 0.49375 0.7440758293838863 0.49375 0.7725118483412322 0.490625 0.7748815165876777 0.490625 0.7890995260663507 0.49375 0.7914691943127962 0.49375 0.7962085308056872 0.496875 0.8009478672985783 0.50625 0.8009478672985783 0.5109375 0.7890995260663507 0.5171875 0.7890995260663507 0.521875 0.7796208530805687 0.525 0.7796208530805687 0.525 0.7701421800947867 0.5296875 0.7630331753554502 0.5359375 0.7630331753554502 0.5359375 0.7535545023696683 0.5390625 0.7511848341232228 0.5390625 0.7440758293838863 0.5421875 0.7417061611374408 0.5421875 0.7322274881516587 0.5390625 0.7274881516587678 0.51875 0.7274881516587678 0.5171875 0.7203791469194313 0.515625 0.7203791469194313 0.515625 0.7227488151658767 0.5140625 0.7274881516587678 0.5 0.7274881516587678
2 0.6234375 0.25829383886255924 0.6234375 0.26303317535545023 0.6203125 0.26540284360189575 0.6203125 0.2725118483412322 0.6234375 0.27488151658767773 0.6234375 0.2796208530805687 0.6265625 0.2796208530805687 0.63125 0.2890995260663507 0.64375 0.2890995260663507 0.6453125 0.2962085308056872 0.6515625 0.2962085308056872 0.653125 0.3009478672985782 0.659375 0.3009478672985782 0.6609375 0.3056872037914692 0.6796875 0.3056872037914692 0.68125 0.3009478672985782 0.6875 0.3009478672985782 0.690625 0.2962085308056872 0.690625 0.27488151658767773 0.6875 0.27014218009478674 0.68125 0.27014218009478674 0.6796875 0.26540284360189575 0.675 0.26540284360189575 0.6734375 0.25829383886255924 0.6609375 0.25829383886255924 0.659375 0.25355450236966826 0.6453125 0.25355450236966826 0.64375 0.24881516587677724 0.63125 0.24881516587677724 0.63125 0.25118483412322273 0.6265625 0.25829383886255924 0.6234375 0.25829383886255924
2 0.0046875 0 0.0046875 0.002369668246445498 0.003125 0.0071090047393364926 0 0.0071090047393364926 0 0.009478672985781991 0.0046875 0.011848341232227487 0.0046875 0.026066350710900472 0 0.02843601895734597 0 0.030805687203791468 0.0046875 0.03317535545023697 0.0046875 0.04265402843601896 0 0.045023696682464455 0 0.16824644549763032 0.003125 0.16824644549763032 0.0046875 0.17535545023696683 0.028125 0.17535545023696683 0.028125 0.17061611374407584 0.03125 0.16824644549763032 0.03125 0.14928909952606634 0.0359375 0.14691943127962084 0.04375 0.13033175355450238 0.046875 0.13033175355450238 0.05 0.12559241706161137 0.046875 0.12085308056872038 0.046875 0.09004739336492891 0.05 0.08767772511848342 0.05 0.07345971563981042 0.053125 0.07109004739336493 0.053125 0.061611374407582936 0.0578125 0.05924170616113744 0.0578125 0.03317535545023697 0.0609375 0.030805687203791468 0.0609375 0.023696682464454975 0.0578125 0.02132701421800948 0.0578125 0.011848341232227487 0.0484375 0.011848341232227487 0.046875 0.0071090047393364926 0.04375 0.0071090047393364926 0.0421875 0.011848341232227487 0.0296875 0.011848341232227487 0.028125 0.0071090047393364926 0.0078125 0.0071090047393364926 0.00625 0 0.0046875 0
2 0.9578125 0.966824644549763 0.953125 0.9691943127962085 0.9484375 0.9786729857819905 0.9421875 0.9786729857819905 0.9421875 0.9834123222748815 0.9359375 0.990521327014218 0.9359375 0.9976303317535545 0.9703125 0.9976303317535545 0.9703125 0.957345971563981 0.9640625 0.957345971563981 0.9640625 0.9597156398104265 0.9578125 0.9620853080568721 0.9578125 0.966824644549763
2 0.653125 0.17061611374407584 0.653125 0.18009478672985782 0.6515625 0.18246445497630331 0.634375 0.18246445497630331 0.63125 0.1872037914691943 0.63125 0.21800947867298578 0.6390625 0.22985781990521326 0.6625 0.22985781990521326 0.6640625 0.22511848341232227 0.6796875 0.22511848341232227 0.68125 0.21800947867298578 0.6875 0.21800947867298578 0.6921875 0.20853080568720378 0.6953125 0.20853080568720378 0.6953125 0.1990521327014218 0.7015625 0.19194312796208532 0.703125 0.1848341232227488 0.70625 0.1848341232227488 0.7078125 0.18009478672985782 0.7125 0.18009478672985782 0.7140625 0.17535545023696683 0.7171875 0.17535545023696683 0.7171875 0.17061611374407584 0.7140625 0.17061611374407584 0.709375 0.16113744075829384 0.6703125 0.16113744075829384 0.665625 0.17061611374407584 0.6609375 0.17061611374407584 0.659375 0.16113744075829384 0.65625 0.16113744075829384 0.65625 0.16350710900473933 0.65625 0.16824644549763032 0.653125 0.17061611374407584
2 0.134375 0.5118483412322274 0.134375 0.5260663507109005 0.13125 0.5284360189573459 0.13125 0.542654028436019 0.128125 0.5450236966824644 0.128125 0.5545023696682464 0.1234375 0.556872037914692 0.1234375 0.5639810426540285 0.128125 0.566350710900474 0.128125 0.5710900473933649 0.1734375 0.5710900473933649 0.1734375 0.5402843601895735 0.16875 0.5379146919431279 0.16875 0.5284360189573459 0.165625 0.5260663507109005 0.165625 0.5165876777251185 0.159375 0.509478672985782 0.159375 0.5023696682464455 0.1546875 0.5 0.1546875 0.495260663507109 0.1515625 0.490521327014218 0.1390625 0.490521327014218 0.1390625 0.4928909952606635 0.1390625 0.509478672985782 0.134375 0.5118483412322274
2 0.5703125 0.08767772511848342 0.565625 0.09004739336492891 0.565625 0.0971563981042654 0.5625 0.0995260663507109 0.5625 0.11374407582938388 0.559375 0.11611374407582939 0.559375 0.14218009478672985 0.5625 0.14454976303317535 0.5625 0.16350710900473933 0.5703125 0.17061611374407584 0.5703125 0.17535545023696683 0.565625 0.17772511848341233 0.565625 0.18009478672985782 0.5703125 0.18246445497630331 0.5703125 0.19194312796208532 0.5734375 0.1943127962085308 0.5734375 0.2132701421800948 0.5828125 0.2132701421800948 0.584375 0.21800947867298578 0.5890625 0.21800947867298578 0.590625 0.2132701421800948 0.59375 0.2132701421800948 0.596875 0.20853080568720378 0.596875 0.2037914691943128 0.6015625 0.1966824644549763 0.6046875 0.1966824644549763 0.6046875 0.13744075829383887 0.6 0.13507109004739337 0.6 0.11611374407582939 0.596875 0.11374407582938388 0.596875 0.0995260663507109 0.59375 0.0971563981042654 0.59375 0.09004739336492891 0.5890625 0.08767772511848342 0.5890625 0.08293838862559241 0.5828125 0.07345971563981042 0.5734375 0.07345971563981042 0.5734375 0.07582938388625593 0.5703125 0.07819905213270142 0.5703125 0.08767772511848342
2 0 0.9265402843601895 0.00625 0.9265402843601895 0.0078125 0.933649289099526 0.0203125 0.933649289099526 0.0203125 0.9241706161137441 0.025 0.9218009478672986 0.028125 0.9170616113744076 0.028125 0.9123222748815166 0.0328125 0.9052132701421801 0.0359375 0.9052132701421801 0.0359375 0.9028436018957346 0.03125 0.9004739336492891 0.03125 0.8957345971563981 0.028125 0.8909952606635071 0.021875 0.8909952606635071 0.0203125 0.8862559241706162 0.015625 0.8862559241706162 0.0140625 0.8791469194312796 0 0.8791469194312796 0 0.8815165876777251 0 0.9265402843601895
2 0.6453125 0.8033175355450237 0.6453125 0.8222748815165877 0.65 0.8246445497630331 0.65 0.8341232227488151 0.653125 0.8364928909952607 0.653125 0.8625592417061612 0.65625 0.8649289099526066 0.65625 0.8767772511848341 0.6609375 0.8791469194312796 0.6609375 0.8886255924170616 0.6640625 0.8909952606635071 0.6640625 0.9052132701421801 0.6609375 0.9075829383886256 0.6609375 0.9170616113744076 0.65625 0.919431279620853 0.65625 0.9383886255924171 0.659375 0.9383886255924171 0.6640625 0.9454976303317536 0.6640625 0.9502369668246445 0.6734375 0.9502369668246445 0.675 0.943127962085308 0.6796875 0.943127962085308 0.6859375 0.933649289099526 0.690625 0.933649289099526 0.690625 0.9289099526066351 0.6953125 0.9265402843601895 0.7 0.9170616113744076 0.709375 0.9170616113744076 0.7109375 0.9218009478672986 0.734375 0.9218009478672986 0.7359375 0.9265402843601895 0.753125 0.9265402843601895 0.7546875 0.9218009478672986 0.775 0.9218009478672986 0.778125 0.9170616113744076 0.778125 0.9123222748815166 0.775 0.909952606635071 0.775 0.9028436018957346 0.725 0.9028436018957346 0.7203125 0.8909952606635071 0.7140625 0.8909952606635071 0.709375 0.8838862559241706 0.709375 0.8791469194312796 0.70625 0.8744075829383886 0.7 0.8744075829383886 0.6953125 0.8649289099526066 0.690625 0.8625592417061612 0.690625 0.8530805687203792 0.684375 0.8459715639810427 0.684375 0.8317535545023697 0.6796875 0.8293838862559242 0.6796875 0.8199052132701422 0.6765625 0.8175355450236966 0.6765625 0.8080568720379147 0.665625 0.7962085308056872 0.665625 0.7914691943127962 0.65625 0.7914691943127962 0.6484375 0.7796208530805687 0.6484375 0.7748815165876777 0.6421875 0.7748815165876777 0.6421875 0.7772511848341233 0.6421875 0.8009478672985783 0.6453125 0.8033175355450237
2 0.9140625 0.6208530805687204 0.909375 0.6279620853080569 0.90625 0.6279620853080569 0.9046875 0.6327014218009479 0.9 0.6327014218009479 0.8984375 0.6374407582938388 0.8953125 0.6374407582938388 0.8953125 0.6421800947867299 0.8875 0.6540284360189573 0.88125 0.6540284360189573 0.8796875 0.6611374407582938 0.8625 0.6611374407582938 0.8609375 0.6540284360189573 0.8453125 0.6540284360189573 0.84375 0.6611374407582938 0.840625 0.6611374407582938 0.840625 0.6682464454976303 0.8453125 0.6706161137440758 0.8453125 0.6800947867298578 0.8515625 0.6872037914691943 0.8515625 0.6919431279620853 0.8546875 0.6919431279620853 0.8625 0.7037914691943128 0.8625 0.7132701421800948 0.85625 0.7203791469194313 0.8546875 0.7274881516587678 0.8453125 0.7274881516587678 0.84375 0.7322274881516587 0.840625 0.7322274881516587 0.8375 0.7369668246445498 0.8375 0.7417061611374408 0.840625 0.7464454976303317 0.846875 0.7464454976303317 0.8484375 0.7511848341232228 0.8546875 0.7511848341232228 0.85625 0.7464454976303317 0.865625 0.7464454976303317 0.8671875 0.7417061611374408 0.871875 0.7417061611374408 0.8734375 0.7345971563981043 0.8828125 0.7345971563981043 0.884375 0.7298578199052133 0.890625 0.7298578199052133 0.8921875 0.7251184834123223 0.9046875 0.7251184834123223 0.90625 0.7298578199052133 0.9125 0.7298578199052133 0.9140625 0.7345971563981043 0.9234375 0.7345971563981043 0.925 0.7417061611374408 0.9296875 0.7417061611374408 0.93125 0.7345971563981043 0.934375 0.7345971563981043 0.934375 0.7322274881516587 0.93125 0.7322274881516587 0.9265625 0.7251184834123223 0.9265625 0.7203791469194313 0.9234375 0.7156398104265402 0.9171875 0.7156398104265402 0.9125 0.7085308056872038 0.9125 0.7037914691943128 0.91875 0.6966824644549763 0.91875 0.6872037914691943 0.9234375 0.6848341232227488 0.9296875 0.6753554502369669 0.93125 0.6682464454976303 0.9484375 0.6682464454976303 0.9484375 0.6611374407582938 0.9453125 0.6587677725118484 0.9453125 0.6492890995260664 0.940625 0.6469194312796208 0.940625 0.6374407582938388 0.934375 0.6279620853080569 0.9296875 0.6255924170616114 0.9296875 0.6161137440758294 0.9265625 0.6113744075829384 0.9203125 0.6113744075829384 0.9203125 0.6137440758293838 0.9140625 0.6161137440758294 0.9140625 0.6208530805687204
2 0.765625 0 0.765625 0.002369668246445498 0.7640625 0.0071090047393364926 0.7578125 0.0071090047393364926 0.7578125 0.014218009478672985 0.7546875 0.016587677725118485 0.7546875 0.04265402843601896 0.759375 0.037914691943127965 0.7609375 0.04265402843601896 0.7703125 0.04265402843601896 0.771875 0.04739336492890995 0.78125 0.04739336492890995 0.7828125 0.054502369668246446 0.7921875 0.054502369668246446 0.79375 0.04739336492890995 0.796875 0.04739336492890995 0.796875 0.011848341232227487 0.7921875 0.009478672985781991 0.7921875 0 0.765625 0
2 0.490625 0.8246445497630331 0.490625 0.8388625592417062 0.49375 0.8412322274881516 0.49375 0.8507109004739336 0.5 0.8578199052132701 0.5 0.8672985781990521 0.503125 0.8672985781990521 0.5109375 0.8791469194312796 0.5109375 0.8838862559241706 0.5140625 0.8838862559241706 0.51875 0.8909952606635071 0.51875 0.909952606635071 0.521875 0.9123222748815166 0.521875 0.9218009478672986 0.51875 0.9241706161137441 0.51875 0.9549763033175356 0.5140625 0.9620853080568721 0.5078125 0.9620853080568721 0.5078125 0.9715639810426541 0.503125 0.9786729857819905 0.5 0.9786729857819905 0.5 0.9881516587677726 0.496875 0.9928909952606635 0.5 0.9976303317535545 0.5390625 0.9976303317535545 0.5390625 0.9620853080568721 0.5359375 0.9597156398104265 0.5359375 0.9454976303317536 0.54375 0.933649289099526 0.553125 0.933649289099526 0.5546875 0.9265402843601895 0.5609375 0.9265402843601895 0.5640625 0.9218009478672986 0.5640625 0.9123222748815166 0.56875 0.909952606635071 0.56875 0.9028436018957346 0.5640625 0.9004739336492891 0.5640625 0.8909952606635071 0.5609375 0.8862559241706162 0.5484375 0.8862559241706162 0.546875 0.8791469194312796 0.5328125 0.8791469194312796 0.525 0.8672985781990521 0.525 0.8578199052132701 0.5203125 0.8554502369668247 0.5203125 0.8317535545023697 0.5171875 0.8293838862559242 0.5171875 0.8199052132701422 0.5140625 0.8151658767772512 0.5078125 0.8151658767772512 0.50625 0.8080568720379147 0.49375 0.8080568720379147 0.49375 0.8104265402843602 0.4859375 0.8222748815165877 0.490625 0.8246445497630331
2 0.58125 0.7109004739336493 0.58125 0.7251184834123223 0.5765625 0.7274881516587678 0.5765625 0.7559241706161137 0.58125 0.7582938388625592 0.58125 0.7630331753554502 0.584375 0.7677725118483413 0.596875 0.7677725118483413 0.5984375 0.7725118483412322 0.6109375 0.7725118483412322 0.6125 0.7796208530805687 0.615625 0.7796208530805687 0.6171875 0.7843601895734598 0.6328125 0.7843601895734598 0.6328125 0.7654028436018957 0.6296875 0.7630331753554502 0.6296875 0.7535545023696683 0.6265625 0.7511848341232228 0.6265625 0.7440758293838863 0.621875 0.7417061611374408 0.621875 0.7369668246445498 0.61875 0.7322274881516587 0.6125 0.7322274881516587 0.6046875 0.7156398104265402 0.5984375 0.7156398104265402 0.596875 0.7109004739336493 0.590625 0.7109004739336493 0.5890625 0.7037914691943128 0.5875 0.7037914691943128 0.5875 0.7061611374407583 0.5859375 0.7109004739336493 0.58125 0.7109004739336493
2 0.0375 0.919431279620853 0.0359375 0.9241706161137441 0.0328125 0.9241706161137441 0.0296875 0.9289099526066351 0.0296875 0.9597156398104265 0.0375 0.9715639810426541 0.0421875 0.9715639810426541 0.04375 0.976303317535545 0.05 0.976303317535545 0.0515625 0.9834123222748815 0.0609375 0.9834123222748815 0.0625 0.976303317535545 0.06875 0.976303317535545 0.0703125 0.9715639810426541 0.075 0.9715639810426541 0.0765625 0.966824644549763 0.0828125 0.966824644549763 0.0828125 0.9620853080568721 0.0859375 0.9597156398104265 0.0859375 0.95260663507109 0.0890625 0.9502369668246445 0.0890625 0.9360189573459715 0.0859375 0.933649289099526 0.0859375 0.919431279620853 0.0828125 0.9170616113744076 0.0828125 0.9123222748815166 0.0484375 0.9123222748815166 0.0484375 0.9146919431279621 0.046875 0.919431279620853 0.0375 0.919431279620853
2 0.4390625 0.25355450236966826 0.4375 0.25829383886255924 0.43125 0.25829383886255924 0.43125 0.26303317535545023 0.4265625 0.27014218009478674 0.4171875 0.27014218009478674 0.415625 0.27488151658767773 0.4109375 0.27488151658767773 0.409375 0.28199052132701424 0.40625 0.28199052132701424 0.40625 0.3009478672985782 0.409375 0.3009478672985782 0.4109375 0.3056872037914692 0.415625 0.3056872037914692 0.4203125 0.3175355450236967 0.4234375 0.3175355450236967 0.428125 0.3246445497630332 0.428125 0.3293838862559242 0.434375 0.3293838862559242 0.4421875 0.3412322274881517 0.4421875 0.3459715639810427 0.4484375 0.3459715639810427 0.4484375 0.3412322274881517 0.453125 0.3341232227488152 0.45625 0.3341232227488152 0.45625 0.25355450236966826 0.453125 0.25355450236966826 0.4515625 0.24881516587677724 0.446875 0.24881516587677724 0.446875 0.25118483412322273 0.4453125 0.25355450236966826 0.4390625 0.25355450236966826
2 0.515625 0.5545023696682464 0.51875 0.556872037914692 0.51875 0.5639810426540285 0.515625 0.566350710900474 0.515625 0.5924170616113744 0.51875 0.5947867298578199 0.51875 0.6090047393364929 0.5265625 0.6161137440758294 0.5265625 0.6208530805687204 0.5296875 0.6232227488151659 0.5296875 0.6303317535545023 0.5359375 0.6303317535545023 0.540625 0.6374407582938388 0.540625 0.6421800947867299 0.546875 0.6421800947867299 0.5484375 0.6469194312796208 0.553125 0.6469194312796208 0.5546875 0.6421800947867299 0.5578125 0.6421800947867299 0.5578125 0.6327014218009479 0.5609375 0.6303317535545023 0.5609375 0.6232227488151659 0.5640625 0.6208530805687204 0.5640625 0.5947867298578199 0.5609375 0.5924170616113744 0.5609375 0.5829383886255924 0.5578125 0.580568720379147 0.5578125 0.5734597156398105 0.5546875 0.5734597156398105 0.553125 0.566350710900474 0.546875 0.556872037914692 0.5421875 0.5545023696682464 0.5421875 0.5497630331753555 0.5328125 0.5497630331753555 0.53125 0.5450236966824644 0.521875 0.5450236966824644 0.51875 0.5402843601895735 0.51875 0.542654028436019 0.515625 0.5450236966824644 0.515625 0.5545023696682464
2 0.4890625 0.6611374407582938 0.4859375 0.6611374407582938 0.4796875 0.6706161137440758 0.478125 0.6777251184834123 0.475 0.6777251184834123 0.475 0.6800947867298578 0.4796875 0.6824644549763034 0.4796875 0.6966824644549763 0.4828125 0.6990521327014217 0.4828125 0.7180094786729858 0.4859375 0.7203791469194313 0.4859375 0.7251184834123223 0.50625 0.7251184834123223 0.5078125 0.7180094786729858 0.5171875 0.7180094786729858 0.521875 0.7085308056872038 0.525 0.7085308056872038 0.525 0.7037914691943128 0.53125 0.6966824644549763 0.53125 0.6611374407582938 0.528125 0.6587677725118484 0.528125 0.6540284360189573 0.525 0.6492890995260664 0.49375 0.6492890995260664 0.49375 0.6516587677725119 0.490625 0.6540284360189573 0.4890625 0.6611374407582938
2 0.834375 0.3222748815165877 0.83125 0.3246445497630332 0.83125 0.3459715639810427 0.8265625 0.34834123222748814 0.825 0.3578199052132701 0.8203125 0.3578199052132701 0.8203125 0.36729857819905215 0.81875 0.3696682464454976 0.8125 0.3696682464454976 0.8125 0.3767772511848341 0.809375 0.3791469194312796 0.8078125 0.3862559241706161 0.8015625 0.3862559241706161 0.8 0.3909952606635071 0.790625 0.3909952606635071 0.7890625 0.3957345971563981 0.7796875 0.3957345971563981 0.778125 0.4028436018957346 0.771875 0.4028436018957346 0.7703125 0.4075829383886256 0.765625 0.4075829383886256 0.7640625 0.41232227488151657 0.7609375 0.41232227488151657 0.7609375 0.4265402843601896 0.765625 0.42890995260663506 0.765625 0.43838862559241704 0.76875 0.4431279620853081 0.765625 0.44549763033175355 0.765625 0.4549763033175355 0.7609375 0.45734597156398105 0.7609375 0.4597156398104265 0.765625 0.46208530805687204 0.765625 0.471563981042654 0.76875 0.47393364928909953 0.76875 0.4881516587677725 0.765625 0.490521327014218 0.765625 0.5 0.7609375 0.5023696682464455 0.7609375 0.509478672985782 0.778125 0.509478672985782 0.7796875 0.504739336492891 0.7921875 0.504739336492891 0.79375 0.514218009478673 0.7984375 0.5165876777251185 0.7984375 0.5545023696682464 0.8015625 0.5592417061611374 0.8078125 0.5592417061611374 0.815625 0.542654028436019 0.81875 0.542654028436019 0.8203125 0.5379146919431279 0.825 0.5379146919431279 0.8265625 0.5308056872037915 0.846875 0.5308056872037915 0.8484375 0.5379146919431279 0.85 0.5379146919431279 0.8515625 0.5308056872037915 0.8578125 0.5308056872037915 0.8578125 0.523696682464455 0.8609375 0.5213270142180095 0.8609375 0.5118483412322274 0.8625 0.509478672985782 0.871875 0.509478672985782 0.8734375 0.504739336492891 0.8796875 0.504739336492891 0.8828125 0.509478672985782 0.884375 0.504739336492891 0.890625 0.504739336492891 0.890625 0.495260663507109 0.8921875 0.4928909952606635 0.8984375 0.4928909952606635 0.9 0.4881516587677725 0.915625 0.4881516587677725 0.9171875 0.4834123222748815 0.9234375 0.4834123222748815 0.9234375 0.4786729857819905 0.9296875 0.471563981042654 0.9296875 0.46208530805687204 0.9265625 0.4597156398104265 0.9265625 0.45260663507109006 0.9234375 0.45023696682464454 0.9234375 0.44549763033175355 0.9203125 0.44549763033175355 0.9125 0.43364928909952605 0.9125 0.42890995260663506 0.909375 0.4265402843601896 0.909375 0.4194312796208531 0.90625 0.4194312796208531 0.9046875 0.41232227488151657 0.8984375 0.4028436018957346 0.89375 0.4004739336492891 0.89375 0.3957345971563981 0.890625 0.3933649289099526 0.890625 0.3862559241706161 0.8875 0.38388625592417064 0.8875 0.3791469194312796 0.884375 0.3791469194312796 0.8796875 0.37203791469194314 0.8796875 0.3578199052132701 0.8671875 0.3578199052132701 0.865625 0.35308056872037913 0.8609375 0.35071090047393366 0.8609375 0.33649289099526064 0.8578125 0.3341232227488152 0.8578125 0.31990521327014215 0.85 0.3127962085308057 0.85 0.3080568720379147 0.8375 0.3080568720379147 0.8375 0.3104265402843602 0.834375 0.31516587677725116 0.834375 0.3222748815165877
2 0.5796875 0.590047393364929 0.5765625 0.590047393364929 0.5765625 0.5971563981042654 0.5703125 0.6066350710900474 0.5703125 0.6137440758293838 0.565625 0.6161137440758294 0.565625 0.6303317535545023 0.56875 0.6303317535545023 0.5703125 0.6350710900473934 0.5796875 0.6350710900473934 0.58125 0.6421800947867299 0.59375 0.6421800947867299 0.5953125 0.6350710900473934 0.6 0.6350710900473934 0.6015625 0.6303317535545023 0.6046875 0.6303317535545023 0.60625 0.6350710900473934 0.615625 0.6350710900473934 0.6171875 0.6303317535545023 0.6296875 0.6303317535545023 0.63125 0.6255924170616114 0.640625 0.6255924170616114 0.6421875 0.6208530805687204 0.6484375 0.6208530805687204 0.6484375 0.6161137440758294 0.6515625 0.6137440758293838 0.6515625 0.6066350710900474 0.6546875 0.6042654028436019 0.6546875 0.5947867298578199 0.6484375 0.5876777251184834 0.6484375 0.5829383886255924 0.6234375 0.5829383886255924 0.621875 0.5781990521327014 0.6171875 0.5781990521327014 0.615625 0.5734597156398105 0.590625 0.5734597156398105 0.590625 0.5758293838862559 0.584375 0.5781990521327014 0.5796875 0.590047393364929
2 0.1921875 0 0.1921875 0.002369668246445498 0.1921875 0.026066350710900472 0.1890625 0.02843601895734597 0.1890625 0.04265402843601896 0.1859375 0.045023696682464455 0.1859375 0.06398104265402843 0.18125 0.06635071090047394 0.18125 0.07109004739336493 0.1859375 0.07345971563981042 0.1859375 0.08767772511848342 0.18125 0.09004739336492891 0.1796875 0.0947867298578199 0.175 0.0947867298578199 0.175 0.10426540284360189 0.18125 0.1066350710900474 0.18125 0.11374407582938388 0.190625 0.11374407582938388 0.1921875 0.11611374407582939 0.1921875 0.12559241706161137 0.1953125 0.12559241706161137 0.203125 0.13744075829383887 0.203125 0.14218009478672985 0.20625 0.14218009478672985 0.2140625 0.15402843601895735 0.2140625 0.15876777251184834 0.2171875 0.15876777251184834 0.225 0.17061611374407584 0.225 0.17535545023696683 0.2296875 0.17772511848341233 0.2296875 0.1848341232227488 0.2328125 0.1872037914691943 0.2328125 0.1966824644549763 0.2359375 0.1990521327014218 0.2359375 0.20853080568720378 0.2390625 0.20853080568720378 0.24375 0.2156398104265403 0.24375 0.22511848341232227 0.25 0.23459715639810427 0.2546875 0.23696682464454977 0.2546875 0.24170616113744076 0.2578125 0.24407582938388625 0.2578125 0.25118483412322273 0.2609375 0.25355450236966826 0.2609375 0.26303317535545023 0.2640625 0.26303317535545023 0.265625 0.2677725118483412 0.275 0.2677725118483412 0.2796875 0.2559241706161137 0.3140625 0.2559241706161137 0.315625 0.26303317535545023 0.325 0.26303317535545023 0.3265625 0.2677725118483412 0.35 0.2677725118483412 0.35 0.22748815165876776 0.346875 0.22511848341232227 0.346875 0.1990521327014218 0.34375 0.1966824644549763 0.34375 0.1872037914691943 0.3390625 0.1848341232227488 0.3390625 0.17061611374407584 0.3359375 0.16824644549763032 0.3359375 0.14454976303317535 0.3390625 0.14218009478672985 0.3390625 0.13744075829383887 0.3359375 0.13507109004739337 0.3359375 0.0995260663507109 0.3328125 0.0971563981042654 0.3328125 0.08293838862559241 0.3296875 0.08056872037914692 0.3296875 0.07345971563981042 0.3234375 0.07345971563981042 0.321875 0.06635071090047394 0.3125 0.06635071090047394 0.3078125 0.05687203791469194 0.303125 0.054502369668246446 0.303125 0.04976303317535545 0.29375 0.04976303317535545 0.2921875 0.045023696682464455 0.2828125 0.045023696682464455 0.2796875 0.04976303317535545 0.2796875 0.06398104265402843 0.2765625 0.06635071090047394 0.2765625 0.08056872037914692 0.28125 0.08056872037914692 0.2828125 0.08767772511848342 0.28125 0.09004739336492891 0.271875 0.09004739336492891 0.271875 0.0924170616113744 0.2859375 0.0924170616113744 0.2875 0.0971563981042654 0.2859375 0.0995260663507109 0.2796875 0.0995260663507109 0.278125 0.1066350710900474 0.2578125 0.1066350710900474 0.25625 0.10426540284360189 0.25625 0.0947867298578199 0.2484375 0.08767772511848342 0.2484375 0.07819905213270142 0.2453125 0.07582938388625593 0.2453125 0.04976303317535545 0.2484375 0.04739336492890995 0.2484375 0.03317535545023697 0.253125 0.030805687203791468 0.253125 0.016587677725118485 0.25625 0.014218009478672985 0.25625 0 0.1921875 0
2 0.990625 0.957345971563981 0.990625 0.9928909952606635 0.99375 0.9976303317535545 0.9984375 0.9976303317535545 0.9984375 0.9454976303317536 0.99375 0.9454976303317536 0.99375 0.9478672985781991 0.99375 0.9549763033175356 0.990625 0.957345971563981
2 0.58125 0.6492890995260664 0.5796875 0.6540284360189573 0.5765625 0.6540284360189573 0.5765625 0.6800947867298578 0.5796875 0.6800947867298578 0.584375 0.6872037914691943 0.584375 0.6919431279620853 0.5875 0.6966824644549763 0.6078125 0.6966824644549763 0.609375 0.7014218009478673 0.6296875 0.7014218009478673 0.63125 0.6966824644549763 0.640625 0.6966824644549763 0.640625 0.6777251184834123 0.6375 0.6753554502369669 0.6375 0.6658767772511849 0.634375 0.6658767772511849 0.6328125 0.6611374407582938 0.628125 0.6611374407582938 0.6265625 0.6540284360189573 0.6203125 0.6540284360189573 0.61875 0.6492890995260664 0.6125 0.6492890995260664 0.6109375 0.6445497630331753 0.5953125 0.6445497630331753 0.5953125 0.6469194312796208 0.59375 0.6492890995260664 0.58125 0.6492890995260664
2 0.5078125 0.2109004739336493 0.50625 0.2156398104265403 0.5 0.2156398104265403 0.4984375 0.22037914691943128 0.49375 0.22037914691943128 0.49375 0.22511848341232227 0.490625 0.22748815165876776 0.490625 0.23459715639810427 0.4859375 0.23696682464454977 0.4859375 0.24170616113744076 0.4828125 0.24407582938388625 0.4828125 0.2559241706161137 0.4890625 0.2559241706161137 0.490625 0.26303317535545023 0.553125 0.26303317535545023 0.5546875 0.2559241706161137 0.5578125 0.2559241706161137 0.5578125 0.23696682464454977 0.5546875 0.23696682464454977 0.546875 0.22511848341232227 0.546875 0.22037914691943128 0.54375 0.22037914691943128 0.5359375 0.20853080568720378 0.5359375 0.2037914691943128 0.521875 0.2037914691943128 0.521875 0.20616113744075829 0.5203125 0.2109004739336493 0.5078125 0.2109004739336493
2 0.9109375 0.25355450236966826 0.903125 0.26540284360189575 0.903125 0.2843601895734597 0.90625 0.2890995260663507 0.91875 0.2890995260663507 0.9203125 0.2962085308056872 0.9265625 0.2962085308056872 0.93125 0.3056872037914692 0.9375 0.3056872037914692 0.9390625 0.3127962085308057 0.9421875 0.3175355450236967 0.9453125 0.3175355450236967 0.946875 0.3222748815165877 0.95625 0.3222748815165877 0.9625 0.3127962085308057 0.9625 0.2985781990521327 0.959375 0.2962085308056872 0.959375 0.28199052132701424 0.95625 0.2796208530805687 0.95625 0.27014218009478674 0.953125 0.27014218009478674 0.9484375 0.26303317535545023 0.9484375 0.25829383886255924 0.9359375 0.25829383886255924 0.934375 0.25355450236966826 0.925 0.25355450236966826 0.9234375 0.24881516587677724 0.9203125 0.24881516587677724 0.9203125 0.25118483412322273 0.91875 0.25355450236966826 0.9109375 0.25355450236966826
2 0.5828125 0.533175355450237 0.5765625 0.533175355450237 0.5765625 0.542654028436019 0.5734375 0.5450236966824644 0.5734375 0.5545023696682464 0.5703125 0.556872037914692 0.5703125 0.5971563981042654 0.5765625 0.5876777251184834 0.5796875 0.5876777251184834 0.5796875 0.5829383886255924 0.584375 0.5758293838862559 0.5890625 0.5758293838862559 0.590625 0.5710900473933649 0.59375 0.5710900473933649 0.59375 0.556872037914692 0.596875 0.5545023696682464 0.596875 0.523696682464455 0.590625 0.523696682464455 0.590625 0.5260663507109005 0.584375 0.5284360189573459 0.5828125 0.533175355450237
2 0.5796875 0.5402843601895735 0.5765625 0.5402843601895735 0.5734375 0.5450236966824644 0.5734375 0.5545023696682464 0.5703125 0.556872037914692 0.56875 0.566350710900474 0.565625 0.566350710900474 0.565625 0.5758293838862559 0.5640625 0.5781990521327014 0.5578125 0.5710900473933649 0.5578125 0.566350710900474 0.5515625 0.566350710900474 0.546875 0.556872037914692 0.540625 0.556872037914692 0.5390625 0.5497630331753555 0.5296875 0.5497630331753555 0.528125 0.5450236966824644 0.521875 0.5450236966824644 0.51875 0.5402843601895735 0.51875 0.5710900473933649 0.5140625 0.5781990521327014 0.5109375 0.5781990521327014 0.5109375 0.5876777251184834 0.5140625 0.5876777251184834 0.51875 0.5947867298578199 0.51875 0.6042654028436019 0.521875 0.6066350710900474 0.521875 0.6137440758293838 0.5265625 0.6161137440758294 0.5265625 0.6421800947867299 0.521875 0.6445497630331753 0.5203125 0.6492890995260664 0.49375 0.6492890995260664 0.4890625 0.6611374407582938 0.4859375 0.6611374407582938 0.4796875 0.6706161137440758 0.4796875 0.6966824644549763 0.4828125 0.6990521327014217 0.4828125 0.7180094786729858 0.4859375 0.7203791469194313 0.4859375 0.7251184834123223 0.4890625 0.7251184834123223 0.49375 0.7322274881516587 0.49375 0.7725118483412322 0.490625 0.7748815165876777 0.490625 0.7962085308056872 0.496875 0.8056872037914692 0.503125 0.8056872037914692 0.5046875 0.8009478672985783 0.5171875 0.8009478672985783 0.521875 0.8080568720379147 0.521875 0.8127962085308057 0.5390625 0.8127962085308057 0.540625 0.8056872037914692 0.546875 0.8056872037914692 0.5484375 0.8009478672985783 0.553125 0.8009478672985783 0.5546875 0.7962085308056872 0.5609375 0.7962085308056872 0.5625 0.7890995260663507 0.56875 0.7890995260663507 0.5703125 0.7843601895734598 0.575 0.7843601895734598 0.5765625 0.7796208530805687 0.5796875 0.7796208530805687 0.58125 0.7725118483412322 0.59375 0.7725118483412322 0.5953125 0.7796208530805687 0.61875 0.7796208530805687 0.6203125 0.7843601895734598 0.6296875 0.7843601895734598 0.6296875 0.7488151658767772 0.621875 0.7417061611374408 0.621875 0.7369668246445498 0.615625 0.7274881516587678 0.6109375 0.7251184834123223 0.6109375 0.7037914691943128 0.6125 0.7014218009478673 0.6328125 0.7014218009478673 0.634375 0.6966824644549763 0.640625 0.6966824644549763 0.640625 0.6706161137440758 0.6296875 0.6587677725118484 0.6296875 0.6540284360189573 0.6265625 0.6492890995260664 0.6171875 0.6492890995260664 0.615625 0.6469194312796208 0.615625 0.6374407582938388 0.6203125 0.6303317535545023 0.6265625 0.6303317535545023 0.628125 0.6255924170616114 0.640625 0.6255924170616114 0.6421875 0.6208530805687204 0.6515625 0.6208530805687204 0.6515625 0.6161137440758294 0.6546875 0.6137440758293838 0.6546875 0.5947867298578199 0.6484375 0.5876777251184834 0.6484375 0.5829383886255924 0.628125 0.5829383886255924 0.6265625 0.5781990521327014 0.6171875 0.5781990521327014 0.615625 0.5734597156398105 0.5984375 0.5734597156398105 0.596875 0.566350710900474 0.59375 0.5639810426540285 0.596875 0.5592417061611374 0.596875 0.533175355450237 0.59375 0.5284360189573459 0.584375 0.5284360189573459 0.584375 0.5308056872037915 0.58125 0.533175355450237 0.5796875 0.5402843601895735
2 0.5734375 0.08767772511848342 0.5625 0.0995260663507109 0.5625 0.10426540284360189 0.5578125 0.11137440758293839 0.5375 0.11137440758293839 0.5359375 0.11611374407582939 0.5296875 0.11611374407582939 0.5296875 0.12085308056872038 0.5265625 0.12322274881516587 0.5265625 0.13507109004739337 0.5296875 0.13744075829383887 0.5296875 0.14691943127962084 0.5328125 0.14928909952606634 0.5328125 0.15876777251184834 0.5375 0.16113744075829384 0.5375 0.18009478672985782 0.540625 0.18246445497630331 0.540625 0.1966824644549763 0.5359375 0.2037914691943128 0.521875 0.2037914691943128 0.5203125 0.2109004739336493 0.5078125 0.2109004739336493 0.50625 0.2156398104265403 0.5 0.2156398104265403 0.4984375 0.22037914691943128 0.49375 0.22037914691943128 0.49375 0.22985781990521326 0.4890625 0.23696682464454977 0.4859375 0.23696682464454977 0.4859375 0.24644549763033174 0.4828125 0.24881516587677724 0.4828125 0.2559241706161137 0.4953125 0.2559241706161137 0.496875 0.26303317535545023 0.546875 0.26303317535545023 0.5484375 0.2677725118483412 0.553125 0.2677725118483412 0.5546875 0.2725118483412322 0.5578125 0.2725118483412322 0.559375 0.2796208530805687 0.565625 0.2890995260663507 0.571875 0.2890995260663507 0.5734375 0.2914691943127962 0.5734375 0.3009478672985782 0.5765625 0.3033175355450237 0.5765625 0.3293838862559242 0.5796875 0.3293838862559242 0.58125 0.33886255924170616 0.5859375 0.33886255924170616 0.590625 0.35071090047393366 0.59375 0.35071090047393366 0.5984375 0.3578199052132701 0.5984375 0.36255924170616116 0.6015625 0.36492890995260663 0.6015625 0.3767772511848341 0.60625 0.3791469194312796 0.60625 0.3886255924170616 0.609375 0.3909952606635071 0.609375 0.4004739336492891 0.6125 0.4028436018957346 0.6125 0.4099526066350711 0.6265625 0.4099526066350711 0.6296875 0.4052132701421801 0.6296875 0.3909952606635071 0.6328125 0.3886255924170616 0.6328125 0.3791469194312796 0.6265625 0.37203791469194314 0.6265625 0.3578199052132701 0.6296875 0.35545023696682465 0.63125 0.3459715639810427 0.634375 0.35071090047393366 0.6375 0.35071090047393366 0.6390625 0.35545023696682465 0.64375 0.35545023696682465 0.6453125 0.36255924170616116 0.6484375 0.36255924170616116 0.653125 0.37203791469194314 0.659375 0.37203791469194314 0.6609375 0.3767772511848341 0.66875 0.3767772511848341 0.6703125 0.36729857819905215 0.684375 0.36729857819905215 0.6859375 0.36255924170616116 0.690625 0.36255924170616116 0.6921875 0.35545023696682465 0.6953125 0.35545023696682465 0.6953125 0.34834123222748814 0.6984375 0.3459715639810427 0.6984375 0.33649289099526064 0.690625 0.3293838862559242 0.690625 0.31990521327014215 0.6875 0.3175355450236967 0.6875 0.3033175355450237 0.690625 0.3009478672985782 0.690625 0.28199052132701424 0.6875 0.2796208530805687 0.6875 0.27014218009478674 0.684375 0.2677725118483412 0.684375 0.25829383886255924 0.690625 0.2559241706161137 0.6921875 0.25118483412322273 0.6953125 0.25118483412322273 0.696875 0.24644549763033174 0.7015625 0.24644549763033174 0.7015625 0.24407582938388625 0.6984375 0.24170616113744076 0.6984375 0.23696682464454977 0.6890625 0.23696682464454977 0.684375 0.22985781990521326 0.684375 0.22037914691943128 0.690625 0.2132701421800948 0.690625 0.2037914691943128 0.6953125 0.2014218009478673 0.6953125 0.1943127962085308 0.6984375 0.19194312796208532 0.6984375 0.1872037914691943 0.709375 0.17535545023696683 0.709375 0.17061611374407584 0.70625 0.16587677725118483 0.703125 0.16587677725118483 0.7015625 0.16113744075829384 0.6703125 0.16113744075829384 0.66875 0.15876777251184834 0.66875 0.13744075829383887 0.665625 0.13507109004739337 0.665625 0.12322274881516587 0.66875 0.12085308056872038 0.66875 0.11611374407582939 0.665625 0.11374407582938388 0.665625 0.0947867298578199 0.6625 0.09004739336492891 0.6390625 0.09004739336492891 0.6375 0.0947867298578199 0.634375 0.0947867298578199 0.63125 0.0995260663507109 0.63125 0.10426540284360189 0.6203125 0.11611374407582939 0.6203125 0.12085308056872038 0.615625 0.12796208530805686 0.6125 0.12796208530805686 0.6125 0.14218009478672985 0.609375 0.14454976303317535 0.609375 0.15165876777251186 0.60625 0.15402843601895735 0.6046875 0.14928909952606634 0.6 0.14691943127962084 0.6 0.12796208530805686 0.596875 0.12559241706161137 0.596875 0.11137440758293839 0.59375 0.10900473933649289 0.59375 0.0947867298578199 0.5890625 0.0924170616113744 0.5890625 0.08293838862559241 0.5828125 0.07345971563981042 0.5765625 0.07345971563981042 0.5765625 0.07582938388625593 0.5734375 0.07819905213270142 0.5734375 0.08767772511848342
2 0.70625 0.5023696682464455 0.7 0.5023696682464455 0.6953125 0.5118483412322274 0.6859375 0.5118483412322274 0.684375 0.5165876777251185 0.675 0.5165876777251185 0.6734375 0.523696682464455 0.6640625 0.523696682464455 0.6625 0.5165876777251185 0.65625 0.5165876777251185 0.6546875 0.5118483412322274 0.65 0.5118483412322274 0.6484375 0.5071090047393365 0.634375 0.5071090047393365 0.63125 0.5118483412322274 0.63125 0.5260663507109005 0.634375 0.5284360189573459 0.634375 0.54739336492891 0.6390625 0.5497630331753555 0.6390625 0.5592417061611374 0.6421875 0.5616113744075829 0.6421875 0.5710900473933649 0.6453125 0.5758293838862559 0.6515625 0.5758293838862559 0.653125 0.580568720379147 0.659375 0.580568720379147 0.6609375 0.5876777251184834 0.6640625 0.590047393364929 0.6609375 0.5947867298578199 0.6609375 0.6208530805687204 0.6640625 0.6232227488151659 0.6640625 0.6469194312796208 0.6671875 0.6492890995260664 0.6671875 0.6635071090047393 0.6734375 0.6635071090047393 0.675 0.6682464454976303 0.690625 0.6682464454976303 0.6921875 0.6635071090047393 0.6953125 0.6635071090047393 0.6953125 0.6540284360189573 0.6984375 0.6516587677725119 0.6984375 0.6232227488151659 0.7015625 0.6208530805687204 0.7015625 0.6113744075829384 0.70625 0.6090047393364929 0.7140625 0.5924170616113744 0.7171875 0.5924170616113744 0.7203125 0.5876777251184834 0.721875 0.580568720379147 0.728125 0.580568720379147 0.728125 0.5734597156398105 0.73125 0.5710900473933649 0.73125 0.566350710900474 0.7421875 0.5545023696682464 0.7421875 0.533175355450237 0.7453125 0.5308056872037915 0.7453125 0.523696682464455 0.7390625 0.514218009478673 0.7390625 0.5023696682464455 0.7328125 0.5023696682464455 0.73125 0.495260663507109 0.725 0.495260663507109 0.7234375 0.490521327014218 0.7109375 0.490521327014218 0.7109375 0.4928909952606635 0.7078125 0.495260663507109 0.70625 0.5023696682464455
2 0.6265625 0.11137440758293839 0.6234375 0.11137440758293839 0.6203125 0.11611374407582939 0.6203125 0.12085308056872038 0.6171875 0.12322274881516587 0.615625 0.13270142180094788 0.6125 0.13270142180094788 0.6125 0.14218009478672985 0.609375 0.14454976303317535 0.609375 0.16350710900473933 0.60625 0.16824644549763032 0.609375 0.17061611374407584 0.609375 0.17535545023696683 0.6125 0.18009478672985782 0.621875 0.18009478672985782 0.6234375 0.1848341232227488 0.6328125 0.1848341232227488 0.634375 0.19194312796208532 0.6484375 0.19194312796208532 0.65 0.1848341232227488 0.659375 0.1848341232227488 0.665625 0.17535545023696683 0.665625 0.16587677725118483 0.6625 0.16113744075829384 0.665625 0.15876777251184834 0.665625 0.0947867298578199 0.6625 0.09004739336492891 0.6390625 0.09004739336492891 0.6390625 0.0924170616113744 0.634375 0.0947867298578199 0.6265625 0.11137440758293839
2 0.090625 0.966824644549763 0.0875 0.9691943127962085 0.0859375 0.9786729857819905 0.08125 0.9786729857819905 0.0796875 0.985781990521327 0.0734375 0.985781990521327 0.0703125 0.9928909952606635 0.0734375 0.9976303317535545 0.11875 0.9976303317535545 0.11875 0.9739336492890995 0.115625 0.9691943127962085 0.109375 0.9691943127962085 0.1046875 0.957345971563981 0.0953125 0.957345971563981 0.0953125 0.9597156398104265 0.090625 0.9620853080568721 0.090625 0.966824644549763
2 0.7109375 0.023696682464454975 0.7109375 0.030805687203791468 0.7078125 0.03317535545023697 0.7078125 0.04265402843601896 0.703125 0.045023696682464455 0.703125 0.05924170616113744 0.7 0.061611374407582936 0.7 0.08767772511848342 0.703125 0.0924170616113744 0.709375 0.0924170616113744 0.7109375 0.0971563981042654 0.7203125 0.0971563981042654 0.725 0.08767772511848342 0.728125 0.08767772511848342 0.728125 0.07819905213270142 0.734375 0.07109004739336493 0.7359375 0.06398104265402843 0.7421875 0.06398104265402843 0.7421875 0.05687203791469194 0.7453125 0.054502369668246446 0.7453125 0.04976303317535545 0.75 0.04739336492890995 0.75 0.04028436018957346 0.7453125 0.037914691943127965 0.7453125 0.023696682464454975 0.7421875 0.02132701421800948 0.7421875 0.016587677725118485 0.7359375 0.016587677725118485 0.7359375 0.018957345971563982 0.734375 0.023696682464454975 0.7109375 0.023696682464454975
2 0.24375 0.36729857819905215 0.240625 0.3696682464454976 0.240625 0.43364928909952605 0.265625 0.471563981042654 0.2703125 0.471563981042654 0.271875 0.476303317535545 0.2859375 0.476303317535545 0.2875 0.4834123222748815 0.3078125 0.4834123222748815 0.309375 0.4881516587677725 0.31875 0.4881516587677725 0.3265625 0.504739336492891 0.33125 0.5071090047393365 0.33125 0.514218009478673 0.334375 0.5165876777251185 0.334375 0.5213270142180095 0.35 0.5213270142180095 0.35 0.5165876777251185 0.3546875 0.514218009478673 0.359375 0.504739336492891 0.36875 0.504739336492891 0.3734375 0.4928909952606635 0.3765625 0.4928909952606635 0.3796875 0.4881516587677725 0.3796875 0.46208530805687204 0.3765625 0.4597156398104265 0.3765625 0.45260663507109006 0.371875 0.45023696682464454 0.371875 0.44549763033175355 0.3671875 0.44549763033175355 0.365625 0.44075829383886256 0.359375 0.44075829383886256 0.3546875 0.43364928909952605 0.3546875 0.42890995260663506 0.3515625 0.42890995260663506 0.346875 0.4194312796208531 0.340625 0.4194312796208531 0.3390625 0.41232227488151657 0.3234375 0.41232227488151657 0.3234375 0.41706161137440756 0.3125 0.42890995260663506 0.3125 0.43364928909952605 0.3078125 0.44075829383886256 0.3046875 0.44075829383886256 0.3015625 0.44549763033175355 0.3 0.45260663507109006 0.2796875 0.45260663507109006 0.278125 0.44549763033175355 0.26875 0.44549763033175355 0.25625 0.4265402843601896 0.25625 0.4075829383886256 0.253125 0.4052132701421801 0.253125 0.3696682464454976 0.25625 0.36492890995260663 0.253125 0.36255924170616116 0.253125 0.35308056872037913 0.246875 0.35308056872037913 0.246875 0.35545023696682465 0.24375 0.3578199052132701 0.24375 0.36729857819905215
1 0.4859375 0.46208530805687204 0.484375 0.46919431279620855 0.4796875 0.46919431279620855 0.478125 0.47393364928909953 0.471875 0.47393364928909953 0.4703125 0.4786729857819905 0.4640625 0.4786729857819905 0.4640625 0.4834123222748815 0.459375 0.490521327014218 0.453125 0.490521327014218 0.4453125 0.5071090047393365 0.4421875 0.5071090047393365 0.4359375 0.5165876777251185 0.434375 0.523696682464455 0.43125 0.523696682464455 0.425 0.533175355450237 0.425 0.542654028436019 0.4171875 0.5497630331753555 0.4171875 0.5639810426540285 0.4140625 0.566350710900474 0.4140625 0.5924170616113744 0.4109375 0.5947867298578199 0.4109375 0.6800947867298578 0.4140625 0.6824644549763034 0.4140625 0.7014218009478673 0.4203125 0.7109004739336493 0.4203125 0.7180094786729858 0.425 0.7203791469194313 0.425 0.7298578199052133 0.428125 0.7322274881516587 0.428125 0.7417061611374408 0.43125 0.7464454976303317 0.434375 0.7464454976303317 0.4421875 0.7582938388625592 0.4421875 0.7630331753554502 0.4453125 0.7630331753554502 0.453125 0.7748815165876777 0.453125 0.7843601895734598 0.45625 0.7843601895734598 0.4578125 0.7890995260663507 0.4625 0.7890995260663507 0.4640625 0.7962085308056872 0.478125 0.7962085308056872 0.48125 0.8009478672985783 0.4828125 0.7962085308056872 0.4890625 0.7962085308056872 0.4890625 0.7582938388625592 0.4921875 0.7559241706161137 0.4921875 0.7322274881516587 0.4890625 0.7274881516587678 0.4859375 0.7274881516587678 0.484375 0.7203791469194313 0.48125 0.7180094786729858 0.48125 0.6990521327014217 0.478125 0.6966824644549763 0.478125 0.6706161137440758 0.4859375 0.6587677725118484 0.4890625 0.6587677725118484 0.4890625 0.6540284360189573 0.49375 0.6469194312796208 0.503125 0.6469194312796208 0.5046875 0.6421800947867299 0.5171875 0.6421800947867299 0.51875 0.6350710900473934 0.525 0.6350710900473934 0.525 0.6232227488151659 0.5203125 0.6208530805687204 0.5203125 0.6113744075829384 0.5171875 0.6090047393364929 0.5171875 0.5947867298578199 0.509375 0.5876777251184834 0.509375 0.5734597156398105 0.5140625 0.5710900473933649 0.5140625 0.5450236966824644 0.5203125 0.5379146919431279 0.521875 0.542654028436019 0.53125 0.542654028436019 0.5328125 0.54739336492891 0.546875 0.54739336492891 0.5515625 0.5592417061611374 0.5640625 0.5592417061611374 0.565625 0.5545023696682464 0.56875 0.5545023696682464 0.56875 0.5450236966824644 0.571875 0.542654028436019 0.571875 0.5284360189573459 0.56875 0.5260663507109005 0.56875 0.5165876777251185 0.5640625 0.514218009478673 0.5640625 0.495260663507109 0.5609375 0.4928909952606635 0.5609375 0.48578199052132703 0.5578125 0.4834123222748815 0.5578125 0.4786729857819905 0.5546875 0.4786729857819905 0.546875 0.466824644549763 0.546875 0.46208530805687204 0.5375 0.46208530805687204 0.5359375 0.45734597156398105 0.496875 0.45734597156398105 0.496875 0.4597156398104265 0.4953125 0.46208530805687204 0.4859375 0.46208530805687204
1 0.3234375 0.6777251184834123 0.321875 0.6824644549763034 0.315625 0.6824644549763034 0.3140625 0.6872037914691943 0.309375 0.6872037914691943 0.309375 0.6919431279620853 0.3046875 0.6943127962085308 0.3 0.7037914691943128 0.29375 0.7037914691943128 0.29375 0.7132701421800948 0.2890625 0.7203791469194313 0.2796875 0.7203791469194313 0.278125 0.7274881516587678 0.271875 0.7274881516587678 0.2703125 0.7322274881516587 0.265625 0.7322274881516587 0.2640625 0.7369668246445498 0.2578125 0.7369668246445498 0.25625 0.7440758293838863 0.25 0.7440758293838863 0.240625 0.7582938388625592 0.2390625 0.7654028436018957 0.2359375 0.7654028436018957 0.234375 0.7701421800947867 0.2296875 0.7701421800947867 0.2296875 0.7796208530805687 0.225 0.7819905213270142 0.21875 0.7914691943127962 0.21875 0.8009478672985783 0.2140625 0.8033175355450237 0.2140625 0.8127962085308057 0.2109375 0.8151658767772512 0.2109375 0.8341232227488151 0.2078125 0.8364928909952607 0.2078125 0.8720379146919431 0.2109375 0.8744075829383886 0.2109375 0.8886255924170616 0.2140625 0.8909952606635071 0.2140625 0.9052132701421801 0.21875 0.9075829383886256 0.21875 0.9170616113744076 0.221875 0.919431279620853 0.221875 0.9265402843601895 0.225 0.9289099526066351 0.225 0.933649289099526 0.2296875 0.9360189573459715 0.2296875 0.943127962085308 0.2328125 0.9454976303317536 0.2328125 0.9502369668246445 0.2359375 0.9549763033175356 0.2421875 0.9549763033175356 0.25 0.9715639810426541 0.25625 0.9715639810426541 0.2609375 0.9786729857819905 0.2609375 0.9834123222748815 0.2671875 0.9834123222748815 0.271875 0.9928909952606635 0.2921875 0.9928909952606635 0.29375 0.9976303317535545 0.31875 0.9976303317535545 0.321875 0.9928909952606635 0.3234375 0.9976303317535545 0.35 0.9976303317535545 0.3515625 0.9928909952606635 0.3578125 0.9928909952606635 0.3578125 0.95260663507109 0.3609375 0.9502369668246445 0.3609375 0.9289099526066351 0.365625 0.9265402843601895 0.365625 0.919431279620853 0.371875 0.909952606635071 0.371875 0.9028436018957346 0.3765625 0.9004739336492891 0.3765625 0.8909952606635071 0.38125 0.8838862559241706 0.3875 0.8838862559241706 0.3890625 0.8767772511848341 0.39375 0.8767772511848341 0.3953125 0.8720379146919431 0.4015625 0.8720379146919431 0.40625 0.8625592417061612 0.409375 0.8625592417061612 0.4109375 0.8554502369668247 0.41875 0.8554502369668247 0.4203125 0.8507109004739336 0.4265625 0.8507109004739336 0.43125 0.8388625592417062 0.434375 0.8388625592417062 0.4375 0.8341232227488151 0.4375 0.7748815165876777 0.434375 0.7725118483412322 0.434375 0.7582938388625592 0.43125 0.7582938388625592 0.4265625 0.7511848341232228 0.4265625 0.7440758293838863 0.4234375 0.7417061611374408 0.4234375 0.7322274881516587 0.41875 0.7298578199052133 0.41875 0.7203791469194313 0.415625 0.7180094786729858 0.415625 0.7109004739336493 0.4125 0.7085308056872038 0.4125 0.7037914691943128 0.409375 0.6990521327014217 0.40625 0.6990521327014217 0.4046875 0.6943127962085308 0.4 0.6943127962085308 0.3984375 0.6872037914691943 0.3953125 0.6872037914691943 0.39375 0.6824644549763034 0.3890625 0.6824644549763034 0.3875 0.6777251184834123 0.3703125 0.6777251184834123 0.36875 0.6706161137440758 0.334375 0.6706161137440758 0.334375 0.6729857819905213 0.3328125 0.6777251184834123 0.3234375 0.6777251184834123
1 0.8125 0.13744075829383887 0.8109375 0.14454976303317535 0.8015625 0.14454976303317535 0.8 0.14928909952606634 0.79375 0.14928909952606634 0.7921875 0.15402843601895735 0.7875 0.15402843601895735 0.7859375 0.16113744075829384 0.7828125 0.16113744075829384 0.7765625 0.17061611374407584 0.7765625 0.18009478672985782 0.8 0.18009478672985782 0.8015625 0.1848341232227488 0.81875 0.1848341232227488 0.8203125 0.19194312796208532 0.84375 0.19194312796208532 0.8453125 0.1966824644549763 0.85 0.1966824644549763 0.8515625 0.2014218009478673 0.85625 0.2037914691943128 0.85625 0.20853080568720378 0.8625 0.21800947867298578 0.8671875 0.22037914691943128 0.8671875 0.22511848341232227 0.8734375 0.23459715639810427 0.878125 0.23696682464454977 0.878125 0.24644549763033174 0.884375 0.2559241706161137 0.8875 0.2559241706161137 0.8890625 0.26303317535545023 0.8953125 0.27014218009478674 0.8953125 0.2796208530805687 0.9 0.28199052132701424 0.9 0.2890995260663507 0.903125 0.2914691943127962 0.903125 0.2962085308056872 0.90625 0.3009478672985782 0.909375 0.3009478672985782 0.9109375 0.2962085308056872 0.9265625 0.2962085308056872 0.93125 0.3056872037914692 0.9375 0.3056872037914692 0.9421875 0.3175355450236967 0.9484375 0.3175355450236967 0.9515625 0.3222748815165877 0.953125 0.3175355450236967 0.95625 0.3175355450236967 0.959375 0.3127962085308057 0.959375 0.28199052132701424 0.95625 0.2796208530805687 0.95625 0.26540284360189575 0.9515625 0.26303317535545023 0.9515625 0.25829383886255924 0.946875 0.25829383886255924 0.9453125 0.25355450236966826 0.9359375 0.25355450236966826 0.934375 0.24881516587677724 0.9296875 0.24644549763033174 0.9296875 0.23222748815165878 0.9265625 0.22985781990521326 0.9265625 0.22037914691943128 0.91875 0.2132701421800948 0.91875 0.2037914691943128 0.9125 0.1943127962085308 0.90625 0.1943127962085308 0.9046875 0.1872037914691943 0.884375 0.1872037914691943 0.8828125 0.18246445497630331 0.884375 0.18009478672985782 0.890625 0.18009478672985782 0.890625 0.17772511848341233 0.878125 0.17772511848341233 0.8765625 0.17061611374407584 0.8734375 0.17061611374407584 0.865625 0.15876777251184834 0.865625 0.15402843601895735 0.8609375 0.15165876777251186 0.8609375 0.14454976303317535 0.8578125 0.14218009478672985 0.8578125 0.13744075829383887 0.8515625 0.13744075829383887 0.85 0.13270142180094788 0.8234375 0.13270142180094788 0.8234375 0.13507109004739337 0.821875 0.13744075829383887 0.8125 0.13744075829383887
1 0.5 0.13744075829383887 0.4984375 0.14454976303317535 0.49375 0.14454976303317535 0.4890625 0.15402843601895735 0.4859375 0.15402843601895735 0.4859375 0.15876777251184834 0.4828125 0.16113744075829384 0.4828125 0.16824644549763032 0.4796875 0.17061611374407584 0.4796875 0.17535545023696683 0.475 0.17772511848341233 0.475 0.1848341232227488 0.471875 0.1872037914691943 0.471875 0.1966824644549763 0.46875 0.1990521327014218 0.46875 0.20853080568720378 0.4640625 0.2109004739336493 0.4640625 0.21800947867298578 0.4609375 0.22037914691943128 0.4609375 0.23459715639810427 0.4578125 0.23696682464454977 0.4578125 0.3127962085308057 0.4609375 0.31516587677725116 0.4609375 0.35071090047393366 0.4640625 0.35308056872037913 0.4640625 0.36255924170616116 0.46875 0.36492890995260663 0.46875 0.37203791469194314 0.471875 0.3744075829383886 0.471875 0.38388625592417064 0.475 0.3886255924170616 0.478125 0.3886255924170616 0.4859375 0.4052132701421801 0.4890625 0.4052132701421801 0.49375 0.41232227488151657 0.49375 0.41706161137440756 0.5 0.4265402843601896 0.50625 0.4265402843601896 0.5078125 0.43364928909952605 0.5140625 0.43364928909952605 0.515625 0.43838862559241704 0.528125 0.43838862559241704 0.5296875 0.4431279620853081 0.5390625 0.4431279620853081 0.540625 0.43838862559241704 0.5796875 0.43838862559241704 0.58125 0.43364928909952605 0.5890625 0.43364928909952605 0.590625 0.4265402843601896 0.6 0.4265402843601896 0.6015625 0.4218009478672986 0.6046875 0.4218009478672986 0.6078125 0.41706161137440756 0.6078125 0.4028436018957346 0.6046875 0.4004739336492891 0.6046875 0.3862559241706161 0.6 0.38388625592417064 0.6 0.36492890995260663 0.596875 0.36255924170616116 0.596875 0.3578199052132701 0.59375 0.35308056872037913 0.590625 0.35308056872037913 0.5859375 0.3459715639810427 0.5859375 0.3412322274881517 0.5796875 0.33886255924170616 0.5796875 0.31990521327014215 0.575 0.3175355450236967 0.575 0.3033175355450237 0.571875 0.3009478672985782 0.571875 0.2914691943127962 0.5609375 0.2796208530805687 0.5609375 0.27488151658767773 0.5546875 0.27488151658767773 0.553125 0.27014218009478674 0.540625 0.27014218009478674 0.5390625 0.26540284360189575 0.49375 0.26540284360189575 0.4921875 0.25829383886255924 0.4828125 0.25829383886255924 0.48125 0.2559241706161137 0.48125 0.24881516587677724 0.484375 0.24644549763033174 0.484375 0.23696682464454977 0.4890625 0.23459715639810427 0.4953125 0.22511848341232227 0.4953125 0.22037914691943128 0.5 0.2132701421800948 0.50625 0.2132701421800948 0.5078125 0.20853080568720378 0.5203125 0.20853080568720378 0.521875 0.2014218009478673 0.5359375 0.2014218009478673 0.5390625 0.1966824644549763 0.5390625 0.1872037914691943 0.5359375 0.1848341232227488 0.5359375 0.16113744075829384 0.53125 0.15876777251184834 0.53125 0.14928909952606634 0.5203125 0.13270142180094788 0.5078125 0.13270142180094788 0.5078125 0.13507109004739337 0.50625 0.13744075829383887 0.5 0.13744075829383887
1 0.928125 0 0.928125 0.002369668246445498 0.9265625 0.0071090047393364926 0.9203125 0.0071090047393364926 0.91875 0.011848341232227487 0.9140625 0.011848341232227487 0.9125 0.016587677725118485 0.90625 0.016587677725118485 0.9046875 0.023696682464454975 0.9 0.023696682464454975 0.8984375 0.02843601895734597 0.8921875 0.02843601895734597 0.890625 0.03317535545023697 0.884375 0.03317535545023697 0.8828125 0.04028436018957346 0.878125 0.04028436018957346 0.8765625 0.045023696682464455 0.8734375 0.045023696682464455 0.8734375 0.054502369668246446 0.8703125 0.05687203791469194 0.8703125 0.06398104265402843 0.8671875 0.06635071090047394 0.8671875 0.07109004739336493 0.8625 0.07345971563981042 0.8625 0.08767772511848342 0.859375 0.09004739336492891 0.859375 0.14218009478672985 0.8671875 0.14928909952606634 0.8671875 0.15876777251184834 0.8703125 0.16113744075829384 0.8703125 0.16824644549763032 0.8734375 0.17061611374407584 0.8734375 0.17535545023696683 0.8796875 0.17535545023696683 0.88125 0.17772511848341233 0.88125 0.1848341232227488 0.8875 0.1848341232227488 0.8890625 0.19194312796208532 0.890625 0.19194312796208532 0.8921875 0.1848341232227488 0.9046875 0.1848341232227488 0.90625 0.19194312796208532 0.9125 0.19194312796208532 0.9203125 0.2037914691943128 0.9203125 0.20853080568720378 0.9234375 0.20853080568720378 0.93125 0.22037914691943128 0.93125 0.22511848341232227 0.9984375 0.22511848341232227 0.9984375 0.023696682464454975 0.9953125 0.02132701421800948 0.9953125 0.016587677725118485 0.990625 0.016587677725118485 0.984375 0.0071090047393364926 0.9796875 0.0071090047393364926 0.978125 0 0.928125 0
1 0.196875 0 0.196875 0.002369668246445498 0.1953125 0.0071090047393364926 0.1921875 0.0071090047393364926 0.1921875 0.014218009478672985 0.1890625 0.016587677725118485 0.1890625 0.030805687203791468 0.1859375 0.03317535545023697 0.1859375 0.04739336492890995 0.18125 0.04976303317535545 0.18125 0.08767772511848342 0.178125 0.09004739336492891 0.178125 0.0971563981042654 0.175 0.0995260663507109 0.175 0.11374407582938388 0.178125 0.11611374407582939 0.178125 0.12085308056872038 0.184375 0.12085308056872038 0.1859375 0.12559241706161137 0.190625 0.12559241706161137 0.1921875 0.13033175355450238 0.1984375 0.13033175355450238 0.203125 0.13744075829383887 0.203125 0.14218009478672985 0.20625 0.14218009478672985 0.2140625 0.15402843601895735 0.2140625 0.15876777251184834 0.2171875 0.15876777251184834 0.21875 0.16350710900473933 0.225 0.16587677725118483 0.225 0.17535545023696683 0.228125 0.17535545023696683 0.2328125 0.18246445497630331 0.2328125 0.19194312796208532 0.2359375 0.1943127962085308 0.2359375 0.2014218009478673 0.240625 0.2037914691943128 0.240625 0.2132701421800948 0.246875 0.22037914691943128 0.246875 0.22985781990521326 0.2546875 0.23696682464454977 0.2546875 0.26303317535545023 0.2640625 0.26303317535545023 0.265625 0.26540284360189575 0.265625 0.2796208530805687 0.2765625 0.26303317535545023 0.2859375 0.26303317535545023 0.2875 0.2559241706161137 0.3109375 0.2559241706161137 0.3125 0.26303317535545023 0.325 0.26303317535545023 0.3265625 0.2677725118483412 0.3328125 0.2677725118483412 0.334375 0.2725118483412322 0.34375 0.2725118483412322 0.3453125 0.2677725118483412 0.35 0.2677725118483412 0.35 0.24881516587677724 0.346875 0.24407582938388625 0.35 0.24170616113744076 0.35 0.23222748815165878 0.346875 0.22985781990521326 0.346875 0.2037914691943128 0.34375 0.2014218009478673 0.34375 0.1872037914691943 0.3390625 0.1848341232227488 0.3390625 0.17772511848341233 0.3359375 0.17535545023696683 0.3359375 0.16113744075829384 0.3390625 0.15876777251184834 0.3390625 0.1066350710900474 0.3359375 0.10426540284360189 0.3359375 0.09004739336492891 0.3328125 0.08767772511848342 0.3328125 0.07819905213270142 0.3296875 0.07582938388625593 0.3296875 0.061611374407582936 0.325 0.05924170616113744 0.325 0.045023696682464455 0.3296875 0.04265402843601896 0.3296875 0.03317535545023697 0.3328125 0.030805687203791468 0.3328125 0.016587677725118485 0.3359375 0.014218009478672985 0.3359375 0 0.196875 0
1 0.70625 0.1872037914691943 0.703125 0.1872037914691943 0.703125 0.19194312796208532 0.6953125 0.2037914691943128 0.6921875 0.2037914691943128 0.6921875 0.20853080568720378 0.6890625 0.2109004739336493 0.6890625 0.21800947867298578 0.6859375 0.22037914691943128 0.6859375 0.22985781990521326 0.690625 0.22985781990521326 0.6921875 0.23459715639810427 0.7125 0.23459715639810427 0.7140625 0.22985781990521326 0.7203125 0.22985781990521326 0.725 0.21800947867298578 0.728125 0.21800947867298578 0.734375 0.20853080568720378 0.7359375 0.2014218009478673 0.7390625 0.2014218009478673 0.740625 0.1966824644549763 0.7453125 0.1966824644549763 0.746875 0.19194312796208532 0.75 0.19194312796208532 0.75 0.1872037914691943 0.746875 0.1872037914691943 0.7453125 0.18246445497630331 0.740625 0.18246445497630331 0.7390625 0.17772511848341233 0.7140625 0.17772511848341233 0.7140625 0.18009478672985782 0.7078125 0.18246445497630331 0.70625 0.1872037914691943
1 0.0796875 0.35071090047393366 0.084375 0.3578199052132701 0.084375 0.36255924170616116 0.09375 0.36255924170616116 0.1015625 0.3767772511848341 0.10625 0.3791469194312796 0.10625 0.38388625592417064 0.1125 0.3933649289099526 0.1171875 0.3957345971563981 0.1171875 0.4004739336492891 0.1234375 0.4099526066350711 0.128125 0.41232227488151657 0.128125 0.4218009478672986 0.134375 0.42890995260663506 0.134375 0.4431279620853081 0.1390625 0.44549763033175355 0.1390625 0.4834123222748815 0.1546875 0.4834123222748815 0.15625 0.476303317535545 0.159375 0.476303317535545 0.159375 0.46919431279620855 0.1625 0.466824644549763 0.1625 0.46208530805687204 0.16875 0.4549763033175355 0.16875 0.44549763033175355 0.1734375 0.4431279620853081 0.1734375 0.43601895734597157 0.1765625 0.43364928909952605 0.1765625 0.41232227488151657 0.1734375 0.4099526066350711 0.1734375 0.4028436018957346 0.16875 0.4004739336492891 0.16875 0.3957345971563981 0.165625 0.3909952606635071 0.1609375 0.3909952606635071 0.159375 0.3862559241706161 0.15 0.3862559241706161 0.1484375 0.3791469194312796 0.134375 0.3791469194312796 0.1328125 0.3744075829383886 0.1203125 0.3744075829383886 0.11875 0.3696682464454976 0.1125 0.3696682464454976 0.1109375 0.36492890995260663 0.0984375 0.36492890995260663 0.09375 0.35308056872037913 0.0875 0.35308056872037913 0.0859375 0.34834123222748814 0.0796875 0.3459715639810427 0.0796875 0.3412322274881517 0.0765625 0.3412322274881517 0.0765625 0.34360189573459715 0.0734375 0.35071090047393366 0.0796875 0.35071090047393366
1 0.2765625 0.2843601895734597 0.271875 0.28672985781990523 0.271875 0.2962085308056872 0.265625 0.3033175355450237 0.265625 0.3127962085308057 0.2578125 0.31990521327014215 0.2578125 0.3293838862559242 0.25625 0.33175355450236965 0.25 0.33175355450236965 0.25 0.3341232227488152 0.2546875 0.33649289099526064 0.2546875 0.37203791469194314 0.25 0.3744075829383886 0.25 0.4004739336492891 0.2546875 0.4028436018957346 0.2546875 0.4218009478672986 0.265625 0.43838862559241704 0.3 0.43838862559241704 0.303125 0.43364928909952605 0.303125 0.42417061611374407 0.3078125 0.4218009478672986 0.3078125 0.41232227488151657 0.3109375 0.4099526066350711 0.3109375 0.3862559241706161 0.3078125 0.38388625592417064 0.3078125 0.33649289099526064 0.3109375 0.3341232227488152 0.3109375 0.31990521327014215 0.3140625 0.3175355450236967 0.3109375 0.3127962085308057 0.3109375 0.3080568720379147 0.3140625 0.3056872037914692 0.315625 0.2962085308056872 0.31875 0.2962085308056872 0.31875 0.27488151658767773 0.315625 0.27488151658767773 0.3140625 0.27014218009478674 0.3046875 0.27014218009478674 0.303125 0.26540284360189575 0.2828125 0.26540284360189575 0.2828125 0.2677725118483412 0.2765625 0.27488151658767773 0.2765625 0.2843601895734597
1 0.56875 0.09004739336492891 0.565625 0.09004739336492891 0.5625 0.0947867298578199 0.5625 0.10426540284360189 0.5578125 0.11137440758293839 0.540625 0.11137440758293839 0.5390625 0.11611374407582939 0.5296875 0.11611374407582939 0.5296875 0.12085308056872038 0.525 0.12796208530805686 0.51875 0.12796208530805686 0.5171875 0.13270142180094788 0.5078125 0.13270142180094788 0.50625 0.13744075829383887 0.5 0.13744075829383887 0.4984375 0.14454976303317535 0.49375 0.14454976303317535 0.4890625 0.15402843601895735 0.4859375 0.15402843601895735 0.4859375 0.16350710900473933 0.4796875 0.17061611374407584 0.4796875 0.18009478672985782 0.471875 0.1872037914691943 0.471875 0.1966824644549763 0.46875 0.1990521327014218 0.46875 0.20853080568720378 0.4640625 0.2109004739336493 0.4640625 0.22511848341232227 0.4609375 0.22748815165876776 0.4609375 0.23459715639810427 0.4578125 0.23696682464454977 0.4578125 0.3293838862559242 0.4609375 0.33175355450236965 0.4609375 0.35071090047393366 0.46875 0.3578199052132701 0.46875 0.36729857819905215 0.471875 0.3696682464454976 0.471875 0.3767772511848341 0.475 0.3791469194312796 0.475 0.38388625592417064 0.478125 0.38388625592417064 0.4828125 0.3909952606635071 0.4828125 0.4004739336492891 0.4859375 0.4052132701421801 0.4890625 0.4052132701421801 0.490625 0.4099526066350711 0.4953125 0.4099526066350711 0.5 0.4218009478672986 0.503125 0.4218009478672986 0.5078125 0.42890995260663506 0.5078125 0.43364928909952605 0.5171875 0.43364928909952605 0.51875 0.43838862559241704 0.528125 0.43838862559241704 0.5296875 0.4431279620853081 0.5390625 0.4431279620853081 0.540625 0.43838862559241704 0.5828125 0.43838862559241704 0.584375 0.43364928909952605 0.59375 0.43364928909952605 0.5953125 0.4265402843601896 0.6 0.4265402843601896 0.6015625 0.4218009478672986 0.6078125 0.4218009478672986 0.6078125 0.41232227488151657 0.6125 0.4052132701421801 0.6265625 0.4052132701421801 0.6265625 0.3957345971563981 0.6328125 0.3886255924170616 0.6328125 0.3791469194312796 0.6375 0.3767772511848341 0.6390625 0.36729857819905215 0.6515625 0.36729857819905215 0.65625 0.3767772511848341 0.66875 0.3767772511848341 0.66875 0.3696682464454976 0.6734375 0.36729857819905215 0.675 0.36255924170616116 0.6875 0.36255924170616116 0.6875 0.3578199052132701 0.690625 0.35545023696682465 0.690625 0.34834123222748814 0.6953125 0.3459715639810427 0.6953125 0.3246445497630332 0.690625 0.3222748815165877 0.690625 0.31516587677725116 0.6875 0.3127962085308057 0.6875 0.2985781990521327 0.690625 0.2962085308056872 0.690625 0.28199052132701424 0.6875 0.2796208530805687 0.6875 0.27014218009478674 0.684375 0.2677725118483412 0.684375 0.25829383886255924 0.690625 0.25118483412322273 0.690625 0.24407582938388625 0.6875 0.24170616113744076 0.6875 0.23696682464454977 0.68125 0.23696682464454977 0.6796875 0.23459715639810427 0.6796875 0.22748815165876776 0.684375 0.22511848341232227 0.684375 0.2156398104265403 0.690625 0.20853080568720378 0.6921875 0.2014218009478673 0.6953125 0.2014218009478673 0.6953125 0.1943127962085308 0.6984375 0.19194312796208532 0.6984375 0.1872037914691943 0.709375 0.17535545023696683 0.709375 0.17061611374407584 0.70625 0.16587677725118483 0.703125 0.16587677725118483 0.7015625 0.16113744075829384 0.6703125 0.16113744075829384 0.66875 0.15876777251184834 0.66875 0.14454976303317535 0.665625 0.14218009478672985 0.665625 0.0947867298578199 0.653125 0.0947867298578199 0.6515625 0.09004739336492891 0.6390625 0.09004739336492891 0.6375 0.0947867298578199 0.634375 0.0947867298578199 0.6265625 0.11137440758293839 0.6234375 0.11137440758293839 0.6203125 0.11611374407582939 0.6203125 0.12085308056872038 0.6171875 0.12322274881516587 0.6171875 0.13033175355450238 0.6125 0.13270142180094788 0.609375 0.13744075829383887 0.609375 0.14218009478672985 0.60625 0.14454976303317535 0.6046875 0.14218009478672985 0.6046875 0.13270142180094788 0.6 0.13033175355450238 0.6 0.11611374407582939 0.596875 0.11374407582938388 0.596875 0.0995260663507109 0.59375 0.0971563981042654 0.59375 0.09004739336492891 0.5890625 0.08767772511848342 0.5890625 0.08293838862559241 0.5859375 0.07819905213270142 0.58125 0.07819905213270142 0.5796875 0.07345971563981042 0.5765625 0.07345971563981042 0.5765625 0.07582938388625593 0.5703125 0.08293838862559241 0.56875 0.09004739336492891
1 0.3484375 0.3033175355450237 0.34375 0.31516587677725116 0.3375 0.31516587677725116 0.33125 0.3246445497630332 0.33125 0.3341232227488152 0.3265625 0.33649289099526064 0.3265625 0.3459715639810427 0.3234375 0.34834123222748814 0.3234375 0.3886255924170616 0.3265625 0.3909952606635071 0.3265625 0.4052132701421801 0.325 0.4075829383886256 0.315625 0.4075829383886256 0.315625 0.4265402843601896 0.3125 0.42890995260663506 0.3125 0.43364928909952605 0.3078125 0.44075829383886256 0.3046875 0.44075829383886256 0.3015625 0.44549763033175355 0.3 0.45260663507109006 0.2765625 0.45260663507109006 0.275 0.44549763033175355 0.26875 0.44549763033175355 0.2671875 0.44075829383886256 0.2609375 0.44075829383886256 0.259375 0.43838862559241704 0.259375 0.42890995260663506 0.2546875 0.42890995260663506 0.253125 0.42417061611374407 0.25 0.42417061611374407 0.2453125 0.41706161137440756 0.2453125 0.41232227488151657 0.24375 0.41232227488151657 0.24375 0.43364928909952605 0.25 0.44075829383886256 0.25 0.45023696682464454 0.253125 0.45023696682464454 0.2609375 0.46208530805687204 0.2609375 0.466824644549763 0.2671875 0.466824644549763 0.26875 0.471563981042654 0.275 0.471563981042654 0.2765625 0.476303317535545 0.2859375 0.476303317535545 0.2875 0.4834123222748815 0.3109375 0.4834123222748815 0.3125 0.4881516587677725 0.31875 0.4881516587677725 0.3265625 0.504739336492891 0.33125 0.5071090047393365 0.33125 0.514218009478673 0.334375 0.5165876777251185 0.334375 0.5213270142180095 0.346875 0.5213270142180095 0.3484375 0.514218009478673 0.409375 0.514218009478673 0.4109375 0.509478672985782 0.41875 0.509478672985782 0.425 0.5 0.4296875 0.5 0.4296875 0.490521327014218 0.4375 0.4834123222748815 0.4375 0.4786729857819905 0.4421875 0.471563981042654 0.4453125 0.471563981042654 0.4453125 0.46208530805687204 0.4484375 0.4597156398104265 0.4484375 0.44549763033175355 0.4515625 0.4431279620853081 0.4515625 0.4028436018957346 0.4484375 0.4004739336492891 0.4484375 0.3696682464454976 0.4453125 0.36729857819905215 0.4453125 0.35308056872037913 0.4421875 0.35308056872037913 0.4375 0.3459715639810427 0.4375 0.33649289099526064 0.434375 0.33175355450236965 0.428125 0.33175355450236965 0.4234375 0.31990521327014215 0.4203125 0.31990521327014215 0.41875 0.31516587677725116 0.4125 0.3127962085308057 0.4125 0.3080568720379147 0.409375 0.3033175355450237 0.403125 0.3033175355450237 0.4015625 0.2985781990521327 0.3953125 0.2985781990521327 0.39375 0.2914691943127962 0.359375 0.2914691943127962 0.359375 0.2938388625592417 0.3546875 0.3033175355450237 0.3484375 0.3033175355450237
1 0.7 0.6658767772511849 0.6984375 0.6706161137440758 0.6921875 0.6706161137440758 0.690625 0.6777251184834123 0.6859375 0.6777251184834123 0.684375 0.6824644549763034 0.68125 0.6824644549763034 0.678125 0.6872037914691943 0.678125 0.6919431279620853 0.675 0.6943127962085308 0.6734375 0.7037914691943128 0.6671875 0.7037914691943128 0.6671875 0.7132701421800948 0.6609375 0.7203791469194313 0.6609375 0.7298578199052133 0.65625 0.7322274881516587 0.65625 0.7464454976303317 0.653125 0.7488151658767772 0.653125 0.7559241706161137 0.65 0.7582938388625592 0.65 0.7796208530805687 0.653125 0.7819905213270142 0.653125 0.7890995260663507 0.65625 0.7914691943127962 0.65625 0.7962085308056872 0.6609375 0.7985781990521327 0.6609375 0.8293838862559242 0.65625 0.8317535545023697 0.65625 0.8341232227488151 0.6625 0.8341232227488151 0.6640625 0.8388625592417062 0.6734375 0.8388625592417062 0.675 0.8459715639810427 0.678125 0.8483412322274881 0.6734375 0.8578199052132701 0.6703125 0.8578199052132701 0.6703125 0.8625592417061612 0.665625 0.8696682464454977 0.6609375 0.8649289099526066 0.6609375 0.8767772511848341 0.6640625 0.8791469194312796 0.6640625 0.8886255924170616 0.6671875 0.8909952606635071 0.6671875 0.9052132701421801 0.684375 0.9052132701421801 0.684375 0.8909952606635071 0.690625 0.8886255924170616 0.6921875 0.8909952606635071 0.6921875 0.9052132701421801 0.70625 0.9052132701421801 0.7078125 0.909952606635071 0.7140625 0.9123222748815166 0.7140625 0.9170616113744076 0.753125 0.9170616113744076 0.753125 0.9075829383886256 0.7546875 0.9052132701421801 0.7703125 0.9052132701421801 0.771875 0.9004739336492891 0.775 0.9004739336492891 0.775 0.8957345971563981 0.7796875 0.8886255924170616 0.7859375 0.8886255924170616 0.7890625 0.8838862559241706 0.7890625 0.8791469194312796 0.7921875 0.8767772511848341 0.7921875 0.8696682464454977 0.8 0.8625592417061612 0.8 0.8578199052132701 0.803125 0.8554502369668247 0.8046875 0.8459715639810427 0.8078125 0.8459715639810427 0.8078125 0.8364928909952607 0.8109375 0.8341232227488151 0.8109375 0.8199052132701422 0.8140625 0.8175355450236966 0.8140625 0.7867298578199052 0.81875 0.7843601895734598 0.81875 0.7535545023696683 0.8140625 0.7511848341232228 0.8140625 0.7369668246445498 0.8078125 0.7298578199052133 0.8078125 0.7203791469194313 0.8046875 0.7203791469194313 0.796875 0.7085308056872038 0.796875 0.7037914691943128 0.79375 0.7037914691943128 0.7859375 0.6919431279620853 0.7859375 0.6872037914691943 0.7828125 0.6872037914691943 0.775 0.6753554502369669 0.775 0.6706161137440758 0.7609375 0.6706161137440758 0.759375 0.6658767772511849 0.7515625 0.6658767772511849 0.75 0.6611374407582938 0.71875 0.6611374407582938 0.71875 0.6635071090047393 0.7171875 0.6658767772511849 0.7 0.6658767772511849
1 0.4390625 0.25355450236966826 0.4375 0.25829383886255924 0.43125 0.25829383886255924 0.43125 0.26303317535545023 0.4265625 0.27014218009478674 0.4171875 0.27014218009478674 0.415625 0.27488151658767773 0.4109375 0.27488151658767773 0.409375 0.28199052132701424 0.40625 0.28199052132701424 0.40625 0.3009478672985782 0.409375 0.3009478672985782 0.4140625 0.3080568720379147 0.4140625 0.3127962085308057 0.41875 0.3127962085308057 0.4203125 0.3175355450236967 0.4234375 0.3175355450236967 0.428125 0.3246445497630332 0.428125 0.3293838862559242 0.434375 0.3293838862559242 0.4421875 0.3412322274881517 0.4421875 0.3459715639810427 0.4453125 0.3459715639810427 0.45 0.35308056872037913 0.45 0.3933649289099526 0.453125 0.3957345971563981 0.453125 0.4597156398104265 0.4578125 0.46208530805687204 0.4578125 0.466824644549763 0.4734375 0.466824644549763 0.475 0.4597156398104265 0.484375 0.4597156398104265 0.4859375 0.4549763033175355 0.4984375 0.4549763033175355 0.5 0.45023696682464454 0.509375 0.45023696682464454 0.509375 0.44549763033175355 0.5140625 0.4431279620853081 0.5140625 0.44075829383886256 0.5109375 0.44075829383886256 0.509375 0.43601895734597157 0.5046875 0.43601895734597157 0.503125 0.42890995260663506 0.5 0.42890995260663506 0.4921875 0.41706161137440756 0.4921875 0.41232227488151657 0.4890625 0.4075829383886256 0.4859375 0.4075829383886256 0.48125 0.4004739336492891 0.48125 0.3957345971563981 0.478125 0.3909952606635071 0.4734375 0.3886255924170616 0.4734375 0.3791469194312796 0.4671875 0.37203791469194314 0.4671875 0.36492890995260663 0.4625 0.36255924170616116 0.4625 0.35308056872037913 0.459375 0.35071090047393366 0.459375 0.3412322274881517 0.45625 0.33886255924170616 0.45625 0.25355450236966826 0.453125 0.25355450236966826 0.45 0.24881516587677724 0.45 0.25118483412322273 0.4484375 0.25355450236966826 0.4390625 0.25355450236966826
1 0.8625 0.5284360189573459 0.859375 0.533175355450237 0.8578125 0.5402843601895735 0.83125 0.5402843601895735 0.8296875 0.5450236966824644 0.8234375 0.5450236966824644 0.821875 0.5497630331753555 0.815625 0.5497630331753555 0.815625 0.5545023696682464 0.8078125 0.566350710900474 0.8015625 0.566350710900474 0.8 0.5734597156398105 0.79375 0.5734597156398105 0.79375 0.580568720379147 0.790625 0.5829383886255924 0.790625 0.5924170616113744 0.7875 0.5947867298578199 0.7875 0.6042654028436019 0.7828125 0.6066350710900474 0.7828125 0.6682464454976303 0.7875 0.6706161137440758 0.7875 0.6848341232227488 0.790625 0.6872037914691943 0.790625 0.6919431279620853 0.79375 0.6966824644549763 0.796875 0.6966824644549763 0.7984375 0.7014218009478673 0.803125 0.7014218009478673 0.8046875 0.7085308056872038 0.8078125 0.7085308056872038 0.8125 0.7180094786729858 0.81875 0.7180094786729858 0.8203125 0.7251184834123223 0.825 0.7251184834123223 0.8265625 0.7298578199052133 0.84375 0.7298578199052133 0.8453125 0.7251184834123223 0.85 0.7251184834123223 0.8515625 0.7180094786729858 0.8609375 0.7180094786729858 0.8625 0.7251184834123223 0.865625 0.7251184834123223 0.8671875 0.7298578199052133 0.865625 0.7322274881516587 0.859375 0.7322274881516587 0.859375 0.7345971563981043 0.86875 0.7345971563981043 0.8703125 0.7251184834123223 0.890625 0.7251184834123223 0.8921875 0.7180094786729858 0.909375 0.7180094786729858 0.909375 0.6990521327014217 0.915625 0.6966824644549763 0.915625 0.6872037914691943 0.9265625 0.6753554502369669 0.9265625 0.6706161137440758 0.93125 0.6635071090047393 0.9375 0.6635071090047393 0.934375 0.6587677725118484 0.934375 0.6540284360189573 0.9375 0.6492890995260664 0.934375 0.6445497630331753 0.940625 0.6350710900473934 0.940625 0.6279620853080569 0.9453125 0.6255924170616114 0.9453125 0.5995260663507109 0.940625 0.5971563981042654 0.940625 0.566350710900474 0.9375 0.5639810426540285 0.9375 0.556872037914692 0.934375 0.5545023696682464 0.934375 0.5497630331753555 0.93125 0.5497630331753555 0.9296875 0.5450236966824644 0.925 0.5450236966824644 0.9234375 0.5402843601895735 0.9203125 0.5402843601895735 0.915625 0.5284360189573459 0.9109375 0.5284360189573459 0.909375 0.523696682464455 0.9 0.523696682464455 0.8984375 0.5165876777251185 0.8703125 0.5165876777251185 0.8703125 0.518957345971564 0.865625 0.5284360189573459 0.8625 0.5284360189573459
1 0.9140625 0.3459715639810427 0.909375 0.35308056872037913 0.90625 0.35308056872037913 0.90625 0.36729857819905215 0.903125 0.3696682464454976 0.903125 0.38388625592417064 0.9 0.3862559241706161 0.9 0.4052132701421801 0.90625 0.41232227488151657 0.90625 0.41706161137440756 0.909375 0.41706161137440756 0.9140625 0.42417061611374407 0.9140625 0.43364928909952605 0.9203125 0.4431279620853081 0.925 0.44549763033175355 0.925 0.45023696682464454 0.928125 0.45260663507109006 0.928125 0.4597156398104265 0.93125 0.46208530805687204 0.93125 0.476303317535545 0.934375 0.476303317535545 0.9359375 0.4834123222748815 0.9390625 0.48578199052132703 0.9390625 0.4928909952606635 0.9359375 0.495260663507109 0.9359375 0.514218009478673 0.959375 0.514218009478673 0.9609375 0.509478672985782 0.9671875 0.509478672985782 0.9734375 0.5 0.9734375 0.490521327014218 0.978125 0.4881516587677725 0.978125 0.4786729857819905 0.98125 0.476303317535545 0.98125 0.46208530805687204 0.984375 0.4597156398104265 0.984375 0.42890995260663506 0.98125 0.4265402843601896 0.98125 0.4075829383886256 0.9734375 0.4004739336492891 0.9734375 0.3909952606635071 0.9703125 0.3886255924170616 0.9703125 0.3791469194312796 0.959375 0.36729857819905215 0.959375 0.3578199052132701 0.953125 0.3578199052132701 0.9484375 0.34834123222748814 0.9421875 0.34834123222748814 0.9375 0.33649289099526064 0.9203125 0.33649289099526064 0.9203125 0.33886255924170616 0.9140625 0.3412322274881517 0.9140625 0.3459715639810427
1 0.5484375 0.8151658767772512 0.546875 0.8199052132701422 0.5375 0.8199052132701422 0.5359375 0.8246445497630331 0.5328125 0.8246445497630331 0.53125 0.8317535545023697 0.5265625 0.8317535545023697 0.5265625 0.8672985781990521 0.5328125 0.8767772511848341 0.5421875 0.8767772511848341 0.54375 0.8838862559241706 0.553125 0.8838862559241706 0.5546875 0.8886255924170616 0.5609375 0.8886255924170616 0.565625 0.8957345971563981 0.565625 0.909952606635071 0.5625 0.9123222748815166 0.5625 0.9218009478672986 0.5609375 0.9241706161137441 0.5546875 0.9241706161137441 0.553125 0.9289099526066351 0.5484375 0.9289099526066351 0.546875 0.9360189573459715 0.540625 0.9360189573459715 0.540625 0.943127962085308 0.5375 0.9454976303317536 0.5375 0.9597156398104265 0.540625 0.9620853080568721 0.540625 0.9881516587677726 0.54375 0.9928909952606635 0.546875 0.9928909952606635 0.5484375 0.9976303317535545 0.5828125 0.9976303317535545 0.584375 0.9928909952606635 0.5890625 0.9928909952606635 0.590625 0.9976303317535545 0.6375 0.9976303317535545 0.64375 0.9881516587677726 0.64375 0.9786729857819905 0.6484375 0.976303317535545 0.6484375 0.9691943127962085 0.6515625 0.966824644549763 0.6515625 0.9360189573459715 0.6484375 0.933649289099526 0.6484375 0.9123222748815166 0.64375 0.909952606635071 0.64375 0.8909952606635071 0.640625 0.8886255924170616 0.640625 0.8791469194312796 0.6375 0.8767772511848341 0.6375 0.8696682464454977 0.634375 0.8696682464454977 0.6296875 0.8625592417061612 0.6296875 0.8578199052132701 0.6265625 0.8554502369668247 0.6265625 0.8483412322274881 0.6234375 0.8483412322274881 0.621875 0.8412322274881516 0.615625 0.8317535545023697 0.6109375 0.8293838862559242 0.6109375 0.8246445497630331 0.6078125 0.8199052132701422 0.6015625 0.8199052132701422 0.6 0.8151658767772512 0.5953125 0.8151658767772512 0.59375 0.8080568720379147 0.5546875 0.8080568720379147 0.5546875 0.8104265402843602 0.553125 0.8151658767772512 0.5484375 0.8151658767772512
1 0 0 0 0.002369668246445498 0 0.17535545023696683 0.025 0.17535545023696683 0.0265625 0.18009478672985782 0.0359375 0.18009478672985782 0.040625 0.1872037914691943 0.040625 0.19194312796208532 0.05 0.19194312796208532 0.0515625 0.1966824644549763 0.0578125 0.1966824644549763 0.059375 0.2014218009478673 0.071875 0.2014218009478673 0.0734375 0.2037914691943128 0.0734375 0.21800947867298578 0.0703125 0.22037914691943128 0.0703125 0.22985781990521326 0.065625 0.23222748815165878 0.065625 0.24644549763033174 0.0625 0.25118483412322273 0.0703125 0.25829383886255924 0.0703125 0.2725118483412322 0.0734375 0.27488151658767773 0.0734375 0.2796208530805687 0.0703125 0.28199052132701424 0.0703125 0.3009478672985782 0.065625 0.3033175355450237 0.065625 0.3175355450236967 0.0703125 0.31990521327014215 0.0703125 0.3293838862559242 0.0734375 0.33175355450236965 0.0734375 0.33886255924170616 0.071875 0.3412322274881517 0.065625 0.3412322274881517 0.065625 0.35071090047393366 0.0640625 0.35308056872037913 0.021875 0.35308056872037913 0.0203125 0.3578199052132701 0.0078125 0.3578199052132701 0.00625 0.36492890995260663 0 0.36492890995260663 0 0.4265402843601896 0.0046875 0.42890995260663506 0.0046875 0.43838862559241704 0 0.44075829383886256 0 0.6090047393364929 0.0203125 0.6090047393364929 0.021875 0.6137440758293838 0.05 0.6137440758293838 0.0515625 0.6090047393364929 0.0609375 0.6090047393364929 0.0625 0.6137440758293838 0.071875 0.6137440758293838 0.0734375 0.6208530805687204 0.071875 0.6232227488151659 0.065625 0.6232227488151659 0.065625 0.6303317535545023 0.0703125 0.6327014218009479 0.0703125 0.6421800947867299 0.065625 0.6445497630331753 0.065625 0.6682464454976303 0.0625 0.6706161137440758 0.0625 0.7511848341232228 0.065625 0.7535545023696683 0.065625 0.7725118483412322 0.071875 0.7725118483412322 0.0765625 0.7843601895734598 0.08125 0.7867298578199052 0.08125 0.8009478672985783 0.0890625 0.8009478672985783 0.090625 0.8056872037914692 0.0953125 0.8080568720379147 0.0953125 0.8127962085308057 0.0984375 0.8175355450236966 0.1109375 0.8175355450236966 0.1125 0.8222748815165877 0.140625 0.8222748815165877 0.1421875 0.8175355450236966 0.1546875 0.8175355450236966 0.15625 0.8222748815165877 0.165625 0.8222748815165877 0.1671875 0.8175355450236966 0.1796875 0.8175355450236966 0.18125 0.8127962085308057 0.190625 0.8127962085308057 0.1921875 0.8056872037914692 0.2015625 0.8056872037914692 0.203125 0.8009478672985783 0.209375 0.8009478672985783 0.2109375 0.8033175355450237 0.2109375 0.8127962085308057 0.2078125 0.8151658767772512 0.2078125 0.8554502369668247 0.203125 0.8578199052132701 0.203125 0.8625592417061612 0.2078125 0.8649289099526066 0.2078125 0.8886255924170616 0.2109375 0.8909952606635071 0.2109375 0.9052132701421801 0.21875 0.9123222748815166 0.21875 0.9218009478672986 0.221875 0.9241706161137441 0.221875 0.9383886255924171 0.2296875 0.9454976303317536 0.2296875 0.9502369668246445 0.2359375 0.9597156398104265 0.240625 0.9620853080568721 0.240625 0.966824644549763 0.2453125 0.966824644549763 0.25 0.976303317535545 0.253125 0.976303317535545 0.2578125 0.9881516587677726 0.2640625 0.9881516587677726 0.265625 0.9928909952606635 0.2859375 0.9928909952606635 0.2875 0.9976303317535545 0.5359375 0.9976303317535545 0.5375 0.9928909952606635 0.5421875 0.9928909952606635 0.54375 0.9976303317535545 0.5890625 0.9976303317535545 0.590625 0.9928909952606635 0.59375 0.9928909952606635 0.5953125 0.9976303317535545 0.640625 0.9976303317535545 0.6453125 0.9881516587677726 0.6484375 0.9881516587677726 0.6484375 0.9786729857819905 0.6515625 0.976303317535545 0.6515625 0.9454976303317536 0.653125 0.943127962085308 0.6625 0.943127962085308 0.6640625 0.9502369668246445 0.66875 0.9502369668246445 0.6703125 0.943127962085308 0.6765625 0.943127962085308 0.68125 0.933649289099526 0.6875 0.933649289099526 0.6875 0.9289099526066351 0.6921875 0.9218009478672986 0.6984375 0.9218009478672986 0.7 0.9170616113744076 0.709375 0.9170616113744076 0.7109375 0.9218009478672986 0.775 0.9218009478672986 0.778125 0.9170616113744076 0.778125 0.9028436018957346 0.7796875 0.9004739336492891 0.7859375 0.9004739336492891 0.7859375 0.8909952606635071 0.7921875 0.8838862559241706 0.79375 0.8767772511848341 0.796875 0.8767772511848341 0.803125 0.8672985781990521 0.803125 0.8530805687203792 0.8078125 0.8507109004739336 0.8078125 0.8412322274881516 0.8109375 0.8388625592417062 0.8109375 0.8317535545023697 0.8140625 0.8293838862559242 0.8140625 0.8080568720379147 0.81875 0.8056872037914692 0.81875 0.7488151658767772 0.8234375 0.7417061611374408 0.8296875 0.7417061611374408 0.83125 0.7511848341232228 0.8546875 0.7511848341232228 0.85625 0.7464454976303317 0.865625 0.7464454976303317 0.8671875 0.7417061611374408 0.871875 0.7417061611374408 0.8734375 0.7345971563981043 0.8828125 0.7345971563981043 0.884375 0.7298578199052133 0.890625 0.7298578199052133 0.8921875 0.7251184834123223 0.909375 0.7251184834123223 0.9140625 0.7345971563981043 0.934375 0.7345971563981043 0.934375 0.7322274881516587 0.9296875 0.7298578199052133 0.9296875 0.7203791469194313 0.925 0.7203791469194313 0.9234375 0.7156398104265402 0.91875 0.7132701421800948 0.91875 0.6872037914691943 0.9234375 0.6848341232227488 0.928125 0.6753554502369669 0.934375 0.6753554502369669 0.9359375 0.6682464454976303 0.95625 0.6682464454976303 0.95625 0.6658767772511849 0.95 0.6658767772511849 0.9453125 0.6587677725118484 0.9453125 0.5781990521327014 0.940625 0.5758293838862559 0.940625 0.5616113744075829 0.9265625 0.5402843601895735 0.9296875 0.5379146919431279 0.9296875 0.5284360189573459 0.93125 0.5260663507109005 0.959375 0.5260663507109005 0.9640625 0.514218009478673 0.9671875 0.514218009478673 0.9734375 0.504739336492891 0.9734375 0.490521327014218 0.98125 0.4834123222748815 0.98125 0.46208530805687204 0.984375 0.4597156398104265 0.984375 0.41232227488151657 0.978125 0.4052132701421801 0.978125 0.3957345971563981 0.975 0.3957345971563981 0.9703125 0.3886255924170616 0.9703125 0.3744075829383886 0.9640625 0.3744075829383886 0.959375 0.36729857819905215 0.959375 0.35308056872037913 0.953125 0.35308056872037913 0.9484375 0.3459715639810427 0.9484375 0.3412322274881517 0.9421875 0.3412322274881517 0.940625 0.33649289099526064 0.9359375 0.3412322274881517 0.934375 0.33649289099526064 0.925 0.33649289099526064 0.9234375 0.3341232227488152 0.9234375 0.3246445497630332 0.9171875 0.3246445497630332 0.9171875 0.3341232227488152 0.9109375 0.33649289099526064 0.909375 0.3341232227488152 0.909375 0.3080568720379147 0.9125 0.3056872037914692 0.9140625 0.3127962085308057 0.91875 0.3127962085308057 0.9203125 0.3056872037914692 0.934375 0.3056872037914692 0.9359375 0.3127962085308057 0.9421875 0.3222748815165877 0.9484375 0.3222748815165877 0.95 0.3293838862559242 0.9515625 0.3293838862559242 0.953125 0.3222748815165877 0.959375 0.3222748815165877 0.9625 0.3175355450236967 0.9625 0.3080568720379147 0.9640625 0.3056872037914692 0.9921875 0.3056872037914692 0.99375 0.3009478672985782 0.9984375 0.3009478672985782 0.9984375 0.28672985781990523 0.9953125 0.28199052132701424 0.9984375 0.2796208530805687 0.9984375 0.25829383886255924 0.9953125 0.25355450236966826 0.9984375 0.25118483412322273 0.9984375 0.24407582938388625 0.9953125 0.24170616113744076 0.9953125 0.23222748815165878 0.9984375 0.22985781990521326 0.9984375 0.14454976303317535 0.9953125 0.14218009478672985 0.9953125 0.13744075829383887 0.9984375 0.13507109004739337 0.9984375 0.11137440758293839 0.9953125 0.10900473933649289 0.9953125 0.0995260663507109 0.9984375 0.0971563981042654 0.9984375 0.023696682464454975 0.9953125 0.02132701421800948 0.9953125 0.016587677725118485 0.9921875 0.011848341232227487 0.9859375 0.011848341232227487 0.98125 0.004739336492890996 0.98125 0 0.9203125 0 0.9203125 0.009478672985781991 0.91875 0.011848341232227487 0.90625 0.011848341232227487 0.9015625 0.023696682464454975 0.8953125 0.023696682464454975 0.89375 0.02843601895734597 0.884375 0.02843601895734597 0.8828125 0.03317535545023697 0.8734375 0.03317535545023697 0.871875 0.02843601895734597 0.8765625 0.026066350710900472 0.8765625 0.016587677725118485 0.871875 0.014218009478672985 0.871875 0 0.1890625 0 0.1890625 0.004739336492890996 0.1859375 0.0071090047393364926 0.1859375 0.014218009478672985 0.18125 0.016587677725118485 0.18125 0.02132701421800948 0.178125 0.023696682464454975 0.1765625 0.02132701421800948 0.1765625 0.011848341232227487 0.1703125 0.011848341232227487 0.16875 0.009478672985781991 0.16875 0 0.109375 0 0.109375 0.009478672985781991 0.1078125 0.011848341232227487 0.1046875 0.0071090047393364926 0.1015625 0.0071090047393364926 0.0984375 0.011848341232227487 0.09375 0.004739336492890996 0.09375 0 0 0
1 0.35625 0.2985781990521327 0.3546875 0.3033175355450237 0.3515625 0.3033175355450237 0.35 0.3080568720379147 0.3453125 0.3080568720379147 0.3453125 0.3127962085308057 0.340625 0.31516587677725116 0.3390625 0.31990521327014215 0.334375 0.31990521327014215 0.334375 0.3293838862559242 0.3296875 0.33649289099526064 0.3265625 0.33649289099526064 0.3265625 0.35071090047393366 0.3234375 0.35308056872037913 0.3234375 0.38388625592417064 0.3265625 0.3862559241706161 0.3265625 0.4052132701421801 0.33125 0.4075829383886256 0.3296875 0.41232227488151657 0.3265625 0.41232227488151657 0.3265625 0.41706161137440756 0.3296875 0.41706161137440756 0.33125 0.4218009478672986 0.3359375 0.4218009478672986 0.3375 0.4265402843601896 0.346875 0.4265402843601896 0.3515625 0.43838862559241704 0.3578125 0.43838862559241704 0.3625 0.44549763033175355 0.3625 0.45023696682464454 0.365625 0.45023696682464454 0.3703125 0.45734597156398105 0.3703125 0.476303317535545 0.3734375 0.4786729857819905 0.3734375 0.4834123222748815 0.365625 0.495260663507109 0.3625 0.495260663507109 0.3625 0.509478672985782 0.36875 0.509478672985782 0.3703125 0.514218009478673 0.4046875 0.514218009478673 0.40625 0.509478672985782 0.41875 0.509478672985782 0.4203125 0.504739336492891 0.4234375 0.504739336492891 0.43125 0.4881516587677725 0.434375 0.4881516587677725 0.4375 0.4834123222748815 0.4375 0.4786729857819905 0.440625 0.476303317535545 0.440625 0.46919431279620855 0.4453125 0.466824644549763 0.4453125 0.46208530805687204 0.4484375 0.4597156398104265 0.4484375 0.44549763033175355 0.4515625 0.4431279620853081 0.4515625 0.4075829383886256 0.4484375 0.4052132701421801 0.4484375 0.3696682464454976 0.4453125 0.36729857819905215 0.4453125 0.35308056872037913 0.4421875 0.35308056872037913 0.434375 0.33649289099526064 0.43125 0.33649289099526064 0.4265625 0.3293838862559242 0.4265625 0.3246445497630332 0.4234375 0.31990521327014215 0.4171875 0.31990521327014215 0.409375 0.3033175355450237 0.403125 0.3033175355450237 0.4015625 0.2985781990521327 0.3921875 0.2985781990521327 0.390625 0.2914691943127962 0.3625 0.2914691943127962 0.3625 0.2938388625592417 0.3609375 0.2985781990521327 0.35625 0.2985781990521327
1 0.8484375 0.18246445497630331 0.8484375 0.1966824644549763 0.85625 0.2037914691943128 0.85625 0.20853080568720378 0.8625 0.21800947867298578 0.8671875 0.22037914691943128 0.8671875 0.22511848341232227 0.8734375 0.23459715639810427 0.878125 0.23696682464454977 0.878125 0.24644549763033174 0.884375 0.2559241706161137 0.8890625 0.25829383886255924 0.8890625 0.26303317535545023 0.8921875 0.26540284360189575 0.8921875 0.2725118483412322 0.8953125 0.27488151658767773 0.8953125 0.2796208530805687 0.9 0.28199052132701424 0.9 0.2890995260663507 0.903125 0.2914691943127962 0.903125 0.3009478672985782 0.9125 0.3009478672985782 0.9140625 0.2962085308056872 0.9234375 0.2962085308056872 0.928125 0.3056872037914692 0.934375 0.3056872037914692 0.9359375 0.3127962085308057 0.9421875 0.3222748815165877 0.95625 0.3222748815165877 0.9625 0.3127962085308057 0.9625 0.3033175355450237 0.959375 0.3009478672985782 0.959375 0.28199052132701424 0.95625 0.2796208530805687 0.95625 0.26540284360189575 0.9515625 0.26303317535545023 0.9515625 0.25355450236966826 0.946875 0.25355450236966826 0.9453125 0.24881516587677724 0.93125 0.24881516587677724 0.9296875 0.24644549763033174 0.9296875 0.23222748815165878 0.9265625 0.22985781990521326 0.9265625 0.22037914691943128 0.91875 0.2132701421800948 0.91875 0.2037914691943128 0.915625 0.1990521327014218 0.9109375 0.1990521327014218 0.909375 0.1943127962085308 0.903125 0.1943127962085308 0.9015625 0.1872037914691943 0.8953125 0.1872037914691943 0.89375 0.1943127962085308 0.878125 0.1943127962085308 0.8765625 0.19194312796208532 0.8765625 0.18246445497630331 0.8734375 0.18246445497630331 0.86875 0.17535545023696683 0.86875 0.17061611374407584 0.865625 0.16587677725118483 0.859375 0.16587677725118483 0.8578125 0.16113744075829384 0.8515625 0.16113744075829384 0.8515625 0.16350710900473933 0.8515625 0.18009478672985782 0.8484375 0.18246445497630331
1 0.3234375 0.5284360189573459 0.321875 0.533175355450237 0.315625 0.533175355450237 0.315625 0.5379146919431279 0.3078125 0.5497630331753555 0.3046875 0.5497630331753555 0.3046875 0.5545023696682464 0.296875 0.566350710900474 0.29375 0.566350710900474 0.29375 0.5758293838862559 0.290625 0.5781990521327014 0.290625 0.6090047393364929 0.29375 0.6113744075829384 0.29375 0.6208530805687204 0.2984375 0.6232227488151659 0.2984375 0.6350710900473934 0.3015625 0.6374407582938388 0.3015625 0.6469194312796208 0.3046875 0.6492890995260664 0.3046875 0.6587677725118484 0.309375 0.6611374407582938 0.309375 0.6753554502369669 0.325 0.6753554502369669 0.3265625 0.6682464454976303 0.3765625 0.6682464454976303 0.378125 0.6753554502369669 0.390625 0.6753554502369669 0.3921875 0.6800947867298578 0.4046875 0.6800947867298578 0.40625 0.6753554502369669 0.409375 0.6753554502369669 0.409375 0.6374407582938388 0.40625 0.6374407582938388 0.4046875 0.6327014218009479 0.409375 0.6303317535545023 0.409375 0.5829383886255924 0.4125 0.580568720379147 0.4125 0.5616113744075829 0.415625 0.5592417061611374 0.415625 0.5450236966824644 0.4125 0.542654028436019 0.4125 0.533175355450237 0.40625 0.533175355450237 0.4046875 0.5284360189573459 0.3953125 0.5284360189573459 0.39375 0.523696682464455 0.3484375 0.523696682464455 0.346875 0.5284360189573459 0.3375 0.5284360189573459 0.3359375 0.523696682464455 0.33125 0.523696682464455 0.33125 0.5260663507109005 0.3296875 0.5284360189573459 0.3234375 0.5284360189573459
1 0.446875 0 0.446875 0.002369668246445498 0.446875 0.009478672985781991 0.45 0.014218009478672985 0.45625 0.014218009478672985 0.4609375 0.026066350710900472 0.4671875 0.026066350710900472 0.46875 0.030805687203791468 0.4734375 0.030805687203791468 0.475 0.037914691943127965 0.48125 0.037914691943127965 0.4828125 0.04265402843601896 0.4921875 0.04265402843601896 0.49375 0.04739336492890995 0.503125 0.04739336492890995 0.5046875 0.054502369668246446 0.53125 0.054502369668246446 0.5328125 0.04739336492890995 0.5421875 0.04739336492890995 0.54375 0.04265402843601896 0.55 0.04265402843601896 0.5515625 0.037914691943127965 0.5578125 0.037914691943127965 0.5578125 0.03317535545023697 0.565625 0.02132701421800948 0.56875 0.02132701421800948 0.56875 0.016587677725118485 0.5734375 0.009478672985781991 0.5796875 0.009478672985781991 0.5796875 0 0.446875 0
1 0.1921875 0.42417061611374407 0.190625 0.42890995260663506 0.1859375 0.42890995260663506 0.184375 0.43601895734597157 0.178125 0.43601895734597157 0.175 0.44075829383886256 0.175 0.45023696682464454 0.1703125 0.45260663507109006 0.1703125 0.4597156398104265 0.1640625 0.46919431279620855 0.1640625 0.4834123222748815 0.1609375 0.48578199052132703 0.1609375 0.5 0.1640625 0.5023696682464455 0.1640625 0.509478672985782 0.1671875 0.5118483412322274 0.1671875 0.5213270142180095 0.184375 0.5213270142180095 0.1921875 0.533175355450237 0.1921875 0.5379146919431279 0.1953125 0.5379146919431279 0.196875 0.542654028436019 0.20625 0.542654028436019 0.2078125 0.5379146919431279 0.2125 0.5379146919431279 0.2125 0.533175355450237 0.2171875 0.5308056872037915 0.2234375 0.5213270142180095 0.225 0.514218009478673 0.228125 0.514218009478673 0.228125 0.5071090047393365 0.23125 0.504739336492891 0.23125 0.490521327014218 0.2328125 0.4881516587677725 0.2390625 0.4881516587677725 0.24375 0.476303317535545 0.25625 0.476303317535545 0.2578125 0.4786729857819905 0.2578125 0.4881516587677725 0.2609375 0.490521327014218 0.2609375 0.5379146919431279 0.2578125 0.542654028436019 0.2609375 0.5450236966824644 0.2609375 0.5592417061611374 0.2640625 0.5592417061611374 0.26875 0.566350710900474 0.26875 0.5710900473933649 0.2890625 0.5710900473933649 0.2890625 0.566350710900474 0.3 0.5545023696682464 0.3 0.5497630331753555 0.3046875 0.542654028436019 0.3078125 0.542654028436019 0.3078125 0.533175355450237 0.3140625 0.5260663507109005 0.3140625 0.5023696682464455 0.3109375 0.5 0.3109375 0.495260663507109 0.3078125 0.490521327014218 0.2984375 0.490521327014218 0.296875 0.48578199052132703 0.2828125 0.48578199052132703 0.28125 0.4786729857819905 0.271875 0.4786729857819905 0.2703125 0.47393364928909953 0.265625 0.47393364928909953 0.2640625 0.46919431279620855 0.2578125 0.46919431279620855 0.25625 0.46208530805687204 0.253125 0.4597156398104265 0.253125 0.45260663507109006 0.2484375 0.45023696682464454 0.2484375 0.44549763033175355 0.23125 0.4194312796208531 0.2 0.4194312796208531 0.2 0.4218009478672986 0.1984375 0.42417061611374407 0.1921875 0.42417061611374407
1 0.7578125 0.1872037914691943 0.75625 0.1943127962085308 0.7515625 0.1943127962085308 0.75 0.1990521327014218 0.740625 0.1990521327014218 0.7390625 0.2037914691943128 0.7359375 0.2037914691943128 0.7359375 0.20853080568720378 0.728125 0.22037914691943128 0.725 0.22037914691943128 0.725 0.22511848341232227 0.721875 0.22748815165876776 0.721875 0.23459715639810427 0.71875 0.23696682464454977 0.71875 0.24170616113744076 0.7140625 0.24407582938388625 0.7125 0.24881516587677724 0.7078125 0.24881516587677724 0.70625 0.25355450236966826 0.703125 0.25355450236966826 0.7 0.25829383886255924 0.7 0.26303317535545023 0.696875 0.26540284360189575 0.696875 0.3222748815165877 0.7 0.3246445497630332 0.7 0.3341232227488152 0.703125 0.33649289099526064 0.703125 0.35071090047393366 0.690625 0.3696682464454976 0.68125 0.3696682464454976 0.678125 0.3744075829383886 0.678125 0.4099526066350711 0.68125 0.41232227488151657 0.68125 0.4265402843601896 0.6859375 0.42890995260663506 0.6859375 0.43364928909952605 0.6921875 0.44075829383886256 0.6921875 0.45023696682464454 0.6953125 0.45023696682464454 0.703125 0.46208530805687204 0.703125 0.466824644549763 0.70625 0.466824644549763 0.7078125 0.471563981042654 0.7125 0.471563981042654 0.7140625 0.476303317535545 0.71875 0.4786729857819905 0.71875 0.4834123222748815 0.7234375 0.4834123222748815 0.725 0.4881516587677725 0.73125 0.4881516587677725 0.7328125 0.4928909952606635 0.7453125 0.4928909952606635 0.746875 0.5 0.75625 0.5 0.7578125 0.4928909952606635 0.7671875 0.4928909952606635 0.76875 0.4881516587677725 0.775 0.4881516587677725 0.7765625 0.4834123222748815 0.78125 0.4834123222748815 0.7828125 0.4881516587677725 0.7890625 0.4881516587677725 0.790625 0.4928909952606635 0.79375 0.4881516587677725 0.8109375 0.4881516587677725 0.815625 0.495260663507109 0.815625 0.504739336492891 0.81875 0.504739336492891 0.821875 0.509478672985782 0.821875 0.495260663507109 0.81875 0.4928909952606635 0.81875 0.48578199052132703 0.8140625 0.4834123222748815 0.8140625 0.4786729857819905 0.815625 0.476303317535545 0.821875 0.476303317535545 0.8265625 0.466824644549763 0.8296875 0.466824644549763 0.83125 0.4597156398104265 0.8359375 0.4597156398104265 0.8375 0.46208530805687204 0.8375 0.4881516587677725 0.8453125 0.495260663507109 0.8453125 0.5 0.85 0.5 0.85 0.495260663507109 0.8546875 0.4928909952606635 0.8578125 0.48578199052132703 0.8515625 0.48578199052132703 0.85 0.4786729857819905 0.8515625 0.476303317535545 0.8609375 0.476303317535545 0.8546875 0.466824644549763 0.85625 0.4597156398104265 0.89375 0.4597156398104265 0.8953125 0.4549763033175355 0.8984375 0.4549763033175355 0.8984375 0.45260663507109006 0.89375 0.45023696682464454 0.8953125 0.4431279620853081 0.8984375 0.4431279620853081 0.8984375 0.42890995260663506 0.8953125 0.42890995260663506 0.89375 0.42417061611374407 0.8984375 0.4218009478672986 0.8984375 0.4194312796208531 0.8953125 0.4194312796208531 0.89375 0.41232227488151657 0.890625 0.4099526066350711 0.89375 0.4028436018957346 0.890625 0.4004739336492891 0.890625 0.3862559241706161 0.8921875 0.38388625592417064 0.8984375 0.38388625592417064 0.8984375 0.3744075829383886 0.9015625 0.37203791469194314 0.9015625 0.36492890995260663 0.9046875 0.36255924170616116 0.9046875 0.33175355450236965 0.9015625 0.3293838862559242 0.9015625 0.2985781990521327 0.8984375 0.2962085308056872 0.8984375 0.28672985781990523 0.89375 0.2843601895734597 0.89375 0.27488151658767773 0.890625 0.2725118483412322 0.890625 0.26540284360189575 0.8875 0.26303317535545023 0.8875 0.25829383886255924 0.884375 0.25829383886255924 0.8765625 0.24644549763033174 0.8765625 0.23696682464454977 0.8734375 0.23696682464454977 0.865625 0.22511848341232227 0.865625 0.22037914691943128 0.8625 0.22037914691943128 0.8578125 0.2109004739336493 0.8515625 0.2109004739336493 0.846875 0.1990521327014218 0.840625 0.1990521327014218 0.8390625 0.1943127962085308 0.8234375 0.1943127962085308 0.821875 0.1872037914691943 0.8015625 0.1872037914691943 0.8 0.18246445497630331 0.76875 0.18246445497630331 0.76875 0.1848341232227488 0.7671875 0.1872037914691943 0.7578125 0.1872037914691943
1 0.1125 0.3886255924170616 0.1171875 0.3909952606635071 0.1171875 0.4004739336492891 0.1234375 0.4099526066350711 0.128125 0.41232227488151657 0.128125 0.4218009478672986 0.134375 0.42890995260663506 0.134375 0.4431279620853081 0.1390625 0.44549763033175355 0.1390625 0.4834123222748815 0.1546875 0.4834123222748815 0.15625 0.476303317535545 0.159375 0.476303317535545 0.159375 0.46919431279620855 0.1625 0.466824644549763 0.1625 0.46208530805687204 0.16875 0.4549763033175355 0.16875 0.44549763033175355 0.1734375 0.4431279620853081 0.1734375 0.43601895734597157 0.1765625 0.43364928909952605 0.1765625 0.41232227488151657 0.1734375 0.4099526066350711 0.1734375 0.4028436018957346 0.16875 0.4004739336492891 0.16875 0.3957345971563981 0.165625 0.3909952606635071 0.1609375 0.3909952606635071 0.159375 0.3862559241706161 0.15 0.3862559241706161 0.1484375 0.3791469194312796 0.134375 0.3791469194312796 0.1328125 0.3744075829383886 0.1125 0.3744075829383886 0.1109375 0.3696682464454976 0.1015625 0.3696682464454976 0.1015625 0.37203791469194314 0.1046875 0.37203791469194314 0.1125 0.3886255924170616
1 0.1203125 0.12322274881516587 0.11875 0.12796208530805686 0.109375 0.12796208530805686 0.1046875 0.13744075829383887 0.1015625 0.13744075829383887 0.1015625 0.14218009478672985 0.09375 0.15402843601895735 0.090625 0.15402843601895735 0.090625 0.15876777251184834 0.0875 0.16113744075829384 0.0875 0.16824644549763032 0.084375 0.17061611374407584 0.084375 0.18009478672985782 0.08125 0.18246445497630331 0.08125 0.1966824644549763 0.0765625 0.1990521327014218 0.0765625 0.2132701421800948 0.0734375 0.2156398104265403 0.0734375 0.23459715639810427 0.0703125 0.23696682464454977 0.0703125 0.25118483412322273 0.0734375 0.25355450236966826 0.0734375 0.2677725118483412 0.0765625 0.27014218009478674 0.0765625 0.2843601895734597 0.08125 0.28672985781990523 0.08125 0.3293838862559242 0.090625 0.3412322274881517 0.090625 0.3459715639810427 0.09375 0.3459715639810427 0.0984375 0.35545023696682465 0.1046875 0.35545023696682465 0.10625 0.36255924170616116 0.115625 0.36255924170616116 0.1171875 0.36729857819905215 0.1265625 0.36729857819905215 0.128125 0.37203791469194314 0.140625 0.37203791469194314 0.1421875 0.3767772511848341 0.1546875 0.3767772511848341 0.15625 0.38388625592417064 0.1953125 0.38388625592417064 0.196875 0.3767772511848341 0.20625 0.3767772511848341 0.2078125 0.37203791469194314 0.2125 0.37203791469194314 0.2140625 0.36729857819905215 0.2203125 0.36729857819905215 0.225 0.35545023696682465 0.228125 0.35545023696682465 0.234375 0.3459715639810427 0.2359375 0.33886255924170616 0.2390625 0.33886255924170616 0.2390625 0.33175355450236965 0.2421875 0.3293838862559242 0.2421875 0.31516587677725116 0.2453125 0.3127962085308057 0.2453125 0.28672985781990523 0.2484375 0.28199052132701424 0.2453125 0.2796208530805687 0.2453125 0.23222748815165878 0.2421875 0.22985781990521326 0.2421875 0.22037914691943128 0.2390625 0.21800947867298578 0.2390625 0.2109004739336493 0.2359375 0.2109004739336493 0.234375 0.2037914691943128 0.23125 0.2014218009478673 0.23125 0.1943127962085308 0.228125 0.19194312796208532 0.228125 0.18246445497630331 0.2234375 0.18009478672985782 0.2234375 0.17061611374407584 0.2203125 0.16587677725118483 0.2140625 0.16587677725118483 0.20625 0.14928909952606634 0.2 0.14928909952606634 0.1953125 0.14218009478672985 0.1953125 0.13744075829383887 0.1890625 0.13744075829383887 0.1875 0.13270142180094788 0.18125 0.13270142180094788 0.1796875 0.12796208530805686 0.175 0.12796208530805686 0.1734375 0.12322274881516587 0.1671875 0.12322274881516587 0.165625 0.11611374407582939 0.13125 0.11611374407582939 0.13125 0.11848341232227488 0.1296875 0.12322274881516587 0.1203125 0.12322274881516587
1 0.434375 0.25829383886255924 0.43125 0.25829383886255924 0.4296875 0.26540284360189575 0.425 0.26540284360189575 0.4234375 0.27014218009478674 0.4109375 0.27014218009478674 0.409375 0.27488151658767773 0.40625 0.27488151658767773 0.40625 0.3009478672985782 0.409375 0.3009478672985782 0.4140625 0.3080568720379147 0.4140625 0.3127962085308057 0.4171875 0.3175355450236967 0.4234375 0.3175355450236967 0.428125 0.3246445497630332 0.428125 0.3293838862559242 0.434375 0.3293838862559242 0.4421875 0.3412322274881517 0.4421875 0.3459715639810427 0.4515625 0.3459715639810427 0.453125 0.33886255924170616 0.45625 0.33886255924170616 0.45625 0.25355450236966826 0.453125 0.25355450236966826 0.4515625 0.24881516587677724 0.4421875 0.24881516587677724 0.4421875 0.25118483412322273 0.4359375 0.25355450236966826 0.434375 0.25829383886255924
1 0 0.6042654028436019 0.009375 0.6042654028436019 0.0109375 0.6090047393364929 0.025 0.6090047393364929 0.0265625 0.6137440758293838 0.0296875 0.6090047393364929 0.0578125 0.6090047393364929 0.059375 0.6042654028436019 0.0640625 0.6042654028436019 0.065625 0.5971563981042654 0.075 0.5971563981042654 0.0765625 0.5924170616113744 0.0828125 0.5924170616113744 0.084375 0.5876777251184834 0.0890625 0.5876777251184834 0.090625 0.580568720379147 0.1 0.580568720379147 0.1015625 0.5758293838862559 0.1078125 0.5758293838862559 0.109375 0.5710900473933649 0.115625 0.5710900473933649 0.115625 0.566350710900474 0.1234375 0.5545023696682464 0.1265625 0.5545023696682464 0.1265625 0.5402843601895735 0.1296875 0.5379146919431279 0.1296875 0.5284360189573459 0.1328125 0.5260663507109005 0.1328125 0.490521327014218 0.1375 0.4881516587677725 0.1375 0.44549763033175355 0.1328125 0.4431279620853081 0.1328125 0.42890995260663506 0.1265625 0.4218009478672986 0.1265625 0.41232227488151657 0.1234375 0.41232227488151657 0.115625 0.4004739336492891 0.115625 0.3957345971563981 0.1125 0.3957345971563981 0.1046875 0.38388625592417064 0.1046875 0.3791469194312796 0.1015625 0.3791469194312796 0.09375 0.36492890995260663 0.0875 0.36492890995260663 0.0859375 0.3578199052132701 0.0734375 0.3578199052132701 0.071875 0.35308056872037913 0.021875 0.35308056872037913 0.021875 0.35545023696682465 0.0203125 0.3578199052132701 0.0078125 0.3578199052132701 0.00625 0.36492890995260663 0 0.36492890995260663 0 0.4265402843601896 0.003125 0.4265402843601896 0.0046875 0.43364928909952605 0 0.43601895734597157 0 0.6042654028436019
1 0.6421875 0.3957345971563981 0.640625 0.4028436018957346 0.634375 0.4028436018957346 0.628125 0.41232227488151657 0.628125 0.41706161137440756 0.6234375 0.4194312796208531 0.621875 0.42417061611374407 0.6125 0.42417061611374407 0.6109375 0.42890995260663506 0.6015625 0.42890995260663506 0.6 0.43601895734597157 0.5953125 0.43601895734597157 0.59375 0.44075829383886256 0.584375 0.44075829383886256 0.5828125 0.44549763033175355 0.5734375 0.44549763033175355 0.5734375 0.45023696682464454 0.56875 0.45734597156398105 0.565625 0.45734597156398105 0.565625 0.4834123222748815 0.5703125 0.48578199052132703 0.5703125 0.4928909952606635 0.5734375 0.495260663507109 0.5734375 0.504739336492891 0.584375 0.5165876777251185 0.584375 0.5213270142180095 0.596875 0.5213270142180095 0.5984375 0.5260663507109005 0.6046875 0.5260663507109005 0.609375 0.533175355450237 0.609375 0.5379146919431279 0.621875 0.5379146919431279 0.6234375 0.542654028436019 0.6328125 0.542654028436019 0.634375 0.5450236966824644 0.634375 0.5545023696682464 0.6375 0.5545023696682464 0.6421875 0.5616113744075829 0.6421875 0.5710900473933649 0.6453125 0.5758293838862559 0.6515625 0.5758293838862559 0.653125 0.580568720379147 0.659375 0.580568720379147 0.6609375 0.5829383886255924 0.6609375 0.5876777251184834 0.6640625 0.5924170616113744 0.6609375 0.5947867298578199 0.6609375 0.6208530805687204 0.6640625 0.6232227488151659 0.6640625 0.6469194312796208 0.6671875 0.6492890995260664 0.6671875 0.6635071090047393 0.6703125 0.6682464454976303 0.6875 0.6682464454976303 0.6890625 0.6635071090047393 0.6953125 0.6635071090047393 0.6953125 0.6327014218009479 0.6984375 0.6303317535545023 0.6984375 0.6161137440758294 0.709375 0.6042654028436019 0.709375 0.5995260663507109 0.7140625 0.5924170616113744 0.7171875 0.5924170616113744 0.7203125 0.5876777251184834 0.7203125 0.5829383886255924 0.725 0.5758293838862559 0.728125 0.5758293838862559 0.73125 0.5710900473933649 0.73125 0.556872037914692 0.734375 0.5545023696682464 0.734375 0.5402843601895735 0.7390625 0.5379146919431279 0.7390625 0.5284360189573459 0.7421875 0.523696682464455 0.7390625 0.5213270142180095 0.7390625 0.5071090047393365 0.7359375 0.5071090047393365 0.734375 0.5023696682464455 0.7296875 0.5023696682464455 0.728125 0.495260663507109 0.721875 0.495260663507109 0.7203125 0.490521327014218 0.7140625 0.490521327014218 0.70625 0.47393364928909953 0.703125 0.47393364928909953 0.6984375 0.466824644549763 0.6984375 0.46208530805687204 0.6953125 0.4597156398104265 0.6953125 0.45260663507109006 0.6921875 0.45260663507109006 0.690625 0.44549763033175355 0.684375 0.43601895734597157 0.68125 0.43601895734597157 0.6796875 0.42890995260663506 0.6765625 0.4265402843601896 0.6765625 0.41232227488151657 0.6734375 0.4099526066350711 0.6734375 0.4028436018957346 0.66875 0.4004739336492891 0.66875 0.3957345971563981 0.665625 0.3909952606635071 0.65 0.3909952606635071 0.65 0.3933649289099526 0.6484375 0.3957345971563981 0.6421875 0.3957345971563981
1 0.3484375 0 0.3484375 0.002369668246445498 0.34375 0.011848341232227487 0.340625 0.011848341232227487 0.340625 0.02132701421800948 0.334375 0.02843601895734597 0.334375 0.04265402843601896 0.33125 0.045023696682464455 0.33125 0.06398104265402843 0.334375 0.06635071090047394 0.334375 0.07582938388625593 0.340625 0.08293838862559241 0.340625 0.0971563981042654 0.3453125 0.0995260663507109 0.3453125 0.12085308056872038 0.340625 0.12322274881516587 0.340625 0.17535545023696683 0.3453125 0.17772511848341233 0.3453125 0.1848341232227488 0.3484375 0.1872037914691943 0.3484375 0.2014218009478673 0.3515625 0.2037914691943128 0.3515625 0.21800947867298578 0.35625 0.22037914691943128 0.35625 0.22985781990521326 0.3625 0.23696682464454977 0.3625 0.24644549763033174 0.365625 0.24644549763033174 0.3703125 0.2559241706161137 0.3828125 0.2559241706161137 0.384375 0.26303317535545023 0.4234375 0.26303317535545023 0.425 0.2559241706161137 0.4296875 0.2559241706161137 0.4359375 0.24644549763033174 0.440625 0.24644549763033174 0.4421875 0.24170616113744076 0.4453125 0.24170616113744076 0.4453125 0.23696682464454977 0.45 0.22985781990521326 0.45625 0.22985781990521326 0.45625 0.22037914691943128 0.459375 0.21800947867298578 0.459375 0.2109004739336493 0.4625 0.20853080568720378 0.4625 0.1990521327014218 0.4671875 0.1966824644549763 0.4671875 0.1872037914691943 0.4703125 0.1848341232227488 0.4703125 0.17772511848341233 0.4734375 0.17535545023696683 0.4734375 0.16587677725118483 0.48125 0.15876777251184834 0.48125 0.0947867298578199 0.478125 0.0924170616113744 0.478125 0.07819905213270142 0.4734375 0.07582938388625593 0.4734375 0.05687203791469194 0.4703125 0.054502369668246446 0.4703125 0.045023696682464455 0.4625 0.037914691943127965 0.4625 0.03317535545023697 0.45625 0.023696682464454975 0.45 0.023696682464454975 0.4484375 0.02132701421800948 0.4484375 0.011848341232227487 0.4421875 0.011848341232227487 0.4375 0.004739336492890996 0.4375 0 0.3484375 0
1 0.9859375 0.23222748815165878 0.984375 0.23696682464454977 0.9796875 0.23696682464454977 0.978125 0.24407582938388625 0.971875 0.24407582938388625 0.9703125 0.24881516587677724 0.9609375 0.24881516587677724 0.9578125 0.25355450236966826 0.9578125 0.2843601895734597 0.9609375 0.28672985781990523 0.9609375 0.3009478672985782 0.9640625 0.3056872037914692 0.9953125 0.3056872037914692 0.9984375 0.3009478672985782 0.9984375 0.22748815165876776 0.996875 0.22748815165876776 0.996875 0.22985781990521326 0.9953125 0.23222748815165878 0.9859375 0.23222748815165878
1 0.490625 0.46208530805687204 0.4890625 0.46919431279620855 0.4796875 0.46919431279620855 0.478125 0.47393364928909953 0.471875 0.47393364928909953 0.4703125 0.4786729857819905 0.4640625 0.4786729857819905 0.4640625 0.4834123222748815 0.459375 0.490521327014218 0.453125 0.490521327014218 0.4453125 0.5071090047393365 0.4421875 0.5071090047393365 0.4359375 0.5165876777251185 0.434375 0.523696682464455 0.43125 0.523696682464455 0.425 0.533175355450237 0.425 0.542654028436019 0.4171875 0.5497630331753555 0.4171875 0.5639810426540285 0.4140625 0.566350710900474 0.4140625 0.5924170616113744 0.4109375 0.5947867298578199 0.4109375 0.6800947867298578 0.4140625 0.6824644549763034 0.4140625 0.7014218009478673 0.4203125 0.7109004739336493 0.4203125 0.7180094786729858 0.425 0.7203791469194313 0.425 0.7298578199052133 0.428125 0.7322274881516587 0.428125 0.7417061611374408 0.43125 0.7464454976303317 0.434375 0.7464454976303317 0.4421875 0.7582938388625592 0.4421875 0.7630331753554502 0.4453125 0.7630331753554502 0.453125 0.7748815165876777 0.453125 0.7796208530805687 0.4578125 0.7819905213270142 0.4578125 0.7890995260663507 0.4625 0.7890995260663507 0.4640625 0.7962085308056872 0.478125 0.7962085308056872 0.4796875 0.8009478672985783 0.484375 0.8009478672985783 0.4859375 0.7962085308056872 0.4890625 0.7962085308056872 0.490625 0.7890995260663507 0.4953125 0.7890995260663507 0.496875 0.7962085308056872 0.55 0.7962085308056872 0.5515625 0.7890995260663507 0.5578125 0.7890995260663507 0.559375 0.7843601895734598 0.5640625 0.7843601895734598 0.565625 0.7796208530805687 0.5828125 0.7796208530805687 0.584375 0.7725118483412322 0.5875 0.7748815165876777 0.5875 0.7796208530805687 0.59375 0.7796208530805687 0.596875 0.7843601895734598 0.5984375 0.7796208530805687 0.6046875 0.7796208530805687 0.6046875 0.7701421800947867 0.60625 0.7677725118483413 0.6109375 0.7677725118483413 0.6125 0.7725118483412322 0.61875 0.7725118483412322 0.6203125 0.7796208530805687 0.621875 0.7796208530805687 0.621875 0.7701421800947867 0.6296875 0.7630331753554502 0.63125 0.7559241706161137 0.6375 0.7559241706161137 0.6453125 0.7417061611374408 0.6484375 0.7417061611374408 0.6484375 0.7369668246445498 0.6515625 0.7345971563981043 0.6515625 0.7274881516587678 0.6546875 0.7251184834123223 0.6546875 0.7109004739336493 0.659375 0.7085308056872038 0.659375 0.6777251184834123 0.6625 0.6753554502369669 0.6625 0.6492890995260664 0.659375 0.6469194312796208 0.659375 0.6279620853080569 0.6546875 0.6255924170616114 0.6546875 0.6161137440758294 0.6484375 0.6137440758293838 0.6484375 0.5995260663507109 0.64375 0.5971563981042654 0.64375 0.590047393364929 0.640625 0.5876777251184834 0.640625 0.5829383886255924 0.634375 0.5829383886255924 0.6328125 0.580568720379147 0.634375 0.5758293838862559 0.6375 0.5758293838862559 0.6375 0.566350710900474 0.6328125 0.5639810426540285 0.6328125 0.556872037914692 0.6296875 0.5545023696682464 0.6296875 0.5497630331753555 0.6265625 0.5450236966824644 0.6015625 0.5450236966824644 0.596875 0.556872037914692 0.59375 0.5545023696682464 0.59375 0.5497630331753555 0.590625 0.5497630331753555 0.590625 0.5545023696682464 0.5875 0.556872037914692 0.5859375 0.5545023696682464 0.5859375 0.5450236966824644 0.5796875 0.5379146919431279 0.5796875 0.5284360189573459 0.5828125 0.523696682464455 0.5796875 0.5213270142180095 0.5796875 0.5165876777251185 0.5734375 0.5165876777251185 0.571875 0.514218009478673 0.571875 0.5071090047393365 0.56875 0.504739336492891 0.56875 0.495260663507109 0.565625 0.495260663507109 0.5609375 0.4881516587677725 0.5609375 0.4786729857819905 0.5578125 0.47393364928909953 0.5546875 0.47393364928909953 0.553125 0.46919431279620855 0.5484375 0.46919431279620855 0.546875 0.46208530805687204 0.540625 0.46208530805687204 0.5390625 0.45734597156398105 0.5 0.45734597156398105 0.5 0.4597156398104265 0.4984375 0.46208530805687204 0.490625 0.46208530805687204
1 0.453125 0.3957345971563981 0.453125 0.4597156398104265 0.4578125 0.46208530805687204 0.4578125 0.466824644549763 0.478125 0.466824644549763 0.4796875 0.4597156398104265 0.4890625 0.4597156398104265 0.490625 0.4549763033175355 0.4984375 0.4549763033175355 0.5 0.45023696682464454 0.509375 0.45023696682464454 0.509375 0.44549763033175355 0.5140625 0.4431279620853081 0.5140625 0.44075829383886256 0.5109375 0.44075829383886256 0.509375 0.43601895734597157 0.5046875 0.43601895734597157 0.503125 0.42890995260663506 0.5 0.42890995260663506 0.4921875 0.41706161137440756 0.4921875 0.41232227488151657 0.4890625 0.4075829383886256 0.4859375 0.4075829383886256 0.48125 0.4004739336492891 0.48125 0.3957345971563981 0.478125 0.3909952606635071 0.4734375 0.3886255924170616 0.4734375 0.3791469194312796 0.4671875 0.37203791469194314 0.4671875 0.36492890995260663 0.4625 0.36255924170616116 0.4625 0.35308056872037913 0.459375 0.34834123222748814 0.45 0.34834123222748814 0.45 0.35071090047393366 0.45 0.3933649289099526 0.453125 0.3957345971563981
1 0.2578125 0 0.2578125 0.002369668246445498 0.2546875 0.0071090047393364926 0.2546875 0.026066350710900472 0.246875 0.03317535545023697 0.246875 0.04739336492890995 0.24375 0.04976303317535545 0.24375 0.05924170616113744 0.246875 0.061611374407582936 0.246875 0.08056872037914692 0.25 0.08293838862559241 0.25 0.0924170616113744 0.253125 0.0924170616113744 0.2578125 0.0995260663507109 0.2578125 0.10900473933649289 0.2609375 0.11374407582938388 0.2671875 0.11374407582938388 0.26875 0.11611374407582939 0.26875 0.13033175355450238 0.271875 0.13270142180094788 0.271875 0.14218009478672985 0.275 0.14218009478672985 0.2765625 0.14691943127962084 0.28125 0.14691943127962084 0.2828125 0.14218009478672985 0.2890625 0.14218009478672985 0.2890625 0.13270142180094788 0.2921875 0.13033175355450238 0.2921875 0.11137440758293839 0.29375 0.10900473933649289 0.3 0.10900473933649289 0.3 0.0947867298578199 0.2921875 0.08767772511848342 0.2921875 0.07345971563981042 0.296875 0.07109004739336493 0.2984375 0.06398104265402843 0.325 0.06398104265402843 0.325 0.04976303317535545 0.3296875 0.04739336492890995 0.3296875 0.03317535545023697 0.3328125 0.030805687203791468 0.3328125 0.023696682464454975 0.3359375 0.02132701421800948 0.3359375 0.011848341232227487 0.3390625 0.009478672985781991 0.3390625 0 0.2578125 0
1 0.43125 0.8483412322274881 0.4296875 0.8530805687203792 0.4203125 0.8530805687203792 0.41875 0.8578199052132701 0.4140625 0.8578199052132701 0.4140625 0.8625592417061612 0.409375 0.8696682464454977 0.403125 0.8696682464454977 0.4015625 0.8744075829383886 0.3953125 0.8744075829383886 0.390625 0.8862559241706162 0.384375 0.8862559241706162 0.378125 0.8957345971563981 0.378125 0.9052132701421801 0.3734375 0.9075829383886256 0.3703125 0.9123222748815166 0.3703125 0.9170616113744076 0.3671875 0.919431279620853 0.3671875 0.933649289099526 0.3625 0.9360189573459715 0.3625 0.9549763033175356 0.359375 0.957345971563981 0.359375 0.9834123222748815 0.3625 0.985781990521327 0.3625 0.9976303317535545 0.4921875 0.9976303317535545 0.4953125 0.9928909952606635 0.4953125 0.985781990521327 0.4984375 0.9834123222748815 0.5 0.976303317535545 0.503125 0.976303317535545 0.503125 0.9691943127962085 0.50625 0.966824644549763 0.50625 0.9620853080568721 0.5171875 0.9502369668246445 0.5171875 0.8957345971563981 0.509375 0.8886255924170616 0.509375 0.8791469194312796 0.4953125 0.8625592417061612 0.4953125 0.8578199052132701 0.4921875 0.8530805687203792 0.4859375 0.8530805687203792 0.484375 0.8483412322274881 0.4796875 0.8483412322274881 0.478125 0.8412322274881516 0.446875 0.8412322274881516 0.446875 0.8436018957345972 0.4453125 0.8483412322274881 0.43125 0.8483412322274881
1 0.0296875 0 0.0296875 0.002369668246445498 0.028125 0.0071090047393364926 0.0046875 0.0071090047393364926 0.0046875 0.02132701421800948 0.0078125 0.023696682464454975 0.0078125 0.030805687203791468 0.0046875 0.03317535545023697 0.0046875 0.037914691943127965 0.0078125 0.04265402843601896 0.0046875 0.045023696682464455 0.0046875 0.08056872037914692 0.0078125 0.08293838862559241 0.0078125 0.08767772511848342 0.0046875 0.0924170616113744 0.0171875 0.0924170616113744 0.01875 0.0971563981042654 0.0171875 0.0995260663507109 0.0078125 0.0995260663507109 0.0078125 0.10426540284360189 0.0046875 0.1066350710900474 0.0046875 0.12559241706161137 0 0.12796208530805686 0 0.13033175355450238 0.0046875 0.13270142180094788 0.0046875 0.16824644549763032 0.03125 0.16824644549763032 0.0328125 0.17061611374407584 0.0328125 0.18009478672985782 0.0390625 0.18009478672985782 0.04375 0.1872037914691943 0.04375 0.19194312796208532 0.05 0.19194312796208532 0.0515625 0.1966824644549763 0.0609375 0.1966824644549763 0.0625 0.2014218009478673 0.06875 0.2014218009478673 0.0703125 0.1966824644549763 0.075 0.1966824644549763 0.075 0.1872037914691943 0.0796875 0.1848341232227488 0.0796875 0.17772511848341233 0.0828125 0.17535545023696683 0.0828125 0.16587677725118483 0.0890625 0.15876777251184834 0.090625 0.15165876777251186 0.09375 0.15165876777251186 0.1 0.14218009478672985 0.1 0.13270142180094788 0.1046875 0.13033175355450238 0.10625 0.12559241706161137 0.115625 0.12559241706161137 0.1171875 0.12085308056872038 0.1265625 0.12085308056872038 0.128125 0.11374407582938388 0.140625 0.11374407582938388 0.1421875 0.10900473933649289 0.159375 0.10900473933649289 0.1609375 0.10426540284360189 0.165625 0.10426540284360189 0.165625 0.0947867298578199 0.16875 0.0924170616113744 0.16875 0.08293838862559241 0.1734375 0.08056872037914692 0.1734375 0.016587677725118485 0.16875 0.014218009478672985 0.16875 0 0.0703125 0 0.06875 0.0071090047393364926 0.0546875 0.0071090047393364926 0.053125 0 0.0296875 0
1 0.7 0.5 0.6953125 0.5071090047393365 0.6890625 0.5071090047393365 0.6875 0.5118483412322274 0.678125 0.5118483412322274 0.6765625 0.5165876777251185 0.6640625 0.5165876777251185 0.6625 0.5118483412322274 0.65 0.5118483412322274 0.6484375 0.5071090047393365 0.634375 0.5071090047393365 0.63125 0.5118483412322274 0.63125 0.542654028436019 0.634375 0.5450236966824644 0.634375 0.5545023696682464 0.6375 0.5545023696682464 0.6421875 0.5616113744075829 0.6421875 0.5710900473933649 0.6453125 0.5758293838862559 0.6484375 0.5758293838862559 0.65 0.580568720379147 0.659375 0.580568720379147 0.6609375 0.5829383886255924 0.6609375 0.6208530805687204 0.6640625 0.6232227488151659 0.6640625 0.6469194312796208 0.6671875 0.6492890995260664 0.6671875 0.6682464454976303 0.690625 0.6682464454976303 0.6921875 0.6635071090047393 0.6953125 0.6635071090047393 0.6984375 0.6587677725118484 0.6984375 0.6232227488151659 0.7015625 0.6208530805687204 0.7015625 0.6161137440758294 0.709375 0.6090047393364929 0.709375 0.5995260663507109 0.7140625 0.5924170616113744 0.7171875 0.5924170616113744 0.71875 0.5876777251184834 0.7234375 0.5876777251184834 0.725 0.580568720379147 0.728125 0.580568720379147 0.73125 0.5758293838862559 0.73125 0.566350710900474 0.7421875 0.5545023696682464 0.7421875 0.5450236966824644 0.7453125 0.542654028436019 0.7453125 0.533175355450237 0.753125 0.5260663507109005 0.75 0.5213270142180095 0.75 0.5165876777251185 0.746875 0.5165876777251185 0.7390625 0.5023696682464455 0.7328125 0.5023696682464455 0.73125 0.495260663507109 0.725 0.495260663507109 0.7234375 0.490521327014218 0.71875 0.490521327014218 0.7171875 0.48578199052132703 0.7078125 0.48578199052132703 0.7078125 0.4881516587677725 0.7 0.495260663507109 0.7 0.5
1 0.5953125 0 0.5953125 0.002369668246445498 0.59375 0.0071090047393364926 0.584375 0.0071090047393364926 0.5796875 0.016587677725118485 0.5734375 0.016587677725118485 0.5734375 0.02132701421800948 0.56875 0.02843601895734597 0.5625 0.02843601895734597 0.5578125 0.04028436018957346 0.5546875 0.04028436018957346 0.553125 0.045023696682464455 0.5484375 0.045023696682464455 0.546875 0.04976303317535545 0.5375 0.04976303317535545 0.5359375 0.05687203791469194 0.5265625 0.05687203791469194 0.525 0.061611374407582936 0.5078125 0.061611374407582936 0.50625 0.06635071090047394 0.5 0.06635071090047394 0.5 0.07582938388625593 0.49375 0.08293838862559241 0.49375 0.0924170616113744 0.490625 0.0947867298578199 0.490625 0.11374407582938388 0.4859375 0.11611374407582939 0.4859375 0.12085308056872038 0.490625 0.12322274881516587 0.490625 0.13033175355450238 0.49375 0.13507109004739337 0.4984375 0.13507109004739337 0.5 0.13033175355450238 0.509375 0.13033175355450238 0.5109375 0.12559241706161137 0.5171875 0.12559241706161137 0.51875 0.12085308056872038 0.525 0.12085308056872038 0.5265625 0.11374407582938388 0.53125 0.11374407582938388 0.5328125 0.10900473933649289 0.546875 0.10900473933649289 0.5484375 0.10426540284360189 0.5609375 0.10426540284360189 0.5609375 0.0947867298578199 0.565625 0.08767772511848342 0.56875 0.08767772511848342 0.56875 0.08293838862559241 0.571875 0.08056872037914692 0.5734375 0.07109004739336493 0.5828125 0.07109004739336493 0.590625 0.08293838862559241 0.590625 0.08767772511848342 0.5953125 0.09004739336492891 0.5953125 0.0971563981042654 0.5984375 0.0995260663507109 0.5984375 0.10900473933649289 0.6015625 0.11137440758293839 0.6015625 0.12559241706161137 0.60625 0.12796208530805686 0.60625 0.13507109004739337 0.6109375 0.13507109004739337 0.6109375 0.12796208530805686 0.61875 0.12085308056872038 0.61875 0.11611374407582939 0.6234375 0.10900473933649289 0.6265625 0.10900473933649289 0.6265625 0.0995260663507109 0.63125 0.0924170616113744 0.6375 0.0924170616113744 0.6390625 0.08767772511848342 0.6546875 0.08767772511848342 0.65625 0.08056872037914692 0.659375 0.08056872037914692 0.6625 0.07582938388625593 0.659375 0.07109004739336493 0.659375 0.05687203791469194 0.65625 0.05687203791469194 0.6546875 0.04976303317535545 0.6484375 0.04028436018957346 0.64375 0.037914691943127965 0.64375 0.03317535545023697 0.640625 0.030805687203791468 0.640625 0.023696682464454975 0.6375 0.02132701421800948 0.6375 0.016587677725118485 0.634375 0.016587677725118485 0.6328125 0.011848341232227487 0.628125 0.011848341232227487 0.6265625 0.0071090047393364926 0.6171875 0.0071090047393364926 0.615625 0 0.5953125 0
1 0.109375 0.5781990521327014 0.1078125 0.5829383886255924 0.1015625 0.5829383886255924 0.1 0.590047393364929 0.0953125 0.590047393364929 0.09375 0.5947867298578199 0.090625 0.5947867298578199 0.0875 0.5995260663507109 0.0875 0.6042654028436019 0.084375 0.6066350710900474 0.084375 0.6137440758293838 0.08125 0.6161137440758294 0.08125 0.6208530805687204 0.0734375 0.6279620853080569 0.0734375 0.6350710900473934 0.0703125 0.6374407582938388 0.0703125 0.6469194312796208 0.065625 0.6492890995260664 0.065625 0.6682464454976303 0.0625 0.6706161137440758 0.0625 0.7464454976303317 0.065625 0.7488151658767772 0.065625 0.7559241706161137 0.0703125 0.7582938388625592 0.0703125 0.7677725118483413 0.0734375 0.7701421800947867 0.0734375 0.7796208530805687 0.0765625 0.7843601895734598 0.0796875 0.7843601895734598 0.08125 0.7890995260663507 0.0859375 0.7890995260663507 0.090625 0.8009478672985783 0.09375 0.8009478672985783 0.0953125 0.8056872037914692 0.1 0.8056872037914692 0.1015625 0.8127962085308057 0.1078125 0.8127962085308057 0.109375 0.8175355450236966 0.1515625 0.8175355450236966 0.153125 0.8127962085308057 0.184375 0.8127962085308057 0.1859375 0.8056872037914692 0.1953125 0.8056872037914692 0.2 0.7962085308056872 0.20625 0.7962085308056872 0.20625 0.7914691943127962 0.2140625 0.7796208530805687 0.2171875 0.7796208530805687 0.2171875 0.7748815165876777 0.2203125 0.7725118483412322 0.2203125 0.7654028436018957 0.2234375 0.7630331753554502 0.2234375 0.7488151658767772 0.228125 0.7464454976303317 0.228125 0.7369668246445498 0.2234375 0.7345971563981043 0.2234375 0.7203791469194313 0.2171875 0.7132701421800948 0.2171875 0.7037914691943128 0.2125 0.7014218009478673 0.2125 0.6943127962085308 0.209375 0.6919431279620853 0.209375 0.6824644549763034 0.20625 0.6800947867298578 0.20625 0.6706161137440758 0.203125 0.6706161137440758 0.1953125 0.6587677725118484 0.1953125 0.6540284360189573 0.190625 0.6516587677725119 0.190625 0.6445497630331753 0.1875 0.6421800947867299 0.1875 0.6374407582938388 0.184375 0.6327014218009479 0.18125 0.6327014218009479 0.1765625 0.6255924170616114 0.1765625 0.6113744075829384 0.1734375 0.6090047393364929 0.1734375 0.5995260663507109 0.16875 0.5971563981042654 0.16875 0.5829383886255924 0.165625 0.5781990521327014 0.153125 0.5781990521327014 0.15 0.5734597156398105 0.15 0.5758293838862559 0.1484375 0.5781990521327014 0.109375 0.5781990521327014
1 0.809375 0.13744075829383887 0.8078125 0.14454976303317535 0.7984375 0.14454976303317535 0.796875 0.14928909952606634 0.790625 0.14928909952606634 0.7859375 0.16113744075829384 0.7828125 0.16113744075829384 0.7765625 0.17061611374407584 0.7765625 0.18009478672985782 0.8 0.18009478672985782 0.8015625 0.1848341232227488 0.821875 0.1848341232227488 0.8234375 0.19194312796208532 0.846875 0.19194312796208532 0.846875 0.1872037914691943 0.85 0.1848341232227488 0.85 0.16587677725118483 0.8515625 0.16350710900473933 0.8578125 0.16350710900473933 0.8578125 0.14928909952606634 0.85 0.14218009478672985 0.85 0.13744075829383887 0.846875 0.13270142180094788 0.8203125 0.13270142180094788 0.8203125 0.13507109004739337 0.81875 0.13744075829383887 0.809375 0.13744075829383887
1 0.6421875 0.3957345971563981 0.640625 0.4028436018957346 0.634375 0.4028436018957346 0.628125 0.41232227488151657 0.628125 0.41706161137440756 0.6234375 0.4194312796208531 0.621875 0.42417061611374407 0.6125 0.42417061611374407 0.6109375 0.42890995260663506 0.6015625 0.42890995260663506 0.6 0.43601895734597157 0.590625 0.43601895734597157 0.5890625 0.44075829383886256 0.58125 0.44075829383886256 0.5796875 0.44549763033175355 0.5734375 0.44549763033175355 0.5734375 0.45023696682464454 0.56875 0.45734597156398105 0.565625 0.45734597156398105 0.565625 0.4834123222748815 0.56875 0.4834123222748815 0.5734375 0.490521327014218 0.5734375 0.5 0.5765625 0.504739336492891 0.5796875 0.504739336492891 0.5875 0.5165876777251185 0.5875 0.5213270142180095 0.6046875 0.5213270142180095 0.6046875 0.5165876777251185 0.6078125 0.514218009478673 0.609375 0.5213270142180095 0.615625 0.5213270142180095 0.6171875 0.5260663507109005 0.6296875 0.5260663507109005 0.6296875 0.5118483412322274 0.634375 0.504739336492891 0.6484375 0.504739336492891 0.65 0.509478672985782 0.6546875 0.509478672985782 0.65625 0.514218009478673 0.6625 0.514218009478673 0.6640625 0.5213270142180095 0.6765625 0.5213270142180095 0.678125 0.514218009478673 0.684375 0.514218009478673 0.6859375 0.509478672985782 0.6953125 0.509478672985782 0.7 0.5 0.70625 0.5 0.70625 0.490521327014218 0.709375 0.48578199052132703 0.70625 0.4834123222748815 0.70625 0.47393364928909953 0.703125 0.47393364928909953 0.6984375 0.466824644549763 0.6984375 0.46208530805687204 0.6953125 0.4597156398104265 0.6953125 0.45260663507109006 0.690625 0.45023696682464454 0.690625 0.44549763033175355 0.684375 0.43601895734597157 0.6796875 0.43364928909952605 0.6796875 0.42890995260663506 0.6765625 0.4265402843601896 0.6765625 0.41232227488151657 0.6734375 0.4099526066350711 0.6734375 0.4028436018957346 0.66875 0.4004739336492891 0.66875 0.3957345971563981 0.665625 0.3909952606635071 0.65 0.3909952606635071 0.65 0.3933649289099526 0.6484375 0.3957345971563981 0.6421875 0.3957345971563981
1 0.6671875 0 0.6671875 0.002369668246445498 0.6640625 0.0071090047393364926 0.6640625 0.026066350710900472 0.6609375 0.02843601895734597 0.6609375 0.037914691943127965 0.6640625 0.04028436018957346 0.6640625 0.054502369668246446 0.6671875 0.05687203791469194 0.6671875 0.06398104265402843 0.6703125 0.06635071090047394 0.6703125 0.07582938388625593 0.675 0.07819905213270142 0.675 0.0971563981042654 0.678125 0.0995260663507109 0.678125 0.10900473933649289 0.68125 0.11137440758293839 0.68125 0.12085308056872038 0.6859375 0.12322274881516587 0.6859375 0.13033175355450238 0.6890625 0.13507109004739337 0.6953125 0.13507109004739337 0.7 0.14691943127962084 0.70625 0.14691943127962084 0.7078125 0.15165876777251186 0.7125 0.15165876777251186 0.7140625 0.15876777251184834 0.7203125 0.15876777251184834 0.721875 0.16350710900473933 0.73125 0.16350710900473933 0.7328125 0.16824644549763032 0.7390625 0.16824644549763032 0.740625 0.17535545023696683 0.7671875 0.17535545023696683 0.76875 0.16824644549763032 0.775 0.16824644549763032 0.78125 0.15876777251184834 0.7828125 0.15165876777251186 0.7890625 0.15165876777251186 0.790625 0.14691943127962084 0.796875 0.14691943127962084 0.7984375 0.14218009478672985 0.803125 0.14218009478672985 0.8046875 0.13507109004739337 0.8109375 0.13507109004739337 0.8125 0.13033175355450238 0.825 0.13033175355450238 0.8265625 0.12559241706161137 0.8359375 0.12559241706161137 0.840625 0.11374407582938388 0.84375 0.11374407582938388 0.846875 0.10900473933649289 0.846875 0.0995260663507109 0.85 0.0971563981042654 0.85 0.09004739336492891 0.8546875 0.08767772511848342 0.8546875 0.08293838862559241 0.8578125 0.08056872037914692 0.8578125 0.07345971563981042 0.8609375 0.07109004739336493 0.8609375 0.05687203791469194 0.865625 0.054502369668246446 0.865625 0.03317535545023697 0.86875 0.030805687203791468 0.86875 0 0.7875 0 0.7859375 0.0071090047393364926 0.7515625 0.0071090047393364926 0.75 0 0.7359375 0 0.734375 0.0071090047393364926 0.725 0.0071090047393364926 0.7234375 0 0.6671875 0
1 0.471875 0.06398104265402843 0.475 0.06635071090047394 0.475 0.07582938388625593 0.4796875 0.07819905213270142 0.4796875 0.0924170616113744 0.4828125 0.0947867298578199 0.4828125 0.10426540284360189 0.484375 0.10426540284360189 0.4859375 0.0971563981042654 0.4890625 0.0971563981042654 0.4890625 0.09004739336492891 0.4921875 0.08767772511848342 0.4921875 0.08293838862559241 0.4984375 0.07582938388625593 0.4984375 0.05687203791469194 0.4953125 0.054502369668246446 0.4953125 0.04976303317535545 0.490625 0.04976303317535545 0.4890625 0.045023696682464455 0.475 0.045023696682464455 0.4734375 0.04028436018957346 0.46875 0.04028436018957346 0.46875 0.04265402843601896 0.471875 0.045023696682464455 0.471875 0.06398104265402843
1 0.2359375 0.48578199052132703 0.2296875 0.495260663507109 0.2296875 0.509478672985782 0.225 0.5118483412322274 0.225 0.5213270142180095 0.2203125 0.5284360189573459 0.2140625 0.5284360189573459 0.209375 0.5402843601895735 0.203125 0.5402843601895735 0.2 0.5450236966824644 0.1984375 0.5402843601895735 0.1921875 0.5402843601895735 0.190625 0.533175355450237 0.184375 0.523696682464455 0.18125 0.523696682464455 0.178125 0.5284360189573459 0.178125 0.5379146919431279 0.175 0.5402843601895735 0.175 0.6042654028436019 0.178125 0.6066350710900474 0.178125 0.6208530805687204 0.1859375 0.6279620853080569 0.1859375 0.6350710900473934 0.1890625 0.6374407582938388 0.1890625 0.6421800947867299 0.2 0.6540284360189573 0.2 0.6587677725118484 0.203125 0.6635071090047393 0.2078125 0.6658767772511849 0.2078125 0.6753554502369669 0.2109375 0.6777251184834123 0.2109375 0.6848341232227488 0.2140625 0.6872037914691943 0.2140625 0.6966824644549763 0.2171875 0.6966824644549763 0.221875 0.7037914691943128 0.221875 0.7085308056872038 0.225 0.7109004739336493 0.225 0.7180094786729858 0.228125 0.7180094786729858 0.2296875 0.7251184834123223 0.2359375 0.7345971563981043 0.240625 0.7369668246445498 0.240625 0.7417061611374408 0.2484375 0.7417061611374408 0.25 0.7345971563981043 0.25625 0.7345971563981043 0.2578125 0.7298578199052133 0.2640625 0.7298578199052133 0.265625 0.7251184834123223 0.275 0.7251184834123223 0.2765625 0.7180094786729858 0.2859375 0.7180094786729858 0.2921875 0.7085308056872038 0.29375 0.7014218009478673 0.296875 0.7014218009478673 0.296875 0.6943127962085308 0.303125 0.6848341232227488 0.303125 0.6658767772511849 0.3 0.6635071090047393 0.3 0.6445497630331753 0.296875 0.6421800947867299 0.296875 0.6327014218009479 0.2921875 0.6303317535545023 0.2921875 0.6161137440758294 0.2890625 0.6137440758293838 0.2890625 0.5995260663507109 0.2859375 0.5971563981042654 0.2859375 0.590047393364929 0.28125 0.5876777251184834 0.28125 0.5829383886255924 0.275 0.5734597156398105 0.26875 0.5734597156398105 0.2640625 0.5616113744075829 0.259375 0.5592417061611374 0.259375 0.5497630331753555 0.25625 0.54739336492891 0.25625 0.5402843601895735 0.259375 0.5379146919431279 0.259375 0.490521327014218 0.25625 0.4881516587677725 0.25625 0.4786729857819905 0.24375 0.4786729857819905 0.24375 0.48104265402843605 0.2421875 0.48578199052132703 0.2359375 0.48578199052132703