3 0.3421875 0.6024096385542169 0.35 0.6144578313253012 0.359375 0.642570281124498 0.3625 0.6445783132530121 0.3625 0.6485943775100401 0.3765625 0.678714859437751 0.3765625 0.6847389558232931 0.3828125 0.6967871485943775 0.3828125 0.7028112449799196 0.39375 0.7228915662650602 0.3984375 0.7269076305220884 0.3984375 0.7168674698795181 0.3953125 0.7128514056224899 0.3953125 0.7068273092369478 0.3890625 0.6927710843373494 0.3890625 0.6827309236947792 0.38125 0.6606425702811245 0.38125 0.6546184738955824 0.371875 0.6405622489959839 0.3671875 0.6224899598393574 0.3640625 0.6184738955823293 0.3640625 0.6124497991967871 0.3578125 0.6024096385542169 0.3578125 0.5963855421686747 0.3640625 0.5943775100401606 0.365625 0.5883534136546185 0.36875 0.5883534136546185 0.3703125 0.5923694779116466 0.38125 0.5923694779116466 0.384375 0.5883534136546185 0.3828125 0.5823293172690763 0.384375 0.5763052208835341 0.38125 0.572289156626506 0.38125 0.5682730923694779 0.371875 0.5602409638554217 0.3609375 0.5602409638554217 0.3625 0.5642570281124498 0.359375 0.5662650602409639 0.359375 0.570281124497992 0.3640625 0.5742971887550201 0.3625 0.5763052208835341 0.3484375 0.5742971887550201 0.340625 0.5662650602409639 0.3375 0.5542168674698795 0.3234375 0.5321285140562249 0.296875 0.5080321285140562 0.2734375 0.4979919678714859 0.2546875 0.4979919678714859 0.246875 0.4939759036144578 0.2453125 0.4939759036144578 0.23125 0.4939759036144578 0.228125 0.4979919678714859 0.2296875 0.5120481927710844 0.2375 0.5180722891566265 0.2578125 0.5240963855421686 0.2640625 0.5301204819277109 0.25625 0.5321285140562249 0.253125 0.536144578313253 0.2578125 0.5401606425702812 0.2578125 0.5441767068273092 0.25525568125000003 0.545819642570281 0.2609375 0.5502008032128514 0.26875 0.5502008032128514 0.2703125 0.5542168674698795 0.278125 0.5562248995983936 0.2765625 0.5502008032128514 0.278125 0.5481927710843374 0.284375 0.5502008032128514 0.2859375 0.5461847389558233 0.2875 0.5542168674698795 0.290625 0.5522088353413654 0.2953125 0.5562248995983936 0.29375 0.5602409638554217 0.2875 0.5602409638554217 0.309375 0.570281124497992 0.3078125 0.5662650602409639 0.3046875 0.5662650602409639 0.3015625 0.5622489959839357 0.3015625 0.5562248995983936 0.2984375 0.5542168674698795 0.3 0.5502008032128514 0.2984375 0.5481927710843374 0.2890625 0.5461847389558233 0.278125 0.5381526104417671 0.26875 0.536144578313253 0.265625 0.5321285140562249 0.2671875 0.5301204819277109 0.2734375 0.5321285140562249 0.28125 0.5301204819277109 0.3078125 0.5461847389558233 0.3078125 0.5502008032128514 0.3046875 0.5542168674698795 0.309375 0.5542168674698795 0.315625 0.5602409638554217 0.315625 0.5642570281124498 0.3203125 0.5622489959839357 0.3265625 0.5662650602409639 0.328125 0.570281124497992 0.325 0.5763052208835341 0.3375 0.5903614457831325 0.3421875 0.6024096385542169
3 0.2296875 0.5321285140562249 0.23125 0.536144578313253 0.2375 0.5401606425702812 0.24375 0.5401606425702812 0.246875 0.5441767068273092 0.2578125 0.5461847389558233 0.2609375 0.5502008032128514 0.26875 0.5502008032128514 0.2703125 0.5542168674698795 0.2859375 0.5582329317269076 0.29375 0.5642570281124498 0.3 0.5642570281124498 0.309375 0.570281124497992 0.3140625 0.570281124497992 0.321875 0.5763052208835341 0.3265625 0.5763052208835341 0.3328125 0.5803212851405622 0.3421875 0.5883534136546185 0.3421875 0.5943775100401606 0.346875 0.606425702811245 0.353125 0.6124497991967871 0.353125 0.6204819277108434 0.359375 0.6285140562248996 0.359375 0.6405622489959839 0.3703125 0.6586345381526104 0.3703125 0.6646586345381527 0.3765625 0.6767068273092369 0.3796875 0.6907630522088354 0.384375 0.6927710843373494 0.384375 0.6967871485943775 0.3828125 0.7028112449799196 0.3796875 0.7048192771084337 0.378125 0.7008032128514057 0.359375 0.6827309236947792 0.3515625 0.6706827309236948 0.3453125 0.6706827309236948 0.3421875 0.6746987951807228 0.3515625 0.6907630522088354 0.3546875 0.6907630522088354 0.39375 0.7409638554216867 0.4046875 0.7650602409638554 0.4140625 0.7670682730923695 0.415625 0.7590361445783133 0.3984375 0.7289156626506024 0.3984375 0.7168674698795181 0.3953125 0.7108433734939759 0.3953125 0.7048192771084337 0.3875 0.6947791164658634 0.3875 0.6887550200803213 0.384375 0.6827309236947792 0.384375 0.6686746987951807 0.38125 0.6646586345381527 0.378125 0.6485943775100401 0.371875 0.6405622489959839 0.3640625 0.6164658634538153 0.35625 0.606425702811245 0.3546875 0.5983935742971888 0.359375 0.5923694779116466 0.371875 0.5963855421686747 0.378125 0.5943775100401606 0.390625 0.6004016064257028 0.390625 0.5983935742971888 0.384375 0.5963855421686747 0.3765625 0.5883534136546185 0.3703125 0.5863453815261044 0.3609375 0.5783132530120482 0.34375 0.572289156626506 0.325 0.5481927710843374 0.321875 0.5481927710843374 0.325 0.5522088353413654 0.3234375 0.5582329317269076 0.3109375 0.5562248995983936 0.29375 0.5461847389558233 0.278125 0.5421686746987951 0.234375 0.5220883534136547 0.2328125 0.5220883534136547 0.2296875 0.5240963855421686 0.2296875 0.5321285140562249
3 0.2859375 0.5220883534136547 0.2875 0.5261044176706827 0.29375 0.5341365461847389 0.3078125 0.536144578313253 0.3125 0.5421686746987951 0.3125 0.5461847389558233 0.315625 0.5502008032128514 0.3140625 0.5522088353413654 0.30625 0.5522088353413654 0.303125 0.5481927710843374 0.290625 0.5461847389558233 0.2875 0.5421686746987951 0.28125 0.5421686746987951 0.2765625 0.5381526104417671 0.2703125 0.5381526104417671 0.2671875 0.5341365461847389 0.2390625 0.5240963855421686 0.234375 0.5200803212851406 0.2296875 0.5220883534136547 0.2296875 0.5341365461847389 0.2359375 0.5401606425702812 0.25625 0.5461847389558233 0.2953125 0.5662650602409639 0.3234375 0.5763052208835341 0.33125 0.5803212851405622 0.340625 0.5903614457831325 0.3421875 0.5983935742971888 0.353125 0.6124497991967871 0.353125 0.6204819277108434 0.359375 0.6285140562248996 0.359375 0.6365461847389559 0.3625 0.6465863453815262 0.3671875 0.6526104417670683 0.3703125 0.6646586345381527 0.3734375 0.6666666666666666 0.3734375 0.6726907630522089 0.3765625 0.6767068273092369 0.3796875 0.6907630522088354 0.3828125 0.6927710843373494 0.3828125 0.7028112449799196 0.3796875 0.7048192771084337 0.378125 0.7008032128514057 0.3671875 0.6927710843373494 0.3609375 0.6827309236947792 0.3515625 0.6746987951807228 0.3484375 0.6746987951807228 0.35 0.6767068273092369 0.35 0.6867469879518072 0.353125 0.6907630522088354 0.35625 0.6907630522088354 0.3625 0.6987951807228916 0.3625 0.7028112449799196 0.396875 0.7449799196787149 0.396875 0.748995983935743 0.409375 0.7690763052208835 0.4109375 0.7771084337349398 0.41875 0.7751004016064257 0.41875 0.7650602409638554 0.4125 0.748995983935743 0.40625 0.7429718875502008 0.4015625 0.7309236947791165 0.3984375 0.7289156626506024 0.3984375 0.714859437751004 0.3953125 0.7108433734939759 0.3953125 0.7028112449799196 0.3890625 0.6947791164658634 0.3890625 0.6887550200803213 0.3859375 0.6847389558232931 0.384375 0.6666666666666666 0.38125 0.6646586345381527 0.38125 0.6566265060240963 0.371875 0.6405622489959839 0.3640625 0.6164658634538153 0.35625 0.6044176706827309 0.3546875 0.5963855421686747 0.35625 0.5943775100401606 0.3625 0.5943775100401606 0.378125 0.6024096385542169 0.38125 0.606425702811245 0.3859375 0.606425702811245 0.403125 0.6244979919678715 0.4125 0.6244979919678715 0.415625 0.6285140562248996 0.41875 0.6285140562248996 0.4296875 0.642570281124498 0.4390625 0.6445783132530121 0.4484375 0.6546184738955824 0.4609375 0.6706827309236948 0.4625 0.6767068273092369 0.4765625 0.7008032128514057 0.48125 0.6987951807228916 0.48125 0.6907630522088354 0.4765625 0.6706827309236948 0.4703125 0.6646586345381527 0.4671875 0.6646586345381527 0.4609375 0.6526104417670683 0.4421875 0.6305220883534136 0.434375 0.6265060240963856 0.4328125 0.6224899598393574 0.421875 0.6144578313253012 0.4046875 0.6044176706827309 0.396875 0.5963855421686747 0.3796875 0.5903614457831325 0.3640625 0.5783132530120482 0.3453125 0.572289156626506 0.3359375 0.5622489959839357 0.334375 0.5562248995983936 0.3234375 0.5441767068273092 0.3125 0.5261044176706827 0.3015625 0.5200803212851406 0.3 0.5160642570281124 0.2953125 0.5160642570281124 0.29375 0.5120481927710844 0.284375 0.5120481927710844 0.284375 0.5140562248995983 0.2875 0.5180722891566265 0.2859375 0.5220883534136547
3 0.615625 0.5983935742971888 0.60625 0.608433734939759 0.5984375 0.6124497991967871 0.596875 0.6164658634538153 0.584375 0.6265060240963856 0.5765625 0.6385542168674698 0.5671875 0.6445783132530121 0.5421875 0.678714859437751 0.5359375 0.6827309236947792 0.5234375 0.6987951807228916 0.515625 0.7128514056224899 0.5125 0.714859437751004 0.50625 0.7289156626506024 0.4921875 0.7449799196787149 0.490625 0.7550200803212851 0.4859375 0.7590361445783133 0.4796875 0.7791164658634538 0.48125 0.7871485943775101 0.4875 0.785140562248996 0.490625 0.7811244979919679 0.496875 0.7811244979919679 0.509375 0.7650602409638554 0.521875 0.7550200803212851 0.5234375 0.751004016064257 0.5375 0.7429718875502008 0.5484375 0.7329317269076305 0.5546875 0.7309236947791165 0.5625 0.7208835341365462 0.5671875 0.7208835341365462 0.5765625 0.7128514056224899 0.584375 0.7108433734939759 0.5875 0.7068273092369478 0.6 0.7028112449799196 0.615625 0.6907630522088354 0.6265625 0.6887550200803213 0.63125 0.6847389558232931 0.6375 0.6847389558232931 0.6421875 0.6807228915662651 0.65 0.678714859437751 0.6515625 0.6746987951807228 0.640625 0.6706827309236948 0.6203125 0.6706827309236948 0.5921875 0.6907630522088354 0.575 0.6967871485943775 0.559375 0.7088353413654619 0.540625 0.7188755020080321 0.5234375 0.7309236947791165 0.51875 0.7389558232931727 0.5125 0.7409638554216867 0.509375 0.7369477911646586 0.5109375 0.7309236947791165 0.51875 0.7208835341365462 0.521875 0.7128514056224899 0.546875 0.6807228915662651 0.5546875 0.6767068273092369 0.5734375 0.6506024096385542 0.584375 0.642570281124498 0.6046875 0.6204819277108434 0.6234375 0.606425702811245 0.6265625 0.606425702811245 0.6328125 0.5983935742971888 0.64375 0.5923694779116466 0.6578125 0.5803212851405622 0.6625 0.572289156626506 0.6484375 0.5742971887550201 0.6484375 0.5763052208835341 0.6265625 0.5943775100401606 0.615625 0.5983935742971888
3 0.4625 0.8614457831325302 0.4546875 0.8855421686746988 0.4546875 0.9016064257028112 0.4515625 0.9036144578313253 0.45625 0.9156626506024096 0.45625 0.9317269076305221 0.459375 0.9357429718875502 0.4640625 0.9357429718875502 0.4703125 0.9257028112449799 0.4625 0.9116465863453815 0.4640625 0.9076305220883534 0.46875 0.9016064257028112 0.4765625 0.9056224899598394 0.4796875 0.9016064257028112 0.478125 0.8835341365461847 0.4859375 0.8734939759036144 0.49375 0.8734939759036144 0.496875 0.8694779116465864 0.4890625 0.8674698795180723 0.475 0.857429718875502 0.4734375 0.857429718875502 0.465625 0.857429718875502 0.4625 0.8614457831325302
3 0.5359375 0.8835341365461847 0.5359375 0.8775100401606426 0.528125 0.8634538152610441 0.5265625 0.8514056224899599 0.51875 0.8433734939759037 0.5 0.8674698795180723 0.49933510625000005 0.8671280863453815 0.5125 0.891566265060241 0.5171875 0.891566265060241 0.5203125 0.8855421686746988 0.5234375 0.8855421686746988 0.5265625 0.891566265060241 0.53125 0.891566265060241 0.5359375 0.8835341365461847
3 0.459375 0.8493975903614458 0.4546875 0.8493975903614458 0.446875 0.8413654618473896 0.44375 0.8413654618473896 0.44375 0.8433734939759037 0.425 0.8775100401606426 0.4234375 0.9136546184738956 0.425 0.9156626506024096 0.425 0.9257028112449799 0.43125 0.9377510040160643 0.43125 0.9437751004016064 0.428125 0.9497991967871486 0.428125 0.9598393574297188 0.43125 0.9598393574297188 0.4359375 0.9518072289156626 0.4390625 0.9337349397590361 0.44375 0.9257028112449799 0.44375 0.9156626506024096 0.4484375 0.9056224899598394 0.4546875 0.9096385542168675 0.4578125 0.9216867469879518 0.4578125 0.9317269076305221 0.4609375 0.9357429718875502 0.4671875 0.929718875502008 0.4671875 0.9196787148594378 0.4625 0.9096385542168675 0.4671875 0.8995983935742972 0.4703125 0.8835341365461847 0.475 0.8875502008032129 0.4734375 0.891566265060241 0.475 0.8995983935742972 0.4765625 0.8835341365461847 0.490625 0.8694779116465864 0.4953125 0.8694779116465864 0.49776785781250005 0.8663224317269076 0.4921875 0.8634538152610441 0.4859375 0.8634538152610441 0.4796875 0.857429718875502 0.46875 0.857429718875502 0.4671875 0.8554216867469879 0.4640625 0.857429718875502 0.459375 0.8493975903614458
3 0.178125 0.536144578313253 0.184375 0.5441767068273092 0.1984375 0.5542168674698795 0.2 0.5582329317269076 0.203125 0.5582329317269076 0.20625 0.5622489959839357 0.2125 0.5622489959839357 0.215625 0.5662650602409639 0.21875 0.5662650602409639 0.2203125 0.570281124497992 0.228125 0.572289156626506 0.25 0.5923694779116466 0.25625 0.5923694779116466 0.2609375 0.5983935742971888 0.2734375 0.6044176706827309 0.2765625 0.6104417670682731 0.2890625 0.6124497991967871 0.253125 0.5742971887550201 0.246875 0.572289156626506 0.2328125 0.5602409638554217 0.2265625 0.5602409638554217 0.221875 0.5542168674698795 0.2171875 0.5522088353413654 0.215625 0.5481927710843374 0.2 0.5381526104417671 0.184375 0.5180722891566265 0.18125 0.5100401606425703 0.165625 0.5060240963855421 0.165625 0.5080321285140562 0.165625 0.5160642570281124 0.178125 0.536144578313253
3 0.2296875 0.5321285140562249 0.23125 0.536144578313253 0.2375 0.5401606425702812 0.24375 0.5401606425702812 0.246875 0.5441767068273092 0.2578125 0.5461847389558233 0.2609375 0.5502008032128514 0.2671875 0.5502008032128514 0.278125 0.5582329317269076 0.284375 0.5582329317269076 0.31875 0.5763052208835341 0.325 0.5763052208835341 0.3359375 0.5843373493975904 0.34375 0.5863453815261044 0.3484375 0.5923694779116466 0.3625 0.5943775100401606 0.3859375 0.606425702811245 0.4015625 0.6204819277108434 0.421875 0.6305220883534136 0.4296875 0.6405622489959839 0.4375 0.642570281124498 0.4421875 0.6465863453815262 0.446875 0.6546184738955824 0.4625 0.6706827309236948 0.4625 0.6746987951807228 0.471875 0.6867469879518072 0.478125 0.6887550200803213 0.478125 0.678714859437751 0.4734375 0.6686746987951807 0.4640625 0.6626506024096386 0.4609375 0.6526104417670683 0.45 0.6385542168674698 0.41875 0.6124497991967871 0.396875 0.6004016064257028 0.390625 0.5943775100401606 0.3828125 0.5923694779116466 0.375 0.5863453815261044 0.3703125 0.5863453815261044 0.36875 0.5823293172690763 0.3625 0.5783132530120482 0.3453125 0.572289156626506 0.3328125 0.5602409638554217 0.3234375 0.5602409638554217 0.3203125 0.5562248995983936 0.3125 0.5562248995983936 0.3078125 0.5522088353413654 0.303125 0.5522088353413654 0.284375 0.5421686746987951 0.2703125 0.5381526104417671 0.265625 0.5341365461847389 0.2609375 0.5341365461847389 0.25625 0.5301204819277109 0.2515625 0.5301204819277109 0.246875 0.5261044176706827 0.2453125 0.5261044176706827 0.23125 0.5220883534136547 0.2296875 0.5321285140562249
3 0.64375 0.5823293172690763 0.640625 0.5823293172690763 0.6234375 0.5963855421686747 0.615625 0.5983935742971888 0.5953125 0.6164658634538153 0.58125 0.6305220883534136 0.5765625 0.6385542168674698 0.5703125 0.6445783132530121 0.5671875 0.6445783132530121 0.5390625 0.6827309236947792 0.5328125 0.6867469879518072 0.5125 0.714859437751004 0.509375 0.7248995983935743 0.4921875 0.7449799196787149 0.4921875 0.751004016064257 0.4828125 0.7670682730923695 0.4796875 0.7791164658634538 0.48125 0.7871485943775101 0.4875 0.7871485943775101 0.4984375 0.7811244979919679 0.50625 0.7690763052208835 0.51875 0.7590361445783133 0.5203125 0.7550200803212851 0.5546875 0.7309236947791165 0.5640625 0.7208835341365462 0.56875 0.7208835341365462 0.578125 0.7128514056224899 0.5859375 0.7108433734939759 0.5875 0.7068273092369478 0.6 0.7028112449799196 0.615625 0.6907630522088354 0.628125 0.6887550200803213 0.6328125 0.6847389558232931 0.65 0.678714859437751 0.6515625 0.6746987951807228 0.6421875 0.6706827309236948 0.6203125 0.6706827309236948 0.603125 0.6827309236947792 0.5984375 0.6827309236947792 0.590625 0.6907630522088354 0.58125 0.6927710843373494 0.565625 0.7048192771084337 0.5484375 0.7128514056224899 0.53125 0.7269076305220884 0.5265625 0.7269076305220884 0.525 0.7309236947791165 0.515625 0.7389558232931727 0.5109375 0.7389558232931727 0.509375 0.7349397590361446 0.521875 0.7128514056224899 0.534375 0.6987951807228916 0.540625 0.6867469879518072 0.5609375 0.6686746987951807 0.5734375 0.6506024096385542 0.584375 0.642570281124498 0.5875 0.6365461847389559 0.6015625 0.6224899598393574 0.609375 0.6184738955823293 0.6171875 0.6104417670682731 0.6203125 0.6104417670682731 0.621875 0.606425702811245 0.6296875 0.6024096385542169 0.63125 0.5983935742971888 0.64375 0.5923694779116466 0.6453125 0.5883534136546185 0.653125 0.5843373493975904 0.6609375 0.5763052208835341 0.6609375 0.572289156626506 0.659375 0.572289156626506 0.6453125 0.5783132530120482 0.64375 0.5823293172690763
3 0.428125 0.9216867469879518 0.428125 0.927710843373494 0.4328125 0.9377510040160643 0.43125 0.9538152610441767 0.4328125 0.9538152610441767 0.4328125 0.9477911646586346 0.4359375 0.9457831325301205 0.4359375 0.9377510040160643 0.4390625 0.929718875502008 0.4421875 0.9257028112449799 0.44375 0.9056224899598394 0.446875 0.8995983935742972 0.446875 0.8895582329317269 0.453125 0.8755020080321285 0.4546875 0.8594377510040161 0.4578125 0.8554216867469879 0.4734375 0.857429718875502 0.4828125 0.8714859437751004 0.496875 0.8674698795180723 0.5109375 0.8835341365461847 0.5140625 0.8835341365461847 0.515625 0.8795180722891566 0.5296875 0.8795180722891566 0.5296875 0.8734939759036144 0.525 0.8654618473895582 0.5265625 0.8634538152610441 0.525 0.8534136546184738 0.51875 0.8514056224899599 0.515625 0.8433734939759037 0.5140625 0.8112449799196787 0.5109375 0.8072289156626506 0.5078125 0.7951807228915663 0.509375 0.7891566265060241 0.5015625 0.7791164658634538 0.5046875 0.7710843373493976 0.5171875 0.7590361445783133 0.51875 0.7530120481927711 0.525 0.7469879518072289 0.5234375 0.7409638554216867 0.521875 0.7409638554216867 0.51875 0.7449799196787149 0.515625 0.7429718875502008 0.5125 0.7449799196787149 0.509375 0.7530120481927711 0.503125 0.751004016064257 0.50625 0.7469879518072289 0.5140625 0.7248995983935743 0.5453125 0.6807228915662651 0.5546875 0.6746987951807228 0.56875 0.6546184738955824 0.5859375 0.6405622489959839 0.59375 0.6285140562248996 0.596875 0.6285140562248996 0.6015625 0.6224899598393574 0.6140625 0.6144578313253012 0.615625 0.6104417670682731 0.61875 0.6104417670682731 0.6296875 0.6024096385542169 0.6359375 0.5943775100401606 0.6421875 0.5923694779116466 0.6609375 0.5742971887550201 0.6515625 0.5742971887550201 0.6390625 0.5863453815261044 0.6140625 0.6004016064257028 0.6078125 0.608433734939759 0.6046875 0.608433734939759 0.5953125 0.6164658634538153 0.5734375 0.642570281124498 0.5671875 0.6445783132530121 0.5390625 0.6827309236947792 0.528125 0.6927710843373494 0.51875 0.7108433734939759 0.5109375 0.7188755020080321 0.509375 0.7248995983935743 0.5046875 0.7309236947791165 0.5 0.7329317269076305 0.4984375 0.7309236947791165 0.4984375 0.7188755020080321 0.490625 0.7068273092369478 0.490625 0.6967871485943775 0.4875 0.6887550200803213 0.484375 0.6907630522088354 0.4828125 0.6887550200803213 0.48125 0.6706827309236948 0.478125 0.6706827309236948 0.465625 0.6606425702811245 0.4640625 0.6546184738955824 0.45625 0.642570281124498 0.446875 0.6345381526104418 0.4421875 0.6265060240963856 0.4296875 0.6204819277108434 0.4109375 0.6044176706827309 0.4078125 0.6044176706827309 0.403125 0.5983935742971888 0.403125 0.5903614457831325 0.3984375 0.5843373493975904 0.3984375 0.572289156626506 0.4015625 0.570281124497992 0.40625 0.572289156626506 0.40625 0.5682730923694779 0.4015625 0.5582329317269076 0.4015625 0.5481927710843374 0.3953125 0.536144578313253 0.3921875 0.4859437751004016 0.3953125 0.4799196787148594 0.3953125 0.4397590361445783 0.3984375 0.43172690763052207 0.3984375 0.41365461847389556 0.4015625 0.40562248995983935 0.403125 0.3755020080321285 0.40625 0.3654618473895582 0.4078125 0.3413654618473896 0.4140625 0.3072289156626506 0.4109375 0.2971887550200803 0.4046875 0.2971887550200803 0.4046875 0.2991967871485944 0.4 0.30522088353413657 0.4 0.3273092369477912 0.39375 0.3534136546184739 0.39375 0.37349397590361444 0.390625 0.3815261044176707 0.390625 0.39357429718875503 0.3875 0.40160642570281124 0.384375 0.4578313253012048 0.3828125 0.4598393574297189 0.3828125 0.4899598393574297 0.3796875 0.4979919678714859 0.3796875 0.5080321285140562 0.3828125 0.5120481927710844 0.38125 0.5261044176706827 0.3828125 0.5281124497991968 0.3828125 0.5502008032128514 0.384375 0.5522088353413654 0.3875 0.5883534136546185 0.38125 0.5903614457831325 0.365625 0.5783132530120482 0.359375 0.5783132530120482 0.35625 0.5742971887550201 0.346875 0.572289156626506 0.3421875 0.5682730923694779 0.3203125 0.5301204819277109 0.2921875 0.5060240963855421 0.284375 0.5040160642570282 0.2828125 0.5060240963855421 0.271875 0.5020080321285141 0.2640625 0.5040160642570282 0.246875 0.4939759036144578 0.2328125 0.4939759036144578 0.2296875 0.4979919678714859 0.2296875 0.5100401606425703 0.2359375 0.5160642570281124 0.2296875 0.5220883534136547 0.2296875 0.536144578313253 0.24375 0.5441767068273092 0.25 0.5441767068273092 0.2578125 0.5502008032128514 0.2625 0.5502008032128514 0.275 0.5582329317269076 0.2828125 0.5582329317269076 0.2859375 0.5622489959839357 0.3140625 0.572289156626506 0.31875 0.5763052208835341 0.3234375 0.5763052208835341 0.3390625 0.5903614457831325 0.3390625 0.5943775100401606 0.3453125 0.606425702811245 0.3484375 0.608433734939759 0.359375 0.6345381526104418 0.359375 0.6405622489959839 0.365625 0.6506024096385542 0.3671875 0.6586345381526104 0.3734375 0.6666666666666666 0.3734375 0.6726907630522089 0.3765625 0.678714859437751 0.38125 0.7008032128514057 0.3796875 0.7028112449799196 0.3765625 0.7008032128514057 0.3578125 0.678714859437751 0.35 0.6726907630522089 0.346875 0.6746987951807228 0.346875 0.6827309236947792 0.39375 0.7409638554216867 0.4046875 0.7670682730923695 0.4046875 0.7831325301204819 0.4109375 0.7951807228915663 0.41875 0.8012048192771084 0.434375 0.8253012048192772 0.4453125 0.8353413654618473 0.446875 0.8433734939759037 0.4515625 0.8453815261044176 0.4515625 0.8514056224899599 0.44375 0.8614457831325302 0.4375 0.8594377510040161 0.4328125 0.8674698795180723 0.4328125 0.8714859437751004 0.434375 0.8734939759036144 0.434375 0.8895582329317269 0.428125 0.8975903614457831 0.425 0.893574297188755 0.425 0.9176706827309237 0.428125 0.9216867469879518
3 0.640625 0.5823293172690763 0.6203125 0.5963855421686747 0.615625 0.5963855421686747 0.6046875 0.608433734939759 0.596875 0.6124497991967871 0.5921875 0.6204819277108434 0.5875 0.6224899598393574 0.571875 0.642570281124498 0.5625 0.6485943775100401 0.5453125 0.6746987951807228 0.5390625 0.678714859437751 0.521875 0.7008032128514057 0.5015625 0.7329317269076305 0.4921875 0.7349397590361446 0.4875 0.7429718875502008 0.48125 0.7449799196787149 0.48125 0.7530120481927711 0.4765625 0.7590361445783133 0.4671875 0.7550200803212851 0.4640625 0.7590361445783133 0.465625 0.7670682730923695 0.4765625 0.7650602409638554 0.4796875 0.7690763052208835 0.471875 0.7751004016064257 0.4734375 0.7791164658634538 0.4703125 0.7831325301204819 0.465625 0.7831325301204819 0.4640625 0.8012048192771084 0.465625 0.8072289156626506 0.45625 0.8232931726907631 0.4390625 0.8112449799196787 0.4328125 0.8032128514056225 0.4328125 0.7971887550200804 0.4296875 0.7891566265060241 0.4265625 0.7871485943775101 0.4265625 0.7710843373493976 0.4328125 0.7650602409638554 0.4265625 0.7610441767068273 0.425 0.7429718875502008 0.4265625 0.7349397590361446 0.425 0.7269076305220884 0.41875 0.7168674698795181 0.4203125 0.7128514056224899 0.41875 0.7048192771084337 0.415625 0.7088353413654619 0.4125 0.7048192771084337 0.4046875 0.7068273092369478 0.4046875 0.7128514056224899 0.4078125 0.7168674698795181 0.4078125 0.7208835341365462 0.4125 0.7248995983935743 0.4109375 0.7369477911646586 0.4140625 0.7409638554216867 0.4140625 0.7449799196787149 0.4109375 0.7469879518072289 0.3921875 0.7228915662650602 0.39375 0.7048192771084337 0.390625 0.7028112449799196 0.3828125 0.7088353413654619 0.3765625 0.7048192771084337 0.359375 0.6827309236947792 0.353125 0.6847389558232931 0.353125 0.6887550200803213 0.3578125 0.6907630522088354 0.365625 0.7008032128514057 0.3671875 0.7068273092369478 0.39375 0.7389558232931727 0.4 0.751004016064257 0.4015625 0.7590361445783133 0.4046875 0.7630522088353414 0.4046875 0.785140562248996 0.4078125 0.7871485943775101 0.4140625 0.7991967871485943 0.425 0.8092369477911646 0.428125 0.8172690763052208 0.4375 0.8293172690763052 0.44375 0.8333333333333334 0.4421875 0.8514056224899599 0.434375 0.8614457831325302 0.43125 0.8694779116465864 0.428125 0.8714859437751004 0.428125 0.8775100401606426 0.425 0.8815261044176707 0.425 0.9216867469879518 0.43125 0.9357429718875502 0.43125 0.9477911646586346 0.428125 0.9518072289156626 0.428125 0.9578313253012049 0.4328125 0.9578313253012049 0.4359375 0.9518072289156626 0.4359375 0.9417670682730924 0.44375 0.9236947791164659 0.44375 0.9116465863453815 0.4484375 0.8995983935742972 0.45 0.8855421686746988 0.4578125 0.8694779116465864 0.4609375 0.8734939759036144 0.4609375 0.8875502008032129 0.45625 0.891566265060241 0.4578125 0.8995983935742972 0.4625 0.8955823293172691 0.4640625 0.8815261044176707 0.4671875 0.8775100401606426 0.4765625 0.8775100401606426 0.478125 0.8734939759036144 0.484375 0.8734939759036144 0.4875 0.8694779116465864 0.5015625 0.8714859437751004 0.5125 0.8875502008032129 0.515625 0.8875502008032129 0.5171875 0.8835341365461847 0.53125 0.8835341365461847 0.5328125 0.8734939759036144 0.5140625 0.8313253012048193 0.5140625 0.8132530120481928 0.509375 0.7991967871485943 0.5109375 0.7891566265060241 0.503125 0.7811244979919679 0.503125 0.7771084337349398 0.5078125 0.7690763052208835 0.5140625 0.7650602409638554 0.5203125 0.7550200803212851 0.528125 0.751004016064257 0.5296875 0.7469879518072289 0.5390625 0.7429718875502008 0.559375 0.7248995983935743 0.575 0.7168674698795181 0.578125 0.7128514056224899 0.59375 0.7068273092369478 0.596875 0.7028112449799196 0.6078125 0.6987951807228916 0.61875 0.6907630522088354 0.6296875 0.6887550200803213 0.653125 0.6767068273092369 0.646875 0.6706827309236948 0.61875 0.6706827309236948 0.6015625 0.6827309236947792 0.5984375 0.6827309236947792 0.5953125 0.6867469879518072 0.5921875 0.6867469879518072 0.5890625 0.6907630522088354 0.584375 0.6907630522088354 0.5671875 0.7008032128514057 0.5640625 0.7048192771084337 0.553125 0.7088353413654619 0.515625 0.7349397590361446 0.5140625 0.7289156626506024 0.51875 0.7188755020080321 0.521875 0.7168674698795181 0.521875 0.7128514056224899 0.546875 0.6807228915662651 0.5625 0.6686746987951807 0.575 0.6506024096385542 0.5859375 0.642570281124498 0.596875 0.6285140562248996 0.609375 0.6184738955823293 0.6125 0.6184738955823293 0.6140625 0.6144578313253012 0.6234375 0.6104417670682731 0.625 0.606425702811245 0.6328125 0.6024096385542169 0.6484375 0.5883534136546185 0.6609375 0.5823293172690763 0.6671875 0.572289156626506 0.665625 0.5662650602409639 0.6640625 0.5662650602409639 0.6421875 0.5783132530120482 0.640625 0.5823293172690763
3 0.275 0.5080321285140562 0.2609375 0.5080321285140562 0.25625 0.5 0.2515625 0.4979919678714859 0.23125 0.4979919678714859 0.2296875 0.5080321285140562 0.2421875 0.5180722891566265 0.2640625 0.5220883534136547 0.271875 0.5281124497991968 0.275 0.5240963855421686 0.2734375 0.5200803212851406 0.2765625 0.5160642570281124 0.28125 0.5200803212851406 0.28125 0.5240963855421686 0.290625 0.536144578313253 0.29375 0.536144578313253 0.2984375 0.5421686746987951 0.2953125 0.5461847389558233 0.2921875 0.5461847389558233 0.2890625 0.5421686746987951 0.2828125 0.5421686746987951 0.278125 0.5381526104417671 0.2734375 0.5381526104417671 0.26875 0.5341365461847389 0.2640625 0.5341365461847389 0.259375 0.5301204819277109 0.25 0.5281124497991968 0.2390625 0.5200803212851406 0.2296875 0.5200803212851406 0.2296875 0.536144578313253 0.24375 0.5441767068273092 0.25 0.5441767068273092 0.259375 0.5502008032128514 0.2640625 0.5502008032128514 0.275 0.5582329317269076 0.28125 0.5582329317269076 0.284375 0.5622489959839357 0.3 0.5662650602409639 0.3046875 0.570281124497992 0.33125 0.5803212851405622 0.3390625 0.5883534136546185 0.3390625 0.5923694779116466 0.3421875 0.5943775100401606 0.3421875 0.5983935742971888 0.3453125 0.6004016064257028 0.346875 0.606425702811245 0.353125 0.608433734939759 0.353125 0.6204819277108434 0.359375 0.6285140562248996 0.359375 0.6365461847389559 0.3625 0.6465863453815262 0.365625 0.6485943775100401 0.3703125 0.6626506024096386 0.3734375 0.6646586345381527 0.3734375 0.6706827309236948 0.3828125 0.6987951807228916 0.3765625 0.7008032128514057 0.375 0.6967871485943775 0.3703125 0.6947791164658634 0.3578125 0.678714859437751 0.35 0.6726907630522089 0.346875 0.6726907630522089 0.346875 0.6807228915662651 0.35 0.6887550200803213 0.3578125 0.6927710843373494 0.365625 0.7068273092369478 0.39375 0.7409638554216867 0.403125 0.7630522088353414 0.4046875 0.785140562248996 0.4078125 0.7911646586345381 0.4375 0.8293172690763052 0.44375 0.8333333333333334 0.44375 0.8453815261044176 0.440625 0.8534136546184738 0.4328125 0.8634538152610441 0.43125 0.8694779116465864 0.428125 0.8714859437751004 0.428125 0.8775100401606426 0.425 0.8815261044176707 0.425 0.9216867469879518 0.43125 0.9357429718875502 0.43125 0.9477911646586346 0.428125 0.9518072289156626 0.428125 0.9578313253012049 0.43125 0.9578313253012049 0.4359375 0.9518072289156626 0.4359375 0.9417670682730924 0.44375 0.9236947791164659 0.44375 0.9136546184738956 0.4484375 0.9036144578313253 0.4484375 0.891566265060241 0.4578125 0.8714859437751004 0.459375 0.8734939759036144 0.459375 0.8875502008032129 0.45625 0.8895582329317269 0.45625 0.8995983935742972 0.4609375 0.8995983935742972 0.4640625 0.8955823293172691 0.4640625 0.8835341365461847 0.46875 0.8775100401606426 0.4796875 0.8775100401606426 0.48125 0.8734939759036144 0.4859375 0.8734939759036144 0.4890625 0.8694779116465864 0.4984375 0.8694779116465864 0.5125 0.8855421686746988 0.5125 0.8895582329317269 0.515625 0.8895582329317269 0.51875 0.8835341365461847 0.528125 0.8835341365461847 0.5296875 0.8855421686746988 0.5328125 0.8815261044176707 0.534375 0.8775100401606426 0.528125 0.8654618473895582 0.528125 0.8594377510040161 0.521875 0.8453815261044176 0.51875 0.8433734939759037 0.5140625 0.8293172690763052 0.5140625 0.8112449799196787 0.509375 0.7991967871485943 0.5109375 0.7891566265060241 0.5046875 0.7831325301204819 0.503125 0.7791164658634538 0.5046875 0.7751004016064257 0.5203125 0.7550200803212851 0.53125 0.7469879518072289 0.534375 0.7469879518072289 0.559375 0.7248995983935743 0.575 0.7168674698795181 0.578125 0.7128514056224899 0.5953125 0.7068273092369478 0.5984375 0.7028112449799196 0.6015625 0.7028112449799196 0.61875 0.6907630522088354 0.65 0.6807228915662651 0.653125 0.6746987951807228 0.6484375 0.6706827309236948 0.6234375 0.6686746987951807 0.6171875 0.6706827309236948 0.59375 0.6867469879518072 0.590625 0.6867469879518072 0.5875 0.6907630522088354 0.5796875 0.6927710843373494 0.5625 0.7048192771084337 0.559375 0.7048192771084337 0.55625 0.7088353413654619 0.54375 0.714859437751004 0.528125 0.7269076305220884 0.525 0.7269076305220884 0.51875 0.7329317269076305 0.5140625 0.7309236947791165 0.51875 0.7188755020080321 0.546875 0.6807228915662651 0.5625 0.6686746987951807 0.571875 0.6546184738955824 0.5890625 0.6405622489959839 0.6015625 0.6244979919678715 0.6125 0.6184738955823293 0.6203125 0.6104417670682731 0.6234375 0.6104417670682731 0.64375 0.5923694779116466 0.6609375 0.5843373493975904 0.66875 0.572289156626506 0.671875 0.5742971887550201 0.671875 0.5783132530120482 0.675 0.5783132530120482 0.6765625 0.5763052208835341 0.6765625 0.5642570281124498 0.6609375 0.5642570281124498 0.653125 0.572289156626506 0.646875 0.5742971887550201 0.634375 0.5863453815261044 0.625 0.5903614457831325 0.61875 0.5963855421686747 0.615625 0.5963855421686747 0.596875 0.6124497991967871 0.58125 0.6285140562248996 0.575 0.6385542168674698 0.565625 0.6445783132530121 0.5375 0.6827309236947792 0.5265625 0.6927710843373494 0.5015625 0.7309236947791165 0.4984375 0.7289156626506024 0.496875 0.7188755020080321 0.4953125 0.7269076305220884 0.4921875 0.7309236947791165 0.4890625 0.7309236947791165 0.48125 0.7248995983935743 0.48125 0.7208835341365462 0.4859375 0.7168674698795181 0.484375 0.7128514056224899 0.48125 0.7108433734939759 0.478125 0.714859437751004 0.4765625 0.7128514056224899 0.478125 0.7048192771084337 0.4875 0.7028112449799196 0.4890625 0.6967871485943775 0.4875 0.6887550200803213 0.484375 0.6887550200803213 0.48125 0.6847389558232931 0.4828125 0.6746987951807228 0.48125 0.6706827309236948 0.4703125 0.6646586345381527 0.453125 0.6385542168674698 0.4453125 0.6345381526104418 0.4421875 0.6285140562248996 0.425 0.6164658634538153 0.4234375 0.6124497991967871 0.4078125 0.6044176706827309 0.4 0.5963855421686747 0.39375 0.5963855421686747 0.3890625 0.5903614457831325 0.3828125 0.5903614457831325 0.3765625 0.5843373493975904 0.3578125 0.5742971887550201 0.3453125 0.572289156626506 0.3140625 0.5261044176706827 0.2921875 0.5100401606425703 0.2828125 0.5100401606425703 0.2796875 0.5060240963855421 0.278125 0.5080321285140562 0.2765625 0.5140562248995983 0.275 0.5080321285140562
3 0.2296875 0.5220883534136547 0.2296875 0.5341365461847389 0.2359375 0.5401606425702812 0.2421875 0.5401606425702812 0.278125 0.5582329317269076 0.2828125 0.5582329317269076 0.2953125 0.5662650602409639 0.3234375 0.5763052208835341 0.3421875 0.5903614457831325 0.346875 0.606425702811245 0.35 0.606425702811245 0.353125 0.6104417670682731 0.353125 0.6204819277108434 0.35625 0.6224899598393574 0.35625 0.6265060240963856 0.359375 0.6305220883534136 0.359375 0.6405622489959839 0.365625 0.6506024096385542 0.3703125 0.6646586345381527 0.3734375 0.6666666666666666 0.3734375 0.6726907630522089 0.3828125 0.6947791164658634 0.3828125 0.7028112449799196 0.3796875 0.7048192771084337 0.3671875 0.6927710843373494 0.3609375 0.6827309236947792 0.353125 0.6767068273092369 0.35 0.678714859437751 0.3515625 0.6887550200803213 0.35625 0.6907630522088354 0.3625 0.7028112449799196 0.39375 0.7409638554216867 0.4109375 0.7730923694779116 0.415625 0.7710843373493976 0.41875 0.7730923694779116 0.41875 0.7650602409638554 0.4125 0.748995983935743 0.40625 0.7429718875502008 0.3984375 0.7269076305220884 0.3984375 0.714859437751004 0.3953125 0.7108433734939759 0.3953125 0.7028112449799196 0.3890625 0.6907630522088354 0.3890625 0.6867469879518072 0.3859375 0.6827309236947792 0.384375 0.6666666666666666 0.38125 0.6646586345381527 0.38125 0.6566265060240963 0.36875 0.6325301204819277 0.3640625 0.6164658634538153 0.35625 0.608433734939759 0.3546875 0.5963855421686747 0.3625 0.5943775100401606 0.3828125 0.606425702811245 0.3875 0.606425702811245 0.3984375 0.6204819277108434 0.4140625 0.6244979919678715 0.4234375 0.6325301204819277 0.4265625 0.6325301204819277 0.43125 0.6405622489959839 0.440625 0.642570281124498 0.4484375 0.6546184738955824 0.4515625 0.6546184738955824 0.4625 0.6686746987951807 0.4703125 0.6746987951807228 0.471875 0.6746987951807228 0.4703125 0.6686746987951807 0.4625 0.6626506024096386 0.4609375 0.6546184738955824 0.453125 0.642570281124498 0.4375 0.6305220883534136 0.43125 0.6224899598393574 0.4203125 0.6164658634538153 0.41875 0.6124497991967871 0.403125 0.6044176706827309 0.390625 0.5943775100401606 0.371875 0.5863453815261044 0.3625 0.5783132530120482 0.3453125 0.572289156626506 0.3234375 0.5481927710843374 0.3203125 0.5502008032128514 0.321875 0.5542168674698795 0.3203125 0.5562248995983936 0.315625 0.5562248995983936 0.3109375 0.5522088353413654 0.3046875 0.5522088353413654 0.296875 0.5461847389558233 0.290625 0.5461847389558233 0.2859375 0.5421686746987951 0.275 0.5401606425702812 0.2359375 0.5220883534136547 0.234375 0.5220883534136547 0.23125 0.5200803212851406 0.2296875 0.5220883534136547
3 0.6265625 0.5943775100401606 0.615625 0.5983935742971888 0.60625 0.608433734939759 0.5984375 0.6124497991967871 0.596875 0.6164658634538153 0.58125 0.6305220883534136 0.571875 0.642570281124498 0.5671875 0.6445783132530121 0.5421875 0.678714859437751 0.5265625 0.6947791164658634 0.515625 0.7128514056224899 0.5125 0.714859437751004 0.509375 0.7248995983935743 0.4984375 0.7389558232931727 0.4953125 0.7389558232931727 0.4921875 0.7429718875502008 0.4890625 0.7550200803212851 0.4828125 0.7630522088353414 0.4765625 0.7811244979919679 0.4703125 0.7871485943775101 0.471875 0.7911646586345381 0.46875 0.7971887550200804 0.46875 0.8072289156626506 0.4640625 0.8112449799196787 0.459375 0.8232931726907631 0.4484375 0.8232931726907631 0.4390625 0.8112449799196787 0.4328125 0.8072289156626506 0.425 0.7831325301204819 0.421875 0.7791164658634538 0.415625 0.7550200803212851 0.403125 0.7389558232931727 0.39375 0.7188755020080321 0.3953125 0.7128514056224899 0.39375 0.7028112449799196 0.390625 0.7008032128514057 0.3890625 0.7048192771084337 0.3828125 0.7088353413654619 0.3703125 0.6967871485943775 0.3609375 0.6827309236947792 0.353125 0.678714859437751 0.3515625 0.6746987951807228 0.3515625 0.6867469879518072 0.353125 0.6907630522088354 0.35625 0.6907630522088354 0.3625 0.6967871485943775 0.365625 0.7068273092369478 0.3890625 0.7329317269076305 0.39375 0.7429718875502008 0.396875 0.7449799196787149 0.396875 0.748995983935743 0.4046875 0.7650602409638554 0.4046875 0.7831325301204819 0.4109375 0.7951807228915663 0.4203125 0.8032128514056225 0.428125 0.8172690763052208 0.4375 0.8293172690763052 0.4421875 0.8313253012048193 0.4453125 0.8373493975903614 0.4390625 0.8554216867469879 0.434375 0.8594377510040161 0.425 0.8795180722891566 0.425 0.9216867469879518 0.43125 0.9357429718875502 0.43125 0.9477911646586346 0.428125 0.9518072289156626 0.428125 0.9598393574297188 0.4296875 0.9598393574297188 0.4359375 0.9518072289156626 0.4359375 0.9417670682730924 0.44375 0.9236947791164659 0.44375 0.9096385542168675 0.446875 0.9056224899598394 0.446875 0.8975903614457831 0.453125 0.8775100401606426 0.453125 0.8714859437751004 0.4609375 0.8554216867469879 0.465625 0.8594377510040161 0.4640625 0.8634538152610441 0.4703125 0.8614457831325302 0.475 0.8654618473895582 0.4734375 0.8694779116465864 0.4671875 0.8714859437751004 0.4625 0.8674698795180723 0.4625 0.8775100401606426 0.4734375 0.8755020080321285 0.475 0.8714859437751004 0.484375 0.8734939759036144 0.4890625 0.8694779116465864 0.4984375 0.8694779116465864 0.5125 0.8855421686746988 0.5125 0.8895582329317269 0.515625 0.8895582329317269 0.5203125 0.8815261044176707 0.53125 0.8835341365461847 0.5328125 0.8734939759036144 0.528125 0.8654618473895582 0.528125 0.8594377510040161 0.525 0.8514056224899599 0.5171875 0.8433734939759037 0.5171875 0.8373493975903614 0.5140625 0.8313253012048193 0.5140625 0.8112449799196787 0.509375 0.8012048192771084 0.5109375 0.7891566265060241 0.5015625 0.7811244979919679 0.503125 0.7751004016064257 0.5109375 0.7650602409638554 0.5296875 0.7469879518072289 0.5390625 0.7429718875502008 0.5640625 0.7208835341365462 0.56875 0.7208835341365462 0.578125 0.7128514056224899 0.5859375 0.7108433734939759 0.5890625 0.7068273092369478 0.59375 0.7068273092369478 0.596875 0.7028112449799196 0.6 0.7028112449799196 0.6171875 0.6907630522088354 0.628125 0.6887550200803213 0.6515625 0.6767068273092369 0.6515625 0.6746987951807228 0.640625 0.6706827309236948 0.6203125 0.6706827309236948 0.603125 0.6827309236947792 0.5984375 0.6827309236947792 0.5890625 0.6907630522088354 0.5734375 0.6967871485943775 0.5515625 0.7128514056224899 0.54375 0.714859437751004 0.5421875 0.7188755020080321 0.5390625 0.7188755020080321 0.53125 0.7269076305220884 0.5265625 0.7269076305220884 0.525 0.7309236947791165 0.5140625 0.7389558232931727 0.509375 0.7349397590361446 0.521875 0.7128514056224899 0.534375 0.6987951807228916 0.540625 0.6867469879518072 0.559375 0.6706827309236948 0.5734375 0.6506024096385542 0.584375 0.642570281124498 0.6015625 0.6224899598393574 0.6125 0.6164658634538153 0.6234375 0.606425702811245 0.6265625 0.606425702811245 0.6328125 0.5983935742971888 0.64375 0.5923694779116466 0.6578125 0.5803212851405622 0.6625 0.572289156626506 0.6484375 0.5742971887550201 0.6484375 0.5763052208835341 0.628125 0.5903614457831325 0.6265625 0.5943775100401606
3 0.2453125 0.4919678714859438 0.23125 0.4919678714859438 0.2265625 0.4979919678714859 0.2265625 0.5100401606425703 0.23125 0.5160642570281124 0.228125 0.5321285140562249 0.23125 0.5381526104417671 0.240625 0.5441767068273092 0.2484375 0.5441767068273092 0.25625 0.5502008032128514 0.265625 0.5522088353413654 0.2734375 0.5582329317269076 0.2796875 0.5582329317269076 0.2828125 0.5622489959839357 0.2875 0.5622489959839357 0.2921875 0.5662650602409639 0.296875 0.5662650602409639 0.3078125 0.572289156626506 0.3140625 0.572289156626506 0.3171875 0.5763052208835341 0.334375 0.5843373493975904 0.340625 0.5983935742971888 0.35 0.6124497991967871 0.35 0.6164658634538153 0.359375 0.6345381526104418 0.359375 0.6405622489959839 0.3734375 0.6686746987951807 0.3734375 0.6746987951807228 0.3765625 0.678714859437751 0.3765625 0.6867469879518072 0.3796875 0.6947791164658634 0.3734375 0.6967871485943775 0.371875 0.6927710843373494 0.3671875 0.6907630522088354 0.3640625 0.6847389558232931 0.35 0.6706827309236948 0.3453125 0.6726907630522089 0.346875 0.6867469879518072 0.3546875 0.6907630522088354 0.39375 0.7409638554216867 0.403125 0.7650602409638554 0.4046875 0.785140562248996 0.4078125 0.7911646586345381 0.4375 0.8293172690763052 0.44375 0.8333333333333334 0.44375 0.8493975903614458 0.428125 0.8714859437751004 0.428125 0.8795180722891566 0.425 0.8855421686746988 0.425 0.9216867469879518 0.428125 0.9257028112449799 0.428125 0.9317269076305221 0.43125 0.9337349397590361 0.43125 0.9497991967871486 0.428125 0.9538152610441767 0.4328125 0.9558232931726908 0.4359375 0.9477911646586346 0.4359375 0.9377510040160643 0.4390625 0.9357429718875502 0.44375 0.9216867469879518 0.44375 0.9116465863453815 0.446875 0.9056224899598394 0.4484375 0.8895582329317269 0.45625 0.8694779116465864 0.4609375 0.8734939759036144 0.4609375 0.8835341365461847 0.4625 0.8855421686746988 0.4625 0.891566265060241 0.459375 0.893574297188755 0.4578125 0.891566265060241 0.4578125 0.8955823293172691 0.4640625 0.893574297188755 0.4640625 0.8835341365461847 0.46875 0.8775100401606426 0.4796875 0.8775100401606426 0.4890625 0.8694779116465864 0.4984375 0.8694779116465864 0.5140625 0.8895582329317269 0.51875 0.8835341365461847 0.53125 0.8835341365461847 0.5328125 0.8815261044176707 0.534375 0.8775100401606426 0.528125 0.8654618473895582 0.5265625 0.8534136546184738 0.51875 0.8433734939759037 0.5140625 0.8293172690763052 0.5140625 0.8092369477911646 0.5109375 0.8052208835341366 0.509375 0.7971887550200804 0.5109375 0.7891566265060241 0.503125 0.7791164658634538 0.5046875 0.7730923694779116 0.5109375 0.7650602409638554 0.51875 0.7590361445783133 0.528125 0.7469879518072289 0.53125 0.7469879518072289 0.5546875 0.7309236947791165 0.5578125 0.7248995983935743 0.5671875 0.7208835341365462 0.5703125 0.7168674698795181 0.575 0.7168674698795181 0.5765625 0.7128514056224899 0.6 0.7028112449799196 0.615625 0.6907630522088354 0.6265625 0.6887550200803213 0.63125 0.6847389558232931 0.6359375 0.6847389558232931 0.6515625 0.6767068273092369 0.6484375 0.6726907630522089 0.640625 0.6706827309236948 0.6203125 0.6706827309236948 0.6046875 0.6827309236947792 0.6 0.6827309236947792 0.590625 0.6907630522088354 0.575 0.6967871485943775 0.571875 0.7008032128514057 0.56875 0.7008032128514057 0.5515625 0.7128514056224899 0.54375 0.714859437751004 0.5375 0.7228915662650602 0.528125 0.7269076305220884 0.515625 0.7369477911646586 0.5125 0.7349397590361446 0.5140625 0.7269076305220884 0.521875 0.7128514056224899 0.546875 0.6807228915662651 0.559375 0.6706827309236948 0.578125 0.6465863453815262 0.5859375 0.642570281124498 0.59375 0.6305220883534136 0.6234375 0.606425702811245 0.6265625 0.606425702811245 0.6359375 0.5963855421686747 0.65 0.5883534136546185 0.659375 0.5803212851405622 0.6640625 0.572289156626506 0.6609375 0.5682730923694779 0.6515625 0.572289156626506 0.6359375 0.5863453815261044 0.6265625 0.5903614457831325 0.6203125 0.5963855421686747 0.615625 0.5963855421686747 0.6046875 0.608433734939759 0.596875 0.6124497991967871 0.5921875 0.6204819277108434 0.5875 0.6224899598393574 0.571875 0.642570281124498 0.5671875 0.6445783132530121 0.5453125 0.6746987951807228 0.5265625 0.6927710843373494 0.51875 0.7088353413654619 0.509375 0.7188755020080321 0.509375 0.7228915662650602 0.5015625 0.7329317269076305 0.4984375 0.7289156626506024 0.4984375 0.7188755020080321 0.490625 0.7068273092369478 0.490625 0.6927710843373494 0.4828125 0.6827309236947792 0.4875 0.6746987951807228 0.484375 0.6746987951807228 0.48125 0.6706827309236948 0.48125 0.6666666666666666 0.4734375 0.6666666666666666 0.465625 0.6586345381526104 0.4640625 0.6526104417670683 0.45625 0.642570281124498 0.459375 0.6385542168674698 0.459375 0.6345381526104418 0.45625 0.6385542168674698 0.453125 0.6385542168674698 0.446875 0.6345381526104418 0.440625 0.6244979919678715 0.4359375 0.6244979919678715 0.4203125 0.608433734939759 0.4171875 0.608433734939759 0.4125 0.5983935742971888 0.4078125 0.6024096385542169 0.4046875 0.5943775100401606 0.4125 0.5923694779116466 0.4015625 0.5883534136546185 0.3984375 0.5843373493975904 0.3984375 0.5742971887550201 0.3921875 0.572289156626506 0.3890625 0.5682730923694779 0.39375 0.5622489959839357 0.3984375 0.5602409638554217 0.4015625 0.5642570281124498 0.3984375 0.5682730923694779 0.4015625 0.5682730923694779 0.4046875 0.572289156626506 0.40625 0.570281124497992 0.4046875 0.5642570281124498 0.396875 0.5582329317269076 0.3984375 0.5481927710843374 0.3953125 0.5421686746987951 0.3953125 0.5281124497991968 0.3921875 0.5200803212851406 0.3828125 0.5160642570281124 0.38125 0.5240963855421686 0.384375 0.5321285140562249 0.3921875 0.5341365461847389 0.390625 0.5401606425702812 0.3859375 0.5421686746987951 0.3828125 0.5481927710843374 0.3859375 0.5642570281124498 0.3859375 0.5763052208835341 0.3828125 0.5783132530120482 0.38125 0.5682730923694779 0.3734375 0.5662650602409639 0.3671875 0.5682730923694779 0.3640625 0.5763052208835341 0.359375 0.5763052208835341 0.346875 0.572289156626506 0.3375 0.5602409638554217 0.3234375 0.5321285140562249 0.3125 0.5200803212851406 0.309375 0.5200803212851406 0.3078125 0.5160642570281124 0.2984375 0.5100401606425703 0.29375 0.5040160642570282 0.2859375 0.5020080321285141 0.284375 0.5020080321285141 0.2640625 0.5 0.2453125 0.4919678714859438
3 0.571875 0.642570281124498 0.5671875 0.6445783132530121 0.5421875 0.678714859437751 0.5359375 0.6827309236947792 0.5125 0.714859437751004 0.5 0.7369477911646586 0.4953125 0.7409638554216867 0.490625 0.7550200803212851 0.4828125 0.7650602409638554 0.475 0.7911646586345381 0.4765625 0.8072289156626506 0.471875 0.8112449799196787 0.4734375 0.8152610441767069 0.4765625 0.8132530120481928 0.478125 0.8152610441767069 0.4765625 0.8253012048192772 0.4671875 0.8333333333333334 0.4640625 0.8313253012048193 0.4609375 0.8333333333333334 0.4578125 0.8373493975903614 0.4546875 0.8353413654618473 0.45625 0.8313253012048193 0.45 0.8333333333333334 0.44375 0.8313253012048193 0.4546875 0.8453815261044176 0.4640625 0.8514056224899599 0.465625 0.8554216867469879 0.4765625 0.8614457831325302 0.484375 0.8734939759036144 0.4875 0.8694779116465864 0.496875 0.8674698795180723 0.50625 0.8775100401606426 0.5125 0.8895582329317269 0.515625 0.8895582329317269 0.515625 0.8855421686746988 0.5203125 0.8795180722891566 0.525 0.8835341365461847 0.53125 0.8835341365461847 0.5328125 0.8734939759036144 0.5265625 0.8614457831325302 0.525 0.8534136546184738 0.5171875 0.8433734939759037 0.5140625 0.8333333333333334 0.5140625 0.8112449799196787 0.509375 0.8012048192771084 0.5109375 0.7891566265060241 0.5015625 0.7791164658634538 0.5203125 0.7550200803212851 0.5328125 0.7449799196787149 0.5390625 0.7429718875502008 0.55 0.7329317269076305 0.553125 0.7329317269076305 0.559375 0.7248995983935743 0.575 0.7168674698795181 0.578125 0.7128514056224899 0.5953125 0.7068273092369478 0.6171875 0.6907630522088354 0.6296875 0.6887550200803213 0.6515625 0.6767068273092369 0.6515625 0.6746987951807228 0.640625 0.6706827309236948 0.6203125 0.6706827309236948 0.603125 0.6827309236947792 0.5984375 0.6827309236947792 0.5890625 0.6907630522088354 0.5734375 0.6967871485943775 0.5640625 0.7048192771084337 0.546875 0.7128514056224899 0.53125 0.7269076305220884 0.5265625 0.7269076305220884 0.5171875 0.7369477911646586 0.5125 0.7389558232931727 0.509375 0.7349397590361446 0.5140625 0.7289156626506024 0.515625 0.7228915662650602 0.534375 0.6987951807228916 0.5421875 0.6847389558232931 0.5578125 0.6726907630522089 0.5734375 0.6506024096385542 0.584375 0.642570281124498 0.6015625 0.6224899598393574 0.6125 0.6164658634538153 0.6234375 0.606425702811245 0.6265625 0.606425702811245 0.628125 0.6024096385542169 0.64375 0.5923694779116466 0.6609375 0.5763052208835341 0.659375 0.572289156626506 0.65 0.5742971887550201 0.6375 0.5863453815261044 0.634375 0.5863453815261044 0.6265625 0.5943775100401606 0.6109375 0.6024096385542169 0.60625 0.608433734939759 0.5984375 0.6124497991967871 0.5984375 0.6144578313253012 0.5875 0.6224899598393574 0.571875 0.642570281124498
3 0.3984375 0.6204819277108434 0.3984375 0.6224899598393574 0.4015625 0.6265060240963856 0.4015625 0.6224899598393574 0.3984375 0.6204819277108434
3 0.4 0.6325301204819277 0.4046875 0.642570281124498 0.4078125 0.6385542168674698 0.4078125 0.6345381526104418 0.4015625 0.6265060240963856 0.4 0.6325301204819277
3 0.2296875 0.5341365461847389 0.2359375 0.5401606425702812 0.25625 0.5461847389558233 0.2609375 0.5502008032128514 0.265625 0.5502008032128514 0.26875 0.5542168674698795 0.2734375 0.5542168674698795 0.2765625 0.5582329317269076 0.2828125 0.5582329317269076 0.2953125 0.5662650602409639 0.3 0.5662650602409639 0.3046875 0.570281124497992 0.33125 0.5803212851405622 0.346875 0.5923694779116466 0.346875 0.6004016064257028 0.353125 0.6004016064257028 0.3546875 0.5943775100401606 0.3625 0.5943775100401606 0.3890625 0.608433734939759 0.3984375 0.6204819277108434 0.4015625 0.6204819277108434 0.4046875 0.6244979919678715 0.4125 0.6244979919678715 0.41875 0.6285140562248996 0.4296875 0.642570281124498 0.4390625 0.6445783132530121 0.45 0.6566265060240963 0.4578125 0.6666666666666666 0.4609375 0.6746987951807228 0.465625 0.678714859437751 0.46875 0.6867469879518072 0.475 0.6947791164658634 0.4796875 0.6967871485943775 0.4796875 0.6807228915662651 0.475 0.6706827309236948 0.4640625 0.6626506024096386 0.4609375 0.6526104417670683 0.45 0.6385542168674698 0.421875 0.6144578313253012 0.3953125 0.5963855421686747 0.371875 0.5863453815261044 0.3546875 0.5742971887550201 0.35 0.5742971887550201 0.3390625 0.5682730923694779 0.33125 0.5562248995983936 0.321875 0.5481927710843374 0.3234375 0.5542168674698795 0.321875 0.5562248995983936 0.315625 0.5562248995983936 0.3140625 0.5522088353413654 0.30625 0.5522088353413654 0.303125 0.5481927710843374 0.2921875 0.5461847389558233 0.2875 0.5421686746987951 0.28125 0.5421686746987951 0.2765625 0.5381526104417671 0.2703125 0.5381526104417671 0.234375 0.5200803212851406 0.2328125 0.5200803212851406 0.2296875 0.5220883534136547 0.2296875 0.5341365461847389
3 0.2296875 0.5220883534136547 0.2296875 0.5341365461847389 0.2359375 0.5401606425702812 0.2421875 0.5401606425702812 0.278125 0.5582329317269076 0.2828125 0.5582329317269076 0.2953125 0.5662650602409639 0.3 0.5662650602409639 0.3046875 0.570281124497992 0.33125 0.5803212851405622 0.334375 0.5843373493975904 0.34375 0.5883534136546185 0.346875 0.5923694779116466 0.346875 0.6004016064257028 0.35 0.6024096385542169 0.3546875 0.6024096385542169 0.35625 0.5943775100401606 0.3609375 0.5943775100401606 0.38125 0.606425702811245 0.3859375 0.606425702811245 0.396875 0.6204819277108434 0.4 0.6204819277108434 0.403125 0.6244979919678715 0.4125 0.6244979919678715 0.41875 0.6325301204819277 0.4265625 0.6365461847389559 0.43125 0.6465863453815262 0.4390625 0.6465863453815262 0.44375 0.6546184738955824 0.45 0.6586345381526104 0.45625 0.6706827309236948 0.45625 0.678714859437751 0.4609375 0.6767068273092369 0.475 0.6987951807228916 0.48125 0.6987951807228916 0.4796875 0.6767068273092369 0.4765625 0.6706827309236948 0.465625 0.6626506024096386 0.4640625 0.6566265060240963 0.4609375 0.6546184738955824 0.45625 0.6445783132530121 0.4484375 0.6385542168674698 0.446875 0.6345381526104418 0.4375 0.6265060240963856 0.434375 0.6265060240963856 0.4328125 0.6224899598393574 0.425 0.6184738955823293 0.4203125 0.6124497991967871 0.4046875 0.6044176706827309 0.3953125 0.5963855421686747 0.3875 0.5943775100401606 0.384375 0.5903614457831325 0.371875 0.5863453815261044 0.3625 0.5783132530120482 0.3453125 0.572289156626506 0.328125 0.5562248995983936 0.325 0.5582329317269076 0.3234375 0.5562248995983936 0.315625 0.5562248995983936 0.3109375 0.5522088353413654 0.3046875 0.5522088353413654 0.3015625 0.5481927710843374 0.2703125 0.5381526104417671 0.265625 0.5341365461847389 0.2609375 0.5341365461847389 0.25625 0.5301204819277109 0.2515625 0.5301204819277109 0.2359375 0.5220883534136547 0.234375 0.5220883534136547 0.23125 0.5200803212851406 0.2296875 0.5220883534136547
3 0.3921875 0.5020080321285141 0.3921875 0.4839357429718876 0.3953125 0.4779116465863454 0.39375 0.4538152610441767 0.3953125 0.4497991967871486 0.3890625 0.44377510040160645 0.3953125 0.43775100401606426 0.3984375 0.42570281124497994 0.3984375 0.40963855421686746 0.4015625 0.39959839357429716 0.403125 0.3714859437751004 0.40625 0.3614457831325301 0.40625 0.3413654618473896 0.409375 0.3353413654618474 0.409375 0.3253012048192771 0.4125 0.3152610441767068 0.4109375 0.2971887550200803 0.409375 0.2971887550200803 0.4015625 0.3032128514056225 0.4 0.3092369477911647 0.4 0.3313253012048193 0.396875 0.3393574297188755 0.39375 0.35943775100401604 0.39375 0.37751004016064255 0.390625 0.38353413654618473 0.390625 0.39558232931726905 0.3859375 0.42369477911646586 0.3859375 0.45582329317269077 0.3828125 0.4678714859437751 0.3828125 0.4819277108433735 0.384375 0.4839357429718876 0.3828125 0.4859437751004016 0.3828125 0.4959839357429719 0.3796875 0.4979919678714859 0.3796875 0.5060240963855421 0.3828125 0.5100401606425703 0.3828125 0.5220883534136547 0.38125 0.5240963855421686 0.384375 0.5381526104417671 0.384375 0.5481927710843374 0.3828125 0.5502008032128514 0.3859375 0.5562248995983936 0.384375 0.5642570281124498 0.3859375 0.5662650602409639 0.3875 0.5883534136546185 0.384375 0.5903614457831325 0.371875 0.5803212851405622 0.3765625 0.570281124497992 0.3671875 0.5742971887550201 0.365625 0.5783132530120482 0.3625 0.5783132530120482 0.3421875 0.5682730923694779 0.328125 0.5441767068273092 0.3265625 0.5381526104417671 0.3171875 0.5261044176706827 0.3125 0.5240963855421686 0.3109375 0.5200803212851406 0.2921875 0.5040160642570282 0.2828125 0.5040160642570282 0.275 0.5 0.2609375 0.5 0.253125 0.4939759036144578 0.2453125 0.4919678714859438 0.23125 0.4919678714859438 0.2265625 0.5020080321285141 0.2296875 0.5120481927710844 0.234375 0.5160642570281124 0.2296875 0.5200803212851406 0.2296875 0.536144578313253 0.24375 0.5441767068273092 0.25 0.5441767068273092 0.2578125 0.5502008032128514 0.2625 0.5502008032128514 0.275 0.5582329317269076 0.28125 0.5582329317269076 0.2953125 0.5662650602409639 0.3 0.5662650602409639 0.3078125 0.572289156626506 0.3234375 0.5763052208835341 0.334375 0.5843373493975904 0.35625 0.6265060240963856 0.359375 0.6345381526104418 0.359375 0.6405622489959839 0.3734375 0.6686746987951807 0.38125 0.6967871485943775 0.3796875 0.7008032128514057 0.3765625 0.7008032128514057 0.35 0.6726907630522089 0.3453125 0.6746987951807228 0.3453125 0.6807228915662651 0.35 0.6887550200803213 0.3578125 0.6927710843373494 0.3625 0.7028112449799196 0.39375 0.7409638554216867 0.4046875 0.7650602409638554 0.4046875 0.7811244979919679 0.4109375 0.7931726907630522 0.41875 0.7991967871485943 0.428125 0.8112449799196787 0.4328125 0.821285140562249 0.44375 0.8313253012048193 0.45625 0.8493975903614458 0.4625 0.8514056224899599 0.465625 0.8554216867469879 0.48125 0.857429718875502 0.4875 0.8654618473895582 0.496875 0.8634538152610441 0.50625 0.8694779116465864 0.5078125 0.8674698795180723 0.5125 0.8694779116465864 0.5109375 0.8634538152610441 0.50625 0.8594377510040161 0.509375 0.8554216867469879 0.5125 0.8554216867469879 0.5109375 0.8433734939759037 0.5125 0.8413654618473896 0.5125 0.8132530120481928 0.5046875 0.7931726907630522 0.4953125 0.7971887550200804 0.496875 0.7991967871485943 0.4953125 0.8012048192771084 0.4859375 0.8052208835341366 0.484375 0.8092369477911646 0.4765625 0.8012048192771084 0.478125 0.7971887550200804 0.475 0.7971887550200804 0.4734375 0.8072289156626506 0.4703125 0.8112449799196787 0.4640625 0.8092369477911646 0.45625 0.8232931726907631 0.446875 0.8152610441767069 0.44375 0.8152610441767069 0.434375 0.8052208835341366 0.43125 0.7931726907630522 0.4265625 0.7871485943775101 0.4265625 0.7771084337349398 0.4296875 0.7730923694779116 0.4328125 0.7730923694779116 0.4328125 0.7630522088353414 0.425 0.7610441767068273 0.421875 0.7630522088353414 0.41875 0.7590361445783133 0.41875 0.7550200803212851 0.40625 0.7409638554216867 0.4 0.7289156626506024 0.3984375 0.7128514056224899 0.3953125 0.7088353413654619 0.3953125 0.7008032128514057 0.3890625 0.6887550200803213 0.3890625 0.6807228915662651 0.38125 0.6626506024096386 0.38125 0.6566265060240963 0.371875 0.6405622489959839 0.3609375 0.608433734939759 0.3578125 0.606425702811245 0.3578125 0.5983935742971888 0.3640625 0.5963855421686747 0.38125 0.606425702811245 0.3859375 0.606425702811245 0.4 0.6244979919678715 0.4 0.6305220883534136 0.4046875 0.6405622489959839 0.4078125 0.6345381526104418 0.40625 0.6305220883534136 0.4078125 0.6285140562248996 0.4140625 0.6285140562248996 0.415625 0.6325301204819277 0.425 0.6365461847389559 0.428125 0.6405622489959839 0.428125 0.6465863453815262 0.425 0.6506024096385542 0.421875 0.6485943775100401 0.4203125 0.6526104417670683 0.4265625 0.6526104417670683 0.4328125 0.6586345381526104 0.4390625 0.6526104417670683 0.440625 0.6566265060240963 0.4390625 0.6586345381526104 0.4421875 0.6566265060240963 0.44375 0.6626506024096386 0.45 0.6666666666666666 0.453125 0.6827309236947792 0.459375 0.6827309236947792 0.4625 0.6887550200803213 0.46875 0.6927710843373494 0.4734375 0.7128514056224899 0.4703125 0.7168674698795181 0.4765625 0.7168674698795181 0.48125 0.7228915662650602 0.48125 0.7188755020080321 0.484375 0.714859437751004 0.4828125 0.7068273092369478 0.484375 0.6967871485943775 0.48125 0.6867469879518072 0.4796875 0.6706827309236948 0.46875 0.6646586345381527 0.459375 0.6485943775100401 0.45 0.6365461847389559 0.4453125 0.6345381526104418 0.4421875 0.6285140562248996 0.43125 0.6224899598393574 0.4171875 0.608433734939759 0.4140625 0.608433734939759 0.4109375 0.6024096385542169 0.4078125 0.6044176706827309 0.403125 0.5943775100401606 0.4109375 0.5923694779116466 0.4109375 0.5903614457831325 0.4078125 0.5883534136546185 0.403125 0.5903614457831325 0.3984375 0.5843373493975904 0.4 0.5642570281124498 0.4015625 0.5622489959839357 0.40234375 0.5632530120481928 0.4 0.5582329317269076 0.4015625 0.5502008032128514 0.396875 0.5441767068273092 0.3953125 0.5281124497991968 0.3921875 0.5220883534136547 0.39375 0.5040160642570282 0.3921875 0.5020080321285141
3 0.4234375 0.9136546184738956 0.425 0.9156626506024096 0.425 0.9257028112449799 0.43125 0.9377510040160643 0.43125 0.9437751004016064 0.428125 0.9497991967871486 0.428125 0.9598393574297188 0.43125 0.9598393574297188 0.4359375 0.9518072289156626 0.4359375 0.9417670682730924 0.4421875 0.929718875502008 0.44375 0.9076305220883534 0.446875 0.9036144578313253 0.446875 0.893574297188755 0.45 0.8895582329317269 0.45 0.8795180722891566 0.453125 0.8755020080321285 0.45625 0.8594377510040161 0.459375 0.8554216867469879 0.45625 0.8493975903614458 0.4515625 0.8473895582329317 0.45 0.8493975903614458 0.446875 0.8413654618473896 0.44375 0.8413654618473896 0.44375 0.8433734939759037 0.425 0.8775100401606426 0.4234375 0.9136546184738956
3 0.484375 0.8112449799196787 0.471875 0.8072289156626506 0.4625 0.8152610441767069 0.459375 0.8232931726907631 0.4546875 0.8253012048192772 0.4484375 0.8232931726907631 0.4375 0.8132530120481928 0.4296875 0.8032128514056225 0.428125 0.7971887550200804 0.425 0.7991967871485943 0.41875 0.7891566265060241 0.4125 0.7931726907630522 0.4375 0.8293172690763052 0.44375 0.8333333333333334 0.4453125 0.8393574297188755 0.4640625 0.8554216867469879 0.4765625 0.857429718875502 0.4875 0.8694779116465864 0.496875 0.8674698795180723 0.50625 0.8734939759036144 0.5109375 0.8734939759036144 0.5140625 0.8694779116465864 0.5125 0.8654618473895582 0.5140625 0.8594377510040161 0.5109375 0.8534136546184738 0.5140625 0.8473895582329317 0.5125 0.8413654618473896 0.5140625 0.8393574297188755 0.5140625 0.8112449799196787 0.5078125 0.7991967871485943 0.509375 0.7891566265060241 0.5015625 0.7891566265060241 0.5015625 0.7911646586345381 0.4953125 0.7951807228915663 0.484375 0.8112449799196787
3 0.4078125 0.7871485943775101 0.4109375 0.7951807228915663 0.4171875 0.8032128514056225 0.4203125 0.8032128514056225 0.425 0.8132530120481928 0.44375 0.8353413654618473 0.44375 0.8433734939759037 0.440625 0.8534136546184738 0.43125 0.8654618473895582 0.425 0.8815261044176707 0.425 0.9216867469879518 0.43125 0.9357429718875502 0.43125 0.9477911646586346 0.428125 0.9518072289156626 0.428125 0.9598393574297188 0.4328125 0.9578313253012049 0.4328125 0.9538152610441767 0.4359375 0.9518072289156626 0.4359375 0.9397590361445783 0.44375 0.9236947791164659 0.44375 0.9116465863453815 0.4484375 0.9056224899598394 0.45 0.8815261044176707 0.4546875 0.8734939759036144 0.45625 0.8654618473895582 0.4578125 0.8674698795180723 0.4578125 0.8875502008032129 0.4546875 0.893574297188755 0.4546875 0.9016064257028112 0.4515625 0.9056224899598394 0.4578125 0.9136546184738956 0.4609375 0.9257028112449799 0.4625 0.9196787148594378 0.459375 0.9116465863453815 0.4640625 0.8995983935742972 0.4640625 0.8855421686746988 0.46875 0.8795180722891566 0.48125 0.8775100401606426 0.4828125 0.8734939759036144 0.4984375 0.8714859437751004 0.5078125 0.8815261044176707 0.5125 0.891566265060241 0.515625 0.891566265060241 0.5203125 0.8835341365461847 0.525 0.8835341365461847 0.5296875 0.8875502008032129 0.534375 0.8835341365461847 0.534375 0.8734939759036144 0.528125 0.8614457831325302 0.528125 0.8534136546184738 0.5140625 0.8293172690763052 0.5140625 0.8112449799196787 0.509375 0.7991967871485943 0.5109375 0.7891566265060241 0.503125 0.7871485943775101 0.484375 0.8112449799196787 0.4796875 0.8112449799196787 0.4765625 0.8072289156626506 0.4625 0.8172690763052208 0.4609375 0.8232931726907631 0.45 0.8253012048192772 0.4296875 0.8052208835341366 0.425 0.7891566265060241 0.4109375 0.785140562248996 0.4046875 0.7791164658634538 0.4046875 0.7811244979919679 0.4046875 0.785140562248996 0.4078125 0.7871485943775101
3 0.2875 0.5200803212851406 0.2890625 0.5281124497991968 0.29375 0.5341365461847389 0.30625 0.536144578313253 0.3109375 0.5401606425702812 0.315625 0.5502008032128514 0.3125 0.5542168674698795 0.3015625 0.5522088353413654 0.29375 0.5461847389558233 0.26875 0.5381526104417671 0.265625 0.5341365461847389 0.2546875 0.5321285140562249 0.2359375 0.5220883534136547 0.2296875 0.5240963855421686 0.2296875 0.5341365461847389 0.2359375 0.5401606425702812 0.2421875 0.5401606425702812 0.2609375 0.5502008032128514 0.2671875 0.5502008032128514 0.2703125 0.5542168674698795 0.2859375 0.5582329317269076 0.2890625 0.5622489959839357 0.3125 0.570281124497992 0.33125 0.5803212851405622 0.3390625 0.5903614457831325 0.3390625 0.5943775100401606 0.35 0.6124497991967871 0.353125 0.6244979919678715 0.35625 0.6265060240963856 0.359375 0.6345381526104418 0.359375 0.642570281124498 0.3625 0.6445783132530121 0.3625 0.6485943775100401 0.3765625 0.678714859437751 0.3765625 0.6847389558232931 0.3796875 0.6927710843373494 0.3828125 0.6967871485943775 0.3828125 0.7028112449799196 0.3796875 0.7048192771084337 0.3515625 0.6726907630522089 0.3453125 0.6746987951807228 0.346875 0.6827309236947792 0.35 0.6887550200803213 0.3578125 0.6927710843373494 0.3625 0.7028112449799196 0.39375 0.7409638554216867 0.4078125 0.7650602409638554 0.4125 0.7650602409638554 0.4140625 0.7590361445783133 0.4109375 0.748995983935743 0.4046875 0.7429718875502008 0.3984375 0.7289156626506024 0.3984375 0.714859437751004 0.3890625 0.6927710843373494 0.38125 0.6566265060240963 0.371875 0.6385542168674698 0.3640625 0.6144578313253012 0.35625 0.5983935742971888 0.3578125 0.5943775100401606 0.3671875 0.5943775100401606 0.3703125 0.5983935742971888 0.3734375 0.5983935742971888 0.378125 0.5943775100401606 0.384375 0.5983935742971888 0.3890625 0.5983935742971888 0.390625 0.6024096385542169 0.3921875 0.6004016064257028 0.3890625 0.5963855421686747 0.3828125 0.5963855421686747 0.375 0.5863453815261044 0.3640625 0.5783132530120482 0.35625 0.5783132530120482 0.3546875 0.5742971887550201 0.346875 0.5742971887550201 0.3421875 0.570281124497992 0.334375 0.5542168674698795 0.325 0.5441767068273092 0.3140625 0.5261044176706827 0.2921875 0.5100401606425703 0.290625 0.5100401606425703 0.28125 0.5120481927710844 0.2875 0.5200803212851406
3 0.4828125 0.05220883534136546 0.446875 0.0783132530120482 0.434375 0.0783132530120482 0.4078125 0.09839357429718876 0.40625 0.0963855421686747 0.396875 0.0963855421686747 0.3875 0.10240963855421686 0.3828125 0.10843373493975904 0.3703125 0.10240963855421686 0.353125 0.10441767068273092 0.3484375 0.10843373493975904 0.3453125 0.11646586345381527 0.33125 0.0963855421686747 0.3203125 0.08835341365461848 0.3109375 0.08634538152610442 0.3015625 0.09437751004016064 0.2984375 0.09437751004016064 0.290625 0.08433734939759036 0.2828125 0.08032128514056225 0.278125 0.08433734939759036 0.278125 0.09236947791164658 0.275 0.0963855421686747 0.2703125 0.12048192771084337 0.2625 0.13453815261044177 0.25625 0.13052208835341367 0.25 0.13052208835341367 0.240625 0.13453815261044177 0.2171875 0.13453815261044177 0.20625 0.142570281124498 0.2015625 0.142570281124498 0.19375 0.13654618473895583 0.1859375 0.13654618473895583 0.1734375 0.14457831325301204 0.171875 0.14859437751004015 0.15625 0.1465863453815261 0.1515625 0.14859437751004015 0.134375 0.16666666666666666 0.1203125 0.1646586345381526 0.115625 0.1686746987951807 0.109375 0.1827309236947791 0.1015625 0.20682730923694778 0.1015625 0.21686746987951808 0.0953125 0.23092369477911648 0.090625 0.24899598393574296 0.0875 0.27309236947791166 0.090625 0.285140562248996 0.09375 0.2891566265060241 0.09375 0.29518072289156627 0.090625 0.3032128514056225 0.0859375 0.3092369477911647 0.08125 0.3112449799196787 0.0734375 0.3232931726907631 0.0734375 0.3473895582329317 0.059375 0.35943775100401604 0.05625 0.3674698795180723 0.04375 0.3755020080321285 0.040625 0.3815261044176707 0.04375 0.39156626506024095 0.04375 0.39959839357429716 0.0390625 0.40763052208835343 0.040625 0.41365461847389556 0.046875 0.42168674698795183 0.046875 0.42771084337349397 0.04375 0.4357429718875502 0.05 0.4457831325301205 0.0578125 0.4497991967871486 0.0625 0.44779116465863456 0.090625 0.42168674698795183 0.11875 0.42168674698795183 0.1390625 0.45180722891566266 0.15 0.4598393574297189 0.1515625 0.4738955823293173 0.15625 0.4819277108433735 0.15625 0.5100401606425703 0.159375 0.5160642570281124 0.1640625 0.5180722891566265 0.1703125 0.5261044176706827 0.16875 0.5421686746987951 0.1734375 0.5502008032128514 0.1859375 0.5502008032128514 0.196875 0.5542168674698795 0.2015625 0.5662650602409639 0.2015625 0.5742971887550201 0.19375 0.5863453815261044 0.1921875 0.5923694779116466 0.1890625 0.5943775100401606 0.1859375 0.6044176706827309 0.16875 0.6345381526104418 0.16875 0.6405622489959839 0.1859375 0.6626506024096386 0.2109375 0.6807228915662651 0.2171875 0.6887550200803213 0.2234375 0.6907630522088354 0.23125 0.6987951807228916 0.2390625 0.7028112449799196 0.240625 0.7068273092369478 0.25 0.714859437751004 0.2609375 0.7349397590361446 0.28125 0.7590361445783133 0.29375 0.7610441767068273 0.2984375 0.7650602409638554 0.315625 0.7670682730923695 0.31875 0.7650602409638554 0.3171875 0.751004016064257 0.33125 0.7329317269076305 0.3375 0.7168674698795181 0.3359375 0.7088353413654619 0.3375 0.7008032128514057 0.34375 0.6987951807228916 0.35 0.6927710843373494 0.3578125 0.6947791164658634 0.3859375 0.7309236947791165 0.3875 0.7369477911646586 0.396875 0.748995983935743 0.396875 0.7530120481927711 0.403125 0.7670682730923695 0.4046875 0.7871485943775101 0.44375 0.8353413654618473 0.4421875 0.8514056224899599 0.4359375 0.8594377510040161 0.434375 0.8654618473895582 0.428125 0.8714859437751004 0.428125 0.8775100401606426 0.425 0.8815261044176707 0.425 0.9216867469879518 0.43125 0.9357429718875502 0.4296875 0.9558232931726908 0.43125 0.9558232931726908 0.4359375 0.9477911646586346 0.4359375 0.9417670682730924 0.44375 0.9236947791164659 0.44375 0.9116465863453815 0.4484375 0.9036144578313253 0.446875 0.9016064257028112 0.453125 0.891566265060241 0.45625 0.9036144578313253 0.459375 0.9036144578313253 0.4640625 0.8955823293172691 0.4640625 0.8855421686746988 0.465625 0.8835341365461847 0.484375 0.8734939759036144 0.4875 0.8694779116465864 0.5015625 0.8714859437751004 0.5125 0.8855421686746988 0.528125 0.8835341365461847 0.5296875 0.8855421686746988 0.53125 0.8835341365461847 0.5328125 0.8755020080321285 0.5265625 0.8614457831325302 0.525 0.8493975903614458 0.51875 0.8433734939759037 0.5171875 0.8333333333333334 0.5140625 0.8293172690763052 0.5109375 0.7891566265060241 0.5046875 0.7811244979919679 0.5078125 0.7710843373493976 0.5234375 0.7530120481927711 0.534375 0.7469879518072289 0.559375 0.7248995983935743 0.575 0.7168674698795181 0.578125 0.7128514056224899 0.5875 0.7108433734939759 0.590625 0.7068273092369478 0.6015625 0.7028112449799196 0.61875 0.6907630522088354 0.634375 0.6847389558232931 0.640625 0.6847389558232931 0.6515625 0.678714859437751 0.6546875 0.678714859437751 0.65625 0.6847389558232931 0.6609375 0.6887550200803213 0.675 0.6887550200803213 0.6796875 0.6847389558232931 0.6921875 0.6807228915662651 0.7046875 0.6887550200803213 0.709375 0.6947791164658634 0.709375 0.6987951807228916 0.7125 0.7028112449799196 0.7125 0.7128514056224899 0.7234375 0.7369477911646586 0.728125 0.7349397590361446 0.7296875 0.7269076305220884 0.734375 0.7208835341365462 0.740625 0.7208835341365462 0.75 0.7269076305220884 0.7515625 0.7309236947791165 0.7515625 0.748995983935743 0.746875 0.7610441767068273 0.775 0.7730923694779116 0.7875 0.7730923694779116 0.8 0.7811244979919679 0.8234375 0.7811244979919679 0.828125 0.785140562248996 0.8421875 0.7871485943775101 0.84375 0.7751004016064257 0.846875 0.7690763052208835 0.8453125 0.751004016064257 0.853125 0.7269076305220884 0.8640625 0.7289156626506024 0.8734375 0.7168674698795181 0.8828125 0.7108433734939759 0.8953125 0.7108433734939759 0.9015625 0.7168674698795181 0.9234375 0.7168674698795181 0.9265625 0.7128514056224899 0.9328125 0.7108433734939759 0.934375 0.7068273092369478 0.94375 0.7068273092369478 0.95 0.7028112449799196 0.9546875 0.7028112449799196 0.95625 0.6967871485943775 0.953125 0.6927710843373494 0.953125 0.6887550200803213 0.9609375 0.6807228915662651 0.9625 0.6746987951807228 0.9609375 0.6666666666666666 0.9484375 0.6506024096385542 0.95 0.6385542168674698 0.946875 0.6345381526104418 0.946875 0.6305220883534136 0.9328125 0.6164658634538153 0.9359375 0.606425702811245 0.9328125 0.5963855421686747 0.91875 0.5883534136546185 0.903125 0.5903614457831325 0.8921875 0.5763052208835341 0.8859375 0.5642570281124498 0.884375 0.5562248995983936 0.878125 0.5522088353413654 0.865625 0.5522088353413654 0.859375 0.5461847389558233 0.8453125 0.5461847389558233 0.8390625 0.5522088353413654 0.828125 0.5562248995983936 0.81875 0.5642570281124498 0.8125 0.5742971887550201 0.8015625 0.5823293172690763 0.8 0.5863453815261044 0.7953125 0.5863453815261044 0.7828125 0.5963855421686747 0.7796875 0.5963855421686747 0.7703125 0.608433734939759 0.7515625 0.6224899598393574 0.740625 0.6204819277108434 0.7328125 0.6104417670682731 0.725 0.5883534136546185 0.74375 0.572289156626506 0.753125 0.570281124497992 0.7578125 0.5662650602409639 0.7640625 0.5662650602409639 0.76875 0.5622489959839357 0.7734375 0.5542168674698795 0.7734375 0.5421686746987951 0.7875 0.5240963855421686 0.7921875 0.5120481927710844 0.80625 0.4939759036144578 0.8078125 0.4799196787148594 0.815625 0.46184738955823296 0.815625 0.4538152610441767 0.8109375 0.4457831325301205 0.8171875 0.42771084337349397 0.8171875 0.41967871485943775 0.8109375 0.41164658634538154 0.8109375 0.40763052208835343 0.8140625 0.40160642570281124 0.815625 0.3815261044176707 0.8140625 0.3755020080321285 0.809375 0.36947791164658633 0.8109375 0.3654618473895582 0.8109375 0.3473895582329317 0.80625 0.3373493975903614 0.803125 0.3353413654618474 0.8046875 0.3152610441767068 0.803125 0.3112449799196787 0.79375 0.30120481927710846 0.79375 0.29518072289156627 0.790625 0.2891566265060241 0.7765625 0.28714859437751006 0.765625 0.2710843373493976 0.75625 0.26706827309236947 0.7453125 0.2570281124497992 0.734375 0.25903614457831325 0.728125 0.24899598393574296 0.721875 0.24497991967871485 0.7171875 0.24497991967871485 0.703125 0.25903614457831325 0.6921875 0.24899598393574296 0.6828125 0.25301204819277107 0.6796875 0.2570281124497992 0.6734375 0.2570281124497992 0.6640625 0.24899598393574296 0.659375 0.24899598393574296 0.6515625 0.25502008032128515 0.640625 0.26907630522088355 0.6390625 0.26706827309236947 0.6296875 0.26706827309236947 0.6171875 0.28313253012048195 0.609375 0.28313253012048195 0.6 0.29116465863453816 0.584375 0.2971887550200803 0.578125 0.2971887550200803 0.56875 0.3092369477911647 0.5609375 0.3092369477911647 0.5578125 0.30522088353413657 0.5546875 0.2751004016064257 0.5515625 0.2710843373493976 0.5515625 0.26104417670682734 0.53125 0.23293172690763053 0.53125 0.22289156626506024 0.528125 0.21084337349397592 0.5515625 0.18072289156626506 0.559375 0.16666666666666666 0.5625 0.15863453815261044 0.5625 0.13253012048192772 0.55625 0.11646586345381527 0.55 0.11646586345381527 0.54375 0.11044176706827309 0.53125 0.07429718875502007 0.528125 0.07028112449799197 0.528125 0.06626506024096386 0.5046875 0.03413654618473896 0.503125 0.03413654618473896 0.4984375 0.03413654618473896 0.4828125 0.05220883534136546
3 0.553125 0.6606425702811245 0.553125 0.6646586345381527 0.5453125 0.6746987951807228 0.5390625 0.678714859437751 0.515625 0.7088353413654619 0.50625 0.7269076305220884 0.4921875 0.7469879518072289 0.4890625 0.7570281124497992 0.4828125 0.7670682730923695 0.478125 0.7831325301204819 0.4765625 0.8012048192771084 0.4828125 0.8152610441767069 0.4828125 0.821285140562249 0.4890625 0.8293172690763052 0.49375 0.8313253012048193 0.4984375 0.8393574297188755 0.503125 0.8393574297188755 0.50625 0.8433734939759037 0.5046875 0.8554216867469879 0.515625 0.8554216867469879 0.5109375 0.8313253012048193 0.5125 0.8232931726907631 0.5078125 0.8313253012048193 0.5 0.8333333333333334 0.490625 0.821285140562249 0.490625 0.8032128514056225 0.49375 0.7991967871485943 0.496875 0.7991967871485943 0.4984375 0.7951807228915663 0.5046875 0.7951807228915663 0.5046875 0.7831325301204819 0.5015625 0.7791164658634538 0.5046875 0.7730923694779116 0.5265625 0.748995983935743 0.5390625 0.7429718875502008 0.5640625 0.7208835341365462 0.56875 0.7208835341365462 0.578125 0.7128514056224899 0.5859375 0.7108433734939759 0.5890625 0.7068273092369478 0.5953125 0.7068273092369478 0.6171875 0.6907630522088354 0.628125 0.6887550200803213 0.6328125 0.6847389558232931 0.65 0.678714859437751 0.65 0.6746987951807228 0.640625 0.6706827309236948 0.621875 0.6706827309236948 0.6046875 0.6827309236947792 0.5984375 0.6827309236947792 0.596875 0.6867469879518072 0.5859375 0.6927710843373494 0.58125 0.6927710843373494 0.578125 0.6967871485943775 0.5609375 0.7048192771084337 0.5578125 0.7088353413654619 0.54375 0.714859437751004 0.53125 0.7269076305220884 0.5265625 0.7269076305220884 0.525 0.7309236947791165 0.515625 0.7389558232931727 0.5125 0.7389558232931727 0.5109375 0.7349397590361446 0.5140625 0.7269076305220884 0.521875 0.7168674698795181 0.525 0.7088353413654619 0.546875 0.6807228915662651 0.5546875 0.6767068273092369 0.55625 0.6726907630522089 0.5625 0.6686746987951807 0.5703125 0.6546184738955824 0.5828125 0.6445783132530121 0.6046875 0.6204819277108434 0.6109375 0.6184738955823293 0.61875 0.6104417670682731 0.6265625 0.606425702811245 0.628125 0.6024096385542169 0.65 0.5883534136546185 0.6609375 0.5763052208835341 0.6625 0.572289156626506 0.6609375 0.570281124497992 0.6515625 0.572289156626506 0.625 0.5943775100401606 0.6125 0.6004016064257028 0.5921875 0.6204819277108434 0.5875 0.6224899598393574 0.5875 0.6244979919678715 0.55625 0.6566265060240963 0.553125 0.6606425702811245
3 0.603125 0.6827309236947792 0.5984375 0.6827309236947792 0.5890625 0.6907630522088354 0.5734375 0.6967871485943775 0.5359375 0.7228915662650602 0.5328125 0.7228915662650602 0.53125 0.7269076305220884 0.5265625 0.7269076305220884 0.5140625 0.7389558232931727 0.5046875 0.7429718875502008 0.4984375 0.7409638554216867 0.5 0.751004016064257 0.4984375 0.7550200803212851 0.4921875 0.7610441767068273 0.4890625 0.7610441767068273 0.484375 0.7670682730923695 0.48125 0.7751004016064257 0.48125 0.7831325301204819 0.478125 0.7891566265060241 0.478125 0.8052208835341366 0.48125 0.8092369477911646 0.4828125 0.8172690763052208 0.48125 0.8273092369477911 0.4875 0.8353413654618473 0.484375 0.8373493975903614 0.4875 0.8453815261044176 0.4859375 0.8493975903614458 0.484375 0.8514056224899599 0.48125 0.8493975903614458 0.478125 0.8413654618473896 0.4734375 0.8413654618473896 0.4703125 0.8453815261044176 0.46875 0.8413654618473896 0.4640625 0.8393574297188755 0.459375 0.8413654618473896 0.4625 0.8453815261044176 0.4609375 0.8493975903614458 0.465625 0.8534136546184738 0.465625 0.8594377510040161 0.4625 0.8634538152610441 0.4609375 0.8755020080321285 0.4578125 0.8815261044176707 0.45625 0.9036144578313253 0.4546875 0.9056224899598394 0.4578125 0.9116465863453815 0.4609375 0.9317269076305221 0.4640625 0.9196787148594378 0.4609375 0.9136546184738956 0.4609375 0.9076305220883534 0.4640625 0.9036144578313253 0.4640625 0.891566265060241 0.46875 0.8795180722891566 0.4765625 0.8795180722891566 0.48125 0.8775100401606426 0.4828125 0.8734939759036144 0.4984375 0.8694779116465864 0.50625 0.8795180722891566 0.509375 0.8875502008032129 0.515625 0.893574297188755 0.521875 0.8835341365461847 0.5296875 0.891566265060241 0.534375 0.8855421686746988 0.5359375 0.8775100401606426 0.528125 0.8614457831325302 0.528125 0.8534136546184738 0.525 0.8453815261044176 0.5140625 0.8313253012048193 0.5140625 0.8112449799196787 0.509375 0.7991967871485943 0.5125 0.7891566265060241 0.503125 0.7831325301204819 0.5015625 0.7771084337349398 0.5140625 0.7650602409638554 0.5203125 0.7550200803212851 0.5546875 0.7309236947791165 0.559375 0.7248995983935743 0.575 0.7168674698795181 0.578125 0.7128514056224899 0.5953125 0.7068273092369478 0.5984375 0.7028112449799196 0.6015625 0.7028112449799196 0.61875 0.6907630522088354 0.6296875 0.6887550200803213 0.634375 0.6847389558232931 0.6484375 0.6807228915662651 0.6515625 0.6746987951807228 0.640625 0.6706827309236948 0.6390625 0.6706827309236948 0.61875 0.6706827309236948 0.603125 0.6827309236947792
3 0.3546875 0.6907630522088354 0.39375 0.7409638554216867 0.396875 0.751004016064257 0.4 0.7530120481927711 0.4015625 0.7590361445783133 0.40625 0.7650602409638554 0.4125 0.7670682730923695 0.415625 0.7650602409638554 0.415625 0.7590361445783133 0.4125 0.7550200803212851 0.4125 0.751004016064257 0.4015625 0.7369477911646586 0.396875 0.7228915662650602 0.3890625 0.7128514056224899 0.3734375 0.6987951807228916 0.3578125 0.678714859437751 0.3484375 0.6726907630522089 0.3484375 0.6746987951807228 0.35 0.6887550200803213 0.3546875 0.6907630522088354
3 0.63125 0.5903614457831325 0.6125 0.6004016064257028 0.59375 0.6164658634538153 0.571875 0.642570281124498 0.5609375 0.6506024096385542 0.5453125 0.6746987951807228 0.5359375 0.6827309236947792 0.515625 0.7088353413654619 0.50625 0.7269076305220884 0.4921875 0.7469879518072289 0.490625 0.7550200803212851 0.48125 0.7710843373493976 0.478125 0.8012048192771084 0.4828125 0.8092369477911646 0.4828125 0.8132530120481928 0.4875 0.8152610441767069 0.484375 0.8052208835341366 0.5015625 0.7871485943775101 0.5015625 0.7791164658634538 0.5203125 0.7550200803212851 0.5296875 0.7469879518072289 0.5390625 0.7429718875502008 0.578125 0.7128514056224899 0.5953125 0.7068273092369478 0.5984375 0.7028112449799196 0.6015625 0.7028112449799196 0.61875 0.6907630522088354 0.6296875 0.6887550200803213 0.653125 0.6767068273092369 0.653125 0.6746987951807228 0.6453125 0.6706827309236948 0.61875 0.6706827309236948 0.603125 0.6827309236947792 0.5984375 0.6827309236947792 0.5890625 0.6907630522088354 0.584375 0.6907630522088354 0.54375 0.714859437751004 0.51875 0.7349397590361446 0.5125 0.7329317269076305 0.5140625 0.7269076305220884 0.521875 0.7168674698795181 0.525 0.7088353413654619 0.546875 0.6807228915662651 0.5546875 0.6767068273092369 0.55625 0.6726907630522089 0.5625 0.6686746987951807 0.565625 0.6606425702811245 0.5734375 0.6506024096385542 0.5765625 0.6506024096385542 0.578125 0.6465863453815262 0.5859375 0.642570281124498 0.5890625 0.6365461847389559 0.6046875 0.6204819277108434 0.6109375 0.6184738955823293 0.615625 0.6124497991967871 0.6265625 0.606425702811245 0.628125 0.6024096385542169 0.6546875 0.5843373493975904 0.6625 0.572289156626506 0.6609375 0.572289156626506 0.6484375 0.5742971887550201 0.63125 0.5903614457831325
3 0.4984375 0.8594377510040161 0.496875 0.857429718875502 0.478125 0.8554216867469879 0.4703125 0.8514056224899599 0.4609375 0.8393574297188755 0.459375 0.8453815261044176 0.45625 0.8453815261044176 0.4515625 0.8373493975903614 0.4453125 0.8373493975903614 0.4390625 0.8554216867469879 0.434375 0.8594377510040161 0.425 0.8775100401606426 0.4234375 0.9096385542168675 0.425 0.9116465863453815 0.425 0.9257028112449799 0.43125 0.9377510040160643 0.43125 0.9437751004016064 0.428125 0.9497991967871486 0.428125 0.9598393574297188 0.43125 0.9598393574297188 0.4359375 0.9518072289156626 0.4359375 0.9437751004016064 0.4390625 0.9337349397590361 0.44375 0.9257028112449799 0.44375 0.9156626506024096 0.45 0.9036144578313253 0.4578125 0.9136546184738956 0.4609375 0.9257028112449799 0.4640625 0.9196787148594378 0.4609375 0.9136546184738956 0.4609375 0.9056224899598394 0.4640625 0.8995983935742972 0.4640625 0.8855421686746988 0.46875 0.8775100401606426 0.4796875 0.8775100401606426 0.490625 0.8694779116465864 0.5 0.8694779116465864 0.5125 0.8875502008032129 0.5125 0.891566265060241 0.5171875 0.8875502008032129 0.51875 0.8815261044176707 0.53125 0.8835341365461847 0.534375 0.8775100401606426 0.528125 0.8654618473895582 0.528125 0.8594377510040161 0.525 0.8534136546184738 0.5171875 0.8493975903614458 0.5171875 0.8453815261044176 0.5140625 0.8433734939759037 0.5125 0.8333333333333334 0.5125 0.8353413654618473 0.509375 0.8473895582329317 0.4984375 0.8594377510040161
3 0.4390625 0.9317269076305221 0.4390625 0.927710843373494 0.4421875 0.9257028112449799 0.4421875 0.9116465863453815 0.446875 0.8995983935742972 0.446875 0.8875502008032129 0.453125 0.8734939759036144 0.4546875 0.8614457831325302 0.453125 0.8594377510040161 0.459375 0.8534136546184738 0.465625 0.857429718875502 0.4734375 0.857429718875502 0.4828125 0.8694779116465864 0.496875 0.8674698795180723 0.5125 0.8835341365461847 0.515625 0.8795180722891566 0.5234375 0.8795180722891566 0.5296875 0.8755020080321285 0.528125 0.8694779116465864 0.525 0.8674698795180723 0.5234375 0.8534136546184738 0.5171875 0.8493975903614458 0.5171875 0.8413654618473896 0.5140625 0.8333333333333334 0.5140625 0.8112449799196787 0.509375 0.8012048192771084 0.509375 0.7891566265060241 0.503125 0.7811244979919679 0.5046875 0.7710843373493976 0.509375 0.7650602409638554 0.515625 0.7610441767068273 0.5265625 0.7469879518072289 0.5375 0.7429718875502008 0.5484375 0.7329317269076305 0.5515625 0.7329317269076305 0.5578125 0.7248995983935743 0.5734375 0.7168674698795181 0.5765625 0.7128514056224899 0.6 0.7028112449799196 0.615625 0.6907630522088354 0.6265625 0.6887550200803213 0.65 0.6767068273092369 0.646875 0.6726907630522089 0.621875 0.6706827309236948 0.60625 0.6827309236947792 0.6015625 0.6827309236947792 0.5921875 0.6907630522088354 0.584375 0.6927710843373494 0.559375 0.7088353413654619 0.5453125 0.714859437751004 0.5328125 0.7269076305220884 0.5296875 0.7269076305220884 0.5203125 0.7349397590361446 0.51875 0.7389558232931727 0.5125 0.7389558232931727 0.5109375 0.7349397590361446 0.521875 0.7128514056224899 0.53125 0.7028112449799196 0.5421875 0.6847389558232931 0.5609375 0.6686746987951807 0.5734375 0.6506024096385542 0.584375 0.642570281124498 0.5953125 0.6285140562248996 0.64375 0.5923694779116466 0.6578125 0.5803212851405622 0.6625 0.572289156626506 0.6578125 0.570281124497992 0.6484375 0.5742971887550201 0.6359375 0.5863453815261044 0.6171875 0.5963855421686747 0.6078125 0.6044176706827309 0.60625 0.608433734939759 0.603125 0.608433734939759 0.59375 0.6164658634538153 0.5921875 0.6204819277108434 0.5875 0.6224899598393574 0.5828125 0.6305220883534136 0.571875 0.642570281124498 0.5671875 0.6445783132530121 0.5453125 0.6746987951807228 0.5265625 0.6947791164658634 0.5234375 0.7028112449799196 0.5125 0.714859437751004 0.509375 0.7228915662650602 0.5015625 0.7329317269076305 0.4984375 0.7289156626506024 0.4984375 0.7188755020080321 0.49375 0.7088353413654619 0.490625 0.7068273092369478 0.490625 0.6967871485943775 0.4875 0.6887550200803213 0.4828125 0.6867469879518072 0.48125 0.6807228915662651 0.484375 0.6746987951807228 0.4796875 0.6686746987951807 0.4703125 0.6646586345381527 0.4640625 0.6566265060240963 0.4640625 0.6526104417670683 0.453125 0.6385542168674698 0.4421875 0.6285140562248996 0.44375 0.6224899598393574 0.4359375 0.6244979919678715 0.421875 0.6124497991967871 0.4078125 0.6044176706827309 0.4015625 0.5963855421686747 0.4015625 0.5903614457831325 0.3984375 0.5843373493975904 0.396875 0.5562248995983936 0.3984375 0.5481927710843374 0.3953125 0.5421686746987951 0.3953125 0.5261044176706827 0.3921875 0.5180722891566265 0.39375 0.5040160642570282 0.3921875 0.5020080321285141 0.3921875 0.4899598393574297 0.3875 0.4839357429718876 0.390625 0.4799196787148594 0.39375 0.4799196787148594 0.3953125 0.4759036144578313 0.39375 0.4738955823293173 0.39375 0.4598393574297189 0.3890625 0.45582329317269077 0.3953125 0.4497991967871486 0.3921875 0.4457831325301205 0.3921875 0.44176706827309237 0.3984375 0.42570281124497994 0.3984375 0.40963855421686746 0.4015625 0.39959839357429716 0.40625 0.3453815261044177 0.4125 0.3132530120481928 0.4125 0.30120481927710846 0.4109375 0.2991967871485944 0.403125 0.30120481927710846 0.403125 0.3032128514056225 0.4 0.3092369477911647 0.4 0.3333333333333333 0.3953125 0.3493975903614458 0.39375 0.3795180722891566 0.390625 0.3855421686746988 0.390625 0.39959839357429716 0.3875 0.40963855421686746 0.3859375 0.45582329317269077 0.3828125 0.46987951807228917 0.384375 0.4859437751004016 0.38125 0.4979919678714859 0.3828125 0.5341365461847389 0.384375 0.536144578313253 0.3890625 0.5883534136546185 0.3875 0.5903614457831325 0.3796875 0.5903614457831325 0.3640625 0.5783132530120482 0.3453125 0.572289156626506 0.3375 0.5642570281124498 0.334375 0.5562248995983936 0.328125 0.5502008032128514 0.328125 0.5461847389558233 0.325 0.5441767068273092 0.3140625 0.5261044176706827 0.3046875 0.5220883534136547 0.29375 0.5120481927710844 0.2859375 0.5120481927710844 0.284375 0.5261044176706827 0.2921875 0.536144578313253 0.3078125 0.5441767068273092 0.3125 0.5502008032128514 0.3109375 0.5522088353413654 0.3078125 0.5522088353413654 0.3015625 0.5461847389558233 0.2921875 0.5461847389558233 0.2890625 0.5421686746987951 0.28125 0.5421686746987951 0.2671875 0.5341365461847389 0.2625 0.5341365461847389 0.259375 0.5301204819277109 0.240625 0.5240963855421686 0.2390625 0.5200803212851406 0.23125 0.5200803212851406 0.2296875 0.5220883534136547 0.2296875 0.5341365461847389 0.2359375 0.5401606425702812 0.25625 0.5461847389558233 0.259375 0.5502008032128514 0.265625 0.5502008032128514 0.2765625 0.5582329317269076 0.2828125 0.5582329317269076 0.2953125 0.5662650602409639 0.3 0.5662650602409639 0.3046875 0.570281124497992 0.33125 0.5803212851405622 0.3390625 0.5883534136546185 0.3390625 0.5923694779116466 0.3421875 0.5943775100401606 0.3421875 0.5983935742971888 0.3453125 0.6004016064257028 0.346875 0.606425702811245 0.353125 0.6124497991967871 0.353125 0.6204819277108434 0.359375 0.6305220883534136 0.3625 0.6465863453815262 0.365625 0.6485943775100401 0.3703125 0.6626506024096386 0.3734375 0.6646586345381527 0.3734375 0.6706827309236948 0.3796875 0.6907630522088354 0.3828125 0.6947791164658634 0.3828125 0.7028112449799196 0.3796875 0.7048192771084337 0.375 0.6987951807228916 0.3703125 0.6967871485943775 0.3640625 0.6867469879518072 0.3546875 0.678714859437751 0.3515625 0.678714859437751 0.35 0.6827309236947792 0.3515625 0.6887550200803213 0.35625 0.6907630522088354 0.390625 0.7349397590361446 0.39375 0.7429718875502008 0.396875 0.7449799196787149 0.4015625 0.7610441767068273 0.4046875 0.7650602409638554 0.4046875 0.785140562248996 0.4515625 0.8453815261044176 0.4515625 0.8514056224899599 0.4390625 0.8674698795180723 0.4359375 0.8634538152610441 0.4328125 0.8694779116465864 0.434375 0.8714859437751004 0.434375 0.891566265060241 0.43125 0.893574297188755 0.428125 0.9016064257028112 0.425 0.9016064257028112 0.4265625 0.9116465863453815 0.425 0.9176706827309237 0.428125 0.9216867469879518 0.428125 0.927710843373494 0.4328125 0.9377510040160643 0.4328125 0.9457831325301205 0.4359375 0.9437751004016064 0.4359375 0.9357429718875502 0.4390625 0.9317269076305221
3 0.1140625 0.3232931726907631 0.1109375 0.3152610441767068 0.1171875 0.3072289156626506 0.1171875 0.2971887550200803 0.125 0.29518072289156627 0.1265625 0.2971887550200803 0.1296875 0.2931726907630522 0.128125 0.2891566265060241 0.1296875 0.28714859437751006 0.1375 0.28313253012048195 0.1328125 0.28112449799196787 0.134375 0.27710843373493976 0.1296875 0.2710843373493976 0.1328125 0.26104417670682734 0.1296875 0.25502008032128515 0.1328125 0.24497991967871485 0.1296875 0.24096385542168675 0.134375 0.23493975903614459 0.125 0.23293172690763053 0.115625 0.22690763052208834 0.1140625 0.22088353413654618 0.109375 0.21686746987951808 0.1046875 0.22289156626506024 0.1046875 0.22690763052208834 0.1015625 0.23092369477911648 0.1015625 0.2389558232931727 0.0984375 0.24096385542168675 0.1 0.24497991967871485 0.096875 0.2469879518072289 0.0984375 0.25100401606425704 0.096875 0.25903614457831325 0.1 0.26104417670682734 0.0984375 0.26907630522088355 0.1046875 0.27710843373493976 0.096875 0.2931726907630522 0.09375 0.3152610441767068 0.0875 0.3232931726907631 0.08125 0.3232931726907631 0.08125 0.3313253012048193 0.0859375 0.3353413654618474 0.0984375 0.3253012048192771 0.1015625 0.3293172690763052 0.1015625 0.3413654618473896 0.1078125 0.3514056224899598 0.1125 0.3795180722891566 0.11875 0.3855421686746988 0.11875 0.41164658634538154 0.125 0.42570281124497994 0.1421875 0.4497991967871486 0.159375 0.4598393574297189 0.1578125 0.4738955823293173 0.1609375 0.4839357429718876 0.159375 0.4919678714859438 0.1625 0.5 0.1625 0.5100401606425703 0.171875 0.5220883534136547 0.1734375 0.5301204819277109 0.1828125 0.5441767068273092 0.1875 0.5461847389558233 0.1890625 0.5502008032128514 0.1953125 0.5502008032128514 0.2046875 0.5582329317269076 0.20625 0.5622489959839357 0.2109375 0.5622489959839357 0.2171875 0.570281124497992 0.2234375 0.572289156626506 0.2484375 0.5923694779116466 0.2546875 0.5943775100401606 0.2609375 0.6024096385542169 0.2546875 0.606425702811245 0.25625 0.6104417670682731 0.2546875 0.6144578313253012 0.26875 0.6144578313253012 0.271875 0.6124497991967871 0.2796875 0.6204819277108434 0.29375 0.6204819277108434 0.3 0.6164658634538153 0.3015625 0.6124497991967871 0.296875 0.608433734939759 0.2890625 0.608433734939759 0.2828125 0.5963855421686747 0.2765625 0.5923694779116466 0.275 0.5823293172690763 0.2703125 0.5783132530120482 0.2734375 0.5742971887550201 0.271875 0.5682730923694779 0.275 0.5642570281124498 0.2734375 0.5622489959839357 0.275 0.5602409638554217 0.284375 0.5622489959839357 0.2875 0.5662650602409639 0.29375 0.5662650602409639 0.296875 0.570281124497992 0.3109375 0.572289156626506 0.315625 0.5763052208835341 0.328125 0.5803212851405622 0.3328125 0.5863453815261044 0.3390625 0.6024096385542169 0.346875 0.6124497991967871 0.353125 0.6325301204819277 0.3703125 0.6626506024096386 0.3765625 0.6827309236947792 0.3765625 0.6927710843373494 0.3734375 0.6947791164658634 0.3625 0.6867469879518072 0.3515625 0.6706827309236948 0.3421875 0.6706827309236948 0.3390625 0.6746987951807228 0.340625 0.678714859437751 0.3390625 0.6847389558232931 0.3578125 0.6927710843373494 0.39375 0.7409638554216867 0.396875 0.751004016064257 0.4 0.7530120481927711 0.4 0.7590361445783133 0.4046875 0.7650602409638554 0.4046875 0.7811244979919679 0.4078125 0.785140562248996 0.4078125 0.7891566265060241 0.41875 0.7991967871485943 0.428125 0.8112449799196787 0.4328125 0.821285140562249 0.4421875 0.8293172690763052 0.4546875 0.8473895582329317 0.465625 0.8554216867469879 0.4796875 0.857429718875502 0.4875 0.8654618473895582 0.496875 0.8634538152610441 0.5046875 0.8654618473895582 0.5125 0.8714859437751004 0.515625 0.8654618473895582 0.509375 0.8594377510040161 0.5125 0.8554216867469879 0.5109375 0.8433734939759037 0.5125 0.8413654618473896 0.5125 0.8112449799196787 0.5078125 0.8032128514056225 0.5046875 0.7871485943775101 0.5015625 0.785140562248996 0.5015625 0.7710843373493976 0.496875 0.7650602409638554 0.4984375 0.7590361445783133 0.496875 0.7530120481927711 0.5078125 0.7349397590361446 0.5 0.7329317269076305 0.4984375 0.7188755020080321 0.49375 0.7108433734939759 0.490625 0.6967871485943775 0.490625 0.678714859437751 0.4875 0.6626506024096386 0.4765625 0.6465863453815262 0.475 0.6305220883534136 0.4765625 0.6285140562248996 0.4765625 0.6164658634538153 0.4796875 0.6124497991967871 0.4796875 0.5903614457831325 0.4859375 0.5602409638554217 0.48125 0.5562248995983936 0.48125 0.5522088353413654 0.4765625 0.5502008032128514 0.4765625 0.5381526104417671 0.4734375 0.5261044176706827 0.4765625 0.5180722891566265 0.4765625 0.5080321285140562 0.4828125 0.4959839357429719 0.4828125 0.4899598393574297 0.4875 0.4859437751004016 0.4828125 0.4839357429718876 0.484375 0.4799196787148594 0.4828125 0.4779116465863454 0.4890625 0.4738955823293173 0.4875 0.4678714859437751 0.49375 0.46184738955823296 0.4953125 0.45582329317269077 0.4953125 0.44377510040160645 0.4984375 0.4397590361445783 0.496875 0.42971887550200805 0.4984375 0.42771084337349397 0.5015625 0.42971887550200805 0.5109375 0.41767068273092367 0.5171875 0.40160642570281124 0.521875 0.39959839357429716 0.5375 0.3795180722891566 0.5421875 0.3674698795180723 0.54375 0.357429718875502 0.546875 0.3514056224899598 0.5453125 0.3453815261044177 0.546875 0.3393574297188755 0.55625 0.3172690763052209 0.553125 0.28714859437751006 0.55 0.28112449799196787 0.546875 0.28313253012048195 0.5453125 0.28112449799196787 0.5453125 0.26305220883534136 0.54375 0.25903614457831325 0.5328125 0.25100401606425704 0.5296875 0.25100401606425704 0.5296875 0.2570281124497992 0.5328125 0.25502008032128515 0.540625 0.26907630522088355 0.5296875 0.27309236947791166 0.5234375 0.26907630522088355 0.5234375 0.26506024096385544 0.528125 0.26104417670682734 0.5265625 0.25903614457831325 0.51875 0.26506024096385544 0.5203125 0.26907630522088355 0.51875 0.2710843373493976 0.509375 0.2710843373493976 0.5078125 0.26706827309236947 0.5015625 0.26305220883534136 0.4984375 0.26706827309236947 0.4953125 0.26706827309236947 0.49375 0.26506024096385544 0.496875 0.26104417670682734 0.4890625 0.26104417670682734 0.48125 0.2570281124497992 0.478125 0.24497991967871485 0.484375 0.23092369477911648 0.48125 0.2289156626506024 0.48125 0.2248995983935743 0.4859375 0.22289156626506024 0.490625 0.2248995983935743 0.496875 0.23493975903614459 0.5 0.23493975903614459 0.4953125 0.2289156626506024 0.49375 0.22289156626506024 0.4953125 0.21887550200803213 0.4984375 0.21887550200803213 0.4984375 0.21485943775100402 0.4953125 0.21686746987951808 0.4890625 0.21485943775100402 0.4875 0.21686746987951808 0.4828125 0.21485943775100402 0.48125 0.21084337349397592 0.484375 0.20682730923694778 0.484375 0.20281124497991967 0.48125 0.20481927710843373 0.4734375 0.20080321285140562 0.4703125 0.20281124497991967 0.4640625 0.19678714859437751 0.4578125 0.19678714859437751 0.453125 0.19076305220883535 0.453125 0.18674698795180722 0.45 0.19076305220883535 0.4453125 0.19076305220883535 0.44375 0.1827309236947791 0.440625 0.1827309236947791 0.434375 0.19076305220883535 0.434375 0.19678714859437751 0.4390625 0.19879518072289157 0.44375 0.19477911646586346 0.4484375 0.21084337349397592 0.453125 0.21285140562248997 0.4578125 0.22088353413654618 0.453125 0.22690763052208834 0.4484375 0.2248995983935743 0.4546875 0.23092369477911648 0.4515625 0.2389558232931727 0.4515625 0.2469879518072289 0.4546875 0.25100401606425704 0.4578125 0.25100401606425704 0.4609375 0.2429718875502008 0.465625 0.2389558232931727 0.46875 0.24497991967871485 0.46875 0.25100401606425704 0.465625 0.25502008032128515 0.471875 0.26104417670682734 0.471875 0.26907630522088355 0.478125 0.26907630522088355 0.4796875 0.27309236947791166 0.4734375 0.2751004016064257 0.4703125 0.27309236947791166 0.46875 0.2791164658634538 0.4640625 0.285140562248996 0.4484375 0.28313253012048195 0.45 0.29116465863453816 0.4484375 0.30120481927710846 0.4515625 0.30522088353413657 0.45 0.3072289156626506 0.4453125 0.3072289156626506 0.4421875 0.2991967871485944 0.434375 0.30120481927710846 0.43125 0.29518072289156627 0.4296875 0.2971887550200803 0.421875 0.28714859437751006 0.421875 0.28313253012048195 0.4109375 0.28313253012048195 0.4078125 0.28714859437751006 0.4140625 0.2891566265060241 0.4109375 0.2931726907630522 0.4046875 0.2931726907630522 0.4015625 0.2891566265060241 0.4046875 0.28313253012048195 0.4 0.28313253012048195 0.3984375 0.28714859437751006 0.3921875 0.28714859437751006 0.390625 0.29518072289156627 0.39375 0.30120481927710846 0.384375 0.3152610441767068 0.3796875 0.3152610441767068 0.3765625 0.3092369477911647 0.3703125 0.3072289156626506 0.3640625 0.3172690763052209 0.365625 0.321285140562249 0.3625 0.3232931726907631 0.3609375 0.3132530120481928 0.3546875 0.3072289156626506 0.3546875 0.3032128514056225 0.3578125 0.30120481927710846 0.3578125 0.28313253012048195 0.3609375 0.28112449799196787 0.3625 0.285140562248996 0.3625 0.28112449799196787 0.3578125 0.27710843373493976 0.35625 0.26907630522088355 0.3515625 0.26305220883534136 0.3515625 0.25502008032128515 0.3546875 0.25100401606425704 0.346875 0.24899598393574296 0.34375 0.2429718875502008 0.3484375 0.23493975903614459 0.3484375 0.22690763052208834 0.3453125 0.2248995983935743 0.3453125 0.21485943775100402 0.3390625 0.21285140562248997 0.3359375 0.20682730923694778 0.33125 0.20682730923694778 0.3265625 0.20281124497991967 0.3265625 0.19678714859437751 0.33125 0.18875502008032127 0.3265625 0.18674698795180722 0.3234375 0.18072289156626506 0.3234375 0.1706827309236948 0.325 0.1686746987951807 0.3203125 0.15060240963855423 0.31875 0.14859437751004015 0.315625 0.15060240963855423 0.3140625 0.1566265060240964 0.30625 0.1566265060240964 0.296875 0.1646586345381526 0.29375 0.1646586345381526 0.2828125 0.1465863453815261 0.2859375 0.13654618473895583 0.29375 0.13052208835341367 0.3 0.13253012048192772 0.296875 0.1285140562248996 0.296875 0.12449799196787148 0.3 0.12248995983935743 0.296875 0.12048192771084337 0.2953125 0.10843373493975904 0.296875 0.10642570281124498 0.29375 0.10240963855421686 0.29375 0.0963855421686747 0.2890625 0.09437751004016064 0.284375 0.08634538152610442 0.2828125 0.08634538152610442 0.2796875 0.08835341365461848 0.278125 0.11646586345381527 0.275 0.12048192771084337 0.2734375 0.13253012048192772 0.2640625 0.14457831325301204 0.265625 0.1465863453815261 0.2625 0.14859437751004015 0.2609375 0.15461847389558234 0.253125 0.1606425702811245 0.25 0.17269076305220885 0.2453125 0.17670682730923695 0.2390625 0.17269076305220885 0.240625 0.16666666666666666 0.2375 0.16666666666666666 0.2359375 0.16265060240963855 0.2375 0.1606425702811245 0.2421875 0.16265060240963855 0.2375 0.15863453815261044 0.2453125 0.15060240963855423 0.2328125 0.13855421686746988 0.21875 0.13855421686746988 0.2171875 0.142570281124498 0.2109375 0.142570281124498 0.2046875 0.1465863453815261 0.196875 0.142570281124498 0.1890625 0.142570281124498 0.1875 0.14457831325301204 0.1796875 0.14457831325301204 0.1703125 0.15261044176706828 0.15625 0.15261044176706828 0.1515625 0.15461847389558234 0.14375 0.1646586345381526 0.140625 0.1646586345381526 0.1375 0.1706827309236948 0.13125 0.17269076305220885 0.1234375 0.1706827309236948 0.115625 0.18072289156626506 0.115625 0.19477911646586346 0.109375 0.20281124497991967 0.1140625 0.19879518072289157 0.121875 0.20883534136546184 0.121875 0.21485943775100402 0.1171875 0.21686746987951808 0.1234375 0.21686746987951808 0.134375 0.20682730923694778 0.1375 0.20883534136546184 0.1390625 0.20281124497991967 0.14375 0.20281124497991967 0.146875 0.19879518072289157 0.15 0.19879518072289157 0.1578125 0.20682730923694778 0.159375 0.21285140562248997 0.15625 0.21686746987951808 0.159375 0.22088353413654618 0.15625 0.2248995983935743 0.159375 0.22690763052208834 0.1546875 0.23293172690763053 0.14375 0.23493975903614459 0.140625 0.24096385542168675 0.1453125 0.24497991967871485 0.1578125 0.24497991967871485 0.1609375 0.24096385542168675 0.165625 0.24497991967871485 0.1625 0.25903614457831325 0.15625 0.26104417670682734 0.15625 0.26506024096385544 0.165625 0.26506024096385544 0.1671875 0.26706827309236947 0.1703125 0.26506024096385544 0.175 0.25502008032128515 0.1734375 0.24497991967871485 0.1765625 0.2389558232931727 0.1796875 0.2389558232931727 0.1859375 0.24497991967871485 0.1859375 0.25100401606425704 0.1890625 0.2570281124497992 0.1859375 0.25903614457831325 0.190625 0.25903614457831325 0.1921875 0.25502008032128515 0.1953125 0.25502008032128515 0.2046875 0.2429718875502008 0.2046875 0.23493975903614459 0.19375 0.23493975903614459 0.1875 0.23092369477911648 0.1859375 0.22690763052208834 0.1875 0.22088353413654618 0.1859375 0.21887550200803213 0.171875 0.21485943775100402 0.1703125 0.21285140562248997 0.171875 0.20883534136546184 0.16875 0.20682730923694778 0.1671875 0.20883534136546184 0.1625 0.20883534136546184 0.1578125 0.20080321285140562 0.1609375 0.19477911646586346 0.1671875 0.19477911646586346 0.16875 0.19879518072289157 0.171875 0.19678714859437751 0.1734375 0.19076305220883535 0.18125 0.18875502008032127 0.1875 0.1827309236947791 0.1921875 0.18674698795180722 0.1921875 0.19076305220883535 0.1890625 0.1927710843373494 0.1890625 0.19879518072289157 0.1859375 0.20281124497991967 0.1921875 0.21084337349397592 0.1953125 0.21084337349397592 0.203125 0.19678714859437751 0.2140625 0.20281124497991967 0.21875 0.1927710843373494 0.215625 0.18674698795180722 0.221875 0.18473895582329317 0.2265625 0.19076305220883535 0.2359375 0.19678714859437751 0.2390625 0.20281124497991967 0.2375 0.21485943775100402 0.2390625 0.21686746987951808 0.23125 0.22088353413654618 0.23125 0.2248995983935743 0.240625 0.2389558232931727 0.246875 0.24096385542168675 0.246875 0.25100401606425704 0.25 0.25100401606425704 0.253125 0.2469879518072289 0.259375 0.2469879518072289 0.2625 0.24096385542168675 0.265625 0.2469879518072289 0.2640625 0.26907630522088355 0.2546875 0.2791164658634538 0.265625 0.28313253012048195 0.2703125 0.28112449799196787 0.2703125 0.27710843373493976 0.2734375 0.27309236947791166 0.2828125 0.26706827309236947 0.284375 0.27309236947791166 0.2984375 0.2751004016064257 0.3046875 0.28313253012048195 0.296875 0.28714859437751006 0.2953125 0.29518072289156627 0.2875 0.3032128514056225 0.28125 0.2971887550200803 0.2796875 0.2891566265060241 0.28125 0.28714859437751006 0.290625 0.28714859437751006 0.29375 0.28313253012048195 0.290625 0.2791164658634538 0.2859375 0.28112449799196787 0.2828125 0.2791164658634538 0.278125 0.28313253012048195 0.2703125 0.2971887550200803 0.2640625 0.2931726907630522 0.2578125 0.29518072289156627 0.2546875 0.2931726907630522 0.2515625 0.2971887550200803 0.265625 0.3032128514056225 0.2671875 0.3092369477911647 0.2703125 0.3112449799196787 0.2671875 0.3132530120481928 0.26875 0.321285140562249 0.2625 0.3273092369477912 0.2546875 0.3273092369477912 0.253125 0.3253012048192771 0.25625 0.321285140562249 0.25625 0.3152610441767068 0.25 0.3152610441767068 0.2421875 0.3273092369477912 0.2375 0.3232931726907631 0.240625 0.3293172690763052 0.2453125 0.3313253012048193 0.24375 0.3393574297188755 0.240625 0.3433734939759036 0.240625 0.3514056224899598 0.24375 0.3534136546184739 0.24375 0.3674698795180723 0.2421875 0.36947791164658633 0.234375 0.35943775100401604 0.2359375 0.3514056224899598 0.228125 0.35542168674698793 0.2234375 0.3493975903614458 0.21875 0.3473895582329317 0.2203125 0.3413654618473896 0.209375 0.3413654618473896 0.2015625 0.3453815261044177 0.196875 0.3393574297188755 0.196875 0.3353413654618474 0.2 0.3313253012048193 0.196875 0.3273092369477912 0.1921875 0.3313253012048193 0.1921875 0.3353413654618474 0.203125 0.3534136546184739 0.1953125 0.3614457831325301 0.1921875 0.3614457831325301 0.1828125 0.37349397590361444 0.1796875 0.37349397590361444 0.175 0.3855421686746988 0.1640625 0.38755020080321284 0.159375 0.3855421686746988 0.15625 0.39357429718875503 0.1519886359375 0.395399781124498 0.15625 0.39759036144578314 0.171875 0.39959839357429716 0.178125 0.40562248995983935 0.190625 0.40562248995983935 0.1921875 0.39959839357429716 0.196875 0.40160642570281124 0.19375 0.40562248995983935 0.2 0.40763052208835343 0.1953125 0.41365461847389556 0.1921875 0.41164658634538154 0.1859375 0.42570281124497994 0.18125 0.43373493975903615 0.1828125 0.44176706827309237 0.1796875 0.4457831325301205 0.171875 0.4457831325301205 0.175 0.4497991967871486 0.171875 0.4538152610441767 0.1671875 0.4538152610441767 0.1609375 0.44377510040160645 0.159375 0.4357429718875502 0.153125 0.43172690763052207 0.153125 0.42570281124497994 0.1609375 0.41566265060240964 0.1421875 0.41164658634538154 0.140625 0.40763052208835343 0.13125 0.40562248995983935 0.128125 0.40160642570281124 0.13125 0.39759036144578314 0.134375 0.39759036144578314 0.1234375 0.3895582329317269 0.125 0.38353413654618473 0.13125 0.37751004016064255 0.146875 0.3855421686746988 0.1515625 0.3795180722891566 0.15625 0.37751004016064255 0.153125 0.3714859437751004 0.146875 0.3714859437751004 0.140625 0.3634538152610442 0.1359375 0.3674698795180723 0.134375 0.3634538152610442 0.1375 0.35943775100401604 0.121875 0.357429718875502 0.1171875 0.3514056224899598 0.1171875 0.3453815261044177 0.1203125 0.3413654618473896 0.1171875 0.3413654618473896 0.1140625 0.3373493975903614 0.115625 0.3333333333333333 0.1125 0.3313253012048193 0.1140625 0.3232931726907631
3 0.5609375 0.6506024096385542 0.553125 0.6646586345381527 0.5390625 0.678714859437751 0.509375 0.7188755020080321 0.4828125 0.7690763052208835 0.48125 0.7951807228915663 0.4875 0.7951807228915663 0.4890625 0.7871485943775101 0.5015625 0.7771084337349398 0.50625 0.7690763052208835 0.5125 0.7650602409638554 0.5234375 0.751004016064257 0.53125 0.7449799196787149 0.5390625 0.7429718875502008 0.54375 0.7369477911646586 0.5546875 0.7309236947791165 0.5609375 0.7228915662650602 0.56875 0.7208835341365462 0.571875 0.7168674698795181 0.575 0.7168674698795181 0.5765625 0.7128514056224899 0.584375 0.7108433734939759 0.5875 0.7068273092369478 0.59375 0.7068273092369478 0.615625 0.6907630522088354 0.6265625 0.6887550200803213 0.6453125 0.678714859437751 0.65 0.678714859437751 0.65 0.6746987951807228 0.646875 0.6726907630522089 0.621875 0.6706827309236948 0.6140625 0.6746987951807228 0.6125 0.678714859437751 0.6078125 0.678714859437751 0.590625 0.6907630522088354 0.58125 0.6927710843373494 0.5796875 0.6967871485943775 0.575 0.6967871485943775 0.559375 0.7088353413654619 0.5390625 0.7188755020080321 0.5375 0.7228915662650602 0.534375 0.7228915662650602 0.5125 0.7409638554216867 0.5109375 0.7329317269076305 0.525 0.7088353413654619 0.546875 0.6807228915662651 0.5546875 0.6767068273092369 0.55625 0.6726907630522089 0.5625 0.6686746987951807 0.5703125 0.6546184738955824 0.5828125 0.6445783132530121 0.6046875 0.6204819277108434 0.6109375 0.6184738955823293 0.61875 0.6104417670682731 0.6265625 0.606425702811245 0.628125 0.6024096385542169 0.65 0.5883534136546185 0.6625 0.5763052208835341 0.6640625 0.572289156626506 0.6625 0.570281124497992 0.6515625 0.572289156626506 0.625 0.5943775100401606 0.6125 0.6004016064257028 0.5921875 0.6204819277108434 0.5875 0.6224899598393574 0.5875 0.6244979919678715 0.571875 0.642570281124498 0.5609375 0.6506024096385542
3 0.4890625 0.8594377510040161 0.4875 0.857429718875502 0.4625 0.8534136546184738 0.459375 0.8493975903614458 0.4546875 0.8493975903614458 0.453125 0.8453815261044176 0.4453125 0.8393574297188755 0.4390625 0.8554216867469879 0.434375 0.8594377510040161 0.425 0.8795180722891566 0.425 0.9236947791164659 0.43125 0.9357429718875502 0.43125 0.9457831325301205 0.428125 0.9497991967871486 0.428125 0.9598393574297188 0.43125 0.9598393574297188 0.4359375 0.9518072289156626 0.4359375 0.9417670682730924 0.44375 0.9236947791164659 0.44375 0.9136546184738956 0.4484375 0.9056224899598394 0.45625 0.9156626506024096 0.4578125 0.9337349397590361 0.4640625 0.9357429718875502 0.4671875 0.9317269076305221 0.46875 0.9257028112449799 0.4671875 0.9176706827309237 0.4640625 0.9136546184738956 0.4640625 0.9076305220883534 0.4671875 0.9036144578313253 0.4671875 0.893574297188755 0.4703125 0.8895582329317269 0.4734375 0.893574297188755 0.4734375 0.9036144578313253 0.4765625 0.9036144578313253 0.4765625 0.8855421686746988 0.4859375 0.8734939759036144 0.4984375 0.8714859437751004 0.5015625 0.8734939759036144 0.5125 0.893574297188755 0.5171875 0.893574297188755 0.521875 0.8875502008032129 0.525 0.891566265060241 0.5328125 0.891566265060241 0.5375 0.8775100401606426 0.5296875 0.8634538152610441 0.528125 0.8514056224899599 0.51875 0.8373493975903614 0.5125 0.8373493975903614 0.5125 0.8393574297188755 0.5015625 0.8594377510040161 0.4890625 0.8594377510040161
3 0.35 0.6887550200803213 0.3546875 0.6907630522088354 0.39375 0.7409638554216867 0.4046875 0.7690763052208835 0.4046875 0.785140562248996 0.4078125 0.7871485943775101 0.4109375 0.7951807228915663 0.425 0.8092369477911646 0.434375 0.8253012048192772 0.4453125 0.8353413654618473 0.440625 0.8554216867469879 0.428125 0.8714859437751004 0.428125 0.8795180722891566 0.425 0.8815261044176707 0.425 0.9216867469879518 0.43125 0.9357429718875502 0.43125 0.9477911646586346 0.428125 0.9518072289156626 0.428125 0.9578313253012049 0.4328125 0.9578313253012049 0.4328125 0.9538152610441767 0.4359375 0.9518072289156626 0.4359375 0.9417670682730924 0.44375 0.9236947791164659 0.446875 0.893574297188755 0.45625 0.8634538152610441 0.4609375 0.857429718875502 0.4671875 0.8594377510040161 0.4734375 0.857429718875502 0.4796875 0.8654618473895582 0.478125 0.8694779116465864 0.4828125 0.8734939759036144 0.4875 0.8694779116465864 0.4953125 0.8674698795180723 0.5015625 0.8694779116465864 0.509375 0.8835341365461847 0.5125 0.8855421686746988 0.5140625 0.8855421686746988 0.515625 0.8775100401606426 0.5296875 0.8795180722891566 0.53125 0.8775100401606426 0.53125 0.8734939759036144 0.5265625 0.8654618473895582 0.525 0.8534136546184738 0.5203125 0.8514056224899599 0.5140625 0.8413654618473896 0.5140625 0.8232931726907631 0.5109375 0.8052208835341366 0.5078125 0.8012048192771084 0.5078125 0.7891566265060241 0.503125 0.7871485943775101 0.4984375 0.7891566265060241 0.4984375 0.7931726907630522 0.4921875 0.7971887550200804 0.4796875 0.8152610441767069 0.4765625 0.8132530120481928 0.4765625 0.8092369477911646 0.4796875 0.8072289156626506 0.478125 0.7991967871485943 0.4796875 0.7971887550200804 0.478125 0.7971887550200804 0.4765625 0.8072289156626506 0.4703125 0.8112449799196787 0.465625 0.8112449799196787 0.459375 0.8232931726907631 0.4515625 0.8253012048192772 0.4484375 0.8232931726907631 0.4390625 0.8112449799196787 0.4328125 0.8072289156626506 0.425 0.7831325301204819 0.4234375 0.7710843373493976 0.425 0.7670682730923695 0.4203125 0.7630522088353414 0.4125 0.7469879518072289 0.3984375 0.7289156626506024 0.39375 0.7008032128514057 0.3875 0.6987951807228916 0.3828125 0.7048192771084337 0.3796875 0.7048192771084337 0.375 0.6967871485943775 0.36875 0.6927710843373494 0.3546875 0.6746987951807228 0.3453125 0.6726907630522089 0.346875 0.6746987951807228 0.346875 0.6827309236947792 0.35 0.6887550200803213
3 0.2296875 0.5341365461847389 0.2359375 0.5401606425702812 0.2546875 0.5461847389558233 0.259375 0.5502008032128514 0.265625 0.5502008032128514 0.2765625 0.5582329317269076 0.2828125 0.5582329317269076 0.2953125 0.5662650602409639 0.3 0.5662650602409639 0.3046875 0.570281124497992 0.33125 0.5803212851405622 0.334375 0.5843373493975904 0.340625 0.5863453815261044 0.3453125 0.5923694779116466 0.3453125 0.6024096385542169 0.3484375 0.6044176706827309 0.3546875 0.6024096385542169 0.35625 0.5943775100401606 0.3625 0.5943775100401606 0.3921875 0.6104417670682731 0.3984375 0.6204819277108434 0.4015625 0.6204819277108434 0.4046875 0.6244979919678715 0.4125 0.6244979919678715 0.41875 0.6285140562248996 0.4296875 0.642570281124498 0.4375 0.642570281124498 0.4484375 0.6546184738955824 0.4609375 0.6706827309236948 0.4609375 0.6746987951807228 0.465625 0.678714859437751 0.46875 0.6867469879518072 0.475 0.6927710843373494 0.475 0.6967871485943775 0.48125 0.6967871485943775 0.4796875 0.6827309236947792 0.4765625 0.6746987951807228 0.4640625 0.6626506024096386 0.4609375 0.6526104417670683 0.45 0.6385542168674698 0.4265625 0.6204819277108434 0.421875 0.6144578313253012 0.415625 0.6124497991967871 0.4015625 0.6004016064257028 0.3984375 0.6004016064257028 0.3875 0.5923694779116466 0.3796875 0.5903614457831325 0.3640625 0.5783132530120482 0.3453125 0.572289156626506 0.3203125 0.5421686746987951 0.3140625 0.5381526104417671 0.3125 0.5401606425702812 0.3140625 0.5441767068273092 0.321875 0.5542168674698795 0.3171875 0.5562248995983936 0.3140625 0.5522088353413654 0.30625 0.5522088353413654 0.303125 0.5481927710843374 0.290625 0.5461847389558233 0.2875 0.5421686746987951 0.28125 0.5421686746987951 0.2765625 0.5381526104417671 0.2703125 0.5381526104417671 0.234375 0.5200803212851406 0.2328125 0.5200803212851406 0.2296875 0.5220883534136547 0.2296875 0.5341365461847389
6 0.5796875 0.6345381526104418 0.5703125 0.6445783132530121 0.5671875 0.6445783132530121 0.5421875 0.678714859437751 0.5359375 0.6827309236947792 0.51875 0.7048192771084337 0.5125 0.7168674698795181 0.509375 0.7188755020080321 0.4953125 0.7469879518072289 0.4921875 0.748995983935743 0.4921875 0.7530120481927711 0.4859375 0.7650602409638554 0.4828125 0.7670682730923695 0.48125 0.7951807228915663 0.4875 0.7951807228915663 0.490625 0.7871485943775101 0.4984375 0.7791164658634538 0.5015625 0.7730923694779116 0.5 0.7590361445783133 0.5046875 0.751004016064257 0.5046875 0.7449799196787149 0.5078125 0.7429718875502008 0.5109375 0.7329317269076305 0.521875 0.7128514056224899 0.546875 0.6807228915662651 0.5578125 0.6726907630522089 0.5734375 0.6506024096385542 0.584375 0.642570281124498 0.6046875 0.6204819277108434 0.6109375 0.6184738955823293 0.6234375 0.606425702811245 0.6265625 0.606425702811245 0.628125 0.6024096385542169 0.63125 0.6024096385542169 0.6515625 0.5843373493975904 0.6546875 0.5843373493975904 0.65625 0.5803212851405622 0.6640625 0.5763052208835341 0.665625 0.570281124497992 0.659375 0.5682730923694779 0.6484375 0.5742971887550201 0.6171875 0.6004016064257028 0.6078125 0.6044176706827309 0.6078125 0.606425702811245 0.5875 0.6224899598393574 0.5796875 0.6345381526104418
6 0.2375 0.5401606425702812 0.2453125 0.5401606425702812 0.2546875 0.5461847389558233 0.259375 0.5461847389558233 0.2625 0.5502008032128514 0.2671875 0.5502008032128514 0.278125 0.5582329317269076 0.284375 0.5582329317269076 0.2875 0.5622489959839357 0.296875 0.5642570281124498 0.3203125 0.5763052208835341 0.325 0.5763052208835341 0.3359375 0.5843373493975904 0.340625 0.5823293172690763 0.3453125 0.5843373493975904 0.3546875 0.5923694779116466 0.3640625 0.5943775100401606 0.3671875 0.5983935742971888 0.371875 0.5983935742971888 0.375 0.6024096385542169 0.3859375 0.606425702811245 0.39375 0.6144578313253012 0.3984375 0.6144578313253012 0.4 0.6184738955823293 0.415625 0.6244979919678715 0.4171875 0.6285140562248996 0.425 0.6325301204819277 0.43125 0.642570281124498 0.4390625 0.6465863453815262 0.4484375 0.6586345381526104 0.45625 0.6626506024096386 0.4765625 0.6947791164658634 0.4796875 0.6967871485943775 0.48125 0.6947791164658634 0.4765625 0.6726907630522089 0.4640625 0.6606425702811245 0.4609375 0.6526104417670683 0.45 0.6385542168674698 0.4234375 0.6164658634538153 0.4203125 0.6164658634538153 0.41875 0.6124497991967871 0.415625 0.6124497991967871 0.4125 0.608433734939759 0.4078125 0.608433734939759 0.3890625 0.5943775100401606 0.3765625 0.5903614457831325 0.3609375 0.5783132530120482 0.35625 0.5783132530120482 0.353125 0.5742971887550201 0.3328125 0.5682730923694779 0.3 0.5481927710843374 0.2875 0.5461847389558233 0.2828125 0.5421686746987951 0.259375 0.5341365461847389 0.2546875 0.5301204819277109 0.25 0.5301204819277109 0.2453125 0.5261044176706827 0.240625 0.5261044176706827 0.23125 0.5200803212851406 0.2296875 0.5220883534136547 0.23125 0.536144578313253 0.2375 0.5401606425702812
6 0.234375 0.5080321285140562 0.2390625 0.5140562248995983 0.24375 0.5140562248995983 0.2546875 0.5200803212851406 0.2625 0.5200803212851406 0.265625 0.5240963855421686 0.275 0.5140562248995983 0.2796875 0.5140562248995983 0.2859375 0.5281124497991968 0.2953125 0.536144578313253 0.3 0.536144578313253 0.3078125 0.5441767068273092 0.3109375 0.5441767068273092 0.31875 0.5582329317269076 0.3375 0.570281124497992 0.34375 0.570281124497992 0.334375 0.5522088353413654 0.3265625 0.5441767068273092 0.3265625 0.5381526104417671 0.3171875 0.5261044176706827 0.2984375 0.5120481927710844 0.296875 0.5080321285140562 0.2765625 0.4979919678714859 0.271875 0.4979919678714859 0.265625 0.5040160642570282 0.2578125 0.5040160642570282 0.25625 0.5 0.24375 0.4939759036144578 0.2421875 0.4939759036144578 0.234375 0.4959839357429719 0.234375 0.5080321285140562
6 0.425 0.40763052208835343 0.4203125 0.4718875502008032 0.4171875 0.4779116465863454 0.4171875 0.4839357429718876 0.4140625 0.4879518072289157 0.4140625 0.5 0.4109375 0.5080321285140562 0.4109375 0.5582329317269076 0.4140625 0.5642570281124498 0.4140625 0.5742971887550201 0.4171875 0.5783132530120482 0.4171875 0.5843373493975904 0.4203125 0.5903614457831325 0.4234375 0.606425702811245 0.428125 0.608433734939759 0.43125 0.606425702811245 0.4328125 0.5943775100401606 0.4296875 0.5783132530120482 0.4234375 0.5662650602409639 0.4234375 0.5562248995983936 0.421875 0.5542168674698795 0.421875 0.5281124497991968 0.4234375 0.5261044176706827 0.4234375 0.5120481927710844 0.428125 0.5060240963855421 0.43125 0.5080321285140562 0.4328125 0.5140562248995983 0.43125 0.4919678714859438 0.434375 0.4839357429718876 0.4328125 0.4738955823293173 0.4359375 0.46586345381526106 0.434375 0.4397590361445783 0.4359375 0.43775100401606426 0.4359375 0.42771084337349397 0.434375 0.41967871485943775 0.4359375 0.41767068273092367 0.4359375 0.3855421686746988 0.434375 0.38755020080321284 0.43125 0.39959839357429716 0.425 0.40763052208835343
6 0.4046875 0.642570281124498 0.40625 0.6365461847389559 0.4015625 0.6224899598393574 0.3984375 0.6224899598393574 0.4 0.6244979919678715 0.4015625 0.6365461847389559 0.4046875 0.642570281124498
6 0.6265625 0.6686746987951807 0.61875 0.6706827309236948 0.603125 0.6827309236947792 0.5984375 0.6827309236947792 0.5890625 0.6907630522088354 0.5734375 0.6967871485943775 0.5359375 0.7228915662650602 0.5328125 0.7228915662650602 0.5296875 0.7269076305220884 0.5265625 0.7269076305220884 0.50625 0.7449799196787149 0.5 0.7590361445783133 0.5 0.7710843373493976 0.5046875 0.7730923694779116 0.5234375 0.7530120481927711 0.534375 0.7469879518072289 0.55 0.7329317269076305 0.553125 0.7329317269076305 0.565625 0.7208835341365462 0.590625 0.7068273092369478 0.5953125 0.7068273092369478 0.5984375 0.7028112449799196 0.6015625 0.7028112449799196 0.6046875 0.6987951807228916 0.609375 0.6987951807228916 0.61875 0.6907630522088354 0.6296875 0.6887550200803213 0.6484375 0.6807228915662651 0.6546875 0.6767068273092369 0.653125 0.6726907630522089 0.6515625 0.6726907630522089 0.628125 0.6706827309236948 0.6265625 0.6686746987951807
6 0.35 0.6887550200803213 0.3546875 0.6907630522088354 0.39375 0.7409638554216867 0.4 0.7550200803212851 0.4140625 0.7730923694779116 0.41875 0.7730923694779116 0.41875 0.7630522088353414 0.415625 0.7590361445783133 0.415625 0.7550200803212851 0.403125 0.7389558232931727 0.3984375 0.7248995983935743 0.3796875 0.7068273092369478 0.3546875 0.6746987951807228 0.3484375 0.6706827309236948 0.346875 0.6706827309236948 0.34375 0.6726907630522089 0.35 0.6887550200803213
2 0.56875 0.3112449799196787 0.5609375 0.3172690763052209 0.5609375 0.321285140562249 0.5546875 0.3353413654618474 0.553125 0.3514056224899598 0.5609375 0.3514056224899598 0.565625 0.3473895582329317 0.5703125 0.3473895582329317 0.575 0.35542168674698793 0.5796875 0.35542168674698793 0.5921875 0.3393574297188755 0.6 0.3413654618473896 0.6140625 0.3293172690763052 0.6203125 0.3313253012048193 0.625 0.3413654618473896 0.634375 0.3393574297188755 0.6390625 0.3353413654618474 0.6515625 0.3353413654618474 0.653125 0.3333333333333333 0.65 0.3293172690763052 0.65 0.3232931726907631 0.6453125 0.3232931726907631 0.6328125 0.3112449799196787 0.6265625 0.3092369477911647 0.621875 0.3032128514056225 0.61875 0.2931726907630522 0.6 0.2931726907630522 0.5984375 0.29116465863453816 0.596875 0.29116465863453816 0.578125 0.2971887550200803 0.56875 0.3112449799196787
2 0.5609375 0.3112449799196787 0.5609375 0.3192771084337349 0.553125 0.3373493975903614 0.553125 0.3534136546184739 0.546875 0.3654618473895582 0.5453125 0.37751004016064255 0.5328125 0.39357429718875503 0.5265625 0.40562248995983935 0.51875 0.41365461847389556 0.5125 0.42570281124497994 0.5125 0.43172690763052207 0.509375 0.4397590361445783 0.5109375 0.44377510040160645 0.5046875 0.4497991967871486 0.5046875 0.4538152610441767 0.5015625 0.4578313253012048 0.5015625 0.46987951807228917 0.496875 0.4899598393574297 0.496875 0.4979919678714859 0.5 0.5020080321285141 0.5046875 0.5020080321285141 0.5328125 0.4738955823293173 0.5546875 0.4578313253012048 0.559375 0.45180722891566266 0.559375 0.44779116465863456 0.565625 0.4357429718875502 0.5921875 0.40763052208835343 0.625 0.3654618473895582 0.6359375 0.357429718875502 0.65 0.35542168674698793 0.6546875 0.3514056224899598 0.653125 0.3413654618473896 0.6484375 0.3413654618473896 0.646875 0.3373493975903614 0.6546875 0.3313253012048193 0.646875 0.3232931726907631 0.6421875 0.3232931726907631 0.6390625 0.3192771084337349 0.6359375 0.3192771084337349 0.634375 0.3152610441767068 0.625 0.3092369477911647 0.6203125 0.3032128514056225 0.6203125 0.2971887550200803 0.5921875 0.2931726907630522 0.5875 0.2971887550200803 0.578125 0.2971887550200803 0.578125 0.2991967871485944 0.56875 0.3112449799196787 0.5609375 0.3112449799196787
2 0.8328125 0.5562248995983936 0.828125 0.5562248995983936 0.821875 0.5602409638554217 0.8046875 0.5823293172690763 0.7875 0.5903614457831325 0.775 0.6004016064257028 0.765625 0.6124497991967871 0.75 0.6224899598393574 0.7515625 0.6646586345381527 0.746875 0.678714859437751 0.740625 0.6887550200803213 0.7375 0.7048192771084337 0.7375 0.7208835341365462 0.74375 0.7208835341365462 0.7515625 0.7309236947791165 0.7515625 0.7469879518072289 0.746875 0.7570281124497992 0.7484375 0.7650602409638554 0.7515625 0.7630522088353414 0.759375 0.7650602409638554 0.7625 0.7690763052208835 0.7671875 0.7690763052208835 0.771875 0.7730923694779116 0.7859375 0.7730923694779116 0.7890625 0.7771084337349398 0.7953125 0.7771084337349398 0.7984375 0.7811244979919679 0.821875 0.7811244979919679 0.8421875 0.7891566265060241 0.846875 0.7690763052208835 0.8453125 0.751004016064257 0.8484375 0.7449799196787149 0.85 0.7309236947791165 0.853125 0.7228915662650602 0.8578125 0.7248995983935743 0.859375 0.7289156626506024 0.8640625 0.7289156626506024 0.878125 0.7128514056224899 0.8859375 0.7108433734939759 0.8953125 0.7108433734939759 0.9 0.7168674698795181 0.925 0.7168674698795181 0.9328125 0.7108433734939759 0.934375 0.7068273092369478 0.9484375 0.7068273092369478 0.95625 0.7028112449799196 0.9578125 0.6967871485943775 0.953125 0.6907630522088354 0.953125 0.6867469879518072 0.9640625 0.6767068273092369 0.9640625 0.6706827309236948 0.946875 0.6506024096385542 0.95 0.6465863453815262 0.95 0.6385542168674698 0.946875 0.6305220883534136 0.9421875 0.6224899598393574 0.9328125 0.6184738955823293 0.9359375 0.6024096385542169 0.93125 0.5943775100401606 0.925 0.5903614457831325 0.90625 0.5923694779116466 0.903125 0.5903614457831325 0.8921875 0.5763052208835341 0.8859375 0.5642570281124498 0.8859375 0.5582329317269076 0.88125 0.5522088353413654 0.865625 0.5522088353413654 0.8609375 0.5461847389558233 0.859375 0.5461847389558233 0.8453125 0.5461847389558233 0.8328125 0.5562248995983936
2 0.0734375 0.3232931726907631 0.0734375 0.3433734939759036 0.075 0.3453815261044177 0.0671875 0.3534136546184739 0.0640625 0.3534136546184739 0.0515625 0.3714859437751004 0.040625 0.37751004016064255 0.040625 0.38755020080321284 0.04375 0.39357429718875503 0.04375 0.39959839357429716 0.0390625 0.4036144578313253 0.0390625 0.41365461847389556 0.040625 0.41767068273092367 0.046875 0.42168674698795183 0.046875 0.42570281124497994 0.04375 0.42971887550200805 0.04375 0.4397590361445783 0.05 0.44779116465863456 0.059375 0.45180722891566266 0.0875 0.42570281124497994 0.109375 0.42369477911646586 0.1171875 0.42570281124497994 0.1171875 0.41365461847389556 0.1140625 0.40963855421686746 0.1125 0.38755020080321284 0.10625 0.3674698795180723 0.10625 0.35943775100401604 0.103125 0.35542168674698793 0.103125 0.3473895582329317 0.1 0.3433734939759036 0.096875 0.3273092369477912 0.0921875 0.3192771084337349 0.0921875 0.3112449799196787 0.0890625 0.3072289156626506 0.0875 0.3092369477911647 0.0796875 0.3112449799196787 0.0734375 0.3232931726907631
2 0.2046875 0.572289156626506 0.1859375 0.5983935742971888 0.1828125 0.6104417670682731 0.16875 0.6345381526104418 0.16875 0.642570281124498 0.184375 0.6626506024096386 0.190625 0.6646586345381527 0.1921875 0.6686746987951807 0.1953125 0.6686746987951807 0.196875 0.6726907630522089 0.2046875 0.6767068273092369 0.2140625 0.6867469879518072 0.228125 0.6947791164658634 0.2453125 0.7088353413654619 0.2546875 0.7248995983935743 0.2578125 0.7269076305220884 0.2609375 0.7349397590361446 0.28125 0.7590361445783133 0.29375 0.7610441767068273 0.3078125 0.7690763052208835 0.3140625 0.7690763052208835 0.31875 0.7650602409638554 0.315625 0.7550200803212851 0.3171875 0.748995983935743 0.328125 0.7369477911646586 0.3375 0.7168674698795181 0.334375 0.7128514056224899 0.3359375 0.7028112449799196 0.334375 0.6987951807228916 0.3296875 0.6987951807228916 0.3265625 0.6947791164658634 0.3265625 0.6887550200803213 0.34375 0.6666666666666666 0.3421875 0.6566265060240963 0.315625 0.6566265060240963 0.3125 0.6506024096385542 0.3171875 0.6365461847389559 0.3171875 0.6265060240963856 0.3140625 0.6224899598393574 0.284375 0.6204819277108434 0.2765625 0.6164658634538153 0.259375 0.5963855421686747 0.2546875 0.5963855421686747 0.24375 0.5903614457831325 0.2421875 0.5863453815261044 0.21875 0.570281124497992 0.2171875 0.570281124497992 0.2109375 0.5682730923694779 0.2046875 0.572289156626506
2 0.278125 0.09236947791164658 0.275 0.09839357429718876 0.275 0.11044176706827309 0.271875 0.1144578313253012 0.2703125 0.13253012048192772 0.271875 0.13654618473895583 0.28125 0.1465863453815261 0.2859375 0.14859437751004015 0.29375 0.15863453815261044 0.3109375 0.1566265060240964 0.3171875 0.15863453815261044 0.325 0.17269076305220885 0.3296875 0.17670682730923695 0.334375 0.17670682730923695 0.3375 0.18072289156626506 0.3375 0.19678714859437751 0.35 0.21285140562248997 0.353125 0.22088353413654618 0.3546875 0.2469879518072289 0.359375 0.25502008032128515 0.365625 0.25502008032128515 0.375 0.23293172690763053 0.375 0.21887550200803213 0.371875 0.21285140562248997 0.371875 0.1927710843373494 0.375 0.19076305220883535 0.375 0.18674698795180722 0.3796875 0.18072289156626506 0.384375 0.17670682730923695 0.3953125 0.178714859437751 0.4015625 0.17269076305220885 0.4125 0.1706827309236948 0.4171875 0.1746987951807229 0.41875 0.18072289156626506 0.4265625 0.18072289156626506 0.4390625 0.1646586345381526 0.4515625 0.15863453815261044 0.4578125 0.15060240963855423 0.4515625 0.14859437751004015 0.45 0.15060240963855423 0.446875 0.14457831325301204 0.440625 0.14457831325301204 0.4359375 0.14056224899598393 0.4328125 0.12248995983935743 0.4296875 0.11847389558232932 0.4296875 0.11244979919678715 0.4203125 0.10040160642570281 0.4078125 0.10040160642570281 0.396875 0.10843373493975904 0.390625 0.11847389558232932 0.3703125 0.10040160642570281 0.35625 0.10040160642570281 0.346875 0.10843373493975904 0.3453125 0.11646586345381527 0.3328125 0.0963855421686747 0.3203125 0.08634538152610442 0.3046875 0.08634538152610442 0.303125 0.09437751004016064 0.2984375 0.0963855421686747 0.290625 0.08433734939759036 0.2828125 0.0783132530120482 0.28125 0.08032128514056225 0.278125 0.0823293172690763 0.278125 0.09236947791164658
2 0.5 0.0321285140562249 0.4875 0.04819277108433735 0.471875 0.060240963855421686 0.46875 0.060240963855421686 0.4671875 0.0642570281124498 0.4640625 0.0642570281124498 0.446875 0.0783132530120482 0.434375 0.0783132530120482 0.4140625 0.09236947791164658 0.4109375 0.09839357429718876 0.4203125 0.09839357429718876 0.425 0.10240963855421686 0.4359375 0.12248995983935743 0.4359375 0.1285140562248996 0.4421875 0.12048192771084337 0.446875 0.12048192771084337 0.45625 0.1285140562248996 0.465625 0.14457831325301204 0.465625 0.15863453815261044 0.4671875 0.1606425702811245 0.4734375 0.1566265060240964 0.478125 0.15863453815261044 0.4828125 0.1646586345381526 0.4828125 0.18674698795180722 0.4890625 0.18674698795180722 0.496875 0.19076305220883535 0.5109375 0.19076305220883535 0.5171875 0.20080321285140562 0.51875 0.21084337349397592 0.5265625 0.21084337349397592 0.559375 0.1686746987951807 0.5625 0.16265060240963855 0.5640625 0.142570281124498 0.5609375 0.12248995983935743 0.5578125 0.11646586345381527 0.55 0.11646586345381527 0.54375 0.11044176706827309 0.528125 0.0642570281124498 0.5171875 0.04819277108433735 0.515625 0.04819277108433735 0.5046875 0.0321285140562249 0.5 0.0321285140562249
2 0.40625 0.2751004016064257 0.3984375 0.28714859437751006 0.3890625 0.28112449799196787 0.375 0.28313253012048195 0.3625 0.2751004016064257 0.3578125 0.3072289156626506 0.365625 0.3152610441767068 0.3671875 0.3313253012048193 0.365625 0.3393574297188755 0.3625 0.3433734939759036 0.3625 0.3514056224899598 0.359375 0.3534136546184739 0.353125 0.3654618473895582 0.3765625 0.40160642570281124 0.3796875 0.41164658634538154 0.3796875 0.42570281124497994 0.3828125 0.42771084337349397 0.3890625 0.39558232931726905 0.3890625 0.3855421686746988 0.3921875 0.3755020080321285 0.3921875 0.35943775100401604 0.3953125 0.3514056224899598 0.3953125 0.3373493975903614 0.3984375 0.3293172690763052 0.4 0.30522088353413657 0.40625 0.29518072289156627 0.4109375 0.29518072289156627 0.415625 0.30120481927710846 0.4109375 0.3293172690763052 0.4109375 0.3433734939759036 0.4078125 0.3534136546184739 0.4078125 0.36947791164658633 0.403125 0.3895582329317269 0.403125 0.40562248995983935 0.4 0.41566265060240964 0.4 0.43775100401606426 0.4015625 0.4397590361445783 0.40625 0.42971887550200805 0.4125 0.42369477911646586 0.4125 0.41967871485943775 0.4203125 0.40963855421686746 0.4296875 0.3895582329317269 0.434375 0.37349397590361444 0.434375 0.35943775100401604 0.4390625 0.3293172690763052 0.440625 0.2931726907630522 0.4390625 0.2891566265060241 0.425 0.2891566265060241 0.421875 0.2931726907630522 0.41875 0.27710843373493976 0.415625 0.27309236947791166 0.4140625 0.27309236947791166 0.4109375 0.2710843373493976 0.40625 0.2751004016064257
2 0.265625 0.46184738955823296 0.2578125 0.4718875502008032 0.259375 0.4799196787148594 0.2625 0.4779116465863454 0.2671875 0.4799196787148594 0.271875 0.4859437751004016 0.2828125 0.4919678714859438 0.2875 0.4919678714859438 0.29375 0.4879518072289157 0.315625 0.4879518072289157 0.321875 0.4839357429718876 0.33125 0.4839357429718876 0.3328125 0.4819277108433735 0.3421875 0.4839357429718876 0.34375 0.4819277108433735 0.35625 0.4819277108433735 0.365625 0.4859437751004016 0.3703125 0.4759036144578313 0.375 0.4738955823293173 0.38125 0.4598393574297189 0.38125 0.43373493975903615 0.378125 0.42771084337349397 0.378125 0.41566265060240964 0.3703125 0.39357429718875503 0.35625 0.3755020080321285 0.353125 0.3755020080321285 0.35 0.3714859437751004 0.3421875 0.3714859437751004 0.33125 0.3755020080321285 0.3125 0.39357429718875503 0.3125 0.39558232931726905 0.278125 0.43373493975903615 0.265625 0.46184738955823296
2 0.634375 0.3634538152610442 0.615625 0.3795180722891566 0.5828125 0.42369477911646586 0.5734375 0.42971887550200805 0.5671875 0.43775100401606426 0.5640625 0.4497991967871486 0.56875 0.45180722891566266 0.58125 0.44779116465863456 0.5859375 0.44377510040160645 0.5921875 0.44377510040160645 0.596875 0.4397590361445783 0.6203125 0.4397590361445783 0.628125 0.4457831325301205 0.6359375 0.46184738955823296 0.6359375 0.46586345381526106 0.6390625 0.4678714859437751 0.6390625 0.4718875502008032 0.6453125 0.4819277108433735 0.6484375 0.4919678714859438 0.6515625 0.4939759036144578 0.6515625 0.4979919678714859 0.6546875 0.5 0.65625 0.5080321285140562 0.6640625 0.5220883534136547 0.6875 0.5441767068273092 0.696875 0.5582329317269076 0.7015625 0.5582329317269076 0.7046875 0.5622489959839357 0.7140625 0.5662650602409639 0.75 0.5682730923694779 0.7640625 0.5642570281124498 0.7703125 0.5582329317269076 0.771875 0.5502008032128514 0.7703125 0.5421686746987951 0.7765625 0.536144578313253 0.7796875 0.5281124497991968 0.7796875 0.5220883534136547 0.7734375 0.5140562248995983 0.7734375 0.5080321285140562 0.778125 0.4959839357429719 0.7765625 0.4839357429718876 0.759375 0.4678714859437751 0.759375 0.463855421686747 0.75625 0.4598393574297189 0.75625 0.44377510040160645 0.7484375 0.42971887550200805 0.74375 0.42771084337349397 0.7390625 0.42168674698795183 0.734375 0.41164658634538154 0.7234375 0.40160642570281124 0.7125 0.39759036144578314 0.7109375 0.3895582329317269 0.7046875 0.3815261044176707 0.690625 0.3795180722891566 0.684375 0.3674698795180723 0.66875 0.3654618473895582 0.6609375 0.357429718875502 0.659375 0.357429718875502 0.6515625 0.357429718875502 0.634375 0.3634538152610442
2 0.2046875 0.14457831325301204 0.2015625 0.14457831325301204 0.196875 0.13855421686746988 0.1890625 0.13654618473895583 0.1703125 0.15060240963855423 0.1546875 0.14859437751004015 0.14375 0.1566265060240964 0.1375 0.16666666666666666 0.1234375 0.1646586345381526 0.11875 0.16666666666666666 0.1109375 0.178714859437751 0.1109375 0.18473895582329317 0.1046875 0.19879518072289157 0.1046875 0.20682730923694778 0.1015625 0.21285140562248997 0.1015625 0.22088353413654618 0.09375 0.23694779116465864 0.0890625 0.25903614457831325 0.0890625 0.27710843373493976 0.09375 0.28714859437751006 0.09375 0.3112449799196787 0.0984375 0.3232931726907631 0.0984375 0.3293172690763052 0.1015625 0.3313253012048193 0.1015625 0.3393574297188755 0.1046875 0.3433734939759036 0.1078125 0.3614457831325301 0.1109375 0.3674698795180723 0.1109375 0.37751004016064255 0.1140625 0.38353413654618473 0.115625 0.39357429718875503 0.115625 0.4036144578313253 0.11875 0.40763052208835343 0.121875 0.42369477911646586 0.1265625 0.42971887550200805 0.128125 0.4357429718875502 0.13125 0.43775100401606426 0.1359375 0.44779116465863456 0.146875 0.4538152610441767 0.1515625 0.4598393574297189 0.1609375 0.46586345381526106 0.171875 0.46586345381526106 0.1796875 0.46987951807228917 0.1859375 0.46987951807228917 0.203125 0.4839357429718876 0.2109375 0.4839357429718876 0.21875 0.4799196787148594 0.2328125 0.46586345381526106 0.2359375 0.46586345381526106 0.259375 0.4497991967871486 0.296875 0.40963855421686746 0.3171875 0.38353413654618473 0.334375 0.36947791164658633 0.3421875 0.36947791164658633 0.3484375 0.3634538152610442 0.3578125 0.3514056224899598 0.3640625 0.3273092369477912 0.3609375 0.3152610441767068 0.353125 0.3072289156626506 0.35625 0.29518072289156627 0.3578125 0.27309236947791166 0.3546875 0.26104417670682734 0.3484375 0.25502008032128515 0.3484375 0.22088353413654618 0.340625 0.20883534136546184 0.3296875 0.20682730923694778 0.3265625 0.20281124497991967 0.3234375 0.1827309236947791 0.3171875 0.16666666666666666 0.3140625 0.1646586345381526 0.3109375 0.16666666666666666 0.309375 0.1646586345381526 0.2984375 0.1646586345381526 0.2921875 0.16666666666666666 0.28125 0.178714859437751 0.2765625 0.19076305220883535 0.271875 0.18473895582329317 0.2734375 0.1746987951807229 0.271875 0.17269076305220885 0.2578125 0.17269076305220885 0.2546875 0.1746987951807229 0.2515625 0.1706827309236948 0.246875 0.19076305220883535 0.2421875 0.19477911646586346 0.2390625 0.19076305220883535 0.2390625 0.178714859437751 0.2328125 0.16265060240963855 0.2328125 0.142570281124498 0.2265625 0.13453815261044177 0.225 0.13453815261044177 0.2203125 0.13453815261044177 0.2046875 0.14457831325301204
2 0.4875 0.04819277108433735 0.446875 0.0783132530120482 0.4328125 0.0783132530120482 0.409375 0.0963855421686747 0.39375 0.0963855421686747 0.3828125 0.10843373493975904 0.3796875 0.10843373493975904 0.36875 0.10040160642570281 0.359375 0.10040160642570281 0.35 0.10441767068273092 0.3453125 0.1144578313253012 0.340625 0.11044176706827309 0.3359375 0.10040160642570281 0.31875 0.08634538152610442 0.3046875 0.08634538152610442 0.303125 0.09437751004016064 0.2984375 0.0963855421686747 0.2859375 0.08032128514056225 0.278125 0.0823293172690763 0.278125 0.09236947791164658 0.271875 0.10642570281124498 0.271875 0.11847389558232932 0.26875 0.12650602409638553 0.2703125 0.13855421686746988 0.2859375 0.14859437751004015 0.2921875 0.15863453815261044 0.3140625 0.1566265060240964 0.3171875 0.15863453815261044 0.3296875 0.17670682730923695 0.334375 0.17670682730923695 0.3390625 0.1827309236947791 0.3375 0.19477911646586346 0.3484375 0.20883534136546184 0.3546875 0.22289156626506024 0.3546875 0.2469879518072289 0.359375 0.25502008032128515 0.3640625 0.2570281124497992 0.365625 0.25502008032128515 0.384375 0.25502008032128515 0.3875 0.25301204819277107 0.3953125 0.25903614457831325 0.39375 0.2751004016064257 0.3953125 0.27710843373493976 0.4015625 0.2751004016064257 0.4015625 0.2710843373493976 0.3984375 0.2710843373493976 0.396875 0.26706827309236947 0.4015625 0.26104417670682734 0.4078125 0.25903614457831325 0.415625 0.26506024096385544 0.4171875 0.26907630522088355 0.421875 0.2710843373493976 0.425 0.28313253012048195 0.4265625 0.28313253012048195 0.4375 0.2791164658634538 0.4328125 0.27309236947791166 0.4328125 0.26706827309236947 0.4296875 0.26104417670682734 0.4328125 0.2570281124497992 0.4359375 0.24497991967871485 0.4421875 0.23694779116465864 0.44375 0.23293172690763053 0.4421875 0.23092369477911648 0.446875 0.22690763052208834 0.446875 0.21887550200803213 0.45 0.21485943775100402 0.45 0.19678714859437751 0.4578125 0.18674698795180722 0.46875 0.18473895582329317 0.478125 0.19076305220883535 0.484375 0.19076305220883535 0.4921875 0.19477911646586346 0.5 0.1927710843373494 0.5046875 0.19879518072289157 0.50625 0.21084337349397592 0.509375 0.21686746987951808 0.5265625 0.21084337349397592 0.534375 0.20281124497991967 0.5546875 0.17670682730923695 0.5625 0.1606425702811245 0.5640625 0.14457831325301204 0.559375 0.12048192771084337 0.55625 0.11646586345381527 0.5484375 0.11646586345381527 0.54375 0.11044176706827309 0.53125 0.07429718875502007 0.528125 0.07028112449799197 0.528125 0.0642570281124498 0.5046875 0.03413654618473896 0.503125 0.03413654618473896 0.4953125 0.03614457831325301 0.4875 0.04819277108433735
2 0.7046875 0.26104417670682734 0.69375 0.24899598393574296 0.6875 0.24899598393574296 0.68125 0.2570281124497992 0.675 0.25903614457831325 0.6640625 0.24899598393574296 0.6578125 0.24899598393574296 0.6453125 0.26305220883534136 0.6453125 0.26706827309236947 0.6421875 0.2710843373493976 0.6296875 0.26706827309236947 0.615625 0.285140562248996 0.60625 0.28714859437751006 0.60625 0.29116465863453816 0.6203125 0.29116465863453816 0.6234375 0.30120481927710846 0.628125 0.3072289156626506 0.6328125 0.3092369477911647 0.6390625 0.3172690763052209 0.64375 0.3172690763052209 0.6484375 0.321285140562249 0.65 0.3192771084337349 0.65 0.30522088353413657 0.6546875 0.30120481927710846 0.6671875 0.3032128514056225 0.68125 0.3092369477911647 0.6921875 0.321285140562249 0.696875 0.3313253012048193 0.696875 0.3433734939759036 0.7015625 0.36947791164658633 0.703125 0.3714859437751004 0.7125 0.3714859437751004 0.7359375 0.3413654618473896 0.7421875 0.3293172690763052 0.7421875 0.3232931726907631 0.746875 0.3112449799196787 0.75625 0.2931726907630522 0.7609375 0.28714859437751006 0.7703125 0.28714859437751006 0.771875 0.285140562248996 0.771875 0.28112449799196787 0.765625 0.2710843373493976 0.7546875 0.26706827309236947 0.7484375 0.2570281124497992 0.740625 0.2570281124497992 0.7375 0.26104417670682734 0.734375 0.26104417670682734 0.728125 0.24899598393574296 0.7234375 0.24497991967871485 0.721875 0.24497991967871485 0.7140625 0.2469879518072289 0.7046875 0.26104417670682734
2 0.6046875 0.44176706827309237 0.596875 0.4457831325301205 0.590625 0.4457831325301205 0.5859375 0.4497991967871486 0.5796875 0.4497991967871486 0.575 0.4538152610441767 0.5640625 0.45582329317269077 0.5328125 0.4779116465863454 0.53125 0.4819277108433735 0.5203125 0.4899598393574297 0.5078125 0.5080321285140562 0.5046875 0.5100401606425703 0.503125 0.5080321285140562 0.4921875 0.5080321285140562 0.4859375 0.5120481927710844 0.471875 0.5341365461847389 0.4703125 0.5421686746987951 0.471875 0.5441767068273092 0.46875 0.5542168674698795 0.4703125 0.5582329317269076 0.475 0.5602409638554217 0.4890625 0.5582329317269076 0.490625 0.5602409638554217 0.509375 0.5542168674698795 0.5625 0.5542168674698795 0.58125 0.5461847389558233 0.6015625 0.5461847389558233 0.603125 0.5441767068273092 0.6296875 0.5441767068273092 0.6484375 0.5502008032128514 0.65625 0.5502008032128514 0.6609375 0.5542168674698795 0.6828125 0.5542168674698795 0.6890625 0.5582329317269076 0.690625 0.5522088353413654 0.6859375 0.5461847389558233 0.6609375 0.5220883534136547 0.634375 0.4678714859437751 0.6328125 0.4598393574297189 0.6234375 0.4457831325301205 0.621875 0.4457831325301205 0.615625 0.44176706827309237 0.6046875 0.44176706827309237
2 0.678125 0.5602409638554217 0.6734375 0.5642570281124498 0.671875 0.5763052208835341 0.665625 0.5923694779116466 0.6625 0.6124497991967871 0.6625 0.6265060240963856 0.659375 0.6345381526104418 0.659375 0.6405622489959839 0.65625 0.6445783132530121 0.65625 0.6586345381526104 0.6609375 0.6646586345381527 0.675 0.6626506024096386 0.6828125 0.6726907630522089 0.696875 0.6847389558232931 0.7078125 0.6907630522088354 0.7125 0.6967871485943775 0.7140625 0.714859437751004 0.7171875 0.7248995983935743 0.725 0.7389558232931727 0.728125 0.7369477911646586 0.7296875 0.7269076305220884 0.7359375 0.7108433734939759 0.7359375 0.6767068273092369 0.7328125 0.6666666666666666 0.7328125 0.642570281124498 0.7296875 0.6345381526104418 0.73125 0.6004016064257028 0.715625 0.5783132530120482 0.7015625 0.5642570281124498 0.6953125 0.5622489959839357 0.69375 0.5642570281124498 0.6890625 0.5602409638554217 0.678125 0.5602409638554217
2 0.4484375 0.2570281124497992 0.4453125 0.26506024096385544 0.4453125 0.28714859437751006 0.44375 0.2891566265060241 0.44375 0.3393574297188755 0.446875 0.3313253012048193 0.4515625 0.3353413654618474 0.4515625 0.39558232931726905 0.4484375 0.41365461847389556 0.4453125 0.41967871485943775 0.44375 0.4738955823293173 0.4421875 0.4759036144578313 0.4421875 0.4879518072289157 0.4453125 0.4959839357429719 0.4546875 0.5 0.4609375 0.4979919678714859 0.465625 0.5020080321285141 0.4734375 0.5020080321285141 0.484375 0.4959839357429719 0.490625 0.4879518072289157 0.496875 0.4759036144578313 0.4984375 0.4497991967871486 0.5046875 0.42971887550200805 0.5171875 0.40763052208835343 0.5375 0.38353413654618473 0.54375 0.36947791164658633 0.5453125 0.357429718875502 0.5484375 0.3534136546184739 0.5484375 0.3473895582329317 0.5515625 0.3393574297188755 0.5515625 0.3313253012048193 0.55625 0.321285140562249 0.55625 0.2931726907630522 0.553125 0.28313253012048195 0.5484375 0.2791164658634538 0.5390625 0.2791164658634538 0.5328125 0.2710843373493976 0.5296875 0.2710843373493976 0.528125 0.26706827309236947 0.5234375 0.26706827309236947 0.5125 0.26104417670682734 0.503125 0.25301204819277107 0.4984375 0.2469879518072289 0.496875 0.24096385542168675 0.4859375 0.2289156626506024 0.4703125 0.21686746987951808 0.465625 0.20682730923694778 0.4671875 0.20080321285140562 0.4640625 0.19678714859437751 0.45625 0.19678714859437751 0.45625 0.19879518072289157 0.4484375 0.2389558232931727 0.4484375 0.2570281124497992
2 0.6140625 0.572289156626506 0.6078125 0.5803212851405622 0.6078125 0.5843373493975904 0.6015625 0.5863453815261044 0.6 0.5923694779116466 0.5953125 0.5963855421686747 0.5796875 0.5943775100401606 0.5703125 0.5863453815261044 0.565625 0.5803212851405622 0.559375 0.5602409638554217 0.5171875 0.5582329317269076 0.5015625 0.5642570281124498 0.4953125 0.5642570281124498 0.4890625 0.5682730923694779 0.484375 0.5863453815261044 0.484375 0.5963855421686747 0.4859375 0.5983935742971888 0.48125 0.6305220883534136 0.48125 0.6465863453815262 0.4875 0.6546184738955824 0.490625 0.6546184738955824 0.4921875 0.6586345381526104 0.5 0.6606425702811245 0.5015625 0.6646586345381527 0.5 0.6666666666666666 0.5 0.6767068273092369 0.503125 0.6807228915662651 0.5328125 0.6827309236947792 0.5515625 0.6626506024096386 0.55 0.6526104417670683 0.553125 0.6465863453815262 0.5625 0.6465863453815262 0.571875 0.6405622489959839 0.5875 0.6204819277108434 0.6 0.6104417670682731 0.6015625 0.606425702811245 0.6109375 0.5983935742971888 0.6140625 0.5983935742971888 0.615625 0.5943775100401606 0.6234375 0.5923694779116466 0.6546875 0.5662650602409639 0.653125 0.5562248995983936 0.6296875 0.5502008032128514 0.628125 0.5502008032128514 0.615625 0.5662650602409639 0.6140625 0.572289156626506
2 0.7578125 0.2931726907630522 0.746875 0.3152610441767068 0.74375 0.3232931726907631 0.74375 0.3293172690763052 0.7375 0.3433734939759036 0.7234375 0.357429718875502 0.7203125 0.3654618473895582 0.7171875 0.3674698795180723 0.715625 0.3815261044176707 0.7171875 0.38353413654618473 0.7171875 0.39357429718875503 0.7328125 0.40562248995983935 0.7578125 0.43775100401606426 0.7578125 0.44176706827309237 0.7609375 0.4457831325301205 0.7609375 0.463855421686747 0.7671875 0.4718875502008032 0.778125 0.4799196787148594 0.7828125 0.4879518072289157 0.778125 0.5140562248995983 0.784375 0.5220883534136547 0.7875 0.5220883534136547 0.790625 0.5120481927710844 0.80625 0.4959839357429719 0.8078125 0.4799196787148594 0.815625 0.46586345381526106 0.8171875 0.4538152610441767 0.8109375 0.4457831325301205 0.8171875 0.43172690763052207 0.8171875 0.41967871485943775 0.8109375 0.41164658634538154 0.815625 0.39357429718875503 0.815625 0.3795180722891566 0.809375 0.36947791164658633 0.8109375 0.3453815261044177 0.803125 0.3353413654618474 0.8046875 0.3152610441767068 0.8 0.3072289156626506 0.79375 0.3032128514056225 0.79375 0.29518072289156627 0.7875 0.28714859437751006 0.7859375 0.28714859437751006 0.7609375 0.2891566265060241 0.7578125 0.2931726907630522