3 0.55 0.38898163606010017 0.553125 0.39232053422370616 0.55625 0.39232053422370616 0.5640625 0.4023372287145242 0.5703125 0.4040066777963272 0.5765625 0.41068447412353926 0.5765625 0.41402337228714525 0.58125 0.41903171953255425 0.58125 0.4240400667779633 0.584375 0.4257095158597663 0.584375 0.4340567612687813 0.58125 0.4357262103505843 0.5796875 0.44073455759599334 0.5765625 0.44073455759599334 0.575 0.44741235392320533 0.56875 0.4507512520868113 0.5671875 0.4540901502504174 0.540625 0.4557595993322204 0.5390625 0.4590984974958264 0.5265625 0.4607679465776294 0.5234375 0.4674457429048414 0.5171875 0.4691151919866444 0.515625 0.4958263772954925 0.5125 0.4974958263772955 0.5109375 0.5308848080133556 0.515625 0.5325542570951586 0.5171875 0.5358931552587646 0.546875 0.5358931552587646 0.5484375 0.5325542570951586 0.565625 0.5308848080133556 0.5671875 0.5275459098497496 0.5703125 0.5275459098497496 0.571875 0.5308848080133556 0.596875 0.5308848080133556 0.5984375 0.5275459098497496 0.6015625 0.5275459098497496 0.603125 0.5308848080133556 0.60625 0.5275459098497496 0.6078125 0.5141903171953256 0.6109375 0.5125208681135225 0.6109375 0.4607679465776294 0.6078125 0.4590984974958264 0.60625 0.44574290484140233 0.609375 0.44240400667779634 0.646875 0.44407345575959933 0.6515625 0.43906510851419034 0.6484375 0.4357262103505843 0.621875 0.4340567612687813 0.6203125 0.4307178631051753 0.6046875 0.4290484140233723 0.6015625 0.42070116861435725 0.5984375 0.41903171953255425 0.596875 0.4090150250417362 0.59375 0.4073455759599332 0.5921875 0.4006677796327212 0.5875 0.3973288814691152 0.5875 0.39398998330550916 0.5828125 0.38898163606010017 0.5796875 0.38898163606010017 0.575 0.3823038397328882 0.56875 0.3806343906510851 0.565625 0.3756260434056761 0.5625 0.3756260434056761 0.5609375 0.3722871452420701 0.553125 0.37061769616026713 0.5515625 0.3722871452420701 0.5484375 0.3722871452420701 0.55 0.38898163606010017
3 0.5484375 0.38731218697829717 0.5546875 0.39398998330550916 0.5578125 0.39398998330550916 0.5640625 0.4023372287145242 0.5703125 0.4040066777963272 0.571875 0.4090150250417362 0.58125 0.41903171953255425 0.5796875 0.4257095158597663 0.559375 0.4240400667779633 0.5578125 0.42070116861435725 0.5546875 0.4240400667779633 0.5546875 0.4290484140233723 0.5578125 0.4290484140233723 0.559375 0.4323873121869783 0.575 0.4340567612687813 0.5796875 0.43906510851419034 0.5765625 0.44073455759599334 0.571875 0.4524207011686144 0.5640625 0.4557595993322204 0.5625 0.4590984974958264 0.559375 0.4590984974958264 0.5578125 0.4557595993322204 0.5484375 0.4557595993322204 0.546875 0.4590984974958264 0.5296875 0.4607679465776294 0.5171875 0.4724540901502504 0.515625 0.5108514190317195 0.5125 0.5125208681135225 0.5125 0.5258764607679466 0.5171875 0.5292153589315526 0.5171875 0.5325542570951586 0.5375 0.5308848080133556 0.546875 0.5325542570951586 0.553125 0.5225375626043406 0.5578125 0.5208681135225376 0.5625 0.5225375626043406 0.5640625 0.5275459098497496 0.5671875 0.5258764607679466 0.578125 0.5275459098497496 0.584375 0.5175292153589316 0.596875 0.5175292153589316 0.5984375 0.5208681135225376 0.60625 0.5208681135225376 0.6078125 0.5041736227045075 0.6109375 0.5025041736227045 0.6109375 0.4674457429048414 0.6078125 0.4657762938230384 0.60625 0.4507512520868113 0.603125 0.4507512520868113 0.603125 0.4540901502504174 0.5984375 0.4590984974958264 0.5921875 0.4524207011686144 0.5921875 0.44574290484140233 0.5890625 0.44407345575959933 0.5890625 0.43906510851419034 0.596875 0.4323873121869783 0.6046875 0.44240400667779634 0.6484375 0.44407345575959933 0.6515625 0.44240400667779634 0.6515625 0.4357262103505843 0.63125 0.4340567612687813 0.6296875 0.4307178631051753 0.603125 0.4290484140233723 0.6015625 0.4240400667779633 0.5984375 0.42237061769616024 0.596875 0.4090150250417362 0.59375 0.4073455759599332 0.5921875 0.4006677796327212 0.578125 0.38564273789649417 0.575 0.38564273789649417 0.5734375 0.3823038397328882 0.56875 0.3806343906510851 0.565625 0.3756260434056761 0.553125 0.37061769616026713 0.5515625 0.3722871452420701 0.5484375 0.3722871452420701 0.5484375 0.38731218697829717
3 0.5484375 0.38731218697829717 0.5546875 0.39398998330550916 0.5578125 0.39398998330550916 0.5640625 0.4023372287145242 0.5671875 0.4023372287145242 0.56875 0.4073455759599332 0.5734375 0.4090150250417362 0.58125 0.41903171953255425 0.58125 0.42237061769616024 0.578125 0.4257095158597663 0.559375 0.4240400667779633 0.5578125 0.42070116861435725 0.5546875 0.42070116861435725 0.5546875 0.4290484140233723 0.5578125 0.4323873121869783 0.575 0.4340567612687813 0.5796875 0.43906510851419034 0.5765625 0.44073455759599334 0.575 0.44741235392320533 0.56875 0.4507512520868113 0.56875 0.4540901502504174 0.5640625 0.4557595993322204 0.5625 0.4590984974958264 0.559375 0.4590984974958264 0.5578125 0.4557595993322204 0.5484375 0.4557595993322204 0.54375 0.4607679465776294 0.5296875 0.4607679465776294 0.5234375 0.4674457429048414 0.5171875 0.4691151919866444 0.515625 0.5125208681135225 0.5125 0.5141903171953256 0.5109375 0.5275459098497496 0.5078125 0.5292153589315526 0.5109375 0.5325542570951586 0.5140625 0.5325542570951586 0.515625 0.5358931552587646 0.5484375 0.5358931552587646 0.55 0.5325542570951586 0.5546875 0.5308848080133556 0.565625 0.5308848080133556 0.5671875 0.5275459098497496 0.578125 0.5275459098497496 0.5796875 0.5175292153589316 0.584375 0.5175292153589316 0.5890625 0.5225375626043406 0.5984375 0.5225375626043406 0.6 0.5258764607679466 0.60625 0.5258764607679466 0.6078125 0.5075125208681135 0.6109375 0.5058430717863105 0.6109375 0.46410684474123537 0.6078125 0.46243739565943237 0.60625 0.44574290484140233 0.6125 0.44240400667779634 0.6140625 0.44407345575959933 0.6484375 0.44407345575959933 0.6515625 0.44240400667779634 0.6515625 0.43906510851419034 0.6484375 0.4357262103505843 0.63125 0.4340567612687813 0.6296875 0.4307178631051753 0.603125 0.4290484140233723 0.6015625 0.4240400667779633 0.5984375 0.42237061769616024 0.596875 0.4090150250417362 0.59375 0.4073455759599332 0.5921875 0.4006677796327212 0.575 0.3823038397328882 0.56875 0.3806343906510851 0.5609375 0.3722871452420701 0.553125 0.37061769616026713 0.5515625 0.37061769616026713 0.5484375 0.3722871452420701 0.5484375 0.38731218697829717
3 0.209375 0.5208681135225376 0.2 0.5292153589315526 0.1359375 0.5275459098497496 0.134375 0.5242070116861436 0.09375 0.5225375626043406 0.0921875 0.5191986644407346 0.071875 0.5191986644407346 0.0703125 0.5225375626043406 0.0671875 0.5225375626043406 0.0671875 0.5308848080133556 0.071875 0.5342237061769616 0.071875 0.5392320534223706 0.075 0.5409015025041736 0.0765625 0.5475792988313857 0.075 0.5559265442404007 0.0765625 0.5642737896494157 0.084375 0.5659432387312187 0.0859375 0.5692821368948247 0.1109375 0.5692821368948247 0.1125 0.5709515859766278 0.1109375 0.5759599332220368 0.1046875 0.5759599332220368 0.1 0.5776293823038398 0.0984375 0.5809682804674458 0.090625 0.5826377295492488 0.0828125 0.5909849749582637 0.0640625 0.5926544240400667 0.0625 0.5959933222036727 0.0671875 0.6010016694490818 0.06875 0.6110183639398998 0.071875 0.6143572621035058 0.0828125 0.6143572621035058 0.0890625 0.6210350584307178 0.0890625 0.6277128547579299 0.0859375 0.6293823038397329 0.084375 0.6377295492487479 0.08125 0.6393989983305509 0.0796875 0.6494156928213689 0.0765625 0.6510851419031719 0.075 0.674457429048414 0.0765625 0.67779632721202 0.084375 0.679465776293823 0.0859375 0.6828046744574291 0.0921875 0.6844741235392321 0.09375 0.6878130217028381 0.115625 0.6878130217028381 0.1234375 0.6961602671118531 0.1359375 0.6978297161936561 0.140625 0.7028380634390651 0.140625 0.7061769616026711 0.1375 0.7078464106844741 0.1375 0.7111853088480802 0.134375 0.7145242070116862 0.1265625 0.7178631051752922 0.1265625 0.7262103505843072 0.1234375 0.7278797996661102 0.1234375 0.7362270450751253 0.1265625 0.7378964941569283 0.134375 0.7362270450751253 0.1421875 0.7278797996661102 0.146875 0.7278797996661102 0.15 0.7228714524207012 0.1578125 0.7212020033388982 0.171875 0.7028380634390651 0.1765625 0.7011686143572621 0.18125 0.7028380634390651 0.1875 0.7095158597662772 0.1875 0.7128547579298832 0.2015625 0.7278797996661102 0.215625 0.7262103505843072 0.215625 0.7045075125208681 0.221875 0.6978297161936561 0.23125 0.6978297161936561 0.2328125 0.7011686143572621 0.2453125 0.7028380634390651 0.246875 0.7061769616026711 0.259375 0.7078464106844741 0.2609375 0.7111853088480802 0.2671875 0.7111853088480802 0.2703125 0.7161936560934892 0.28125 0.7178631051752922 0.28125 0.7078464106844741 0.278125 0.7061769616026711 0.278125 0.7028380634390651 0.2875 0.6961602671118531 0.290625 0.6961602671118531 0.2921875 0.6928213689482471 0.3 0.6928213689482471 0.3015625 0.6961602671118531 0.309375 0.6978297161936561 0.3109375 0.7011686143572621 0.3171875 0.7028380634390651 0.325 0.7128547579298832 0.3375 0.7128547579298832 0.340625 0.7111853088480802 0.340625 0.7045075125208681 0.33125 0.6961602671118531 0.33125 0.6894824707846411 0.3359375 0.6878130217028381 0.3375 0.6844741235392321 0.3625 0.6828046744574291 0.3640625 0.679465776293823 0.3734375 0.67779632721202 0.375 0.674457429048414 0.3828125 0.672787979966611 0.384375 0.669449081803005 0.4046875 0.667779632721202 0.40625 0.66110183639399 0.4046875 0.656093489148581 0.4015625 0.654424040066778 0.4015625 0.6410684474123539 0.4046875 0.6393989983305509 0.40625 0.6243739565943238 0.415625 0.6143572621035058 0.415625 0.6010016694490818 0.4140625 0.5959933222036727 0.409375 0.5909849749582637 0.40625 0.5909849749582637 0.4 0.5826377295492488 0.384375 0.5809682804674458 0.3828125 0.5776293823038398 0.3703125 0.5759599332220368 0.36875 0.5726210350584308 0.3609375 0.5726210350584308 0.3578125 0.5692821368948247 0.359375 0.5559265442404007 0.3625 0.5542570951585977 0.359375 0.5509181969949917 0.359375 0.5475792988313857 0.346875 0.5475792988313857 0.3453125 0.5509181969949917 0.3375 0.5525876460767947 0.328125 0.5659432387312187 0.30625 0.5659432387312187 0.3046875 0.5626043405676127 0.2828125 0.5609348914858097 0.28125 0.5575959933222037 0.26875 0.5559265442404007 0.2671875 0.5525876460767947 0.2515625 0.5509181969949917 0.2453125 0.5442404006677797 0.24375 0.5375626043405676 0.240625 0.5358931552587646 0.2390625 0.5191986644407346 0.234375 0.5141903171953256 0.2140625 0.5141903171953256 0.2140625 0.5158597662771286 0.209375 0.5175292153589316 0.209375 0.5208681135225376
3 0.925 0.08514190317195326 0.925 0.11519198664440734 0.921875 0.11686143572621036 0.9203125 0.1335559265442404 0.9171875 0.1352253756260434 0.915625 0.14858096828046743 0.9125 0.15025041736227046 0.9109375 0.1669449081803005 0.9078125 0.1686143572621035 0.90625 0.18196994991652754 0.903125 0.18363939899833054 0.9015625 0.19699499165275458 0.8984375 0.1986644407345576 0.896875 0.21368948247078465 0.89375 0.21535893155258765 0.8921875 0.2270450751252087 0.8890625 0.2287145242070117 0.8875 0.24207011686143573 0.884375 0.24373956594323873 0.8828125 0.25542570951585974 0.8796875 0.2570951585976628 0.878125 0.2671118530884808 0.875 0.2687813021702838 0.8734375 0.28213689482470783 0.8703125 0.2838063439065108 0.86875 0.29549248747913187 0.865625 0.29716193656093487 0.8640625 0.3088480801335559 0.8609375 0.3105175292153589 0.859375 0.32053422370617696 0.85625 0.32220367278797996 0.85625 0.328881469115192 0.853125 0.330550918196995 0.8515625 0.335559265442404 0.8515625 0.34056761268781305 0.8484375 0.34223706176961605 0.846875 0.35058430717863104 0.84375 0.35225375626043404 0.8421875 0.3639398998330551 0.8390625 0.3656093489148581 0.8375 0.3739565943238731 0.834375 0.3756260434056761 0.8328125 0.38397328881469117 0.8296875 0.38564273789649417 0.828125 0.3973288814691152 0.825 0.3989983305509182 0.8234375 0.4073455759599332 0.8203125 0.4090150250417362 0.81875 0.41736227045075125 0.815625 0.41903171953255425 0.8140625 0.4273789649415693 0.8109375 0.4290484140233723 0.809375 0.4373956594323873 0.80625 0.43906510851419034 0.8046875 0.44741235392320533 0.8015625 0.44908180300500833 0.8 0.4574290484140234 0.796875 0.4590984974958264 0.7953125 0.4707846410684474 0.7921875 0.4724540901502504 0.7875 0.48580968280467446 0.7703125 0.5041736227045075 0.76875 0.5108514190317195 0.7640625 0.5141903171953256 0.7640625 0.5175292153589316 0.7578125 0.5242070116861436 0.7515625 0.5242070116861436 0.75 0.5275459098497496 0.7375 0.5275459098497496 0.7359375 0.5292153589315526 0.7171875 0.5275459098497496 0.7109375 0.5292153589315526 0.709375 0.5325542570951586 0.6953125 0.5325542570951586 0.69375 0.5292153589315526 0.6859375 0.5292153589315526 0.684375 0.5325542570951586 0.678125 0.5342237061769616 0.6765625 0.5392320534223706 0.6734375 0.5409015025041736 0.6734375 0.5442404006677797 0.665625 0.5525876460767947 0.6234375 0.5525876460767947 0.6203125 0.5475792988313857 0.6078125 0.5459098497495827 0.60625 0.5425709515859767 0.6 0.5409015025041736 0.596875 0.5358931552587646 0.5984375 0.5175292153589316 0.5953125 0.5175292153589316 0.5890625 0.5242070116861436 0.5890625 0.5325542570951586 0.59375 0.5375626043405676 0.59375 0.5442404006677797 0.5890625 0.5475792988313857 0.58125 0.5459098497495827 0.5765625 0.5475792988313857 0.5734375 0.5525876460767947 0.5640625 0.5525876460767947 0.5609375 0.5575959933222037 0.5546875 0.5575959933222037 0.553125 0.5609348914858097 0.5484375 0.5609348914858097 0.546875 0.5659432387312187 0.540625 0.5676126878130217 0.5390625 0.5726210350584308 0.5359375 0.5726210350584308 0.5359375 0.5759599332220368 0.5390625 0.5792988313856428 0.5296875 0.5826377295492488 0.525 0.5876460767946577 0.5265625 0.5909849749582637 0.525 0.5959933222036727 0.521875 0.5976627712854758 0.525 0.6010016694490818 0.534375 0.5993322203672788 0.5390625 0.6026711185308848 0.534375 0.6160267111853088 0.5359375 0.6343906510851419 0.54375 0.6327212020033389 0.5453125 0.6377295492487479 0.5484375 0.6393989983305509 0.5453125 0.6410684474123539 0.5453125 0.6444073455759599 0.55 0.6494156928213689 0.553125 0.6494156928213689 0.5546875 0.6527545909849749 0.5625 0.654424040066778 0.5578125 0.659432387312187 0.5546875 0.659432387312187 0.5515625 0.664440734557596 0.5484375 0.664440734557596 0.5484375 0.667779632721202 0.54375 0.671118530884808 0.54375 0.6828046744574291 0.540625 0.6844741235392321 0.5390625 0.6978297161936561 0.5265625 0.7078464106844741 0.5265625 0.7111853088480802 0.521875 0.7145242070116862 0.5203125 0.7212020033388982 0.5171875 0.7228714524207012 0.5171875 0.7262103505843072 0.5125 0.7278797996661102 0.5125 0.7312186978297162 0.5046875 0.7395659432387313 0.4984375 0.7395659432387313 0.496875 0.7429048414023373 0.4890625 0.7445742904841403 0.4765625 0.7445742904841403 0.475 0.7479131886477463 0.471875 0.7479131886477463 0.471875 0.7529215358931552 0.496875 0.7512520868113522 0.4984375 0.7479131886477463 0.5140625 0.7462437395659433 0.515625 0.7429048414023373 0.528125 0.7429048414023373 0.5296875 0.7445742904841403 0.534375 0.7562604340567612 0.5296875 0.7595993322203672 0.5296875 0.7629382303839732 0.5265625 0.7646076794657763 0.525 0.7696160267111853 0.5 0.7946577629382304 0.509375 0.7946577629382304 0.5109375 0.7879799666110183 0.521875 0.7762938230383973 0.528125 0.7746243739565943 0.5296875 0.7712854757929883 0.534375 0.7696160267111853 0.5484375 0.7696160267111853 0.5546875 0.7579298831385642 0.5609375 0.7562604340567612 0.56875 0.7479131886477463 0.5796875 0.7462437395659433 0.58125 0.7429048414023373 0.5859375 0.7412353923205343 0.5921875 0.7412353923205343 0.59375 0.7378964941569283 0.603125 0.7378964941569283 0.6046875 0.7412353923205343 0.6125 0.7429048414023373 0.63125 0.7429048414023373 0.6328125 0.7462437395659433 0.6515625 0.7479131886477463 0.653125 0.7512520868113522 0.6625 0.7545909849749582 0.6640625 0.7612687813021702 0.675 0.7612687813021702 0.6765625 0.7579298831385642 0.6859375 0.7579298831385642 0.6921875 0.7646076794657763 0.690625 0.7896494156928213 0.6828125 0.7979966611018364 0.68125 0.8046744574290484 0.6734375 0.8113522537562604 0.6734375 0.8146911519198664 0.665625 0.8230383973288815 0.6625 0.8230383973288815 0.646875 0.8414023372287145 0.6421875 0.8430717863105175 0.6421875 0.8480801335559266 0.6453125 0.8497495826377296 0.65625 0.8497495826377296 0.6625 0.8480801335559266 0.6640625 0.8447412353923205 0.6671875 0.8447412353923205 0.671875 0.8397328881469115 0.684375 0.8397328881469115 0.6859375 0.8363939899833055 0.6890625 0.8363939899833055 0.690625 0.8213689482470785 0.69375 0.8196994991652755 0.6953125 0.8080133555926544 0.6984375 0.8063439065108514 0.6984375 0.8030050083472454 0.703125 0.7996661101836394 0.7046875 0.7929883138564274 0.7109375 0.7863105175292153 0.715625 0.7846410684474123 0.7171875 0.7813021702838063 0.7203125 0.7813021702838063 0.7328125 0.7662771285475793 0.7359375 0.7662771285475793 0.7359375 0.7595993322203672 0.7390625 0.7579298831385642 0.740625 0.7529215358931552 0.75 0.7529215358931552 0.75625 0.7595993322203672 0.7546875 0.7746243739565943 0.75625 0.7762938230383973 0.7671875 0.7746243739565943 0.784375 0.7579298831385642 0.8046875 0.7562604340567612 0.8046875 0.7529215358931552 0.809375 0.7479131886477463 0.809375 0.7345575959933222 0.8078125 0.7328881469115192 0.8109375 0.7278797996661102 0.8140625 0.7312186978297162 0.8328125 0.7328881469115192 0.834375 0.7362270450751253 0.8375 0.7362270450751253 0.8453125 0.7278797996661102 0.8453125 0.7178631051752922 0.85 0.7128547579298832 0.85 0.7095158597662772 0.8546875 0.7061769616026711 0.8546875 0.6994991652754591 0.846875 0.6928213689482471 0.85 0.6894824707846411 0.8515625 0.679465776293823 0.8625 0.679465776293823 0.8640625 0.6828046744574291 0.88125 0.6828046744574291 0.8875 0.6894824707846411 0.8875 0.6928213689482471 0.890625 0.6928213689482471 0.890625 0.664440734557596 0.89375 0.659432387312187 0.9 0.657762938230384 0.903125 0.6393989983305509 0.9234375 0.6377295492487479 0.925 0.6343906510851419 0.93125 0.6343906510851419 0.9328125 0.6377295492487479 0.946875 0.6393989983305509 0.9546875 0.6343906510851419 0.9546875 0.6310517529215359 0.94375 0.6260434056761269 0.9328125 0.6143572621035058 0.93125 0.6060100166944908 0.9328125 0.5976627712854758 0.93125 0.6010016694490818 0.9203125 0.6010016694490818 0.91875 0.5976627712854758 0.9109375 0.5943238731218697 0.909375 0.5876460767946577 0.896875 0.5859766277128547 0.8953125 0.5826377295492488 0.890625 0.5809682804674458 0.8921875 0.5726210350584308 0.903125 0.5609348914858097 0.909375 0.5592654424040067 0.9171875 0.5509181969949917 0.9234375 0.5492487479131887 0.925 0.5459098497495827 0.9328125 0.5442404006677797 0.9359375 0.5409015025041736 0.9359375 0.5292153589315526 0.9328125 0.5292153589315526 0.9328125 0.5325542570951586 0.91875 0.5459098497495827 0.9125 0.5475792988313857 0.9109375 0.5509181969949917 0.903125 0.5525876460767947 0.890625 0.5659432387312187 0.884375 0.5676126878130217 0.8828125 0.5709515859766278 0.8734375 0.5726210350584308 0.871875 0.5759599332220368 0.8640625 0.5776293823038398 0.8625 0.5809682804674458 0.853125 0.5826377295492488 0.8515625 0.5859766277128547 0.8328125 0.5876460767946577 0.828125 0.5859766277128547 0.8234375 0.5809682804674458 0.821875 0.5726210350584308 0.8140625 0.5659432387312187 0.8140625 0.5575959933222037 0.8171875 0.5559265442404007 0.81875 0.5375626043405676 0.821875 0.5358931552587646 0.8234375 0.5225375626043406 0.8265625 0.5208681135225376 0.828125 0.5041736227045075 0.83125 0.5025041736227045 0.8328125 0.49248747913188645 0.8359375 0.49081803005008345 0.8375 0.4791318864774624 0.840625 0.4774624373956594 0.8421875 0.4674457429048414 0.8453125 0.4657762938230384 0.846875 0.4557595993322204 0.85 0.4540901502504174 0.8515625 0.44407345575959933 0.8578125 0.4373956594323873 0.859375 0.4290484140233723 0.8625 0.4273789649415693 0.8640625 0.41569282136894825 0.8671875 0.41402337228714525 0.86875 0.4040066777963272 0.8734375 0.3989983305509182 0.8734375 0.39398998330550916 0.8765625 0.39232053422370616 0.8765625 0.38564273789649417 0.878125 0.3806343906510851 0.88125 0.3789649415692821 0.8828125 0.3672787979966611 0.8859375 0.3656093489148581 0.8875 0.3555926544240401 0.890625 0.35392320534223703 0.8921875 0.34223706176961605 0.8953125 0.34056761268781305 0.896875 0.332220367278798 0.9 0.330550918196995 0.9015625 0.32220367278797996 0.9046875 0.32053422370617696 0.90625 0.3105175292153589 0.909375 0.3088480801335559 0.9109375 0.29716193656093487 0.9140625 0.29549248747913187 0.9140625 0.2888146911519199 0.915625 0.28213689482470783 0.91875 0.28046744574290483 0.9203125 0.2671118530884808 0.9234375 0.2654424040066778 0.925 0.24707846410684475 0.928125 0.24540901502504173 0.928125 0.2387312186978297 0.93125 0.2370617696160267 0.9328125 0.22036727879799667 0.9359375 0.21869782971619364 0.9375 0.2036727879799666 0.940625 0.2020033388981636 0.9421875 0.18530884808013356 0.9453125 0.18363939899833054 0.946875 0.17028380634390652 0.95 0.1686143572621035 0.9515625 0.15191986644407346 0.9546875 0.15025041736227046 0.95625 0.14357262103505844 0.95625 0.1352253756260434 0.959375 0.1335559265442404 0.9609375 0.11018363939899833 0.9640625 0.10851419031719532 0.965625 0.09181969949916527 0.96875 0.09015025041736227 0.96875 0.07679465776293823 0.9609375 0.06844741235392321 0.9546875 0.0667779632721202 0.9375 0.06844741235392321 0.9375 0.07011686143572621 0.9265625 0.08013355592654424 0.925 0.08514190317195326
3 0.5578125 0.3973288814691152 0.5625 0.3989983305509182 0.5625 0.4023372287145242 0.565625 0.4023372287145242 0.56875 0.4073455759599332 0.5734375 0.4090150250417362 0.5765625 0.41736227045075125 0.58125 0.42070116861435725 0.5796875 0.4240400667779633 0.559375 0.4240400667779633 0.5578125 0.42070116861435725 0.5546875 0.4240400667779633 0.5546875 0.4290484140233723 0.5578125 0.4290484140233723 0.559375 0.4323873121869783 0.575 0.4340567612687813 0.5796875 0.43906510851419034 0.5765625 0.44073455759599334 0.575 0.44741235392320533 0.56875 0.4507512520868113 0.565625 0.4557595993322204 0.5453125 0.4557595993322204 0.54375 0.4590984974958264 0.5265625 0.4607679465776294 0.5234375 0.4674457429048414 0.5171875 0.4691151919866444 0.515625 0.5008347245409015 0.5125 0.5025041736227045 0.5125 0.5225375626043406 0.5078125 0.5308848080133556 0.515625 0.5325542570951586 0.5171875 0.5358931552587646 0.5515625 0.5358931552587646 0.553125 0.5325542570951586 0.5734375 0.5308848080133556 0.575 0.5325542570951586 0.5796875 0.5308848080133556 0.58125 0.5275459098497496 0.584375 0.5275459098497496 0.5890625 0.5325542570951586 0.603125 0.5308848080133556 0.6078125 0.5225375626043406 0.6078125 0.5141903171953256 0.6109375 0.5125208681135225 0.6109375 0.4590984974958264 0.6078125 0.4574290484140234 0.6078125 0.44574290484140233 0.609375 0.44407345575959933 0.6484375 0.44407345575959933 0.6515625 0.44240400667779634 0.6515625 0.4357262103505843 0.63125 0.4340567612687813 0.6296875 0.4307178631051753 0.6046875 0.4290484140233723 0.6015625 0.42070116861435725 0.5984375 0.41903171953255425 0.596875 0.4090150250417362 0.59375 0.4073455759599332 0.5921875 0.4006677796327212 0.5796875 0.38564273789649417 0.5765625 0.38564273789649417 0.5703125 0.3772954924874791 0.5640625 0.3756260434056761 0.5625 0.3722871452420701 0.5484375 0.37061769616026713 0.5484375 0.3722871452420701 0.5484375 0.38731218697829717 0.5578125 0.3973288814691152
3 0.5046875 0.4240400667779633 0.4953125 0.4257095158597663 0.4875 0.4340567612687813 0.48125 0.4357262103505843 0.4796875 0.43906510851419034 0.471875 0.44073455759599334 0.46875 0.44574290484140233 0.4578125 0.4507512520868113 0.45625 0.4540901502504174 0.4484375 0.4557595993322204 0.440625 0.4674457429048414 0.434375 0.4691151919866444 0.4265625 0.4774624373956594 0.4265625 0.48080133555926546 0.421875 0.48414023372287146 0.421875 0.49248747913188645 0.425 0.4958263772954925 0.43125 0.4958263772954925 0.4390625 0.48747913188647746 0.4453125 0.48580968280467446 0.4609375 0.4674457429048414 0.46875 0.4657762938230384 0.4703125 0.4607679465776294 0.4765625 0.4540901502504174 0.484375 0.4524207011686144 0.4859375 0.44908180300500833 0.4921875 0.44741235392320533 0.5 0.43906510851419034 0.509375 0.4373956594323873 0.5171875 0.4290484140233723 0.528125 0.4273789649415693 0.5296875 0.4240400667779633 0.5375 0.4240400667779633 0.54375 0.41736227045075125 0.54375 0.41068447412353926 0.5265625 0.41068447412353926 0.5265625 0.41235392320534225 0.50625 0.42070116861435725 0.5046875 0.4240400667779633
3 0.5203125 0.41569282136894825 0.51875 0.41903171953255425 0.50625 0.42070116861435725 0.4984375 0.4290484140233723 0.4890625 0.4307178631051753 0.4875 0.4340567612687813 0.4765625 0.43906510851419034 0.4734375 0.44407345575959933 0.4625 0.44908180300500833 0.4609375 0.4540901502504174 0.4484375 0.4590984974958264 0.440625 0.4691151919866444 0.4375 0.4691151919866444 0.4328125 0.4741235392320534 0.4296875 0.48247078464106846 0.425 0.48414023372287146 0.4234375 0.48914858096828046 0.4125 0.48747913188647746 0.409375 0.48247078464106846 0.409375 0.4774624373956594 0.3984375 0.4791318864774624 0.39375 0.4774624373956594 0.3921875 0.4741235392320534 0.3796875 0.4691151919866444 0.3765625 0.46410684474123537 0.3703125 0.46410684474123537 0.36875 0.4607679465776294 0.3625 0.4590984974958264 0.35625 0.4590984974958264 0.3546875 0.4557595993322204 0.3296875 0.4540901502504174 0.328125 0.4507512520868113 0.3109375 0.44908180300500833 0.309375 0.44574290484140233 0.290625 0.44407345575959933 0.2890625 0.44073455759599334 0.275 0.43906510851419034 0.2734375 0.4357262103505843 0.25625 0.4340567612687813 0.2546875 0.4307178631051753 0.2359375 0.4290484140233723 0.234375 0.4257095158597663 0.21875 0.4240400667779633 0.2171875 0.42070116861435725 0.1421875 0.41903171953255425 0.140625 0.42070116861435725 0.121875 0.42070116861435725 0.1171875 0.4257095158597663 0.1171875 0.4340567612687813 0.11875 0.43906510851419034 0.121875 0.43906510851419034 0.1234375 0.44240400667779634 0.1296875 0.44240400667779634 0.13125 0.43906510851419034 0.140625 0.4373956594323873 0.2171875 0.43906510851419034 0.21875 0.44240400667779634 0.240625 0.44407345575959933 0.2421875 0.44741235392320533 0.259375 0.44908180300500833 0.2609375 0.4524207011686144 0.2828125 0.4540901502504174 0.284375 0.4574290484140234 0.303125 0.4590984974958264 0.3046875 0.46243739565943237 0.3140625 0.46243739565943237 0.315625 0.4657762938230384 0.3359375 0.4674457429048414 0.3375 0.4707846410684474 0.3546875 0.4724540901502504 0.35625 0.4757929883138564 0.3671875 0.4774624373956594 0.36875 0.48080133555926546 0.378125 0.48247078464106846 0.3796875 0.48580968280467446 0.3875 0.48747913188647746 0.3890625 0.49081803005008345 0.396875 0.49248747913188645 0.3984375 0.4958263772954925 0.4046875 0.4974958263772955 0.4078125 0.5041736227045075 0.40625 0.5158597662771286 0.425 0.5175292153589316 0.4265625 0.5208681135225376 0.43125 0.5208681135225376 0.4515625 0.5425709515859767 0.453125 0.5492487479131887 0.465625 0.5626043405676127 0.4671875 0.5692821368948247 0.475 0.5726210350584308 0.4765625 0.5792988313856428 0.4984375 0.5809682804674458 0.5046875 0.5759599332220368 0.5046875 0.5659432387312187 0.496875 0.5609348914858097 0.490625 0.5609348914858097 0.4734375 0.5425709515859767 0.4671875 0.5409015025041736 0.465625 0.5342237061769616 0.4375 0.5041736227045075 0.434375 0.5041736227045075 0.43125 0.5008347245409015 0.43125 0.49248747913188645 0.434375 0.48747913188647746 0.4421875 0.48580968280467446 0.4578125 0.4674457429048414 0.465625 0.4657762938230384 0.471875 0.4574290484140234 0.4828125 0.4524207011686144 0.490625 0.44407345575959933 0.4984375 0.44240400667779634 0.5 0.43906510851419034 0.50625 0.4373956594323873 0.5078125 0.4340567612687813 0.5140625 0.4323873121869783 0.515625 0.4290484140233723 0.5234375 0.4273789649415693 0.525 0.4240400667779633 0.534375 0.42237061769616024 0.5359375 0.41903171953255425 0.5390625 0.41903171953255425 0.5421875 0.41068447412353926 0.5296875 0.41068447412353926 0.5296875 0.41235392320534225 0.525 0.41569282136894825 0.5203125 0.41569282136894825
3 0.403125 0.5091819699499165 0.4015625 0.5409015025041736 0.403125 0.5459098497495827 0.4109375 0.5525876460767947 0.4125 0.5592654424040067 0.415625 0.5609348914858097 0.415625 0.5692821368948247 0.4171875 0.5742904841402338 0.4203125 0.5759599332220368 0.4203125 0.5792988313856428 0.43125 0.5809682804674458 0.434375 0.5759599332220368 0.440625 0.5759599332220368 0.465625 0.6026711185308848 0.4671875 0.6093489148580968 0.471875 0.6126878130217028 0.471875 0.6176961602671118 0.475 0.6193656093489148 0.4765625 0.6343906510851419 0.4796875 0.6360601001669449 0.48125 0.6477462437395659 0.49375 0.659432387312187 0.4953125 0.669449081803005 0.5046875 0.667779632721202 0.50625 0.654424040066778 0.5046875 0.6410684474123539 0.4984375 0.6377295492487479 0.496875 0.6310517529215359 0.49375 0.6293823038397329 0.4921875 0.6193656093489148 0.4890625 0.6176961602671118 0.4875 0.6126878130217028 0.4796875 0.6093489148580968 0.478125 0.6026711185308848 0.4703125 0.5993322203672788 0.46875 0.5759599332220368 0.465625 0.5726210350584308 0.4625 0.5726210350584308 0.459375 0.5676126878130217 0.453125 0.5676126878130217 0.4484375 0.5659432387312187 0.446875 0.5626043405676127 0.4375 0.5609348914858097 0.43125 0.5542570951585977 0.43125 0.5475792988313857 0.428125 0.5459098497495827 0.428125 0.5409015025041736 0.425 0.5392320534223706 0.4234375 0.5175292153589316 0.4203125 0.5158597662771286 0.4203125 0.5091819699499165 0.4078125 0.4991652754590985 0.4078125 0.5008347245409015 0.40625 0.5075125208681135 0.403125 0.5091819699499165
3 0.128125 0.5275459098497496 0.1265625 0.5242070116861436 0.0859375 0.5225375626043406 0.084375 0.5191986644407346 0.071875 0.5191986644407346 0.0671875 0.5242070116861436 0.06875 0.5325542570951586 0.071875 0.5342237061769616 0.071875 0.5392320534223706 0.075 0.5409015025041736 0.0765625 0.5475792988313857 0.0765625 0.5642737896494157 0.09375 0.5659432387312187 0.0953125 0.5692821368948247 0.1109375 0.5692821368948247 0.1125 0.5709515859766278 0.1109375 0.5759599332220368 0.1 0.5776293823038398 0.0984375 0.5809682804674458 0.090625 0.5826377295492488 0.0828125 0.5909849749582637 0.0640625 0.5926544240400667 0.0640625 0.5993322203672788 0.0671875 0.6010016694490818 0.06875 0.6110183639398998 0.071875 0.6143572621035058 0.0828125 0.6143572621035058 0.084375 0.6176961602671118 0.0890625 0.6193656093489148 0.0890625 0.6293823038397329 0.0859375 0.6310517529215359 0.084375 0.6393989983305509 0.08125 0.6410684474123539 0.0796875 0.6494156928213689 0.0765625 0.6510851419031719 0.075 0.67779632721202 0.0921875 0.6844741235392321 0.09375 0.6878130217028381 0.115625 0.6878130217028381 0.1234375 0.6961602671118531 0.1375 0.6994991652754591 0.1375 0.7028380634390651 0.140625 0.7061769616026711 0.1375 0.7078464106844741 0.1375 0.7111853088480802 0.134375 0.7145242070116862 0.1265625 0.7178631051752922 0.1265625 0.7228714524207012 0.1234375 0.7245409015025042 0.1234375 0.7362270450751253 0.1265625 0.7378964941569283 0.134375 0.7362270450751253 0.1421875 0.7278797996661102 0.146875 0.7278797996661102 0.15 0.7228714524207012 0.1609375 0.7178631051752922 0.1625 0.7128547579298832 0.171875 0.7028380634390651 0.1765625 0.7011686143572621 0.1796875 0.7011686143572621 0.1875 0.7095158597662772 0.1875 0.7128547579298832 0.2015625 0.7278797996661102 0.215625 0.7262103505843072 0.215625 0.7045075125208681 0.221875 0.6978297161936561 0.2296875 0.6978297161936561 0.23125 0.7011686143572621 0.24375 0.7028380634390651 0.2453125 0.7061769616026711 0.259375 0.7078464106844741 0.2609375 0.7111853088480802 0.26875 0.7128547579298832 0.2703125 0.7161936560934892 0.28125 0.7178631051752922 0.28125 0.7078464106844741 0.278125 0.7061769616026711 0.278125 0.7028380634390651 0.2828125 0.6978297161936561 0.290625 0.6961602671118531 0.2921875 0.6928213689482471 0.3 0.6928213689482471 0.3015625 0.6961602671118531 0.309375 0.6978297161936561 0.3109375 0.7011686143572621 0.3171875 0.7028380634390651 0.325 0.7128547579298832 0.3375 0.7128547579298832 0.340625 0.7111853088480802 0.340625 0.7045075125208681 0.33125 0.6961602671118531 0.33125 0.6911519198664441 0.334375 0.6878130217028381 0.3375 0.6878130217028381 0.3390625 0.6844741235392321 0.3625 0.6828046744574291 0.3640625 0.679465776293823 0.3734375 0.67779632721202 0.375 0.674457429048414 0.3828125 0.672787979966611 0.384375 0.669449081803005 0.4046875 0.667779632721202 0.40625 0.66110183639399 0.4046875 0.656093489148581 0.4015625 0.654424040066778 0.4015625 0.6410684474123539 0.4046875 0.6393989983305509 0.40625 0.6243739565943238 0.415625 0.6143572621035058 0.415625 0.6026711185308848 0.4140625 0.5976627712854758 0.4046875 0.5876460767946577 0.396875 0.5859766277128547 0.3953125 0.5826377295492488 0.390625 0.5809682804674458 0.3828125 0.5809682804674458 0.38125 0.5776293823038398 0.36875 0.5759599332220368 0.3671875 0.5726210350584308 0.3609375 0.5726210350584308 0.3578125 0.5692821368948247 0.3578125 0.5609348914858097 0.3625 0.5525876460767947 0.3578125 0.5475792988313857 0.346875 0.5475792988313857 0.3453125 0.5509181969949917 0.3390625 0.5525876460767947 0.3265625 0.5676126878130217 0.3046875 0.5659432387312187 0.303125 0.5626043405676127 0.2828125 0.5609348914858097 0.28125 0.5575959933222037 0.265625 0.5559265442404007 0.2640625 0.5525876460767947 0.2515625 0.5509181969949917 0.240625 0.5392320534223706 0.2390625 0.5191986644407346 0.2328125 0.5175292153589316 0.23125 0.5141903171953256 0.2140625 0.5141903171953256 0.2140625 0.5158597662771286 0.2 0.5292153589315526 0.128125 0.5275459098497496
3 0.5140625 0.41903171953255425 0.509375 0.42070116861435725 0.503125 0.42070116861435725 0.5015625 0.4240400667779633 0.490625 0.4290484140233723 0.4875 0.4340567612687813 0.4796875 0.4357262103505843 0.478125 0.43906510851419034 0.471875 0.44073455759599334 0.46875 0.44574290484140233 0.465625 0.44574290484140233 0.4640625 0.44908180300500833 0.453125 0.4540901502504174 0.45 0.4590984974958264 0.44375 0.4607679465776294 0.440625 0.4674457429048414 0.434375 0.4691151919866444 0.4265625 0.4774624373956594 0.4265625 0.48080133555926546 0.4203125 0.48747913188647746 0.4203125 0.49081803005008345 0.425 0.4958263772954925 0.43125 0.4958263772954925 0.4328125 0.49248747913188645 0.440625 0.49081803005008345 0.4578125 0.4707846410684474 0.46875 0.4657762938230384 0.4703125 0.46243739565943237 0.4734375 0.46243739565943237 0.4859375 0.44908180300500833 0.49375 0.44741235392320533 0.4953125 0.44407345575959933 0.5015625 0.44240400667779634 0.503125 0.43906510851419034 0.509375 0.4373956594323873 0.5109375 0.4340567612687813 0.51875 0.4323873121869783 0.5203125 0.4290484140233723 0.5296875 0.4273789649415693 0.53125 0.4240400667779633 0.5375 0.4240400667779633 0.54375 0.41736227045075125 0.54375 0.41068447412353926 0.534375 0.4090150250417362 0.5265625 0.41068447412353926 0.5265625 0.41235392320534225 0.515625 0.41569282136894825 0.5140625 0.41903171953255425
3 0.5484375 0.4540901502504174 0.5390625 0.4557595993322204 0.5375 0.4590984974958264 0.5265625 0.4607679465776294 0.525 0.46410684474123537 0.521875 0.46410684474123537 0.5171875 0.4691151919866444 0.515625 0.49248747913188645 0.5125 0.4941569282136895 0.5109375 0.5041736227045075 0.5109375 0.5275459098497496 0.5125 0.5308848080133556 0.51875 0.5325542570951586 0.5203125 0.5358931552587646 0.5390625 0.5358931552587646 0.540625 0.5325542570951586 0.5484375 0.5325542570951586 0.553125 0.5275459098497496 0.559375 0.5258764607679466 0.5796875 0.5275459098497496 0.5796875 0.5242070116861436 0.5828125 0.5225375626043406 0.584375 0.5091819699499165 0.5875 0.5075125208681135 0.5890625 0.4974958263772955 0.5921875 0.4958263772954925 0.5921875 0.48247078464106846 0.5890625 0.48080133555926546 0.5875 0.4757929883138564 0.5875 0.4507512520868113 0.5890625 0.44908180300500833 0.584375 0.44073455759599334 0.5796875 0.44073455759599334 0.5796875 0.44240400667779634 0.5671875 0.4557595993322204 0.5484375 0.4540901502504174
3 0.1171875 0.4340567612687813 0.11875 0.43906510851419034 0.121875 0.43906510851419034 0.1234375 0.44240400667779634 0.1296875 0.44240400667779634 0.13125 0.43906510851419034 0.140625 0.4373956594323873 0.2171875 0.43906510851419034 0.21875 0.44240400667779634 0.23125 0.44240400667779634 0.240625 0.44407345575959933 0.2421875 0.44741235392320533 0.259375 0.44908180300500833 0.2609375 0.4524207011686144 0.271875 0.4524207011686144 0.28125 0.4540901502504174 0.2828125 0.4574290484140234 0.303125 0.4590984974958264 0.3046875 0.46243739565943237 0.3125 0.46243739565943237 0.3140625 0.4657762938230384 0.3328125 0.4674457429048414 0.334375 0.4707846410684474 0.3546875 0.4724540901502504 0.35625 0.4757929883138564 0.3671875 0.4774624373956594 0.36875 0.48080133555926546 0.378125 0.48247078464106846 0.3796875 0.48580968280467446 0.3875 0.48747913188647746 0.3890625 0.49081803005008345 0.396875 0.49248747913188645 0.3984375 0.4958263772954925 0.4046875 0.4974958263772955 0.421875 0.5158597662771286 0.428125 0.5175292153589316 0.45625 0.5475792988313857 0.4578125 0.5542570951585977 0.4625 0.5575959933222037 0.4625 0.5609348914858097 0.4671875 0.5659432387312187 0.4703125 0.5659432387312187 0.4765625 0.5742904841402338 0.4828125 0.5759599332220368 0.484375 0.5792988313856428 0.4921875 0.5792988313856428 0.49375 0.5759599332220368 0.496875 0.5759599332220368 0.496875 0.5726210350584308 0.5015625 0.5676126878130217 0.4953125 0.5659432387312187 0.4890625 0.5575959933222037 0.4859375 0.5575959933222037 0.4734375 0.5425709515859767 0.4671875 0.5409015025041736 0.4640625 0.5325542570951586 0.4234375 0.49248747913188645 0.4203125 0.49248747913188645 0.41875 0.48914858096828046 0.4125 0.48914858096828046 0.4046875 0.4791318864774624 0.39375 0.4774624373956594 0.3921875 0.4741235392320534 0.3796875 0.4691151919866444 0.3765625 0.46410684474123537 0.3703125 0.46410684474123537 0.36875 0.4607679465776294 0.35625 0.4590984974958264 0.3546875 0.4557595993322204 0.3296875 0.4540901502504174 0.328125 0.4507512520868113 0.321875 0.44908180300500833 0.3109375 0.44908180300500833 0.309375 0.44574290484140233 0.290625 0.44407345575959933 0.2890625 0.44073455759599334 0.275 0.43906510851419034 0.2734375 0.4357262103505843 0.25625 0.4340567612687813 0.2546875 0.4307178631051753 0.2453125 0.4290484140233723 0.2359375 0.4290484140233723 0.234375 0.4257095158597663 0.21875 0.4240400667779633 0.2171875 0.42070116861435725 0.1421875 0.41903171953255425 0.140625 0.42070116861435725 0.121875 0.42070116861435725 0.121875 0.42237061769616024 0.1171875 0.4257095158597663 0.1171875 0.4340567612687813
3 0.415625 0.48914858096828046 0.4109375 0.48414023372287146 0.4015625 0.48247078464106846 0.4 0.4791318864774624 0.3890625 0.4774624373956594 0.3875 0.4741235392320534 0.3796875 0.4724540901502504 0.378125 0.4691151919866444 0.3703125 0.4674457429048414 0.36875 0.46410684474123537 0.3640625 0.46410684474123537 0.3625 0.4607679465776294 0.3578125 0.4590984974958264 0.3484375 0.4590984974958264 0.346875 0.4557595993322204 0.3203125 0.4540901502504174 0.31875 0.4507512520868113 0.3015625 0.44908180300500833 0.3 0.44574290484140233 0.284375 0.44407345575959933 0.2828125 0.44073455759599334 0.2765625 0.43906510851419034 0.265625 0.43906510851419034 0.2640625 0.4357262103505843 0.25 0.4340567612687813 0.2484375 0.4307178631051753 0.228125 0.4290484140233723 0.2265625 0.4257095158597663 0.2171875 0.4240400667779633 0.20625 0.4240400667779633 0.2046875 0.42070116861435725 0.1734375 0.42070116861435725 0.171875 0.41903171953255425 0.1703125 0.42070116861435725 0.13125 0.42070116861435725 0.1296875 0.4240400667779633 0.1234375 0.4240400667779633 0.11875 0.4290484140233723 0.11875 0.4323873121869783 0.121875 0.4340567612687813 0.1234375 0.43906510851419034 0.1515625 0.4373956594323873 0.153125 0.4340567612687813 0.19375 0.4340567612687813 0.1953125 0.4373956594323873 0.2296875 0.43906510851419034 0.23125 0.44240400667779634 0.25 0.44407345575959933 0.2515625 0.44741235392320533 0.26875 0.44908180300500833 0.2703125 0.4524207011686144 0.290625 0.4540901502504174 0.2921875 0.4574290484140234 0.303125 0.4574290484140234 0.3125 0.4590984974958264 0.3140625 0.46243739565943237 0.321875 0.46243739565943237 0.3234375 0.4657762938230384 0.3421875 0.4674457429048414 0.34375 0.4707846410684474 0.359375 0.4724540901502504 0.3609375 0.4757929883138564 0.371875 0.4774624373956594 0.3734375 0.48080133555926546 0.3828125 0.48247078464106846 0.384375 0.48580968280467446 0.3921875 0.48747913188647746 0.3984375 0.4958263772954925 0.4046875 0.4974958263772955 0.4078125 0.5025041736227045 0.4078125 0.5108514190317195 0.4109375 0.5125208681135225 0.4109375 0.5208681135225376 0.4078125 0.5225375626043406 0.4109375 0.5242070116861436 0.4109375 0.5275459098497496 0.4078125 0.5292153589315526 0.4078125 0.5358931552587646 0.4109375 0.5375626043405676 0.415625 0.5509181969949917 0.4234375 0.5509181969949917 0.425 0.5559265442404007 0.425 0.5525876460767947 0.428125 0.5509181969949917 0.425 0.5492487479131887 0.4234375 0.5409015025041736 0.4203125 0.5392320534223706 0.4203125 0.5325542570951586 0.4234375 0.5308848080133556 0.425 0.5208681135225376 0.4296875 0.5258764607679466 0.4359375 0.5275459098497496 0.4390625 0.5325542570951586 0.4421875 0.5325542570951586 0.45625 0.5475792988313857 0.4578125 0.5542570951585977 0.4625 0.5575959933222037 0.4625 0.5659432387312187 0.459375 0.5709515859766278 0.45625 0.5709515859766278 0.453125 0.5676126878130217 0.4515625 0.5709515859766278 0.4484375 0.5709515859766278 0.453125 0.5759599332220368 0.453125 0.5809682804674458 0.45625 0.5809682804674458 0.465625 0.5909849749582637 0.4671875 0.5993322203672788 0.4765625 0.6076794657762938 0.4765625 0.6110183639398998 0.4796875 0.6126878130217028 0.4796875 0.6193656093489148 0.4828125 0.6193656093489148 0.484375 0.6227045075125208 0.4890625 0.6243739565943238 0.490625 0.6494156928213689 0.49375 0.6527545909849749 0.5015625 0.654424040066778 0.50625 0.659432387312187 0.5203125 0.659432387312187 0.521875 0.662771285475793 0.528125 0.662771285475793 0.5390625 0.676126878130217 0.5390625 0.6894824707846411 0.5359375 0.6911519198664441 0.534375 0.7011686143572621 0.5265625 0.7045075125208681 0.521875 0.7161936560934892 0.5078125 0.7295492487479132 0.5046875 0.7378964941569283 0.4953125 0.7395659432387313 0.49375 0.7429048414023373 0.4875 0.7445742904841403 0.4765625 0.7445742904841403 0.475 0.7479131886477463 0.471875 0.7479131886477463 0.471875 0.7529215358931552 0.4984375 0.7512520868113522 0.5 0.7479131886477463 0.5109375 0.7462437395659433 0.525 0.7462437395659433 0.5296875 0.7495826377295493 0.53125 0.7562604340567612 0.5296875 0.7612687813021702 0.5265625 0.7629382303839732 0.525 0.7696160267111853 0.51875 0.7762938230383973 0.5125 0.7779632721202003 0.5109375 0.7846410684474123 0.5 0.7946577629382304 0.509375 0.7946577629382304 0.5140625 0.7896494156928213 0.5171875 0.7813021702838063 0.5234375 0.7796327212020033 0.53125 0.7712854757929883 0.5421875 0.7712854757929883 0.54375 0.7746243739565943 0.5578125 0.7746243739565943 0.55625 0.7679465776293823 0.5578125 0.7595993322203672 0.5640625 0.7529215358931552 0.5734375 0.7512520868113522 0.575 0.7479131886477463 0.5828125 0.7462437395659433 0.584375 0.7429048414023373 0.5890625 0.7412353923205343 0.6296875 0.7429048414023373 0.63125 0.7462437395659433 0.646875 0.7479131886477463 0.6484375 0.7512520868113522 0.6578125 0.7529215358931552 0.6640625 0.7629382303839732 0.675 0.7612687813021702 0.68125 0.7629382303839732 0.6828125 0.7662771285475793 0.6859375 0.7662771285475793 0.690625 0.7712854757929883 0.690625 0.7863105175292153 0.6875 0.7879799666110183 0.6859375 0.7963272120200334 0.6828125 0.7979966611018364 0.68125 0.8046744574290484 0.65625 0.8313856427378965 0.65 0.8330550918196995 0.646875 0.8414023372287145 0.6421875 0.8414023372287145 0.6421875 0.8497495826377296 0.6578125 0.8497495826377296 0.665625 0.8480801335559266 0.66875 0.8414023372287145 0.684375 0.8397328881469115 0.6859375 0.8363939899833055 0.6890625 0.8363939899833055 0.690625 0.8213689482470785 0.69375 0.8196994991652755 0.6953125 0.8113522537562604 0.6984375 0.8096828046744574 0.7 0.8030050083472454 0.703125 0.8013355592654424 0.7046875 0.7929883138564274 0.7109375 0.7863105175292153 0.7171875 0.7846410684474123 0.7234375 0.7762938230383973 0.7296875 0.7746243739565943 0.740625 0.7579298831385642 0.7484375 0.7562604340567612 0.7546875 0.7629382303839732 0.7546875 0.7746243739565943 0.7640625 0.7762938230383973 0.7703125 0.7696160267111853 0.7734375 0.7696160267111853 0.778125 0.7629382303839732 0.78125 0.7629382303839732 0.784375 0.7579298831385642 0.8046875 0.7562604340567612 0.809375 0.7479131886477463 0.809375 0.7395659432387313 0.815625 0.7328881469115192 0.81875 0.7312186978297162 0.83125 0.7328881469115192 0.8328125 0.7362270450751253 0.8375 0.7362270450751253 0.8390625 0.7328881469115192 0.8453125 0.7312186978297162 0.8453125 0.7195325542570952 0.85 0.7161936560934892 0.853125 0.7078464106844741 0.8578125 0.7061769616026711 0.8578125 0.6844741235392321 0.859375 0.6828046744574291 0.8609375 0.6844741235392321 0.8671875 0.6828046744574291 0.8734375 0.6844741235392321 0.878125 0.6828046744574291 0.8875 0.6894824707846411 0.8875 0.6928213689482471 0.890625 0.6928213689482471 0.8921875 0.664440734557596 0.9 0.657762938230384 0.9015625 0.6460767946577629 0.9078125 0.6393989983305509 0.9359375 0.6377295492487479 0.946875 0.6393989983305509 0.9546875 0.6343906510851419 0.9546875 0.6310517529215359 0.94375 0.6260434056761269 0.9359375 0.6176961602671118 0.9359375 0.6126878130217028 0.9328125 0.6110183639398998 0.9328125 0.6010016694490818 0.921875 0.6010016694490818 0.909375 0.5876460767946577 0.896875 0.5859766277128547 0.8953125 0.5809682804674458 0.8921875 0.5792988313856428 0.8953125 0.5759599332220368 0.8953125 0.5709515859766278 0.9 0.5692821368948247 0.9015625 0.5626043405676127 0.9078125 0.5559265442404007 0.91875 0.5509181969949917 0.921875 0.5459098497495827 0.93125 0.5442404006677797 0.9359375 0.5392320534223706 0.9359375 0.5342237061769616 0.9328125 0.5325542570951586 0.9296875 0.5342237061769616 0.9203125 0.5459098497495827 0.903125 0.5525876460767947 0.896875 0.5609348914858097 0.8890625 0.5626043405676127 0.8828125 0.5709515859766278 0.8734375 0.5726210350584308 0.871875 0.5759599332220368 0.8640625 0.5776293823038398 0.8625 0.5809682804674458 0.8515625 0.5826377295492488 0.85 0.5859766277128547 0.8328125 0.5859766277128547 0.83125 0.5826377295492488 0.8234375 0.5792988313856428 0.821875 0.5709515859766278 0.8171875 0.5659432387312187 0.8171875 0.5509181969949917 0.81875 0.5409015025041736 0.821875 0.5392320534223706 0.8234375 0.5225375626043406 0.8265625 0.5208681135225376 0.828125 0.5041736227045075 0.83125 0.5025041736227045 0.8328125 0.49248747913188645 0.8359375 0.49081803005008345 0.8375 0.4791318864774624 0.840625 0.4774624373956594 0.8421875 0.4674457429048414 0.8453125 0.4657762938230384 0.846875 0.4557595993322204 0.85 0.4540901502504174 0.8515625 0.44407345575959933 0.8578125 0.4373956594323873 0.859375 0.4290484140233723 0.8625 0.4273789649415693 0.8625 0.42070116861435725 0.8640625 0.41569282136894825 0.8671875 0.41402337228714525 0.86875 0.4040066777963272 0.871875 0.4023372287145242 0.8734375 0.39398998330550916 0.8765625 0.39232053422370616 0.878125 0.3806343906510851 0.88125 0.3789649415692821 0.8828125 0.3739565943238731 0.8828125 0.3672787979966611 0.8859375 0.3656093489148581 0.8875 0.3555926544240401 0.890625 0.35392320534223703 0.8921875 0.34223706176961605 0.8953125 0.34056761268781305 0.896875 0.332220367278798 0.9 0.330550918196995 0.9015625 0.32220367278797996 0.9046875 0.32053422370617696 0.90625 0.3105175292153589 0.909375 0.3088480801335559 0.9109375 0.2938230383973289 0.9140625 0.2921535893155259 0.915625 0.28213689482470783 0.91875 0.28046744574290483 0.9203125 0.2671118530884808 0.9234375 0.2654424040066778 0.925 0.24707846410684475 0.928125 0.24540901502504173 0.928125 0.2387312186978297 0.93125 0.2370617696160267 0.9328125 0.22036727879799667 0.9359375 0.21869782971619364 0.9375 0.2036727879799666 0.940625 0.2020033388981636 0.9421875 0.18530884808013356 0.9453125 0.18363939899833054 0.946875 0.17028380634390652 0.95 0.1686143572621035 0.9515625 0.15191986644407346 0.9546875 0.15025041736227046 0.95625 0.14357262103505844 0.95625 0.1352253756260434 0.959375 0.1335559265442404 0.9609375 0.11018363939899833 0.9640625 0.10851419031719532 0.965625 0.09181969949916527 0.96875 0.09015025041736227 0.96875 0.07679465776293823 0.9609375 0.06844741235392321 0.9546875 0.0667779632721202 0.953125 0.0667779632721202 0.9375 0.06844741235392321 0.9265625 0.08013355592654424 0.925 0.11519198664440734 0.921875 0.11686143572621036 0.9203125 0.1335559265442404 0.9171875 0.1352253756260434 0.915625 0.14858096828046743 0.9125 0.15025041736227046 0.9109375 0.1669449081803005 0.9078125 0.1686143572621035 0.90625 0.18196994991652754 0.903125 0.18363939899833054 0.9015625 0.19699499165275458 0.8984375 0.1986644407345576 0.896875 0.21368948247078465 0.89375 0.21535893155258765 0.8921875 0.2270450751252087 0.8890625 0.2287145242070117 0.8875 0.24540901502504173 0.884375 0.24707846410684475 0.8828125 0.25542570951585974 0.8796875 0.2570951585976628 0.878125 0.2671118530884808 0.875 0.2687813021702838 0.8734375 0.28213689482470783 0.8703125 0.2838063439065108 0.86875 0.29549248747913187 0.865625 0.29716193656093487 0.8640625 0.3088480801335559 0.8609375 0.3105175292153589 0.859375 0.32387312186978295 0.853125 0.330550918196995 0.8515625 0.33889816360601 0.8484375 0.34056761268781305 0.846875 0.35058430717863104 0.84375 0.35225375626043404 0.8421875 0.3639398998330551 0.8390625 0.3656093489148581 0.8375 0.3739565943238731 0.834375 0.3756260434056761 0.8328125 0.38397328881469117 0.8296875 0.38564273789649417 0.828125 0.3973288814691152 0.825 0.3989983305509182 0.8234375 0.4073455759599332 0.8203125 0.4090150250417362 0.81875 0.41736227045075125 0.815625 0.41903171953255425 0.8140625 0.4273789649415693 0.80625 0.4357262103505843 0.8046875 0.44741235392320533 0.8015625 0.44908180300500833 0.8 0.4574290484140234 0.796875 0.4590984974958264 0.7953125 0.4707846410684474 0.7921875 0.4724540901502504 0.790625 0.48080133555926546 0.778125 0.4941569282136895 0.778125 0.4974958263772955 0.765625 0.5091819699499165 0.7640625 0.5158597662771286 0.7546875 0.5242070116861436 0.7375 0.5242070116861436 0.7359375 0.5275459098497496 0.73125 0.5275459098497496 0.7296875 0.5242070116861436 0.7171875 0.5242070116861436 0.715625 0.5275459098497496 0.709375 0.5292153589315526 0.6828125 0.5275459098497496 0.678125 0.5292153589315526 0.6765625 0.5358931552587646 0.665625 0.5475792988313857 0.6578125 0.5475792988313857 0.65625 0.5509181969949917 0.6421875 0.5509181969949917 0.640625 0.5475792988313857 0.6234375 0.5459098497495827 0.6203125 0.5409015025041736 0.6171875 0.5409015025041736 0.6125 0.5358931552587646 0.6109375 0.5292153589315526 0.6078125 0.5275459098497496 0.6078125 0.4974958263772955 0.6109375 0.4941569282136895 0.6078125 0.49248747913188645 0.6078125 0.4774624373956594 0.6109375 0.4757929883138564 0.6109375 0.4674457429048414 0.6078125 0.4657762938230384 0.60625 0.4524207011686144 0.6078125 0.4357262103505843 0.603125 0.4323873121869783 0.6015625 0.4240400667779633 0.5984375 0.42237061769616024 0.596875 0.41068447412353926 0.5921875 0.4073455759599332 0.5875 0.39565943238731216 0.5828125 0.39232053422370616 0.5828125 0.38898163606010017 0.575 0.38564273789649417 0.5734375 0.3823038397328882 0.56875 0.3823038397328882 0.5625 0.3756260434056761 0.5578125 0.3756260434056761 0.55625 0.3722871452420701 0.55 0.3722871452420701 0.55 0.38731218697829717 0.5546875 0.39232053422370616 0.5609375 0.39398998330550916 0.5765625 0.41068447412353926 0.58125 0.42237061769616024 0.584375 0.4240400667779633 0.584375 0.43906510851419034 0.5890625 0.44407345575959933 0.590625 0.5058430717863105 0.5890625 0.5125208681135225 0.5859375 0.5141903171953256 0.584375 0.5225375626043406 0.58125 0.5242070116861436 0.5796875 0.5308848080133556 0.575 0.5342237061769616 0.56875 0.5342237061769616 0.5671875 0.5375626043405676 0.565625 0.5342237061769616 0.553125 0.5342237061769616 0.5515625 0.5375626043405676 0.5453125 0.5375626043405676 0.54375 0.5342237061769616 0.5421875 0.5375626043405676 0.534375 0.5375626043405676 0.5328125 0.5342237061769616 0.5171875 0.5325542570951586 0.515625 0.5292153589315526 0.5 0.5292153589315526 0.4984375 0.5492487479131887 0.5 0.5509181969949917 0.496875 0.5559265442404007 0.484375 0.5559265442404007 0.4828125 0.5525876460767947 0.4765625 0.5509181969949917 0.465625 0.5392320534223706 0.4640625 0.5342237061769616 0.446875 0.5175292153589316 0.446875 0.5141903171953256 0.44375 0.5141903171953256 0.43125 0.5008347245409015 0.43125 0.4974958263772955 0.428125 0.4958263772954925 0.428125 0.48914858096828046 0.4328125 0.48747913188647746 0.4328125 0.48080133555926546 0.425 0.48414023372287146 0.4234375 0.48914858096828046 0.415625 0.48914858096828046
3 0.9015625 0.6444073455759599 0.90625 0.6393989983305509 0.91875 0.6393989983305509 0.925 0.6377295492487479 0.9265625 0.6343906510851419 0.9296875 0.6377295492487479 0.946875 0.6393989983305509 0.9515625 0.6377295492487479 0.953125 0.6343906510851419 0.95625 0.6343906510851419 0.9546875 0.6293823038397329 0.9421875 0.6243739565943238 0.9328125 0.6143572621035058 0.93125 0.6060100166944908 0.9328125 0.5976627712854758 0.9296875 0.5976627712854758 0.928125 0.6010016694490818 0.921875 0.6010016694490818 0.9203125 0.5976627712854758 0.915625 0.5976627712854758 0.9109375 0.5943238731218697 0.9109375 0.5876460767946577 0.896875 0.5859766277128547 0.8953125 0.5826377295492488 0.8875 0.5792988313856428 0.890625 0.5759599332220368 0.890625 0.5726210350584308 0.89375 0.5692821368948247 0.896875 0.5692821368948247 0.903125 0.5609348914858097 0.909375 0.5592654424040067 0.9171875 0.5509181969949917 0.9234375 0.5492487479131887 0.925 0.5459098497495827 0.9328125 0.5442404006677797 0.9359375 0.5409015025041736 0.9359375 0.5292153589315526 0.9328125 0.5292153589315526 0.9328125 0.5308848080133556 0.925 0.5409015025041736 0.921875 0.5409015025041736 0.91875 0.5459098497495827 0.9125 0.5475792988313857 0.9109375 0.5509181969949917 0.9078125 0.5509181969949917 0.9046875 0.5559265442404007 0.896875 0.5575959933222037 0.890625 0.5659432387312187 0.884375 0.5676126878130217 0.8828125 0.5709515859766278 0.8734375 0.5726210350584308 0.871875 0.5759599332220368 0.8640625 0.5776293823038398 0.8625 0.5809682804674458 0.8515625 0.5826377295492488 0.85 0.5859766277128547 0.834375 0.5859766277128547 0.8328125 0.5876460767946577 0.828125 0.5859766277128547 0.8171875 0.5709515859766278 0.8109375 0.5726210350584308 0.8078125 0.5776293823038398 0.8015625 0.5776293823038398 0.7984375 0.5826377295492488 0.790625 0.5826377295492488 0.7875 0.5859766277128547 0.7875 0.5893155258764607 0.790625 0.5909849749582637 0.790625 0.5943238731218697 0.7953125 0.5959933222036727 0.796875 0.6043405676126878 0.8 0.6060100166944908 0.8015625 0.6227045075125208 0.8 0.6277128547579299 0.7921875 0.6310517529215359 0.784375 0.6393989983305509 0.784375 0.6427378964941569 0.78125 0.6460767946577629 0.778125 0.6460767946577629 0.775 0.6494156928213689 0.7734375 0.657762938230384 0.7671875 0.664440734557596 0.7609375 0.664440734557596 0.759375 0.672787979966611 0.753125 0.679465776293823 0.7453125 0.679465776293823 0.74375 0.676126878130217 0.7390625 0.674457429048414 0.7390625 0.671118530884808 0.7359375 0.674457429048414 0.7265625 0.674457429048414 0.7171875 0.66110183639399 0.7109375 0.66110183639399 0.70625 0.656093489148581 0.7 0.664440734557596 0.696875 0.664440734557596 0.6953125 0.66110183639399 0.690625 0.66110183639399 0.684375 0.669449081803005 0.678125 0.671118530884808 0.678125 0.67779632721202 0.675 0.6811352253756261 0.66875 0.6811352253756261 0.6671875 0.6844741235392321 0.6578125 0.6861435726210351 0.65625 0.6844741235392321 0.628125 0.6844741235392321 0.6265625 0.6811352253756261 0.61875 0.6811352253756261 0.6109375 0.671118530884808 0.603125 0.674457429048414 0.6015625 0.671118530884808 0.5953125 0.671118530884808 0.5921875 0.666110183639399 0.58125 0.664440734557596 0.5734375 0.656093489148581 0.553125 0.656093489148581 0.5515625 0.6510851419031719 0.5390625 0.6510851419031719 0.534375 0.6460767946577629 0.521875 0.6460767946577629 0.5203125 0.6444073455759599 0.5234375 0.6427378964941569 0.5234375 0.6343906510851419 0.515625 0.6277128547579299 0.515625 0.6243739565943238 0.5109375 0.6243739565943238 0.5078125 0.6210350584307178 0.50625 0.6343906510851419 0.5109375 0.6393989983305509 0.5109375 0.6444073455759599 0.5078125 0.6460767946577629 0.5078125 0.654424040066778 0.5109375 0.657762938230384 0.5234375 0.659432387312187 0.525 0.662771285475793 0.5296875 0.662771285475793 0.534375 0.666110183639399 0.5359375 0.6828046744574291 0.534375 0.6928213689482471 0.5265625 0.6978297161936561 0.525 0.7111853088480802 0.5203125 0.7145242070116862 0.5203125 0.7178631051752922 0.5109375 0.7278797996661102 0.5078125 0.7278797996661102 0.5046875 0.7378964941569283 0.49375 0.7395659432387313 0.4921875 0.7429048414023373 0.475 0.7445742904841403 0.4734375 0.7479131886477463 0.4703125 0.7479131886477463 0.4703125 0.7529215358931552 0.4921875 0.7529215358931552 0.5125 0.7462437395659433 0.525 0.7462437395659433 0.53125 0.7495826377295493 0.5296875 0.7612687813021702 0.4984375 0.7929883138564274 0.4984375 0.7963272120200334 0.509375 0.7963272120200334 0.5140625 0.7913188647746243 0.5140625 0.7879799666110183 0.525 0.7762938230383973 0.5328125 0.7746243739565943 0.534375 0.7712854757929883 0.5375 0.7712854757929883 0.5390625 0.7746243739565943 0.5609375 0.7762938230383973 0.5609375 0.7729549248747913 0.553125 0.7696160267111853 0.553125 0.7646076794657763 0.55625 0.7629382303839732 0.55625 0.7595993322203672 0.559375 0.7562604340567612 0.5625 0.7562604340567612 0.5640625 0.7529215358931552 0.5734375 0.7512520868113522 0.575 0.7479131886477463 0.5828125 0.7462437395659433 0.584375 0.7429048414023373 0.60625 0.7412353923205343 0.6171875 0.7462437395659433 0.61875 0.7429048414023373 0.6265625 0.7429048414023373 0.628125 0.7462437395659433 0.640625 0.7479131886477463 0.6421875 0.7512520868113522 0.65625 0.7529215358931552 0.659375 0.7595993322203672 0.659375 0.7662771285475793 0.6625 0.7662771285475793 0.6640625 0.7629382303839732 0.675 0.7629382303839732 0.68125 0.7696160267111853 0.6890625 0.7712854757929883 0.6921875 0.7762938230383973 0.690625 0.7863105175292153 0.6875 0.7879799666110183 0.6859375 0.7963272120200334 0.6828125 0.7979966611018364 0.68125 0.8046744574290484 0.65625 0.8313856427378965 0.65 0.8330550918196995 0.646875 0.8414023372287145 0.640625 0.8430717863105175 0.640625 0.8480801335559266 0.6421875 0.8497495826377296 0.65625 0.8497495826377296 0.665625 0.8480801335559266 0.66875 0.8414023372287145 0.6859375 0.8397328881469115 0.690625 0.8313856427378965 0.690625 0.8213689482470785 0.69375 0.8196994991652755 0.6953125 0.8080133555926544 0.703125 0.7996661101836394 0.7046875 0.7929883138564274 0.7109375 0.7863105175292153 0.7171875 0.7846410684474123 0.7234375 0.7762938230383973 0.7296875 0.7746243739565943 0.734375 0.7696160267111853 0.7359375 0.7629382303839732 0.7390625 0.7612687813021702 0.740625 0.7562604340567612 0.7515625 0.7579298831385642 0.7515625 0.7612687813021702 0.7546875 0.7629382303839732 0.7546875 0.7762938230383973 0.7578125 0.7762938230383973 0.759375 0.7796327212020033 0.7609375 0.7762938230383973 0.7671875 0.7762938230383973 0.775 0.7662771285475793 0.7859375 0.7612687813021702 0.7875 0.7579298831385642 0.803125 0.7579298831385642 0.8078125 0.7529215358931552 0.809375 0.7395659432387313 0.8125 0.7378964941569283 0.809375 0.7362270450751253 0.8109375 0.7312186978297162 0.828125 0.7328881469115192 0.8296875 0.7362270450751253 0.840625 0.7362270450751253 0.8453125 0.7312186978297162 0.846875 0.7145242070116862 0.859375 0.7028380634390651 0.8578125 0.6944908180300501 0.8515625 0.6894824707846411 0.8515625 0.6861435726210351 0.8546875 0.6844741235392321 0.85625 0.679465776293823 0.859375 0.679465776293823 0.8609375 0.6828046744574291 0.865625 0.6844741235392321 0.88125 0.6844741235392321 0.8875 0.6961602671118531 0.89453125 0.6986644407345576 0.8921875 0.6961602671118531 0.890625 0.6894824707846411 0.8921875 0.664440734557596 0.9015625 0.654424040066778 0.9015625 0.6444073455759599
3 0.9109375 0.5475792988313857 0.909375 0.5509181969949917 0.903125 0.5525876460767947 0.9 0.5575959933222037 0.896875 0.5575959933222037 0.8953125 0.5609348914858097 0.8890625 0.5626043405676127 0.88125 0.5709515859766278 0.8640625 0.5776293823038398 0.8625 0.5809682804674458 0.853125 0.5826377295492488 0.8515625 0.5859766277128547 0.8296875 0.5876460767946577 0.825 0.5859766277128547 0.821875 0.5759599332220368 0.8140625 0.5676126878130217 0.8109375 0.5676126878130217 0.809375 0.5742904841402338 0.8 0.5826377295492488 0.8 0.5909849749582637 0.796875 0.5926544240400667 0.796875 0.5993322203672788 0.8 0.6010016694490818 0.8015625 0.6060100166944908 0.8015625 0.6176961602671118 0.8046875 0.6193656093489148 0.80625 0.6277128547579299 0.8 0.6293823038397329 0.7984375 0.6343906510851419 0.790625 0.6360601001669449 0.790625 0.6427378964941569 0.784375 0.6460767946577629 0.7828125 0.6527545909849749 0.778125 0.654424040066778 0.7796875 0.657762938230384 0.7765625 0.66110183639399 0.76875 0.66110183639399 0.7671875 0.664440734557596 0.7609375 0.664440734557596 0.759375 0.67779632721202 0.7515625 0.6811352253756261 0.75 0.6844741235392321 0.746875 0.6844741235392321 0.7390625 0.676126878130217 0.721875 0.674457429048414 0.7171875 0.669449081803005 0.715625 0.66110183639399 0.70625 0.659432387312187 0.703125 0.664440734557596 0.696875 0.664440734557596 0.6953125 0.66110183639399 0.690625 0.66110183639399 0.6859375 0.669449081803005 0.68125 0.671118530884808 0.6859375 0.674457429048414 0.68125 0.679465776293823 0.6734375 0.6811352253756261 0.671875 0.6844741235392321 0.6625 0.6861435726210351 0.6609375 0.6894824707846411 0.6578125 0.6894824707846411 0.653125 0.6844741235392321 0.621875 0.6844741235392321 0.6203125 0.6811352253756261 0.6125 0.67779632721202 0.6109375 0.671118530884808 0.6078125 0.671118530884808 0.60625 0.674457429048414 0.6 0.674457429048414 0.5921875 0.666110183639399 0.58125 0.664440734557596 0.5734375 0.656093489148581 0.5453125 0.656093489148581 0.5421875 0.6510851419031719 0.534375 0.6494156928213689 0.5328125 0.6460767946577629 0.525 0.6460767946577629 0.5234375 0.6343906510851419 0.5203125 0.6327212020033389 0.515625 0.6210350584307178 0.5078125 0.6193656093489148 0.50625 0.6293823038397329 0.503125 0.6310517529215359 0.503125 0.6343906510851419 0.5078125 0.6393989983305509 0.50625 0.654424040066778 0.5078125 0.657762938230384 0.525 0.659432387312187 0.5265625 0.662771285475793 0.534375 0.666110183639399 0.5359375 0.6828046744574291 0.534375 0.6928213689482471 0.5265625 0.6978297161936561 0.525 0.7111853088480802 0.5078125 0.7295492487479132 0.5046875 0.7378964941569283 0.4953125 0.7395659432387313 0.49375 0.7429048414023373 0.475 0.7445742904841403 0.4703125 0.7495826377295493 0.4703125 0.7529215358931552 0.5015625 0.7512520868113522 0.503125 0.7479131886477463 0.5125 0.7462437395659433 0.528125 0.7462437395659433 0.53125 0.7495826377295493 0.5296875 0.7612687813021702 0.5 0.7913188647746243 0.5 0.7963272120200334 0.509375 0.7963272120200334 0.5140625 0.7913188647746243 0.5140625 0.7879799666110183 0.53125 0.7712854757929883 0.5390625 0.7712854757929883 0.540625 0.7746243739565943 0.5609375 0.7762938230383973 0.5609375 0.7729549248747913 0.553125 0.7696160267111853 0.553125 0.7629382303839732 0.559375 0.7562604340567612 0.5625 0.7562604340567612 0.5640625 0.7529215358931552 0.56875 0.7512520868113522 0.5734375 0.7512520868113522 0.575 0.7479131886477463 0.5828125 0.7462437395659433 0.584375 0.7429048414023373 0.596875 0.7412353923205343 0.5984375 0.7378964941569283 0.6 0.7412353923205343 0.6265625 0.7429048414023373 0.628125 0.7462437395659433 0.64375 0.7479131886477463 0.6453125 0.7512520868113522 0.653125 0.7512520868113522 0.6578125 0.7545909849749582 0.659375 0.7629382303839732 0.6765625 0.7629382303839732 0.678125 0.7662771285475793 0.684375 0.7662771285475793 0.6859375 0.7696160267111853 0.6890625 0.7696160267111853 0.6921875 0.7729549248747913 0.6921875 0.7796327212020033 0.690625 0.7863105175292153 0.6875 0.7879799666110183 0.6859375 0.7963272120200334 0.6828125 0.7979966611018364 0.68125 0.8046744574290484 0.6765625 0.8080133555926544 0.6765625 0.8113522537562604 0.665625 0.8230383973288815 0.6625 0.8230383973288815 0.646875 0.8414023372287145 0.6421875 0.8430717863105175 0.6421875 0.8480801335559266 0.653125 0.8497495826377296 0.6609375 0.8480801335559266 0.6625 0.8447412353923205 0.665625 0.8447412353923205 0.6671875 0.8414023372287145 0.671875 0.8397328881469115 0.684375 0.8397328881469115 0.6890625 0.8347245409015025 0.690625 0.8213689482470785 0.69375 0.8196994991652755 0.6953125 0.8080133555926544 0.703125 0.7996661101836394 0.7046875 0.7929883138564274 0.7171875 0.7813021702838063 0.7203125 0.7813021702838063 0.728125 0.7712854757929883 0.734375 0.7696160267111853 0.7359375 0.7629382303839732 0.7390625 0.7612687813021702 0.7421875 0.7529215358931552 0.7453125 0.7562604340567612 0.7484375 0.7529215358931552 0.75 0.7562604340567612 0.7546875 0.7579298831385642 0.7546875 0.7762938230383973 0.76875 0.7746243739565943 0.784375 0.7579298831385642 0.8046875 0.7562604340567612 0.8046875 0.7529215358931552 0.8078125 0.7512520868113522 0.809375 0.7462437395659433 0.8078125 0.7295492487479132 0.809375 0.7278797996661102 0.8125 0.7278797996661102 0.8140625 0.7312186978297162 0.83125 0.7328881469115192 0.8328125 0.7362270450751253 0.8375 0.7362270450751253 0.8390625 0.7328881469115192 0.8453125 0.7312186978297162 0.846875 0.7145242070116862 0.853125 0.7078464106844741 0.8578125 0.7061769616026711 0.8578125 0.6994991652754591 0.8515625 0.6978297161936561 0.846875 0.6928213689482471 0.85 0.6894824707846411 0.853125 0.679465776293823 0.859375 0.679465776293823 0.8609375 0.6828046744574291 0.878125 0.6828046744574291 0.8875 0.6911519198664441 0.8875 0.6961602671118531 0.8921875 0.6961602671118531 0.890625 0.6928213689482471 0.890625 0.664440734557596 0.89375 0.659432387312187 0.9 0.657762938230384 0.9015625 0.6444073455759599 0.90625 0.6393989983305509 0.9203125 0.6377295492487479 0.921875 0.6343906510851419 0.93125 0.6343906510851419 0.9328125 0.6377295492487479 0.946875 0.6393989983305509 0.9546875 0.6343906510851419 0.9546875 0.6310517529215359 0.94375 0.6260434056761269 0.9328125 0.6143572621035058 0.93125 0.6026711185308848 0.9328125 0.6010016694490818 0.9171875 0.6010016694490818 0.915625 0.5976627712854758 0.9109375 0.5959933222036727 0.909375 0.5876460767946577 0.89375 0.5859766277128547 0.8875 0.5792988313856428 0.903125 0.5609348914858097 0.909375 0.5592654424040067 0.9171875 0.5509181969949917 0.9234375 0.5492487479131887 0.925 0.5459098497495827 0.9328125 0.5442404006677797 0.9359375 0.5409015025041736 0.9359375 0.5292153589315526 0.9328125 0.5292153589315526 0.9328125 0.5308848080133556 0.91875 0.5459098497495827 0.9109375 0.5475792988313857
3 0.3734375 0.4674457429048414 0.3671875 0.4607679465776294 0.3515625 0.4590984974958264 0.35 0.4557595993322204 0.334375 0.4557595993322204 0.328125 0.4540901502504174 0.3265625 0.4507512520868113 0.309375 0.44908180300500833 0.3078125 0.44574290484140233 0.2875 0.44407345575959933 0.2859375 0.44073455759599334 0.2734375 0.43906510851419034 0.271875 0.4357262103505843 0.2515625 0.4340567612687813 0.25 0.4307178631051753 0.2328125 0.4290484140233723 0.23125 0.4257095158597663 0.2140625 0.4240400667779633 0.2125 0.42070116861435725 0.153125 0.41903171953255425 0.1515625 0.42070116861435725 0.1234375 0.42070116861435725 0.121875 0.4240400667779633 0.11875 0.4240400667779633 0.11875 0.4373956594323873 0.134375 0.43906510851419034 0.1359375 0.4373956594323873 0.1578125 0.4373956594323873 0.159375 0.4340567612687813 0.190625 0.4340567612687813 0.1921875 0.4373956594323873 0.2265625 0.43906510851419034 0.228125 0.44240400667779634 0.2453125 0.44407345575959933 0.246875 0.44741235392320533 0.2671875 0.44908180300500833 0.26875 0.4524207011686144 0.2859375 0.4540901502504174 0.2875 0.4574290484140234 0.3078125 0.4590984974958264 0.309375 0.46243739565943237 0.31875 0.46243739565943237 0.3203125 0.4657762938230384 0.3421875 0.4674457429048414 0.34375 0.4707846410684474 0.3578125 0.4724540901502504 0.359375 0.4757929883138564 0.36875 0.4774624373956594 0.3703125 0.48080133555926546 0.3765625 0.48080133555926546 0.38125 0.48247078464106846 0.3828125 0.48580968280467446 0.3921875 0.48747913188647746 0.39375 0.49081803005008345 0.4 0.49248747913188645 0.40625 0.4991652754590985 0.40625 0.5158597662771286 0.403125 0.5175292153589316 0.403125 0.5409015025041736 0.4109375 0.5475792988313857 0.4125 0.5542570951585977 0.415625 0.5559265442404007 0.4171875 0.5709515859766278 0.4203125 0.5726210350584308 0.421875 0.5792988313856428 0.43125 0.5809682804674458 0.4328125 0.5759599332220368 0.4421875 0.5759599332220368 0.44375 0.5792988313856428 0.45 0.5809682804674458 0.45625 0.5876460767946577 0.4578125 0.5943238731218697 0.4609375 0.5943238731218697 0.4625 0.5993322203672788 0.4671875 0.6010016694490818 0.4703125 0.6093489148580968 0.475 0.6126878130217028 0.48125 0.6377295492487479 0.4890625 0.6460767946577629 0.490625 0.6527545909849749 0.49375 0.654424040066778 0.4953125 0.664440734557596 0.4984375 0.667779632721202 0.5 0.664440734557596 0.50625 0.662771285475793 0.5046875 0.6410684474123539 0.5 0.6393989983305509 0.49375 0.6327212020033389 0.4921875 0.6160267111853088 0.478125 0.6043405676126878 0.478125 0.6010016694490818 0.475 0.6010016694490818 0.4703125 0.5959933222036727 0.4703125 0.5909849749582637 0.475 0.5859766277128547 0.484375 0.5843071786310517 0.49375 0.5843071786310517 0.4984375 0.5876460767946577 0.4984375 0.5909849749582637 0.5015625 0.5893155258764607 0.5015625 0.5809682804674458 0.50625 0.5759599332220368 0.50625 0.5676126878130217 0.5015625 0.5626043405676127 0.490625 0.5609348914858097 0.4828125 0.5525876460767947 0.4765625 0.5509181969949917 0.465625 0.5392320534223706 0.4640625 0.5342237061769616 0.4609375 0.5325542570951586 0.4609375 0.5292153589315526 0.43125 0.5008347245409015 0.43125 0.4941569282136895 0.434375 0.49081803005008345 0.4375 0.49081803005008345 0.4390625 0.48747913188647746 0.4453125 0.48580968280467446 0.45 0.48080133555926546 0.453125 0.4724540901502504 0.459375 0.4707846410684474 0.4609375 0.4674457429048414 0.46875 0.4657762938230384 0.471875 0.4590984974958264 0.478125 0.4574290484140234 0.4859375 0.44908180300500833 0.509375 0.4373956594323873 0.5171875 0.4290484140233723 0.528125 0.4273789649415693 0.5296875 0.4240400667779633 0.5390625 0.42237061769616024 0.54375 0.41736227045075125 0.54375 0.41068447412353926 0.5265625 0.41068447412353926 0.5265625 0.41235392320534225 0.5171875 0.41569282136894825 0.515625 0.41903171953255425 0.50625 0.42070116861435725 0.5046875 0.4240400667779633 0.5 0.4240400667779633 0.496875 0.4290484140233723 0.490625 0.4290484140233723 0.4875 0.4340567612687813 0.48125 0.4357262103505843 0.4796875 0.43906510851419034 0.471875 0.44073455759599334 0.46875 0.44574290484140233 0.465625 0.44574290484140233 0.459375 0.4540901502504174 0.4515625 0.4557595993322204 0.45 0.4590984974958264 0.44375 0.4607679465776294 0.4421875 0.4657762938230384 0.43125 0.4774624373956594 0.421875 0.48414023372287146 0.4203125 0.48914858096828046 0.409375 0.48580968280467446 0.41059027812500004 0.4728250784641068 0.4046875 0.4791318864774624 0.396875 0.4791318864774624 0.3921875 0.4741235392320534 0.3828125 0.4724540901502504 0.378125 0.4674457429048414 0.3734375 0.4674457429048414
3 0.575 0.5409015025041736 0.5671875 0.5409015025041736 0.565625 0.5375626043405676 0.559375 0.5375626043405676 0.5578125 0.5409015025041736 0.525 0.5409015025041736 0.5234375 0.5375626043405676 0.5171875 0.5375626043405676 0.515625 0.5342237061769616 0.5109375 0.5325542570951586 0.5 0.5325542570951586 0.5 0.5409015025041736 0.50625 0.5475792988313857 0.50625 0.5559265442404007 0.4984375 0.5626043405676127 0.4859375 0.5626043405676127 0.490625 0.5676126878130217 0.4890625 0.5759599332220368 0.484375 0.5759599332220368 0.4828125 0.5726210350584308 0.4796875 0.5726210350584308 0.478125 0.5659432387312187 0.465625 0.5676126878130217 0.4640625 0.5709515859766278 0.4578125 0.5709515859766278 0.45625 0.5676126878130217 0.4375 0.5659432387312187 0.4375 0.5692821368948247 0.45625 0.5859766277128547 0.4578125 0.5909849749582637 0.4609375 0.5909849749582637 0.4703125 0.6010016694490818 0.471875 0.6093489148580968 0.4765625 0.6126878130217028 0.4765625 0.6227045075125208 0.4796875 0.6243739565943238 0.48125 0.6343906510851419 0.484375 0.6360601001669449 0.4859375 0.6477462437395659 0.49375 0.656093489148581 0.4953125 0.662771285475793 0.5046875 0.664440734557596 0.515625 0.659432387312187 0.5171875 0.662771285475793 0.528125 0.664440734557596 0.534375 0.671118530884808 0.5359375 0.67779632721202 0.5390625 0.679465776293823 0.5390625 0.6828046744574291 0.5359375 0.6844741235392321 0.5359375 0.6961602671118531 0.525 0.7045075125208681 0.525 0.7111853088480802 0.5078125 0.7295492487479132 0.5046875 0.7378964941569283 0.4984375 0.7395659432387313 0.496875 0.7429048414023373 0.4765625 0.7445742904841403 0.4703125 0.7512520868113522 0.471875 0.7529215358931552 0.484375 0.7529215358931552 0.4859375 0.7512520868113522 0.4984375 0.7512520868113522 0.5 0.7479131886477463 0.5125 0.7462437395659433 0.528125 0.7462437395659433 0.53125 0.7495826377295493 0.5296875 0.7612687813021702 0.5 0.7913188647746243 0.5 0.7963272120200334 0.5109375 0.7946577629382304 0.5140625 0.7913188647746243 0.5140625 0.7879799666110183 0.53125 0.7712854757929883 0.5375 0.7712854757929883 0.5390625 0.7746243739565943 0.5609375 0.7762938230383973 0.5609375 0.7729549248747913 0.553125 0.7696160267111853 0.553125 0.7646076794657763 0.55625 0.7629382303839732 0.55625 0.7595993322203672 0.559375 0.7562604340567612 0.5625 0.7562604340567612 0.5640625 0.7529215358931552 0.5734375 0.7512520868113522 0.575 0.7479131886477463 0.5828125 0.7462437395659433 0.584375 0.7429048414023373 0.590625 0.7412353923205343 0.6265625 0.7429048414023373 0.628125 0.7462437395659433 0.64375 0.7479131886477463 0.6453125 0.7512520868113522 0.65625 0.7529215358931552 0.659375 0.7612687813021702 0.6625 0.7629382303839732 0.6703125 0.7612687813021702 0.6796875 0.7629382303839732 0.68125 0.7662771285475793 0.6890625 0.7662771285475793 0.6921875 0.7712854757929883 0.690625 0.7896494156928213 0.6828125 0.7979966611018364 0.678125 0.8096828046744574 0.6609375 0.8280467445742905 0.6578125 0.8280467445742905 0.646875 0.8414023372287145 0.6421875 0.8430717863105175 0.6484375 0.8497495826377296 0.6609375 0.8480801335559266 0.6671875 0.8414023372287145 0.6796875 0.8397328881469115 0.68125 0.8363939899833055 0.6890625 0.8347245409015025 0.690625 0.8180300500834724 0.69375 0.8163606010016694 0.6953125 0.8080133555926544 0.6984375 0.8063439065108514 0.7 0.7979966611018364 0.7078125 0.7913188647746243 0.7078125 0.7879799666110183 0.7109375 0.7846410684474123 0.715625 0.7846410684474123 0.734375 0.7662771285475793 0.7375 0.7579298831385642 0.7453125 0.7562604340567612 0.7484375 0.7529215358931552 0.75 0.7562604340567612 0.753125 0.7562604340567612 0.75625 0.7595993322203672 0.7546875 0.7746243739565943 0.7640625 0.7762938230383973 0.7875 0.7562604340567612 0.8 0.7579298831385642 0.8046875 0.7562604340567612 0.8046875 0.7529215358931552 0.8078125 0.7512520868113522 0.809375 0.7462437395659433 0.8078125 0.7295492487479132 0.809375 0.7278797996661102 0.8125 0.7278797996661102 0.8140625 0.7312186978297162 0.8421875 0.7328881469115192 0.8421875 0.7295492487479132 0.8453125 0.7278797996661102 0.8453125 0.7228714524207012 0.8421875 0.7195325542570952 0.853125 0.7078464106844741 0.8578125 0.7061769616026711 0.8578125 0.6994991652754591 0.8515625 0.6978297161936561 0.846875 0.6928213689482471 0.846875 0.6861435726210351 0.85 0.6844741235392321 0.8515625 0.679465776293823 0.8625 0.679465776293823 0.8640625 0.6828046744574291 0.8828125 0.6844741235392321 0.884375 0.6894824707846411 0.890625 0.6961602671118531 0.890625 0.664440734557596 0.89375 0.659432387312187 0.9 0.657762938230384 0.9015625 0.6444073455759599 0.90625 0.6393989983305509 0.9203125 0.6377295492487479 0.921875 0.6343906510851419 0.9328125 0.6343906510851419 0.934375 0.6377295492487479 0.9453125 0.6393989983305509 0.95 0.6377295492487479 0.9515625 0.6343906510851419 0.9546875 0.6343906510851419 0.9546875 0.6310517529215359 0.94375 0.6260434056761269 0.9328125 0.6143572621035058 0.93125 0.6010016694490818 0.9171875 0.6010016694490818 0.915625 0.5976627712854758 0.9109375 0.5959933222036727 0.909375 0.5876460767946577 0.8921875 0.5859766277128547 0.890625 0.5809682804674458 0.8875 0.5792988313856428 0.903125 0.5609348914858097 0.909375 0.5592654424040067 0.9171875 0.5509181969949917 0.9234375 0.5492487479131887 0.9265625 0.5442404006677797 0.93125 0.5442404006677797 0.9328125 0.5409015025041736 0.9359375 0.5409015025041736 0.9359375 0.5342237061769616 0.9328125 0.5325542570951586 0.93125 0.5375626043405676 0.9265625 0.5375626043405676 0.9234375 0.5425709515859767 0.9125 0.5475792988313857 0.9109375 0.5509181969949917 0.903125 0.5525876460767947 0.8953125 0.5609348914858097 0.8890625 0.5626043405676127 0.8828125 0.5709515859766278 0.8734375 0.5726210350584308 0.871875 0.5759599332220368 0.8640625 0.5776293823038398 0.8625 0.5809682804674458 0.853125 0.5826377295492488 0.8515625 0.5859766277128547 0.828125 0.5876460767946577 0.8234375 0.5843071786310517 0.821875 0.5759599332220368 0.8140625 0.5676126878130217 0.8109375 0.5676126878130217 0.809375 0.5742904841402338 0.8015625 0.5776293823038398 0.7984375 0.5826377295492488 0.790625 0.5826377295492488 0.7875 0.5859766277128547 0.7859375 0.5926544240400667 0.7796875 0.5926544240400667 0.7828125 0.5959933222036727 0.7796875 0.5976627712854758 0.7796875 0.6010016694490818 0.7984375 0.6010016694490818 0.8 0.6026711185308848 0.8 0.6243739565943238 0.790625 0.6343906510851419 0.7875 0.6343906510851419 0.7859375 0.6460767946577629 0.778125 0.6460767946577629 0.7765625 0.6494156928213689 0.7703125 0.6510851419031719 0.7625 0.659432387312187 0.75625 0.66110183639399 0.75625 0.669449081803005 0.7515625 0.671118530884808 0.75 0.676126878130217 0.7421875 0.676126878130217 0.7390625 0.671118530884808 0.746875 0.662771285475793 0.753125 0.662771285475793 0.7453125 0.657762938230384 0.7453125 0.654424040066778 0.753125 0.6527545909849749 0.75625 0.6444073455759599 0.7625 0.6444073455759599 0.7640625 0.6477462437395659 0.7671875 0.6477462437395659 0.76875 0.6427378964941569 0.7671875 0.6293823038397329 0.7609375 0.6310517529215359 0.759375 0.6293823038397329 0.7609375 0.6243739565943238 0.7671875 0.6243739565943238 0.759375 0.6227045075125208 0.7578125 0.6126878130217028 0.759375 0.6076794657762938 0.75 0.6060100166944908 0.753125 0.6043405676126878 0.753125 0.5909849749582637 0.7546875 0.5893155258764607 0.753125 0.5759599332220368 0.7578125 0.5742904841402338 0.759375 0.5609348914858097 0.7625 0.5592654424040067 0.7625 0.5525876460767947 0.7578125 0.5492487479131887 0.7578125 0.5459098497495827 0.7546875 0.5442404006677797 0.753125 0.5392320534223706 0.7546875 0.5325542570951586 0.753125 0.5275459098497496 0.7328125 0.5292153589315526 0.73125 0.5275459098497496 0.7171875 0.5275459098497496 0.7109375 0.5292153589315526 0.709375 0.5325542570951586 0.6953125 0.5325542570951586 0.69375 0.5292153589315526 0.6859375 0.5292153589315526 0.684375 0.5325542570951586 0.678125 0.5342237061769616 0.6765625 0.5392320534223706 0.671875 0.5425709515859767 0.671875 0.5459098497495827 0.6671875 0.5475792988313857 0.665625 0.5509181969949917 0.628125 0.5509181969949917 0.6265625 0.5475792988313857 0.61875 0.5459098497495827 0.6109375 0.5375626043405676 0.60625 0.5358931552587646 0.60625 0.5225375626043406 0.603125 0.5191986644407346 0.5890625 0.5191986644407346 0.5890625 0.5208681135225376 0.5890625 0.5275459098497496 0.575 0.5409015025041736
3 0.55 0.38898163606010017 0.553125 0.39232053422370616 0.55625 0.39232053422370616 0.5640625 0.4023372287145242 0.5703125 0.4040066777963272 0.5765625 0.41068447412353926 0.5765625 0.41402337228714525 0.5796875 0.41569282136894825 0.58125 0.42237061769616024 0.584375 0.4240400667779633 0.5859375 0.4290484140233723 0.584375 0.43906510851419034 0.575 0.44908180300500833 0.56875 0.4507512520868113 0.5671875 0.4574290484140234 0.5625 0.4607679465776294 0.5625 0.4657762938230384 0.5546875 0.4691151919866444 0.553125 0.48247078464106846 0.5484375 0.48747913188647746 0.54375 0.48747913188647746 0.54375 0.49081803005008345 0.546875 0.49081803005008345 0.5578125 0.5025041736227045 0.5546875 0.5041736227045075 0.5546875 0.5108514190317195 0.56875 0.5258764607679466 0.575 0.5258764607679466 0.578125 0.5225375626043406 0.578125 0.5175292153589316 0.5828125 0.5158597662771286 0.5796875 0.5125208681135225 0.584375 0.5108514190317195 0.5859375 0.5125208681135225 0.5859375 0.5308848080133556 0.59375 0.5325542570951586 0.603125 0.5308848080133556 0.60625 0.5275459098497496 0.6078125 0.5125208681135225 0.6109375 0.5108514190317195 0.6109375 0.4607679465776294 0.6078125 0.4590984974958264 0.60625 0.44741235392320533 0.6078125 0.4340567612687813 0.6015625 0.4273789649415693 0.6015625 0.42070116861435725 0.5984375 0.41903171953255425 0.596875 0.4090150250417362 0.59375 0.4073455759599332 0.5921875 0.4006677796327212 0.584375 0.39398998330550916 0.584375 0.39065108514190316 0.5796875 0.38898163606010017 0.575 0.3823038397328882 0.5640625 0.3772954924874791 0.5609375 0.3722871452420701 0.553125 0.37061769616026713 0.5515625 0.3722871452420701 0.5484375 0.3722871452420701 0.55 0.38898163606010017
3 0.3828125 0.4691151919866444 0.375 0.4674457429048414 0.3734375 0.46410684474123537 0.36875 0.46410684474123537 0.3671875 0.4607679465776294 0.353125 0.4590984974958264 0.3515625 0.4557595993322204 0.328125 0.4540901502504174 0.3265625 0.4507512520868113 0.309375 0.44908180300500833 0.3078125 0.44574290484140233 0.290625 0.44407345575959933 0.2890625 0.44073455759599334 0.2734375 0.43906510851419034 0.271875 0.4357262103505843 0.2546875 0.4340567612687813 0.253125 0.4307178631051753 0.2359375 0.4290484140233723 0.234375 0.4257095158597663 0.2171875 0.4240400667779633 0.215625 0.42070116861435725 0.1921875 0.42070116861435725 0.190625 0.41903171953255425 0.1890625 0.41903171953255425 0.121875 0.42070116861435725 0.1171875 0.4290484140233723 0.11875 0.43906510851419034 0.171875 0.4373956594323873 0.1734375 0.4340567612687813 0.1859375 0.4340567612687813 0.1875 0.4373956594323873 0.221875 0.43906510851419034 0.2234375 0.44240400667779634 0.24375 0.44407345575959933 0.2453125 0.44741235392320533 0.2515625 0.44908180300500833 0.2625 0.44908180300500833 0.2640625 0.4524207011686144 0.2734375 0.4524207011686144 0.2828125 0.4540901502504174 0.284375 0.4574290484140234 0.303125 0.4590984974958264 0.3046875 0.46243739565943237 0.3140625 0.46243739565943237 0.315625 0.4657762938230384 0.340625 0.4674457429048414 0.3421875 0.4707846410684474 0.3546875 0.4724540901502504 0.35625 0.4757929883138564 0.3609375 0.4774624373956594 0.36875 0.4774624373956594 0.3703125 0.48080133555926546 0.378125 0.48247078464106846 0.3796875 0.48580968280467446 0.390625 0.48747913188647746 0.3984375 0.4958263772954925 0.4046875 0.4974958263772955 0.4078125 0.5025041736227045 0.4078125 0.5108514190317195 0.4109375 0.5058430717863105 0.415625 0.5108514190317195 0.41875 0.5108514190317195 0.421875 0.5158597662771286 0.43125 0.5175292153589316 0.4375 0.5242070116861436 0.4390625 0.5308848080133556 0.4515625 0.5409015025041736 0.4515625 0.5442404006677797 0.45625 0.5475792988313857 0.4578125 0.5542570951585977 0.475 0.5726210350584308 0.4765625 0.5792988313856428 0.49375 0.5792988313856428 0.496875 0.5759599332220368 0.4984375 0.5676126878130217 0.4921875 0.5609348914858097 0.4890625 0.5609348914858097 0.4828125 0.5525876460767947 0.4796875 0.5525876460767947 0.478125 0.5475792988313857 0.471875 0.5459098497495827 0.4609375 0.5325542570951586 0.4609375 0.5292153589315526 0.4453125 0.5125208681135225 0.4421875 0.5125208681135225 0.43125 0.4991652754590985 0.4265625 0.4991652754590985 0.4234375 0.4941569282136895 0.4171875 0.49248747913188645 0.415625 0.48914858096828046 0.4125 0.48914858096828046 0.409375 0.48580968280467446 0.41059027812500004 0.4728250784641068 0.4046875 0.4791318864774624 0.3984375 0.4791318864774624 0.39375 0.4774624373956594 0.3921875 0.4741235392320534 0.384375 0.4724540901502504 0.3828125 0.4691151919866444
3 0.7 0.66110183639399 0.6953125 0.659432387312187 0.6953125 0.656093489148581 0.69375 0.659432387312187 0.690625 0.659432387312187 0.6875 0.656093489148581 0.6859375 0.659432387312187 0.684375 0.656093489148581 0.68125 0.656093489148581 0.678125 0.659432387312187 0.6859375 0.66110183639399 0.6859375 0.667779632721202 0.6765625 0.671118530884808 0.678125 0.67779632721202 0.671875 0.6844741235392321 0.6640625 0.6861435726210351 0.6625 0.6961602671118531 0.65625 0.6994991652754591 0.6484375 0.6978297161936561 0.646875 0.6844741235392321 0.640625 0.6828046744574291 0.64375 0.679465776293823 0.64375 0.676126878130217 0.640625 0.674457429048414 0.640625 0.671118530884808 0.6328125 0.671118530884808 0.628125 0.676126878130217 0.6265625 0.671118530884808 0.59375 0.671118530884808 0.5859375 0.669449081803005 0.584375 0.666110183639399 0.58125 0.669449081803005 0.578125 0.662771285475793 0.5796875 0.656093489148581 0.5671875 0.656093489148581 0.565625 0.659432387312187 0.553125 0.66110183639399 0.54375 0.671118530884808 0.54375 0.6828046744574291 0.540625 0.6844741235392321 0.5390625 0.6978297161936561 0.534375 0.7028380634390651 0.5296875 0.7028380634390651 0.5265625 0.7111853088480802 0.521875 0.7145242070116862 0.5203125 0.7228714524207012 0.515625 0.7278797996661102 0.5125 0.7278797996661102 0.5125 0.7312186978297162 0.5046875 0.7395659432387313 0.4984375 0.7395659432387313 0.496875 0.7429048414023373 0.4890625 0.7445742904841403 0.4765625 0.7445742904841403 0.475 0.7479131886477463 0.471875 0.7479131886477463 0.471875 0.7529215358931552 0.49375 0.7512520868113522 0.4953125 0.7479131886477463 0.5140625 0.7462437395659433 0.515625 0.7429048414023373 0.528125 0.7429048414023373 0.534375 0.7495826377295493 0.534375 0.7562604340567612 0.5296875 0.7595993322203672 0.5296875 0.7629382303839732 0.5265625 0.7646076794657763 0.525 0.7696160267111853 0.51875 0.7762938230383973 0.515625 0.7762938230383973 0.515625 0.7796327212020033 0.5 0.7946577629382304 0.509375 0.7946577629382304 0.5109375 0.7879799666110183 0.521875 0.7762938230383973 0.528125 0.7746243739565943 0.5296875 0.7712854757929883 0.534375 0.7696160267111853 0.5484375 0.7696160267111853 0.5546875 0.7579298831385642 0.5609375 0.7562604340567612 0.56875 0.7479131886477463 0.5796875 0.7462437395659433 0.58125 0.7429048414023373 0.5859375 0.7412353923205343 0.5921875 0.7412353923205343 0.59375 0.7378964941569283 0.60625 0.7378964941569283 0.6078125 0.7412353923205343 0.6125 0.7429048414023373 0.63125 0.7429048414023373 0.6328125 0.7462437395659433 0.6515625 0.7479131886477463 0.653125 0.7512520868113522 0.6625 0.7545909849749582 0.6640625 0.7612687813021702 0.6765625 0.7612687813021702 0.678125 0.7579298831385642 0.68125 0.7579298831385642 0.684375 0.7612687813021702 0.6859375 0.7579298831385642 0.6921875 0.7679465776293823 0.6921875 0.7813021702838063 0.690625 0.7863105175292153 0.6875 0.7879799666110183 0.6875 0.7946577629382304 0.6828125 0.7979966611018364 0.68125 0.8046744574290484 0.6734375 0.8113522537562604 0.6734375 0.8146911519198664 0.665625 0.8230383973288815 0.6625 0.8230383973288815 0.646875 0.8414023372287145 0.6421875 0.8430717863105175 0.6421875 0.8480801335559266 0.6453125 0.8497495826377296 0.65625 0.8497495826377296 0.6625 0.8480801335559266 0.6640625 0.8447412353923205 0.6671875 0.8447412353923205 0.671875 0.8397328881469115 0.684375 0.8397328881469115 0.6859375 0.8363939899833055 0.6890625 0.8363939899833055 0.690625 0.8213689482470785 0.69375 0.8196994991652755 0.6953125 0.8080133555926544 0.6984375 0.8063439065108514 0.6984375 0.8030050083472454 0.703125 0.7996661101836394 0.7046875 0.7929883138564274 0.7109375 0.7863105175292153 0.715625 0.7846410684474123 0.7171875 0.7813021702838063 0.7203125 0.7813021702838063 0.7328125 0.7662771285475793 0.7359375 0.7662771285475793 0.7359375 0.7595993322203672 0.7390625 0.7579298831385642 0.740625 0.7529215358931552 0.75 0.7529215358931552 0.75625 0.7595993322203672 0.7546875 0.7746243739565943 0.75625 0.7762938230383973 0.7671875 0.7746243739565943 0.784375 0.7579298831385642 0.8046875 0.7562604340567612 0.8046875 0.7529215358931552 0.8078125 0.7512520868113522 0.809375 0.7462437395659433 0.8078125 0.7328881469115192 0.8109375 0.7278797996661102 0.8140625 0.7312186978297162 0.8328125 0.7328881469115192 0.834375 0.7362270450751253 0.8375 0.7362270450751253 0.8453125 0.7278797996661102 0.846875 0.7145242070116862 0.8578125 0.7028380634390651 0.846875 0.6928213689482471 0.85 0.6894824707846411 0.8515625 0.679465776293823 0.8625 0.679465776293823 0.8640625 0.6828046744574291 0.88125 0.6828046744574291 0.890625 0.6961602671118531 0.890625 0.666110183639399 0.89375 0.659432387312187 0.9 0.657762938230384 0.9015625 0.654424040066778 0.9015625 0.6410684474123539 0.903125 0.6393989983305509 0.9234375 0.6377295492487479 0.925 0.6343906510851419 0.928125 0.6343906510851419 0.9296875 0.6377295492487479 0.946875 0.6393989983305509 0.95625 0.6327212020033389 0.95625 0.6310517529215359 0.9484375 0.6293823038397329 0.9453125 0.6243739565943238 0.9421875 0.6243739565943238 0.9359375 0.6176961602671118 0.9359375 0.6126878130217028 0.93125 0.6093489148580968 0.9328125 0.5976627712854758 0.9296875 0.5976627712854758 0.928125 0.6010016694490818 0.9203125 0.6010016694490818 0.91875 0.5976627712854758 0.9109375 0.5943238731218697 0.9109375 0.5876460767946577 0.9015625 0.5876460767946577 0.890625 0.5809682804674458 0.8921875 0.5726210350584308 0.903125 0.5609348914858097 0.909375 0.5592654424040067 0.9171875 0.5509181969949917 0.9234375 0.5492487479131887 0.925 0.5459098497495827 0.9328125 0.5442404006677797 0.9359375 0.5409015025041736 0.9359375 0.5275459098497496 0.925 0.5409015025041736 0.921875 0.5409015025041736 0.91875 0.5459098497495827 0.9109375 0.5475792988313857 0.90625 0.5525876460767947 0.903125 0.5525876460767947 0.8953125 0.5609348914858097 0.8890625 0.5626043405676127 0.8828125 0.5709515859766278 0.8734375 0.5726210350584308 0.871875 0.5759599332220368 0.8640625 0.5776293823038398 0.8625 0.5809682804674458 0.853125 0.5826377295492488 0.8515625 0.5859766277128547 0.8328125 0.5876460767946577 0.828125 0.5859766277128547 0.8234375 0.5809682804674458 0.8234375 0.5776293823038398 0.81875 0.5742904841402338 0.8171875 0.5676126878130217 0.8140625 0.5659432387312187 0.8140625 0.5575959933222037 0.8171875 0.5559265442404007 0.81875 0.5375626043405676 0.821875 0.5358931552587646 0.8234375 0.5225375626043406 0.8265625 0.5208681135225376 0.828125 0.5041736227045075 0.83125 0.5025041736227045 0.8328125 0.49248747913188645 0.8359375 0.49081803005008345 0.8359375 0.48414023372287146 0.8375 0.4791318864774624 0.840625 0.4774624373956594 0.8421875 0.4691151919866444 0.8453125 0.4674457429048414 0.846875 0.4557595993322204 0.85 0.4540901502504174 0.8515625 0.44407345575959933 0.8578125 0.4373956594323873 0.859375 0.4290484140233723 0.8625 0.4273789649415693 0.8640625 0.41569282136894825 0.8671875 0.41402337228714525 0.86875 0.4040066777963272 0.8734375 0.3989983305509182 0.8734375 0.39398998330550916 0.8765625 0.39232053422370616 0.8765625 0.38564273789649417 0.878125 0.3806343906510851 0.88125 0.3789649415692821 0.8828125 0.3672787979966611 0.8859375 0.3656093489148581 0.8875 0.3555926544240401 0.890625 0.35392320534223703 0.8921875 0.34223706176961605 0.8953125 0.34056761268781305 0.896875 0.332220367278798 0.9 0.330550918196995 0.9015625 0.32220367278797996 0.9046875 0.32053422370617696 0.90625 0.3105175292153589 0.909375 0.3088480801335559 0.9109375 0.29716193656093487 0.9140625 0.29549248747913187 0.9140625 0.2888146911519199 0.915625 0.28213689482470783 0.91875 0.28046744574290483 0.9203125 0.2671118530884808 0.9234375 0.2654424040066778 0.925 0.24874791318864775 0.928125 0.24707846410684475 0.928125 0.2387312186978297 0.93125 0.2370617696160267 0.9328125 0.22036727879799667 0.9359375 0.21869782971619364 0.9375 0.2036727879799666 0.940625 0.2020033388981636 0.9421875 0.18530884808013356 0.9453125 0.18363939899833054 0.946875 0.17028380634390652 0.95 0.1686143572621035 0.9515625 0.15191986644407346 0.9546875 0.15025041736227046 0.95625 0.14357262103505844 0.95625 0.1352253756260434 0.959375 0.1335559265442404 0.9609375 0.11018363939899833 0.9640625 0.10851419031719532 0.965625 0.09515859766277128 0.96875 0.09348914858096828 0.96875 0.07679465776293823 0.9609375 0.06844741235392321 0.9546875 0.0667779632721202 0.9375 0.06844741235392321 0.9375 0.07011686143572621 0.9265625 0.08013355592654424 0.925 0.08514190317195326 0.925 0.11519198664440734 0.921875 0.11686143572621036 0.9203125 0.1335559265442404 0.9171875 0.1352253756260434 0.915625 0.14858096828046743 0.9125 0.15025041736227046 0.9109375 0.1669449081803005 0.9078125 0.1686143572621035 0.90625 0.18196994991652754 0.903125 0.18363939899833054 0.9015625 0.19031719532554256 0.9015625 0.19699499165275458 0.8984375 0.1986644407345576 0.896875 0.21202003338898165 0.89375 0.21368948247078465 0.8921875 0.2270450751252087 0.8890625 0.2287145242070117 0.8875 0.24207011686143573 0.884375 0.24373956594323873 0.8828125 0.24874791318864775 0.8828125 0.25542570951585974 0.8796875 0.2570951585976628 0.878125 0.2671118530884808 0.875 0.2687813021702838 0.8734375 0.28046744574290483 0.8703125 0.28213689482470783 0.86875 0.29549248747913187 0.865625 0.29716193656093487 0.8640625 0.3021702838063439 0.8640625 0.3088480801335559 0.8609375 0.3105175292153589 0.859375 0.32053422370617696 0.85625 0.32220367278797996 0.85625 0.328881469115192 0.853125 0.330550918196995 0.8515625 0.33889816360601 0.8484375 0.34056761268781305 0.846875 0.35058430717863104 0.84375 0.35225375626043404 0.8421875 0.3639398998330551 0.8390625 0.3656093489148581 0.8375 0.3739565943238731 0.834375 0.3756260434056761 0.8328125 0.38397328881469117 0.8296875 0.38564273789649417 0.828125 0.3973288814691152 0.825 0.3989983305509182 0.8234375 0.4073455759599332 0.8203125 0.4090150250417362 0.81875 0.41736227045075125 0.815625 0.41903171953255425 0.8140625 0.4273789649415693 0.8109375 0.4290484140233723 0.809375 0.4373956594323873 0.80625 0.43906510851419034 0.8046875 0.44741235392320533 0.8015625 0.44908180300500833 0.8 0.4574290484140234 0.796875 0.4590984974958264 0.7953125 0.4707846410684474 0.7921875 0.4724540901502504 0.790625 0.48080133555926546 0.7796875 0.49248747913188645 0.7796875 0.4958263772954925 0.7703125 0.5041736227045075 0.76875 0.5108514190317195 0.7640625 0.5141903171953256 0.7640625 0.5175292153589316 0.753125 0.5275459098497496 0.73125 0.5292153589315526 0.7296875 0.5275459098497496 0.7171875 0.5275459098497496 0.7109375 0.5292153589315526 0.709375 0.5325542570951586 0.6921875 0.5325542570951586 0.690625 0.5292153589315526 0.6859375 0.5292153589315526 0.6796875 0.5375626043405676 0.6765625 0.5375626043405676 0.6734375 0.5409015025041736 0.6734375 0.5442404006677797 0.665625 0.5525876460767947 0.628125 0.5525876460767947 0.6265625 0.5559265442404007 0.6234375 0.5559265442404007 0.615625 0.5475792988313857 0.6046875 0.5459098497495827 0.6 0.5475792988313857 0.5984375 0.5459098497495827 0.5953125 0.5492487479131887 0.6046875 0.5509181969949917 0.603125 0.5609348914858097 0.6 0.5609348914858097 0.5984375 0.5575959933222037 0.59375 0.5575959933222037 0.5921875 0.5609348914858097 0.58125 0.5609348914858097 0.5765625 0.5559265442404007 0.5765625 0.5692821368948247 0.5796875 0.5709515859766278 0.575 0.5759599332220368 0.5671875 0.5776293823038398 0.565625 0.5709515859766278 0.5671875 0.5626043405676127 0.5703125 0.5609348914858097 0.553125 0.5609348914858097 0.553125 0.5659432387312187 0.55 0.5692821368948247 0.553125 0.5709515859766278 0.553125 0.5742904841402338 0.5390625 0.5876460767946577 0.540625 0.5959933222036727 0.5484375 0.5976627712854758 0.55 0.6060100166944908 0.5484375 0.6093489148580968 0.553125 0.6143572621035058 0.5578125 0.6143572621035058 0.5609375 0.6110183639398998 0.5640625 0.6176961602671118 0.571875 0.6210350584307178 0.5671875 0.6293823038397329 0.565625 0.6260434056761269 0.5578125 0.6243739565943238 0.54375 0.6243739565943238 0.5546875 0.6393989983305509 0.55 0.6410684474123539 0.55 0.6477462437395659 0.5578125 0.6477462437395659 0.559375 0.6444073455759599 0.5625 0.6444073455759599 0.5640625 0.6477462437395659 0.5734375 0.6477462437395659 0.575 0.6444073455759599 0.578125 0.6477462437395659 0.578125 0.6360601001669449 0.5734375 0.6343906510851419 0.578125 0.6327212020033389 0.578125 0.6243739565943238 0.5828125 0.6193656093489148 0.5828125 0.6126878130217028 0.5859375 0.6093489148580968 0.596875 0.6093489148580968 0.5984375 0.6060100166944908 0.6015625 0.6060100166944908 0.603125 0.6093489148580968 0.60625 0.6093489148580968 0.609375 0.6126878130217028 0.609375 0.6176961602671118 0.6140625 0.6227045075125208 0.6265625 0.6260434056761269 0.625 0.6293823038397329 0.621875 0.6293823038397329 0.621875 0.6343906510851419 0.61875 0.6360601001669449 0.61875 0.6393989983305509 0.6234375 0.6444073455759599 0.6296875 0.6444073455759599 0.6296875 0.6410684474123539 0.634375 0.6377295492487479 0.6359375 0.6293823038397329 0.64375 0.6293823038397329 0.6453125 0.6327212020033389 0.65 0.6343906510851419 0.6703125 0.6327212020033389 0.6703125 0.6260434056761269 0.6671875 0.6260434056761269 0.6640625 0.6293823038397329 0.6625 0.6193656093489148 0.6578125 0.6176961602671118 0.659375 0.6143572621035058 0.6625 0.6143572621035058 0.665625 0.6110183639398998 0.6671875 0.6043405676126878 0.671875 0.6060100166944908 0.671875 0.6093489148580968 0.6765625 0.6126878130217028 0.678125 0.6193656093489148 0.6765625 0.6277128547579299 0.6734375 0.6293823038397329 0.6734375 0.6343906510851419 0.6765625 0.6377295492487479 0.6796875 0.6377295492487479 0.68125 0.6343906510851419 0.684375 0.6343906510851419 0.6875 0.6393989983305509 0.6921875 0.6410684474123539 0.6921875 0.6444073455759599 0.69375 0.6444073455759599 0.69375 0.6360601001669449 0.696875 0.6327212020033389 0.703125 0.6343906510851419 0.7046875 0.6377295492487479 0.7078125 0.6377295492487479 0.709375 0.6343906510851419 0.715625 0.6343906510851419 0.7171875 0.6377295492487479 0.721875 0.6377295492487479 0.7234375 0.6343906510851419 0.7265625 0.6343906510851419 0.728125 0.6377295492487479 0.7359375 0.6377295492487479 0.7359375 0.6343906510851419 0.7421875 0.6277128547579299 0.7546875 0.6293823038397329 0.75625 0.6377295492487479 0.7515625 0.6393989983305509 0.746875 0.6343906510851419 0.74375 0.6410684474123539 0.7328125 0.6460767946577629 0.73125 0.654424040066778 0.7265625 0.656093489148581 0.725 0.659432387312187 0.721875 0.659432387312187 0.7203125 0.656093489148581 0.7140625 0.656093489148581 0.7125 0.6510851419031719 0.7078125 0.6494156928213689 0.709375 0.6444073455759599 0.7046875 0.6444073455759599 0.70625 0.6477462437395659 0.7046875 0.657762938230384 0.7 0.66110183639399
6 0.1171875 0.4290484140233723 0.11875 0.43906510851419034 0.175 0.4373956594323873 0.1765625 0.4340567612687813 0.184375 0.4340567612687813 0.1859375 0.4373956594323873 0.221875 0.43906510851419034 0.2234375 0.44240400667779634 0.24375 0.44407345575959933 0.2453125 0.44741235392320533 0.2515625 0.44908180300500833 0.2625 0.44908180300500833 0.2640625 0.4524207011686144 0.2828125 0.4540901502504174 0.284375 0.4574290484140234 0.303125 0.4590984974958264 0.3046875 0.46243739565943237 0.3140625 0.46243739565943237 0.315625 0.4657762938230384 0.3375 0.4674457429048414 0.3390625 0.4707846410684474 0.35 0.4707846410684474 0.3546875 0.4724540901502504 0.35625 0.4757929883138564 0.36875 0.4774624373956594 0.3703125 0.48080133555926546 0.38125 0.48247078464106846 0.3828125 0.48580968280467446 0.390625 0.48747913188647746 0.3984375 0.4958263772954925 0.4046875 0.4974958263772955 0.4078125 0.5025041736227045 0.4109375 0.5025041736227045 0.4125 0.5058430717863105 0.41875 0.5075125208681135 0.4296875 0.5208681135225376 0.4359375 0.5225375626043406 0.446875 0.5342237061769616 0.4484375 0.5409015025041736 0.4609375 0.5525876460767947 0.4625 0.5592654424040067 0.4671875 0.5642737896494157 0.4734375 0.5659432387312187 0.484375 0.5792988313856428 0.49375 0.5792988313856428 0.496875 0.5759599332220368 0.496875 0.5676126878130217 0.4828125 0.5525876460767947 0.478125 0.5509181969949917 0.478125 0.5475792988313857 0.471875 0.5459098497495827 0.465625 0.5392320534223706 0.4640625 0.5325542570951586 0.446875 0.5141903171953256 0.44375 0.5141903171953256 0.4359375 0.5041736227045075 0.4296875 0.5025041736227045 0.4234375 0.4941569282136895 0.4171875 0.49248747913188645 0.415625 0.48914858096828046 0.4078125 0.48747913188647746 0.4 0.4791318864774624 0.3828125 0.4724540901502504 0.38125 0.4691151919866444 0.3734375 0.4674457429048414 0.3671875 0.4607679465776294 0.353125 0.4590984974958264 0.3515625 0.4557595993322204 0.328125 0.4540901502504174 0.3265625 0.4507512520868113 0.309375 0.44908180300500833 0.3078125 0.44574290484140233 0.2875 0.44407345575959933 0.2859375 0.44073455759599334 0.28125 0.43906510851419034 0.2734375 0.43906510851419034 0.271875 0.4357262103505843 0.2546875 0.4340567612687813 0.253125 0.4307178631051753 0.2359375 0.4290484140233723 0.234375 0.4257095158597663 0.2265625 0.4240400667779633 0.2171875 0.4240400667779633 0.215625 0.42070116861435725 0.1453125 0.41903171953255425 0.14375 0.42070116861435725 0.121875 0.42070116861435725 0.121875 0.42237061769616024 0.11875 0.4240400667779633 0.1171875 0.4290484140233723
6 0.925 0.11352253756260434 0.921875 0.11519198664440734 0.9203125 0.1302170283806344 0.9171875 0.1318864774624374 0.915625 0.14524207011686144 0.9125 0.14691151919866444 0.9109375 0.1636060100166945 0.9078125 0.1652754590984975 0.90625 0.17863105175292154 0.903125 0.18030050083472454 0.9015625 0.19365609348914858 0.8984375 0.19532554257095158 0.896875 0.21202003338898165 0.89375 0.21368948247078465 0.8921875 0.22370617696160267 0.8890625 0.22537562604340566 0.8875 0.24040066777963273 0.884375 0.24207011686143573 0.8828125 0.25208681135225375 0.8796875 0.25375626043405675 0.878125 0.2671118530884808 0.875 0.2687813021702838 0.8734375 0.28046744574290483 0.8703125 0.28213689482470783 0.86875 0.2921535893155259 0.865625 0.2938230383973289 0.8640625 0.3055091819699499 0.8609375 0.3071786310517529 0.859375 0.32053422370617696 0.85625 0.32220367278797996 0.85625 0.328881469115192 0.853125 0.330550918196995 0.8515625 0.33889816360601 0.8484375 0.34056761268781305 0.846875 0.34557595993322204 0.846875 0.35058430717863104 0.84375 0.35225375626043404 0.8421875 0.3606010016694491 0.8390625 0.3622704507512521 0.8375 0.3739565943238731 0.834375 0.3756260434056761 0.8328125 0.38397328881469117 0.8296875 0.38564273789649417 0.828125 0.39398998330550916 0.825 0.39565943238731216 0.8234375 0.4073455759599332 0.815625 0.41569282136894825 0.809375 0.4340567612687813 0.80625 0.4357262103505843 0.8046875 0.44407345575959933 0.8015625 0.44574290484140233 0.8 0.4574290484140234 0.796875 0.4590984974958264 0.7953125 0.4707846410684474 0.7921875 0.4724540901502504 0.790625 0.48080133555926546 0.7796875 0.49248747913188645 0.7796875 0.4958263772954925 0.7703125 0.5041736227045075 0.76875 0.5108514190317195 0.7609375 0.5191986644407346 0.7609375 0.5325542570951586 0.7640625 0.5342237061769616 0.765625 0.5459098497495827 0.784375 0.5642737896494157 0.8 0.5659432387312187 0.8078125 0.5642737896494157 0.809375 0.5609348914858097 0.8140625 0.5592654424040067 0.8140625 0.5525876460767947 0.8171875 0.5509181969949917 0.81875 0.5459098497495827 0.81875 0.5375626043405676 0.821875 0.5358931552587646 0.8234375 0.5225375626043406 0.8265625 0.5208681135225376 0.828125 0.5041736227045075 0.83125 0.5025041736227045 0.8328125 0.49248747913188645 0.8359375 0.49081803005008345 0.8375 0.4791318864774624 0.840625 0.4774624373956594 0.8421875 0.4691151919866444 0.8453125 0.4674457429048414 0.846875 0.4557595993322204 0.85 0.4540901502504174 0.8515625 0.44574290484140233 0.8546875 0.44407345575959933 0.8546875 0.43906510851419034 0.8578125 0.4373956594323873 0.859375 0.4290484140233723 0.8625 0.4273789649415693 0.8640625 0.42237061769616024 0.8640625 0.41569282136894825 0.8671875 0.41402337228714525 0.86875 0.4056761268781302 0.871875 0.4040066777963272 0.8734375 0.39398998330550916 0.8765625 0.39232053422370616 0.878125 0.3806343906510851 0.88125 0.3789649415692821 0.8828125 0.3739565943238731 0.8828125 0.3672787979966611 0.8859375 0.3656093489148581 0.8875 0.3555926544240401 0.890625 0.35392320534223703 0.8921875 0.34223706176961605 0.8953125 0.34056761268781305 0.896875 0.332220367278798 0.9 0.330550918196995 0.9015625 0.32220367278797996 0.90625 0.31886477462437396 0.90625 0.3121869782971619 0.909375 0.3105175292153589 0.9109375 0.29716193656093487 0.9140625 0.29549248747913187 0.915625 0.28213689482470783 0.91875 0.28046744574290483 0.9203125 0.2687813021702838 0.9234375 0.2671118530884808 0.925 0.24874791318864775 0.928125 0.24707846410684475 0.928125 0.24207011686143573 0.93125 0.24040066777963273 0.9328125 0.22370617696160267 0.9359375 0.22203672787979967 0.9375 0.20534223706176963 0.940625 0.2036727879799666 0.940625 0.19532554257095158 0.9421875 0.18864774624373956 0.9453125 0.18697829716193656 0.946875 0.17362270450751252 0.95 0.17195325542570952 0.95 0.1636060100166945 0.9515625 0.15525876460767946 0.9546875 0.15358931552587646 0.95625 0.13689482470784642 0.959375 0.1352253756260434 0.9609375 0.11185308848080133 0.9640625 0.11018363939899833 0.9640625 0.1001669449081803 0.9703125 0.08848080133555926 0.96875 0.07345575959933222 0.9625 0.07178631051752922 0.9609375 0.06844741235392321 0.9421875 0.0667779632721202 0.9375 0.06844741235392321 0.9375 0.07011686143572621 0.925 0.08180300500834725 0.925 0.11352253756260434