3 0.7078125 0.21384928716904278 0.71875 0.23014256619144602 0.70625 0.2484725050916497 0.703125 0.2484725050916497 0.696875 0.24439918533604887 0.6953125 0.23014256619144602 0.6953125 0.24032586558044808 0.690625 0.24643584521384929 0.6890625 0.2545824847250509 0.684375 0.25865580448065173 0.6859375 0.2790224032586558 0.684375 0.2892057026476578 0.6859375 0.29327902240325865 0.69375 0.2892057026476578 0.703125 0.29124236252545826 0.7046875 0.2892057026476578 0.715625 0.2892057026476578 0.7265625 0.2830957230142566 0.73125 0.2769857433808554 0.7328125 0.26476578411405294 0.73125 0.2606924643584521 0.740625 0.25661914460285135 0.7484375 0.24643584521384929 0.7453125 0.24032586558044808 0.74375 0.219959266802444 0.7390625 0.21792260692464357 0.728125 0.20366598778004075 0.7265625 0.1975560081466395 0.721875 0.1955193482688391 0.7171875 0.1894093686354379 0.7109375 0.1894093686354379 0.7109375 0.19144602851323828 0.7078125 0.1975560081466395 0.7078125 0.21384928716904278
3 0.9203125 0.059063136456211814 0.9140625 0.06517311608961303 0.9140625 0.07942973523421588 0.9078125 0.0835030549898167 0.896875 0.0814663951120163 0.890625 0.07739307535641547 0.878125 0.07942973523421588 0.8765625 0.07739307535641547 0.85 0.07739307535641547 0.840625 0.06517311608961303 0.83125 0.06313645621181263 0.828125 0.07128309572301425 0.828125 0.0814663951120163 0.8109375 0.09368635437881874 0.80625 0.09368635437881874 0.803125 0.09775967413441955 0.8015625 0.1079429735234216 0.796875 0.109979633401222 0.7921875 0.1079429735234216 0.7875 0.10386965376782077 0.7859375 0.09572301425661914 0.78125 0.09572301425661914 0.778125 0.10590631364562118 0.76875 0.1120162932790224 0.7640625 0.11812627291242363 0.7609375 0.12627291242362526 0.75625 0.13034623217922606 0.7546875 0.1364562118126273 0.74375 0.1364562118126273 0.7390625 0.1425661914460285 0.7390625 0.15274949083503056 0.734375 0.1690427698574338 0.7359375 0.17718940936863545 0.746875 0.18329938900203666 0.7484375 0.1894093686354379 0.7578125 0.19959266802443992 0.7578125 0.20570264765784113 0.7546875 0.21384928716904278 0.7484375 0.2219959266802444 0.7484375 0.23421588594704684 0.75625 0.24439918533604887 0.7609375 0.25865580448065173 0.7625 0.2729124236252546 0.7671875 0.28105906313645623 0.7859375 0.2830957230142566 0.790625 0.28716904276985744 0.7953125 0.28716904276985744 0.7984375 0.29124236252545826 0.803125 0.29124236252545826 0.8078125 0.2973523421588595 0.8125 0.2973523421588595 0.8140625 0.3014256619144603 0.821875 0.3014256619144603 0.83125 0.3095723014256619 0.840625 0.3075356415478615 0.8453125 0.31771894093686354 0.8484375 0.31568228105906315 0.85 0.32179226069246436 0.853125 0.32382892057026474 0.853125 0.3340122199592668 0.85 0.3360488798370672 0.853125 0.3380855397148676 0.853125 0.34623217922606925 0.8484375 0.35234215885947046 0.8453125 0.35234215885947046 0.840625 0.3604887983706721 0.840625 0.37067209775967414 0.85 0.3788187372708758 0.853125 0.3788187372708758 0.859375 0.3890020366598778 0.8671875 0.39307535641547864 0.8734375 0.40529531568228105 0.8828125 0.4073319755600815 0.8859375 0.41140529531568226 0.8875 0.4215885947046843 0.89375 0.42362525458248473 0.9 0.4317718940936864 0.9 0.43584521384928715 0.903125 0.43584521384928715 0.90625 0.439918533604888 0.9109375 0.45010183299389 0.91875 0.45010183299389 0.925 0.4378818737270876 0.940625 0.43380855397148677 0.9421875 0.42973523421588594 0.953125 0.42769857433808556 0.9625 0.4154786150712831 0.971875 0.4256619144602851 0.9796875 0.42362525458248473 0.984375 0.4175152749490835 0.9859375 0.4093686354378819 0.9921875 0.40325865580448067 0.99375 0.3971486761710794 0.9953125 0.2830957230142566 0.99375 0.2790224032586558 0.9953125 0.2769857433808554 0.99375 0.2708757637474542 0.9890625 0.2668024439918534 0.9890625 0.2606924643584521 0.99375 0.2525458248472505 0.9953125 0.24032586558044808 0.99375 0.23828920570264767 0.99375 0.22810590631364563 0.990625 0.2240325865580448 0.990625 0.219959266802444 0.9875 0.21792260692464357 0.9921875 0.21384928716904278 0.990625 0.21181262729124237 0.9890625 0.21384928716904278 0.978125 0.21384928716904278 0.971875 0.20773930753564154 0.9734375 0.20570264765784113 0.98125 0.20570264765784113 0.984375 0.1955193482688391 0.990625 0.1975560081466395 0.9921875 0.1955193482688391 0.990625 0.17922606924643583 0.9953125 0.1710794297352342 0.99375 0.11812627291242363 0.9953125 0.11405295315682282 0.99375 0.109979633401222 0.9953125 0.1079429735234216 0.9953125 0.09572301425661914 0.9921875 0.0855397148676171 0.984375 0.08757637474541752 0.9796875 0.0814663951120163 0.9625 0.07942973523421588 0.953125 0.07331975560081466 0.9484375 0.07331975560081466 0.9375 0.06109979633401222 0.9359375 0.06109979633401222 0.934375 0.059063136456211814 0.9203125 0.059063136456211814
3 0.64375 0.3625254582484725 0.64375 0.37474541751527496 0.6546875 0.37474541751527496 0.6640625 0.384928716904277 0.6734375 0.384928716904277 0.6796875 0.38289205702647655 0.6828125 0.3788187372708758 0.684375 0.37067209775967414 0.6921875 0.36863543788187375 0.69375 0.3604887983706721 0.6890625 0.34623217922606925 0.6828125 0.3421588594704684 0.68125 0.34419551934826886 0.65 0.35234215885947046 0.64375 0.3625254582484725
3 0.1875 0.29327902240325865 0.1984375 0.2953156822810591 0.203125 0.29938900203665986 0.2 0.3054989816700611 0.203125 0.3075356415478615 0.2 0.31160896130346233 0.203125 0.3136456211812627 0.2046875 0.319755600814664 0.203125 0.3380855397148676 0.196875 0.34419551934826886 0.1921875 0.3421588594704684 0.1890625 0.3380855397148676 0.190625 0.3319755600814664 0.1828125 0.3258655804480652 0.184375 0.31771894093686354 0.1828125 0.31160896130346233 0.1796875 0.31160896130346233 0.1765625 0.31568228105906315 0.171875 0.3136456211812627 0.171875 0.32382892057026474 0.1703125 0.3258655804480652 0.1640625 0.32382892057026474 0.1671875 0.32179226069246436 0.1640625 0.31771894093686354 0.15625 0.32382892057026474 0.1484375 0.32382892057026474 0.140625 0.319755600814664 0.1359375 0.3258655804480652 0.134375 0.3319755600814664 0.134375 0.34419551934826886 0.1375 0.34826883910386963 0.1375 0.35234215885947046 0.14375 0.3564154786150713 0.1640625 0.3421588594704684 0.1671875 0.34623217922606925 0.1609375 0.3543788187372709 0.1625 0.3564154786150713 0.1671875 0.35234215885947046 0.171875 0.35234215885947046 0.1828125 0.3604887983706721 0.203125 0.3604887983706721 0.2046875 0.36863543788187375 0.209375 0.36863543788187375 0.215625 0.35845213849287166 0.234375 0.3645621181262729 0.240625 0.3727087576374745 0.2390625 0.38289205702647655 0.23125 0.39307535641547864 0.2265625 0.3890020366598778 0.228125 0.3869653767820774 0.2171875 0.39307535641547864 0.2140625 0.3910386965376782 0.215625 0.40325865580448067 0.2 0.4195519348268839 0.2 0.42362525458248473 0.215625 0.4256619144602851 0.23125 0.4093686354378819 0.234375 0.4175152749490835 0.2421875 0.42769857433808556 0.246875 0.42973523421588594 0.2484375 0.43380855397148677 0.25625 0.43380855397148677 0.265625 0.4215885947046843 0.2640625 0.39307535641547864 0.2625 0.3910386965376782 0.265625 0.3869653767820774 0.2609375 0.38289205702647655 0.2609375 0.37678207739307534 0.25625 0.37474541751527496 0.265625 0.36863543788187375 0.26875 0.3625254582484725 0.2796875 0.37678207739307534 0.2953125 0.38289205702647655 0.3 0.39307535641547864 0.30625 0.3971486761710794 0.3109375 0.3971486761710794 0.3125 0.40122199592668023 0.321875 0.40122199592668023 0.3234375 0.3971486761710794 0.3296875 0.395112016293279 0.340625 0.384928716904277 0.3578125 0.3869653767820774 0.3625 0.384928716904277 0.3734375 0.3727087576374745 0.378125 0.37067209775967414 0.384375 0.37067209775967414 0.3890625 0.37678207739307534 0.3953125 0.3788187372708758 0.409375 0.38085539714867617 0.4109375 0.3788187372708758 0.41875 0.3788187372708758 0.4296875 0.36863543788187375 0.446875 0.34012219959266804 0.4515625 0.34012219959266804 0.459375 0.34623217922606925 0.46875 0.3421588594704684 0.4734375 0.3360488798370672 0.4734375 0.3258655804480652 0.4765625 0.32382892057026474 0.4765625 0.31771894093686354 0.484375 0.31568228105906315 0.4921875 0.3054989816700611 0.49375 0.285132382892057 0.490625 0.27494908350305497 0.4921875 0.26476578411405294 0.490625 0.2545824847250509 0.4953125 0.2505091649694501 0.5015625 0.2505091649694501 0.50625 0.24236252545824846 0.50625 0.21181262729124237 0.5109375 0.1934826883910387 0.509375 0.18126272912423624 0.5015625 0.1710794297352342 0.4953125 0.1690427698574338 0.49375 0.164969450101833 0.4671875 0.1629327902240326 0.4609375 0.15682281059063136 0.4578125 0.15682281059063136 0.453125 0.14867617107942974 0.4546875 0.14052953156822812 0.453125 0.1364562118126273 0.4546875 0.12830957230142567 0.459375 0.12219959266802444 0.4765625 0.12627291242362526 0.48125 0.12219959266802444 0.484375 0.109979633401222 0.4828125 0.1079429735234216 0.4828125 0.0855397148676171 0.4890625 0.07739307535641547 0.4984375 0.07331975560081466 0.5015625 0.06924643584521385 0.5015625 0.06517311608961303 0.4984375 0.06313645621181263 0.4984375 0.059063136456211814 0.4875 0.04073319755600815 0.48125 0.03665987780040733 0.475 0.03665987780040733 0.4734375 0.032586558044806514 0.4609375 0.032586558044806514 0.4515625 0.020366598778004074 0.44375 0.014256619144602852 0.428125 0.012219959266802444 0.41875 0.024439918533604887 0.4125 0.024439918533604887 0.3953125 0.020366598778004074 0.3703125 0.006109979633401222 0.36875 0.006109979633401222 0.3578125 0.010183299389002037 0.33125 0.008146639511201629 0.315625 0.016293279022403257 0.30625 0.016293279022403257 0.3015625 0.012219959266802444 0.2875 0.012219959266802444 0.2828125 0.016293279022403257 0.28125 0.014256619144602852 0.26875 0.016293279022403257 0.2640625 0.014256619144602852 0.2609375 0.018329938900203666 0.2625 0.03054989816700611 0.265625 0.034623217922606926 0.26875 0.034623217922606926 0.275 0.04480651731160896 0.28125 0.04073319755600815 0.2859375 0.04684317718940937 0.284375 0.054989816700611 0.28125 0.059063136456211814 0.265625 0.06109979633401222 0.2546875 0.05702647657841141 0.25 0.059063136456211814 0.24375 0.06924643584521385 0.2359375 0.07535641547861507 0.21875 0.07535641547861507 0.2125 0.06517311608961303 0.2078125 0.06313645621181263 0.19375 0.06517311608961303 0.1921875 0.06924643584521385 0.18125 0.07128309572301425 0.171875 0.0814663951120163 0.171875 0.10386965376782077 0.16875 0.1079429735234216 0.159375 0.109979633401222 0.1546875 0.11608961303462322 0.153125 0.13034623217922606 0.15 0.13238289205702647 0.15 0.1364562118126273 0.15625 0.1446028513238289 0.1640625 0.14867617107942974 0.165625 0.15682281059063136 0.1703125 0.1629327902240326 0.171875 0.17718940936863545 0.1703125 0.17922606924643583 0.1625 0.17718940936863545 0.153125 0.16089613034623218 0.1421875 0.15682281059063136 0.1359375 0.15071283095723015 0.1109375 0.1446028513238289 0.1078125 0.14052953156822812 0.1125 0.1364562118126273 0.1125 0.12219959266802444 0.0953125 0.12830957230142567 0.0828125 0.12830957230142567 0.0765625 0.12423625254582485 0.08125 0.12016293279022404 0.090625 0.12016293279022404 0.09375 0.11608961303462322 0.09375 0.109979633401222 0.084375 0.09775967413441955 0.0921875 0.08757637474541752 0.0921875 0.0835030549898167 0.0796875 0.07535641547861507 0.078125 0.054989816700611 0.0625 0.04684317718940937 0.0484375 0.04684317718940937 0.04375 0.04073319755600815 0.034375 0.03665987780040733 0.025 0.038696537678207736 0.021875 0.04276985743380855 0.01875 0.04073319755600815 0.0125 0.04684317718940937 0.0109375 0.06924643584521385 0.0078125 0.07331975560081466 0.0046875 0.10386965376782077 0.00625 0.10590631364562118 0.00625 0.11812627291242363 0.0078125 0.12016293279022404 0.0171875 0.12016293279022404 0.01875 0.13034623217922606 0.0171875 0.14052953156822812 0.009375 0.1446028513238289 0.00625 0.15071283095723015 0.00625 0.17311608961303462 0.0125 0.17922606924643583 0.00625 0.18737270875763748 0.0046875 0.21384928716904278 0.00625 0.219959266802444 0.009375 0.2219959266802444 0.0078125 0.24236252545824846 0.0140625 0.24439918533604887 0.015625 0.2484725050916497 0.00625 0.25661914460285135 0.00625 0.2668024439918534 0.0109375 0.2790224032586558 0.009375 0.2830957230142566 0.0125 0.285132382892057 0.009375 0.2973523421588595 0.0125 0.3075356415478615 0.0109375 0.3136456211812627 0.00625 0.31771894093686354 0.0109375 0.3258655804480652 0.0171875 0.32790224032586557 0.0125 0.329938900203666 0.0125 0.3340122199592668 0.01875 0.32790224032586557 0.0203125 0.3340122199592668 0.0171875 0.3360488798370672 0.0171875 0.35234215885947046 0.015625 0.3543788187372709 0.0125 0.3380855397148676 0.009375 0.34623217922606925 0.009375 0.35234215885947046 0.0125 0.35845213849287166 0.0171875 0.3625254582484725 0.021875 0.3625254582484725 0.0328125 0.35030549898167007 0.0546875 0.35234215885947046 0.059375 0.3564154786150713 0.065625 0.3564154786150713 0.0703125 0.35234215885947046 0.0734375 0.3421588594704684 0.0828125 0.329938900203666 0.0921875 0.329938900203666 0.1015625 0.32382892057026474 0.1109375 0.3136456211812627 0.1125 0.3075356415478615 0.1109375 0.2973523421588595 0.1140625 0.29124236252545826 0.1234375 0.2892057026476578 0.128125 0.29124236252545826 0.134375 0.28716904276985744 0.1390625 0.28716904276985744 0.1390625 0.2830957230142566 0.1453125 0.27494908350305497 0.14375 0.26476578411405294 0.146875 0.2545824847250509 0.14375 0.2525458248472505 0.14375 0.2484725050916497 0.1390625 0.24236252545824846 0.1375 0.219959266802444 0.134375 0.21384928716904278 0.134375 0.20570264765784113 0.1421875 0.20162932790224034 0.1640625 0.20162932790224034 0.1765625 0.18533604887983707 0.178125 0.1894093686354379 0.1828125 0.18737270875763748 0.190625 0.1955193482688391 0.1875 0.19959266802443992 0.184375 0.21792260692464357 0.178125 0.219959266802444 0.178125 0.22810590631364563 0.190625 0.24439918533604887 0.190625 0.2505091649694501 0.1765625 0.2606924643584521 0.16875 0.2606924643584521 0.171875 0.26476578411405294 0.16875 0.2769857433808554 0.175 0.285132382892057 0.1828125 0.285132382892057 0.1875 0.2892057026476578 0.1875 0.29327902240325865
3 0.5859375 0.5234215885947047 0.5890625 0.5193482688391039 0.5921875 0.5213849287169042 0.5984375 0.5071283095723014 0.60625 0.5091649694501018 0.609375 0.5030549898167006 0.621875 0.5010183299389002 0.6203125 0.4969450101832994 0.61875 0.4969450101832994 0.5828125 0.4969450101832994 0.5734375 0.5091649694501018 0.5734375 0.5173116089613035 0.5640625 0.5315682281059063 0.5640625 0.5376782077393075 0.5609375 0.5417515274949084 0.5609375 0.5458248472505092 0.553125 0.5580448065173116 0.5546875 0.560081466395112 0.55 0.5641547861507128 0.55 0.5682281059063137 0.5359375 0.5926680244399185 0.5390625 0.5967413441955194 0.5390625 0.604887983706721 0.5359375 0.6069246435845214 0.534375 0.604887983706721 0.534375 0.5987780040733197 0.5328125 0.615071283095723 0.528125 0.6232179226069247 0.528125 0.6293279022403259 0.5234375 0.6313645621181263 0.521875 0.6354378818737271 0.5203125 0.7393075356415478 0.521875 0.7413441955193483 0.521875 0.7535641547861507 0.5203125 0.7617107942973523 0.521875 0.7637474541751528 0.5234375 0.790224032586558 0.5203125 0.8024439918533605 0.521875 0.8044806517311609 0.521875 0.8370672097759674 0.5234375 0.8391038696537678 0.521875 0.8431771894093686 0.5234375 0.8472505091649695 0.521875 0.8492871690427699 0.521875 0.8635437881873728 0.5234375 0.8676171079429735 0.5203125 0.8859470468431772 0.521875 0.9368635437881874 0.5203125 0.9389002036659878 0.5203125 0.9531568228105907 0.521875 0.9633401221995926 0.5203125 0.9653767820773931 0.5203125 0.9755600814663951 0.521875 0.9796334012219959 0.5203125 0.9857433808553971 0.525 0.9918533604887984 0.5328125 0.9898167006109979 0.5375 0.9918533604887984 0.5453125 0.9877800407331976 0.5515625 0.9877800407331976 0.5515625 0.9837067209775967 0.5484375 0.9816700610997964 0.546875 0.9837067209775967 0.5421875 0.9775967413441955 0.546875 0.9674134419551935 0.5515625 0.9674134419551935 0.5515625 0.9633401221995926 0.546875 0.9633401221995926 0.54375 0.9592668024439919 0.5453125 0.955193482688391 0.54375 0.9531568228105907 0.5421875 0.9185336048879837 0.54375 0.9144602851323829 0.5390625 0.9185336048879837 0.5375 0.9124236252545825 0.5390625 0.9103869653767821 0.546875 0.9103869653767821 0.5484375 0.9144602851323829 0.5515625 0.9144602851323829 0.5578125 0.9083503054989817 0.5578125 0.9022403258655805 0.5546875 0.9022403258655805 0.5515625 0.8940936863543788 0.546875 0.890020366598778 0.553125 0.8839103869653768 0.5515625 0.8737270875763747 0.5546875 0.869653767820774 0.5578125 0.8737270875763747 0.5609375 0.869653767820774 0.5640625 0.869653767820774 0.5640625 0.8635437881873728 0.5671875 0.8615071283095723 0.5671875 0.8553971486761711 0.559375 0.8533604887983707 0.5578125 0.8370672097759674 0.553125 0.8309572301425662 0.5578125 0.824847250509165 0.5546875 0.8207739307535642 0.5546875 0.8126272912423625 0.5578125 0.8105906313645621 0.5578125 0.8065173116089613 0.5609375 0.8024439918533605 0.5640625 0.8044806517311609 0.5671875 0.8004073319755601 0.5703125 0.8004073319755601 0.5703125 0.7963340122199593 0.5765625 0.790224032586558 0.5734375 0.7861507128309573 0.56875 0.7881873727087576 0.5671875 0.7861507128309573 0.5671875 0.7739307535641547 0.565625 0.7759674134419552 0.5625 0.7759674134419552 0.5609375 0.780040733197556 0.559375 0.7780040733197556 0.559375 0.7657841140529531 0.55625 0.7617107942973523 0.55625 0.7576374745417516 0.5578125 0.7556008146639511 0.559375 0.7596741344195519 0.5640625 0.7596741344195519 0.565625 0.7494908350305499 0.5671875 0.7474541751527495 0.571875 0.7494908350305499 0.5734375 0.7433808553971487 0.578125 0.7474541751527495 0.5796875 0.7576374745417516 0.58125 0.7576374745417516 0.5796875 0.7556008146639511 0.5828125 0.7515274949083504 0.5828125 0.745417515274949 0.5859375 0.7393075356415478 0.5859375 0.7270875763747454 0.584375 0.725050916496945 0.578125 0.7270875763747454 0.5796875 0.7311608961303462 0.575 0.7331975560081466 0.5671875 0.7433808553971487 0.559375 0.7413441955193483 0.5578125 0.7372708757637475 0.5609375 0.7352342158859471 0.5609375 0.7311608961303462 0.5578125 0.7331975560081466 0.5546875 0.7433808553971487 0.5484375 0.7372708757637475 0.5484375 0.7311608961303462 0.553125 0.7270875763747454 0.5515625 0.7189409368635438 0.5578125 0.714867617107943 0.5578125 0.7067209775967414 0.5609375 0.7046843177189409 0.5640625 0.7087576374745418 0.5640625 0.7046843177189409 0.5671875 0.6924643584521385 0.5640625 0.6883910386965377 0.5640625 0.6843177189409368 0.553125 0.6863543788187373 0.5484375 0.6782077393075356 0.546875 0.6802443991853361 0.54375 0.6741344195519349 0.54375 0.6639511201629328 0.546875 0.659877800407332 0.55625 0.6619144602851323 0.5625 0.670061099796334 0.5640625 0.6782077393075356 0.5734375 0.6720977596741344 0.5703125 0.670061099796334 0.5671875 0.6720977596741344 0.5640625 0.6496945010183299 0.5609375 0.659877800407332 0.559375 0.6558044806517311 0.5546875 0.6537678207739308 0.5578125 0.6476578411405295 0.5578125 0.6415478615071283 0.553125 0.6374745417515275 0.5484375 0.6374745417515275 0.5453125 0.6415478615071283 0.5421875 0.6354378818737271 0.546875 0.6252545824847251 0.55 0.6293279022403259 0.5546875 0.6272912423625254 0.5578125 0.6293279022403259 0.5578125 0.6252545824847251 0.5609375 0.6232179226069247 0.5640625 0.6293279022403259 0.5671875 0.6130346232179226 0.5609375 0.6069246435845214 0.5671875 0.6028513238289206 0.5859375 0.6089613034623218 0.5921875 0.615071283095723 0.59375 0.604887983706721 0.5890625 0.5987780040733197 0.59375 0.594704684317719 0.5921875 0.5865580448065173 0.5875 0.5926680244399185 0.5828125 0.594704684317719 0.5796875 0.5906313645621182 0.5796875 0.5865580448065173 0.571875 0.5804480651731161 0.5796875 0.5763747454175153 0.5796875 0.5743380855397149 0.5734375 0.5763747454175153 0.5703125 0.5723014256619144 0.5703125 0.5661914460285132 0.5671875 0.5723014256619144 0.565625 0.5661914460285132 0.571875 0.560081466395112 0.5703125 0.5539714867617108 0.5734375 0.5498981670061099 0.5859375 0.5478615071283096 0.5921875 0.5621181262729125 0.59375 0.5539714867617108 0.5890625 0.5498981670061099 0.5984375 0.539714867617108 0.5859375 0.5274949083503055 0.5859375 0.5234215885947047
3 0.8125 0.4908350305498982 0.796875 0.4908350305498982 0.7859375 0.5091649694501018 0.7859375 0.6924643584521385 0.7875 0.6945010183299389 0.7875 0.714867617107943 0.7859375 0.7169042769857433 0.7859375 0.7413441955193483 0.79375 0.7637474541751528 0.79375 0.7739307535641547 0.790625 0.7841140529531568 0.7921875 0.7881873727087576 0.7953125 0.7881873727087576 0.7984375 0.7922606924643585 0.8 0.7983706720977597 0.7953125 0.8065173116089613 0.796875 0.814663951120163 0.7921875 0.8207739307535642 0.7875 0.8187372708757638 0.7875 0.8737270875763747 0.7859375 0.879837067209776 0.7875 0.8818737270875764 0.7875 0.9144602851323829 0.7859375 0.9164969450101833 0.7859375 0.9266802443991853 0.7875 0.9287169042769857 0.7890625 0.9694501018329938 0.790625 0.9714867617107943 0.8109375 0.9714867617107943 0.8171875 0.9816700610997964 0.8171875 0.9898167006109979 0.828125 0.9898167006109979 0.8296875 0.9918533604887984 0.8609375 0.9898167006109979 0.8796875 0.9755600814663951 0.90625 0.9714867617107943 0.915625 0.9674134419551935 0.9609375 0.9714867617107943 0.95625 0.9674134419551935 0.95625 0.9633401221995926 0.96875 0.9368635437881874 0.9703125 0.9266802443991853 0.96875 0.924643584521385 0.96875 0.9124236252545825 0.9625 0.9042769857433809 0.9640625 0.8737270875763747 0.9609375 0.8594704684317719 0.9609375 0.8492871690427699 0.953125 0.8391038696537678 0.9484375 0.8391038696537678 0.94375 0.835030549898167 0.9390625 0.814663951120163 0.9390625 0.7922606924643585 0.940625 0.7881873727087576 0.9390625 0.7841140529531568 0.9421875 0.7739307535641547 0.9421875 0.7657841140529531 0.9453125 0.7596741344195519 0.9484375 0.7393075356415478 0.9515625 0.7372708757637475 0.9546875 0.725050916496945 0.953125 0.7067209775967414 0.940625 0.6843177189409368 0.9375 0.6720977596741344 0.9375 0.6659877800407332 0.9421875 0.6537678207739308 0.9421875 0.6211812627291242 0.9390625 0.6109979633401222 0.94375 0.6028513238289206 0.946875 0.5906313645621182 0.95625 0.5784114052953157 0.953125 0.5621181262729125 0.95625 0.5519348268839104 0.95625 0.5437881873727087 0.9515625 0.5213849287169042 0.9515625 0.4969450101832994 0.946875 0.4908350305498982 0.8359375 0.4908350305498982 0.834375 0.48879837067209775 0.8328125 0.4908350305498982 0.8140625 0.48879837067209775 0.8125 0.4908350305498982
3 0.60625 0.31771894093686354 0.5984375 0.31160896130346233 0.590625 0.3136456211812627 0.5890625 0.31771894093686354 0.596875 0.329938900203666 0.596875 0.3360488798370672 0.578125 0.34419551934826886 0.5609375 0.3665987780040733 0.5546875 0.3788187372708758 0.55625 0.4073319755600815 0.5609375 0.4154786150712831 0.571875 0.4195519348268839 0.571875 0.43584521384928715 0.575 0.439918533604888 0.5734375 0.4460285132382892 0.5640625 0.45213849287169044 0.5640625 0.46028513238289204 0.5796875 0.4663951120162933 0.578125 0.48268839103869654 0.5796875 0.48268839103869654 0.5875 0.4786150712830957 0.603125 0.47657841140529533 0.6078125 0.4663951120162933 0.6140625 0.46028513238289204 0.6296875 0.46028513238289204 0.6359375 0.45621181262729127 0.646875 0.45621181262729127 0.6515625 0.45213849287169044 0.65625 0.4460285132382892 0.65625 0.43584521384928715 0.659375 0.4215885947046843 0.6640625 0.4154786150712831 0.6734375 0.41140529531568226 0.6734375 0.39918533604887985 0.6671875 0.3869653767820774 0.671875 0.38289205702647655 0.6796875 0.38085539714867617 0.68125 0.37474541751527496 0.6859375 0.36863543788187375 0.6890625 0.36863543788187375 0.6921875 0.3645621181262729 0.6921875 0.35845213849287166 0.6875 0.34623217922606925 0.678125 0.34419551934826886 0.6671875 0.34826883910386963 0.6578125 0.34826883910386963 0.6515625 0.3319755600814664 0.6453125 0.329938900203666 0.6375 0.31771894093686354 0.6171875 0.3095723014256619 0.615625 0.3095723014256619 0.6109375 0.31160896130346233 0.60625 0.31771894093686354
3 0.325 0.1894093686354379 0.31875 0.1955193482688391 0.3203125 0.20162932790224034 0.328125 0.20366598778004075 0.33125 0.20773930753564154 0.3171875 0.2240325865580448 0.3109375 0.219959266802444 0.3078125 0.2219959266802444 0.3046875 0.219959266802444 0.3015625 0.21181262729124237 0.2953125 0.20977596741344195 0.29375 0.20570264765784113 0.29375 0.18737270875763748 0.2921875 0.18533604887983707 0.290625 0.18737270875763748 0.2890625 0.18533604887983707 0.278125 0.18533604887983707 0.2796875 0.1894093686354379 0.2875 0.1955193482688391 0.284375 0.20366598778004075 0.271875 0.20366598778004075 0.2625 0.21792260692464357 0.253125 0.2240325865580448 0.246875 0.2240325865580448 0.24375 0.22810590631364563 0.246875 0.23625254582484725 0.2546875 0.24032586558044808 0.2625 0.2484725050916497 0.2578125 0.25865580448065173 0.25 0.26476578411405294 0.25 0.2708757637474542 0.246875 0.2769857433808554 0.253125 0.28105906313645623 0.2578125 0.28105906313645623 0.265625 0.2769857433808554 0.2734375 0.28716904276985744 0.284375 0.2892057026476578 0.303125 0.28105906313645623 0.3046875 0.27494908350305497 0.303125 0.2729124236252546 0.303125 0.2606924643584521 0.3046875 0.25661914460285135 0.303125 0.2525458248472505 0.3046875 0.2505091649694501 0.31875 0.26272912423625255 0.321875 0.2769857433808554 0.3296875 0.2769857433808554 0.3484375 0.26883910386965376 0.3484375 0.2505091649694501 0.353125 0.2484725050916497 0.3515625 0.24236252545824846 0.3578125 0.23625254582484725 0.35625 0.22606924643584522 0.3515625 0.2219959266802444 0.3515625 0.21792260692464357 0.353125 0.2158859470468432 0.3609375 0.2158859470468432 0.3640625 0.21792260692464357 0.378125 0.20773930753564154 0.378125 0.20366598778004075 0.371875 0.20570264765784113 0.3703125 0.20366598778004075 0.371875 0.1975560081466395 0.3765625 0.1975560081466395 0.3765625 0.1894093686354379 0.3625 0.18737270875763748 0.35 0.19959266802443992 0.3484375 0.20366598778004075 0.34375 0.20366598778004075 0.3421875 0.19959266802443992 0.3375 0.1975560081466395 0.3375 0.18737270875763748 0.334375 0.18329938900203666 0.3328125 0.18329938900203666 0.325 0.18533604887983707 0.325 0.1894093686354379
3 0.8234375 0.7067209775967414 0.8234375 0.7270875763747454 0.828125 0.7331975560081466 0.8296875 0.7393075356415478 0.83125 0.7617107942973523 0.8234375 0.7637474541751528 0.81875 0.7596741344195519 0.8140625 0.7596741344195519 0.8109375 0.7617107942973523 0.8109375 0.7718940936863544 0.809375 0.7739307535641547 0.8171875 0.7861507128309573 0.8296875 0.7983706720977597 0.8296875 0.8024439918533605 0.8390625 0.8187372708757638 0.84375 0.8391038696537678 0.84375 0.8553971486761711 0.834375 0.8737270875763747 0.834375 0.9103869653767821 0.8390625 0.9185336048879837 0.846875 0.9144602851323829 0.8546875 0.9144602851323829 0.865625 0.9266802443991853 0.8796875 0.9266802443991853 0.8921875 0.9164969450101833 0.90625 0.9124236252545825 0.91875 0.8961303462321792 0.9328125 0.890020366598778 0.94375 0.8737270875763747 0.9453125 0.8655804480651731 0.9421875 0.8615071283095723 0.9140625 0.8635437881873728 0.909375 0.8574338085539714 0.9109375 0.8533604887983707 0.90625 0.8289205702647657 0.8859375 0.8044806517311609 0.884375 0.7983706720977597 0.8859375 0.7963340122199593 0.88125 0.7881873727087576 0.88125 0.7841140529531568 0.8875 0.769857433808554 0.8875 0.7494908350305499 0.884375 0.745417515274949 0.884375 0.7413441955193483 0.88125 0.7413441955193483 0.8765625 0.7474541751527495 0.8703125 0.7474541751527495 0.8640625 0.7291242362525459 0.85 0.725050916496945 0.8453125 0.7169042769857433 0.84375 0.7087576374745418 0.8390625 0.7026476578411406 0.8375 0.7026476578411406 0.8296875 0.7026476578411406 0.8234375 0.7067209775967414
3 0.1421875 0.23828920570264767 0.1421875 0.24643584521384929 0.1453125 0.2545824847250509 0.1453125 0.27494908350305497 0.134375 0.2892057026476578 0.11875 0.29124236252545826 0.1125 0.29938900203665986 0.109375 0.31160896130346233 0.103125 0.32179226069246436 0.1 0.32179226069246436 0.09375 0.329938900203666 0.08125 0.3319755600814664 0.0734375 0.3421588594704684 0.071875 0.35030549898167007 0.0671875 0.3564154786150713 0.053125 0.3543788187372709 0.0484375 0.3564154786150713 0.046875 0.35845213849287166 0.046875 0.37067209775967414 0.05 0.37474541751527496 0.05 0.3788187372708758 0.046875 0.38289205702647655 0.0359375 0.3869653767820774 0.034375 0.395112016293279 0.0359375 0.40122199592668023 0.0453125 0.40122199592668023 0.046875 0.3971486761710794 0.059375 0.39307535641547864 0.0671875 0.38289205702647655 0.078125 0.3890020366598778 0.0828125 0.3869653767820774 0.0859375 0.3910386965376782 0.0859375 0.395112016293279 0.0828125 0.3971486761710794 0.0828125 0.40122199592668023 0.08125 0.40325865580448067 0.0796875 0.40122199592668023 0.0796875 0.39307535641547864 0.075 0.39307535641547864 0.078125 0.395112016293279 0.078125 0.40122199592668023 0.0703125 0.40325865580448067 0.065625 0.4093686354378819 0.0671875 0.4154786150712831 0.0734375 0.4175152749490835 0.078125 0.4154786150712831 0.0828125 0.40529531568228105 0.090625 0.40122199592668023 0.0921875 0.3971486761710794 0.10625 0.3971486761710794 0.1109375 0.40325865580448067 0.1125 0.4134419551934827 0.115625 0.4175152749490835 0.121875 0.4195519348268839 0.125 0.4154786150712831 0.128125 0.4154786150712831 0.134375 0.4215885947046843 0.14375 0.4215885947046843 0.146875 0.4256619144602851 0.1484375 0.439918533604888 0.153125 0.4439918533604888 0.1578125 0.4439918533604888 0.16875 0.43380855397148677 0.1734375 0.4154786150712831 0.19375 0.4195519348268839 0.1984375 0.4256619144602851 0.2171875 0.4256619144602851 0.2265625 0.4175152749490835 0.23125 0.4093686354378819 0.234375 0.4175152749490835 0.246875 0.43380855397148677 0.259375 0.43380855397148677 0.265625 0.4256619144602851 0.2671875 0.4175152749490835 0.2640625 0.40325865580448067 0.265625 0.37067209775967414 0.2640625 0.3665987780040733 0.259375 0.3665987780040733 0.25625 0.3727087576374745 0.2484375 0.37474541751527496 0.2390625 0.3645621181262729 0.221875 0.3604887983706721 0.2109375 0.3543788187372709 0.20625 0.34826883910386963 0.2015625 0.3340122199592668 0.2015625 0.31568228105906315 0.2078125 0.2953156822810591 0.2046875 0.29124236252545826 0.196875 0.29124236252545826 0.1859375 0.28716904276985744 0.18125 0.2769857433808554 0.184375 0.2708757637474542 0.184375 0.2606924643584521 0.1921875 0.2505091649694501 0.1765625 0.23625254582484725 0.171875 0.23625254582484725 0.1609375 0.24236252545824846 0.1546875 0.24236252545824846 0.1515625 0.23828920570264767 0.15 0.23828920570264767 0.14375 0.23625254582484725 0.1421875 0.23828920570264767
3 0.1609375 0.24236252545824846 0.153125 0.24236252545824846 0.1453125 0.23828920570264767 0.14375 0.24236252545824846 0.146875 0.2505091649694501 0.146875 0.27494908350305497 0.1359375 0.2892057026476578 0.1296875 0.29327902240325865 0.1171875 0.2953156822810591 0.1140625 0.29938900203665986 0.109375 0.31568228105906315 0.0953125 0.329938900203666 0.0875 0.3319755600814664 0.0734375 0.35030549898167007 0.071875 0.3564154786150713 0.0796875 0.3604887983706721 0.084375 0.36863543788187375 0.0890625 0.36863543788187375 0.09375 0.37474541751527496 0.0953125 0.38289205702647655 0.1 0.3869653767820774 0.0984375 0.3910386965376782 0.103125 0.39307535641547864 0.1109375 0.3869653767820774 0.115625 0.3890020366598778 0.125 0.38085539714867617 0.146875 0.3727087576374745 0.165625 0.39918533604887985 0.171875 0.4134419551934827 0.1921875 0.4195519348268839 0.1953125 0.4154786150712831 0.1921875 0.4073319755600815 0.19375 0.40325865580448067 0.2046875 0.40122199592668023 0.20625 0.3971486761710794 0.2140625 0.3971486761710794 0.228125 0.3890020366598778 0.23125 0.3645621181262729 0.225 0.3645621181262729 0.221875 0.3604887983706721 0.2125 0.35845213849287166 0.2015625 0.34826883910386963 0.2015625 0.3360488798370672 0.1984375 0.3340122199592668 0.1984375 0.3258655804480652 0.2015625 0.32382892057026474 0.1984375 0.32179226069246436 0.1984375 0.31771894093686354 0.2015625 0.31568228105906315 0.20625 0.3054989816700611 0.2078125 0.2953156822810591 0.1875 0.2892057026476578 0.1796875 0.28105906313645623 0.178125 0.2729124236252546 0.18125 0.26883910386965376 0.1828125 0.2606924643584521 0.1890625 0.2525458248472505 0.1890625 0.2484725050916497 0.1796875 0.23828920570264767 0.178125 0.23828920570264767 0.171875 0.23625254582484725 0.1609375 0.24236252545824846
3 0.1421875 0.24439918533604887 0.146875 0.2545824847250509 0.146875 0.27494908350305497 0.134375 0.2892057026476578 0.115625 0.29327902240325865 0.1078125 0.31568228105906315 0.103125 0.32179226069246436 0.1 0.32179226069246436 0.0921875 0.329938900203666 0.08125 0.3319755600814664 0.08125 0.3360488798370672 0.075 0.3421588594704684 0.0734375 0.34826883910386963 0.065625 0.35845213849287166 0.0578125 0.3543788187372709 0.046875 0.3564154786150713 0.0453125 0.35845213849287166 0.0453125 0.36863543788187375 0.0484375 0.3788187372708758 0.0453125 0.38289205702647655 0.0359375 0.3869653767820774 0.034375 0.395112016293279 0.0359375 0.40122199592668023 0.04375 0.40325865580448067 0.0484375 0.40122199592668023 0.05 0.3971486761710794 0.059375 0.395112016293279 0.0640625 0.3890020366598778 0.06875 0.3890020366598778 0.0703125 0.3971486761710794 0.065625 0.40529531568228105 0.065625 0.4134419551934827 0.06875 0.4175152749490835 0.0765625 0.4175152749490835 0.0828125 0.4073319755600815 0.090625 0.40122199592668023 0.1078125 0.40122199592668023 0.1125 0.4073319755600815 0.1125 0.4134419551934827 0.115625 0.4175152749490835 0.1234375 0.4175152749490835 0.1296875 0.4093686354378819 0.1265625 0.40325865580448067 0.1234375 0.4073319755600815 0.11875 0.40122199592668023 0.115625 0.3910386965376782 0.1203125 0.384928716904277 0.1296875 0.38289205702647655 0.134375 0.3788187372708758 0.14375 0.3788187372708758 0.1578125 0.3890020366598778 0.1703125 0.4134419551934827 0.19375 0.4195519348268839 0.1953125 0.4134419551934827 0.19375 0.4093686354378819 0.1984375 0.40325865580448067 0.209375 0.40122199592668023 0.2109375 0.3971486761710794 0.228125 0.3910386965376782 0.23125 0.37678207739307534 0.2296875 0.37067209775967414 0.23125 0.3665987780040733 0.221875 0.3604887983706721 0.2125 0.35845213849287166 0.2015625 0.34826883910386963 0.2015625 0.34012219959266804 0.1984375 0.3380855397148676 0.1984375 0.3136456211812627 0.203125 0.3095723014256619 0.20625 0.2973523421588595 0.2015625 0.29327902240325865 0.1859375 0.2892057026476578 0.178125 0.2790224032586558 0.178125 0.2729124236252546 0.1890625 0.2484725050916497 0.1796875 0.23828920570264767 0.16875 0.23828920570264767 0.1625 0.24236252545824846 0.1546875 0.24236252545824846 0.146875 0.23625254582484725 0.1453125 0.23625254582484725 0.1421875 0.23828920570264767 0.1421875 0.24439918533604887
3 0.1921875 0.5621181262729125 0.190625 0.560081466395112 0.1796875 0.560081466395112 0.1796875 0.570264765784114 0.1734375 0.5784114052953157 0.16875 0.5906313645621182 0.1703125 0.594704684317719 0.165625 0.6028513238289206 0.1546875 0.6089613034623218 0.146875 0.604887983706721 0.14375 0.5987780040733197 0.1390625 0.5987780040733197 0.1265625 0.5906313645621182 0.1125 0.5885947046843177 0.1046875 0.5906313645621182 0.0953125 0.594704684317719 0.0921875 0.6069246435845214 0.0921875 0.6171079429735234 0.0890625 0.6232179226069247 0.0921875 0.639511201629328 0.0953125 0.6456211812627292 0.0953125 0.6496945010183299 0.0921875 0.6537678207739308 0.0921875 0.659877800407332 0.1015625 0.6619144602851323 0.103125 0.659877800407332 0.1078125 0.6639511201629328 0.10625 0.670061099796334 0.103125 0.6720977596741344 0.0984375 0.670061099796334 0.0953125 0.6741344195519349 0.096875 0.6822810590631364 0.109375 0.6883910386965377 0.1171875 0.6843177189409368 0.13125 0.6843177189409368 0.1484375 0.6904276985743381 0.15 0.6965376782077393 0.1578125 0.7046843177189409 0.15625 0.7107942973523421 0.159375 0.714867617107943 0.1640625 0.7352342158859471 0.171875 0.7474541751527495 0.16875 0.7637474541751528 0.1703125 0.780040733197556 0.1875 0.7841140529531568 0.19375 0.790224032586558 0.184375 0.8024439918533605 0.175 0.8044806517311609 0.171875 0.8085539714867617 0.1734375 0.8126272912423625 0.165625 0.8268839103869654 0.1703125 0.8309572301425662 0.16875 0.8329938900203666 0.165625 0.8329938900203666 0.1640625 0.8370672097759674 0.15625 0.8391038696537678 0.1515625 0.8472505091649695 0.1375 0.8574338085539714 0.140625 0.8676171079429735 0.15 0.8778004073319755 0.15 0.8859470468431772 0.1390625 0.9042769857433809 0.1296875 0.9103869653767821 0.125 0.9103869653767821 0.121875 0.9144602851323829 0.125 0.9226069246435845 0.1359375 0.9327902240325866 0.1453125 0.9674134419551935 0.1484375 0.9714867617107943 0.153125 0.9714867617107943 0.15625 0.9674134419551935 0.1609375 0.9531568228105907 0.165625 0.9511201629327902 0.1921875 0.9511201629327902 0.196875 0.9613034623217923 0.2 0.9796334012219959 0.2140625 0.9857433808553971 0.2171875 0.9898167006109979 0.2234375 0.9898167006109979 0.2265625 0.9877800407331976 0.2265625 0.9775967413441955 0.221875 0.9714867617107943 0.2203125 0.9531568228105907 0.221875 0.9511201629327902 0.228125 0.9511201629327902 0.2359375 0.9592668024439919 0.2453125 0.9633401221995926 0.246875 0.9613034623217923 0.2546875 0.9613034623217923 0.2640625 0.955193482688391 0.2640625 0.9490835030549898 0.253125 0.9389002036659878 0.2515625 0.9327902240325866 0.2359375 0.9226069246435845 0.2265625 0.9124236252545825 0.23125 0.8981670061099797 0.2375 0.8940936863543788 0.24375 0.8940936863543788 0.2484375 0.8961303462321792 0.25 0.90020366598778 0.26875 0.9083503054989817 0.278125 0.9042769857433809 0.2828125 0.8961303462321792 0.2875 0.8940936863543788 0.2953125 0.9022403258655805 0.3 0.9124236252545825 0.296875 0.9205702647657841 0.29375 0.9205702647657841 0.290625 0.9307535641547862 0.290625 0.9429735234215886 0.3 0.9511201629327902 0.3171875 0.9572301425661914 0.3234375 0.9531568228105907 0.3328125 0.955193482688391 0.340625 0.9653767820773931 0.346875 0.9857433808553971 0.35 0.9898167006109979 0.3609375 0.9918533604887984 0.3640625 0.9898167006109979 0.365625 0.9837067209775967 0.3671875 0.9490835030549898 0.375 0.9429735234215886 0.3953125 0.9409368635437881 0.4375 0.9572301425661914 0.44375 0.9572301425661914 0.4515625 0.9531568228105907 0.453125 0.945010183299389 0.4515625 0.9368635437881874 0.4484375 0.9348268839103869 0.4484375 0.9266802443991853 0.44375 0.9185336048879837 0.4421875 0.890020366598778 0.446875 0.8818737270875764 0.453125 0.879837067209776 0.4546875 0.8635437881873728 0.446875 0.8533604887983707 0.446875 0.8472505091649695 0.4421875 0.8411405295315683 0.43125 0.8492871690427699 0.4296875 0.8553971486761711 0.43125 0.8594704684317719 0.4203125 0.8716904276985743 0.4109375 0.8716904276985743 0.4046875 0.8757637474541752 0.39375 0.8716904276985743 0.390625 0.8655804480651731 0.3875 0.8655804480651731 0.3734375 0.8553971486761711 0.3671875 0.8329938900203666 0.35625 0.8085539714867617 0.3578125 0.8065173116089613 0.35625 0.7881873727087576 0.3578125 0.7820773930753564 0.35625 0.7780040733197556 0.359375 0.7739307535641547 0.3625 0.7759674134419552 0.365625 0.7739307535641547 0.3703125 0.7678207739307535 0.3765625 0.7678207739307535 0.3765625 0.7637474541751528 0.3859375 0.7433808553971487 0.3953125 0.7352342158859471 0.396875 0.7311608961303462 0.4015625 0.7311608961303462 0.403125 0.7352342158859471 0.4109375 0.7352342158859471 0.4125 0.7372708757637475 0.4296875 0.7352342158859471 0.43125 0.7311608961303462 0.4421875 0.7230142566191446 0.4421875 0.6945010183299389 0.4390625 0.6822810590631364 0.415625 0.6843177189409368 0.4109375 0.6822810590631364 0.4015625 0.6720977596741344 0.4046875 0.6619144602851323 0.4046875 0.6517311608961304 0.3921875 0.6537678207739308 0.3890625 0.6517311608961304 0.38125 0.6578411405295316 0.38125 0.670061099796334 0.3890625 0.6782077393075356 0.390625 0.6843177189409368 0.3984375 0.6883910386965377 0.4 0.6945010183299389 0.3984375 0.7107942973523421 0.39375 0.7209775967413442 0.390625 0.7209775967413442 0.3875 0.7270875763747454 0.3859375 0.725050916496945 0.378125 0.725050916496945 0.36875 0.7189409368635438 0.3609375 0.7087576374745418 0.346875 0.7067209775967414 0.34375 0.7087576374745418 0.3421875 0.7067209775967414 0.340625 0.7107942973523421 0.3421875 0.7189409368635438 0.3390625 0.725050916496945 0.325 0.725050916496945 0.3203125 0.7189409368635438 0.315625 0.7169042769857433 0.3140625 0.6863543788187373 0.315625 0.6782077393075356 0.3234375 0.6761710794297352 0.321875 0.6741344195519349 0.321875 0.6639511201629328 0.3203125 0.6619144602851323 0.3171875 0.6659877800407332 0.315625 0.6578411405295316 0.3234375 0.6537678207739308 0.3296875 0.659877800407332 0.334375 0.659877800407332 0.3359375 0.6578411405295316 0.3296875 0.6496945010183299 0.3390625 0.6374745417515275 0.3453125 0.6476578411405295 0.3484375 0.6456211812627292 0.353125 0.6496945010183299 0.353125 0.6558044806517311 0.35625 0.659877800407332 0.3625 0.6619144602851323 0.36875 0.659877800407332 0.3734375 0.6639511201629328 0.3734375 0.6496945010183299 0.378125 0.6456211812627292 0.38125 0.6476578411405295 0.38125 0.6415478615071283 0.3859375 0.6374745417515275 0.38125 0.6354378818737271 0.3859375 0.6293279022403259 0.38125 0.6293279022403259 0.3734375 0.6171079429735234 0.371875 0.6232179226069247 0.36875 0.6252545824847251 0.365625 0.615071283095723 0.35 0.6109979633401222 0.34375 0.6028513238289206 0.3453125 0.5987780040733197 0.340625 0.5845213849287169 0.3359375 0.5784114052953157 0.3328125 0.5661914460285132 0.3328125 0.570264765784114 0.3265625 0.5784114052953157 0.315625 0.5763747454175153 0.3140625 0.5784114052953157 0.3125 0.5967413441955194 0.315625 0.6008146639511202 0.3265625 0.6008146639511202 0.334375 0.6109979633401222 0.3296875 0.615071283095723 0.3234375 0.615071283095723 0.315625 0.6191446028513238 0.2984375 0.6191446028513238 0.30625 0.6211812627291242 0.3078125 0.6232179226069247 0.30625 0.6252545824847251 0.2984375 0.6272912423625254 0.2921875 0.6252545824847251 0.2890625 0.6272912423625254 0.2859375 0.6232179226069247 0.284375 0.615071283095723 0.290625 0.6028513238289206 0.296875 0.6008146639511202 0.2984375 0.5926680244399185 0.2890625 0.5804480651731161 0.2609375 0.5784114052953157 0.259375 0.5804480651731161 0.2484375 0.5804480651731161 0.2328125 0.5743380855397149 0.2234375 0.5743380855397149 0.2109375 0.5580448065173116 0.20625 0.5478615071283096 0.1921875 0.5437881873727087 0.1921875 0.5458248472505092 0.19375 0.560081466395112 0.1921875 0.5621181262729125
3 0.5203125 0.4989816700610998 0.51875 0.505091649694501 0.51875 0.5376782077393075 0.521875 0.539714867617108 0.5265625 0.5376782077393075 0.5359375 0.5213849287169042 0.54375 0.515274949083503 0.5484375 0.5030549898167006 0.5484375 0.4969450101832994 0.54375 0.49490835030549896 0.5421875 0.49490835030549896 0.525 0.49490835030549896 0.5203125 0.4989816700610998
3 0.728125 0.7067209775967414 0.734375 0.7291242362525459 0.734375 0.7393075356415478 0.740625 0.7637474541751528 0.740625 0.7718940936863544 0.746875 0.7922606924643585 0.75 0.8126272912423625 0.753125 0.814663951120163 0.75625 0.8391038696537678 0.7640625 0.8615071283095723 0.76875 0.8655804480651731 0.7703125 0.8716904276985743 0.76875 0.8757637474541752 0.7765625 0.8839103869653768 0.7765625 0.8737270875763747 0.7796875 0.869653767820774 0.7796875 0.8391038696537678 0.78125 0.8370672097759674 0.7796875 0.835030549898167 0.7796875 0.7026476578411406 0.778125 0.7006109979633401 0.7796875 0.6945010183299389 0.778125 0.6924643584521385 0.7796875 0.6904276985743381 0.7796875 0.5804480651731161 0.7765625 0.5723014256619144 0.7765625 0.5661914460285132 0.7734375 0.5641547861507128 0.7734375 0.5539714867617108 0.7703125 0.5437881873727087 0.7609375 0.5356415478615071 0.7578125 0.5356415478615071 0.753125 0.5234215885947047 0.7453125 0.515274949083503 0.74375 0.4969450101832994 0.7390625 0.49490835030549896 0.721875 0.4969450101832994 0.7203125 0.49490835030549896 0.7 0.49490835030549896 0.6984375 0.4969450101832994 0.696875 0.49490835030549896 0.6953125 0.49490835030549896 0.6875 0.4969450101832994 0.6953125 0.5295315682281059 0.6984375 0.560081466395112 0.703125 0.5641547861507128 0.703125 0.570264765784114 0.70625 0.5784114052953157 0.70625 0.5906313645621182 0.7125 0.6130346232179226 0.7125 0.6191446028513238 0.7203125 0.6435845213849287 0.725 0.6517311608961304 0.7234375 0.6619144602851323 0.71875 0.6639511201629328 0.7234375 0.6720977596741344 0.725 0.6863543788187373 0.728125 0.6883910386965377 0.728125 0.7026476578411406 0.7296875 0.7046843177189409 0.728125 0.7067209775967414
3 0.5890625 0.15478615071283094 0.5875 0.1690427698574338 0.584375 0.17718940936863545 0.584375 0.19144602851323828 0.58125 0.1955193482688391 0.5703125 0.1955193482688391 0.5640625 0.19959266802443992 0.55625 0.19144602851323828 0.5578125 0.15885947046843177 0.5515625 0.15071283095723015 0.5390625 0.15071283095723015 0.53125 0.1629327902240326 0.5234375 0.164969450101833 0.5234375 0.18737270875763748 0.525 0.19144602851323828 0.53125 0.1955193482688391 0.5328125 0.20366598778004075 0.53125 0.20977596741344195 0.528125 0.21181262729124237 0.528125 0.2158859470468432 0.525 0.21792260692464357 0.525 0.24032586558044808 0.521875 0.2505091649694501 0.525 0.2708757637474542 0.534375 0.2790224032586558 0.5421875 0.27494908350305497 0.5484375 0.27494908350305497 0.5578125 0.2790224032586558 0.5609375 0.285132382892057 0.5625 0.3034623217922607 0.565625 0.3075356415478615 0.5734375 0.3075356415478615 0.5859375 0.3014256619144603 0.59375 0.2830957230142566 0.60625 0.2708757637474542 0.6140625 0.2769857433808554 0.61875 0.29124236252545826 0.6328125 0.29124236252545826 0.640625 0.3034623217922607 0.646875 0.3034623217922607 0.6484375 0.2953156822810591 0.6515625 0.29327902240325865 0.6578125 0.28105906313645623 0.675 0.2668024439918534 0.68125 0.2668024439918534 0.684375 0.2708757637474542 0.684375 0.2892057026476578 0.6859375 0.29327902240325865 0.6921875 0.2892057026476578 0.7140625 0.2892057026476578 0.725 0.28105906313645623 0.728125 0.28105906313645623 0.73125 0.27494908350305497 0.73125 0.2606924643584521 0.7484375 0.2484725050916497 0.74375 0.219959266802444 0.7328125 0.20977596741344195 0.7296875 0.20366598778004075 0.7296875 0.1975560081466395 0.7234375 0.1894093686354379 0.7265625 0.18737270875763748 0.7265625 0.18126272912423624 0.7203125 0.17515274949083504 0.7265625 0.17311608961303462 0.728125 0.17515274949083504 0.728125 0.1690427698574338 0.725 0.1690427698574338 0.721875 0.1629327902240326 0.7140625 0.1629327902240326 0.70625 0.14867617107942974 0.6953125 0.14663951120162932 0.6859375 0.15885947046843177 0.6875 0.1670061099796334 0.6921875 0.17515274949083504 0.6890625 0.18126272912423624 0.66875 0.18126272912423624 0.665625 0.18329938900203666 0.6640625 0.18533604887983707 0.6640625 0.1975560081466395 0.6546875 0.21384928716904278 0.634375 0.21792260692464357 0.628125 0.21384928716904278 0.615625 0.21181262729124237 0.60625 0.20366598778004075 0.6109375 0.17922606924643583 0.61875 0.1710794297352342 0.6265625 0.1670061099796334 0.628125 0.16089613034623218 0.615625 0.15274949083503056 0.609375 0.15274949083503056 0.603125 0.14663951120162932 0.6015625 0.14663951120162932 0.59375 0.14867617107942974 0.5890625 0.15478615071283094
3 0.5890625 0.15682281059063136 0.5875 0.1710794297352342 0.584375 0.17922606924643583 0.5859375 0.20162932790224034 0.584375 0.20366598778004075 0.578125 0.1975560081466395 0.5671875 0.1975560081466395 0.5640625 0.20366598778004075 0.55625 0.1934826883910387 0.5578125 0.16089613034623218 0.5515625 0.15071283095723015 0.5390625 0.15071283095723015 0.53125 0.1629327902240326 0.5234375 0.164969450101833 0.525 0.19144602851323828 0.5296875 0.1934826883910387 0.5328125 0.19959266802443992 0.53125 0.20977596741344195 0.525 0.21792260692464357 0.5234375 0.22810590631364563 0.521875 0.25661914460285135 0.5234375 0.25865580448065173 0.521875 0.2606924643584521 0.525 0.2729124236252546 0.53125 0.2790224032586558 0.5390625 0.2790224032586558 0.54375 0.27494908350305497 0.5484375 0.27494908350305497 0.5578125 0.2790224032586558 0.5609375 0.285132382892057 0.5625 0.3054989816700611 0.565625 0.3095723014256619 0.571875 0.3095723014256619 0.5890625 0.3014256619144603 0.5921875 0.2892057026476578 0.596875 0.2830957230142566 0.6015625 0.28105906313645623 0.6015625 0.2769857433808554 0.6046875 0.2729124236252546 0.6125 0.2769857433808554 0.61875 0.2973523421588595 0.634375 0.29327902240325865 0.6390625 0.29938900203665986 0.640625 0.3054989816700611 0.6484375 0.3014256619144603 0.6484375 0.2953156822810591 0.6515625 0.29327902240325865 0.6609375 0.2769857433808554 0.66875 0.2729124236252546 0.671875 0.2668024439918534 0.6796875 0.2668024439918534 0.68125 0.26272912423625255 0.684375 0.26883910386965376 0.6859375 0.29327902240325865 0.6921875 0.2892057026476578 0.7140625 0.2892057026476578 0.7296875 0.2790224032586558 0.73125 0.26272912423625255 0.7296875 0.2606924643584521 0.7328125 0.25661914460285135 0.746875 0.2484725050916497 0.74375 0.22810590631364563 0.740625 0.219959266802444 0.7328125 0.21181262729124237 0.728125 0.20366598778004075 0.728125 0.1975560081466395 0.721875 0.19144602851323828 0.7203125 0.17718940936863545 0.7140625 0.1710794297352342 0.7046875 0.14867617107942974 0.6921875 0.15071283095723015 0.6921875 0.15478615071283094 0.6859375 0.16089613034623218 0.6890625 0.164969450101833 0.6890625 0.1690427698574338 0.69375 0.17311608961303462 0.6921875 0.18126272912423624 0.6796875 0.18329938900203666 0.671875 0.18126272912423624 0.665625 0.18533604887983707 0.6640625 0.20162932790224034 0.65625 0.21384928716904278 0.63125 0.2219959266802444 0.61875 0.21792260692464357 0.603125 0.20570264765784113 0.603125 0.19959266802443992 0.6078125 0.19144602851323828 0.609375 0.17922606924643583 0.621875 0.1690427698574338 0.6265625 0.1629327902240326 0.6265625 0.15885947046843177 0.6203125 0.15478615071283094 0.609375 0.15274949083503056 0.603125 0.14663951120162932 0.6015625 0.14663951120162932 0.59375 0.14867617107942974 0.5890625 0.15682281059063136
3 0.0171875 0.14052953156822812 0.00625 0.14867617107942974 0.00625 0.15885947046843177 0.0046875 0.16089613034623218 0.00625 0.17311608961303462 0.0109375 0.17922606924643583 0.00625 0.18533604887983707 0.0046875 0.1934826883910387 0.00625 0.24032586558044808 0.009375 0.24643584521384929 0.015625 0.2484725050916497 0.0125 0.2525458248472505 0.00625 0.2545824847250509 0.0046875 0.25865580448065173 0.00625 0.2606924643584521 0.00625 0.27494908350305497 0.009375 0.2790224032586558 0.0078125 0.2830957230142566 0.0109375 0.285132382892057 0.009375 0.29327902240325865 0.00625 0.2973523421588595 0.00625 0.31568228105906315 0.0046875 0.31771894093686354 0.00625 0.32790224032586557 0.009375 0.329938900203666 0.009375 0.3360488798370672 0.0046875 0.3421588594704684 0.00625 0.34419551934826886 0.00625 0.3543788187372709 0.009375 0.3543788187372709 0.0140625 0.3625254582484725 0.021875 0.3625254582484725 0.03125 0.35234215885947046 0.0359375 0.35030549898167007 0.0421875 0.35030549898167007 0.0484375 0.3564154786150713 0.05 0.37678207739307534 0.0453125 0.38289205702647655 0.0375 0.3869653767820774 0.0359375 0.3971486761710794 0.0375 0.40122199592668023 0.04375 0.40122199592668023 0.0453125 0.3971486761710794 0.053125 0.3971486761710794 0.059375 0.39307535641547864 0.06875 0.38085539714867617 0.0734375 0.38085539714867617 0.0765625 0.37678207739307534 0.0734375 0.37474541751527496 0.075 0.3727087576374745 0.078125 0.3727087576374745 0.08125 0.3788187372708758 0.0875 0.3788187372708758 0.090625 0.38289205702647655 0.0875 0.3890020366598778 0.0890625 0.39307535641547864 0.0875 0.3971486761710794 0.109375 0.3971486761710794 0.115625 0.4154786150712831 0.1265625 0.4134419551934827 0.1359375 0.4215885947046843 0.14375 0.4215885947046843 0.1484375 0.42769857433808556 0.1484375 0.439918533604888 0.153125 0.4439918533604888 0.1578125 0.4439918533604888 0.16875 0.43380855397148677 0.1703125 0.4195519348268839 0.1734375 0.4154786150712831 0.1921875 0.4175152749490835 0.190625 0.40529531568228105 0.1953125 0.3971486761710794 0.203125 0.3971486761710794 0.20625 0.40325865580448067 0.203125 0.4093686354378819 0.2 0.4093686354378819 0.196875 0.4175152749490835 0.1984375 0.4256619144602851 0.215625 0.42769857433808556 0.2265625 0.4215885947046843 0.23125 0.4154786150712831 0.2453125 0.43380855397148677 0.2609375 0.43380855397148677 0.2671875 0.4215885947046843 0.265625 0.4134419551934827 0.265625 0.3727087576374745 0.26875 0.36863543788187375 0.271875 0.36863543788187375 0.284375 0.38085539714867617 0.2953125 0.38289205702647655 0.3 0.39307535641547864 0.3046875 0.3971486761710794 0.309375 0.3971486761710794 0.3109375 0.40122199592668023 0.321875 0.40122199592668023 0.3234375 0.3971486761710794 0.3328125 0.39307535641547864 0.3421875 0.384928716904277 0.359375 0.3869653767820774 0.36875 0.38085539714867617 0.375 0.3727087576374745 0.384375 0.3727087576374745 0.3921875 0.3788187372708758 0.4140625 0.38085539714867617 0.4265625 0.3727087576374745 0.4453125 0.3421588594704684 0.4515625 0.34012219959266804 0.4578125 0.34623217922606925 0.4671875 0.34419551934826886 0.4734375 0.3380855397148676 0.4734375 0.3319755600814664 0.4765625 0.329938900203666 0.478125 0.31771894093686354 0.4875 0.3136456211812627 0.4921875 0.3075356415478615 0.49375 0.2830957230142566 0.490625 0.2729124236252546 0.4921875 0.26476578411405294 0.490625 0.25865580448065173 0.49375 0.2525458248472505 0.5015625 0.2505091649694501 0.50625 0.24236252545824846 0.50625 0.22810590631364563 0.5078125 0.22606924643584522 0.50625 0.2240325865580448 0.5078125 0.219959266802444 0.50625 0.21181262729124237 0.5109375 0.18737270875763748 0.509375 0.18126272912423624 0.5015625 0.1710794297352342 0.4953125 0.1690427698574338 0.49375 0.164969450101833 0.4671875 0.1629327902240326 0.4609375 0.15682281059063136 0.4578125 0.15682281059063136 0.453125 0.14867617107942974 0.4546875 0.14052953156822812 0.453125 0.13238289205702647 0.4578125 0.12219959266802444 0.4734375 0.12627291242362526 0.48125 0.12219959266802444 0.4828125 0.11608961303462322 0.4828125 0.0835030549898167 0.4921875 0.07535641547861507 0.4984375 0.07331975560081466 0.5015625 0.06924643584521385 0.5015625 0.06517311608961303 0.4984375 0.06313645621181263 0.4984375 0.059063136456211814 0.4875 0.04073319755600815 0.48125 0.03665987780040733 0.475 0.03665987780040733 0.4734375 0.032586558044806514 0.4609375 0.032586558044806514 0.4515625 0.020366598778004074 0.4484375 0.020366598778004074 0.44375 0.014256619144602852 0.428125 0.012219959266802444 0.41875 0.024439918533604887 0.4109375 0.024439918533604887 0.3953125 0.020366598778004074 0.3703125 0.006109979633401222 0.36875 0.006109979633401222 0.3578125 0.010183299389002037 0.33125 0.008146639511201629 0.3140625 0.016293279022403257 0.30625 0.016293279022403257 0.3015625 0.012219959266802444 0.2875 0.012219959266802444 0.284375 0.016293279022403257 0.28125 0.014256619144602852 0.26875 0.016293279022403257 0.2640625 0.014256619144602852 0.2609375 0.018329938900203666 0.2625 0.03054989816700611 0.265625 0.034623217922606926 0.26875 0.034623217922606926 0.275 0.04480651731160896 0.2796875 0.04073319755600815 0.2859375 0.04684317718940937 0.284375 0.054989816700611 0.28125 0.059063136456211814 0.265625 0.06109979633401222 0.2578125 0.059063136456211814 0.253125 0.054989816700611 0.2546875 0.05702647657841141 0.25 0.059063136456211814 0.240625 0.07331975560081466 0.221875 0.07535641547861507 0.2203125 0.07739307535641547 0.2125 0.06517311608961303 0.2078125 0.06313645621181263 0.1921875 0.06517311608961303 0.190625 0.06924643584521385 0.18125 0.07128309572301425 0.171875 0.0814663951120163 0.171875 0.10183299389002037 0.1734375 0.10386965376782077 0.16875 0.1079429735234216 0.159375 0.109979633401222 0.1546875 0.11608961303462322 0.153125 0.13034623217922606 0.15 0.13238289205702647 0.15 0.1364562118126273 0.15625 0.1446028513238289 0.1640625 0.14867617107942974 0.1640625 0.15478615071283094 0.1703125 0.1629327902240326 0.171875 0.17718940936863545 0.1703125 0.17922606924643583 0.1640625 0.17718940936863545 0.15625 0.1690427698574338 0.15625 0.164969450101833 0.153125 0.16089613034623218 0.15 0.16089613034623218 0.146875 0.15682281059063136 0.1359375 0.15071283095723015 0.109375 0.1425661914460285 0.1078125 0.14052953156822812 0.1125 0.1364562118126273 0.1140625 0.13034623217922606 0.1125 0.12016293279022404 0.0921875 0.12830957230142567 0.084375 0.12830957230142567 0.0796875 0.12423625254582485 0.0828125 0.12016293279022404 0.0890625 0.12219959266802444 0.09375 0.11608961303462322 0.09375 0.109979633401222 0.084375 0.09775967413441955 0.0921875 0.08757637474541752 0.0921875 0.0835030549898167 0.0890625 0.07942973523421588 0.0796875 0.07535641547861507 0.0796875 0.05702647657841141 0.0765625 0.05295315682281059 0.071875 0.05295315682281059 0.0625 0.04684317718940937 0.05 0.04684317718940937 0.0421875 0.038696537678207736 0.0359375 0.03665987780040733 0.0171875 0.04073319755600815 0.0125 0.04684317718940937 0.0109375 0.06313645621181263 0.00625 0.07535641547861507 0.0078125 0.0855397148676171 0.0046875 0.09572301425661914 0.0046875 0.10590631364562118 0.00625 0.1079429735234216 0.00625 0.12016293279022404 0.0125 0.12423625254582485 0.0125 0.12219959266802444 0.015625 0.12016293279022404 0.01875 0.12423625254582485 0.01875 0.12830957230142567 0.0171875 0.13034623217922606 0.0171875 0.14052953156822812
3 0.9140625 0.06517311608961303 0.9125 0.07128309572301425 0.9140625 0.07739307535641547 0.90625 0.0835030549898167 0.890625 0.07739307535641547 0.8671875 0.07739307535641547 0.8640625 0.07535641547861507 0.8625 0.07739307535641547 0.85 0.07739307535641547 0.840625 0.06517311608961303 0.83125 0.06313645621181263 0.828125 0.06924643584521385 0.828125 0.0814663951120163 0.8171875 0.08961303462321792 0.803125 0.09572301425661914 0.8015625 0.10386965376782077 0.790625 0.10590631364562118 0.784375 0.09368635437881874 0.775 0.09572301425661914 0.775 0.10590631364562118 0.7671875 0.1120162932790224 0.75625 0.12830957230142567 0.7484375 0.13034623217922606 0.74375 0.1364562118126273 0.7390625 0.1384928716904277 0.7359375 0.1446028513238289 0.7359375 0.15478615071283094 0.728125 0.16089613034623218 0.715625 0.16089613034623218 0.703125 0.14663951120162932 0.6921875 0.14663951120162932 0.690625 0.15274949083503056 0.6859375 0.15885947046843177 0.6859375 0.1629327902240326 0.6921875 0.17311608961303462 0.6921875 0.17718940936863545 0.6890625 0.18126272912423624 0.66875 0.18126272912423624 0.665625 0.18329938900203666 0.6625 0.20162932790224034 0.6546875 0.21384928716904278 0.64375 0.2158859470468432 0.6375 0.219959266802444 0.6234375 0.219959266802444 0.6203125 0.21384928716904278 0.615625 0.21384928716904278 0.6109375 0.20570264765784113 0.615625 0.20366598778004075 0.61875 0.20570264765784113 0.61875 0.1975560081466395 0.6125 0.19959266802443992 0.6078125 0.1955193482688391 0.6109375 0.17922606924643583 0.615625 0.17311608961303462 0.6265625 0.1670061099796334 0.6265625 0.16089613034623218 0.6234375 0.15682281059063136 0.60625 0.15071283095723015 0.603125 0.14663951120162932 0.59375 0.14867617107942974 0.5890625 0.15682281059063136 0.5859375 0.17515274949083504 0.5828125 0.17922606924643583 0.5859375 0.19144602851323828 0.584375 0.1975560081466395 0.5828125 0.19959266802443992 0.578125 0.1975560081466395 0.5765625 0.19959266802443992 0.565625 0.19959266802443992 0.5640625 0.20366598778004075 0.559375 0.1975560081466395 0.559375 0.1934826883910387 0.5640625 0.18329938900203666 0.56875 0.17922606924643583 0.5671875 0.17515274949083504 0.559375 0.17311608961303462 0.5578125 0.16089613034623218 0.5515625 0.15071283095723015 0.5390625 0.15071283095723015 0.53125 0.1629327902240326 0.5234375 0.164969450101833 0.521875 0.17311608961303462 0.521875 0.18126272912423624 0.525 0.19144602851323828 0.525 0.22810590631364563 0.521875 0.24236252545824846 0.521875 0.2545824847250509 0.525 0.26476578411405294 0.525 0.2729124236252546 0.5296875 0.2790224032586558 0.540625 0.2790224032586558 0.546875 0.27494908350305497 0.55625 0.2790224032586558 0.5609375 0.285132382892057 0.5609375 0.3014256619144603 0.565625 0.3095723014256619 0.5890625 0.3014256619144603 0.5921875 0.2892057026476578 0.603125 0.2790224032586558 0.60625 0.28716904276985744 0.609375 0.28716904276985744 0.609375 0.2830957230142566 0.603125 0.2769857433808554 0.609375 0.2708757637474542 0.6140625 0.2769857433808554 0.6171875 0.29124236252545826 0.6328125 0.29327902240325865 0.6390625 0.3034623217922607 0.64375 0.3054989816700611 0.6484375 0.3014256619144603 0.6484375 0.2973523421588595 0.6515625 0.2953156822810591 0.653125 0.2892057026476578 0.6703125 0.26883910386965376 0.6828125 0.2668024439918534 0.684375 0.26883910386965376 0.684375 0.2892057026476578 0.6859375 0.29124236252545826 0.7125 0.2892057026476578 0.7203125 0.2830957230142566 0.728125 0.28105906313645623 0.73125 0.27494908350305497 0.7328125 0.25865580448065173 0.74375 0.2505091649694501 0.746875 0.2505091649694501 0.753125 0.2525458248472505 0.7578125 0.25865580448065173 0.7546875 0.26883910386965376 0.75625 0.2708757637474542 0.7578125 0.26883910386965376 0.7703125 0.285132382892057 0.778125 0.28716904276985744 0.7796875 0.285132382892057 0.7890625 0.285132382892057 0.7953125 0.29124236252545826 0.803125 0.29327902240325865 0.809375 0.3014256619144603 0.8203125 0.3014256619144603 0.8296875 0.3095723014256619 0.840625 0.3095723014256619 0.8421875 0.31771894093686354 0.85 0.329938900203666 0.85 0.3360488798370672 0.853125 0.3380855397148676 0.853125 0.34826883910386963 0.8453125 0.35234215885947046 0.840625 0.35845213849287166 0.8421875 0.3625254582484725 0.840625 0.37067209775967414 0.85 0.3788187372708758 0.853125 0.3788187372708758 0.8609375 0.3890020366598778 0.865625 0.3910386965376782 0.871875 0.39918533604887985 0.871875 0.40325865580448067 0.8828125 0.4073319755600815 0.8859375 0.41140529531568226 0.8859375 0.4175152749490835 0.89375 0.42362525458248473 0.90625 0.439918533604888 0.9109375 0.45010183299389 0.91875 0.45010183299389 0.925 0.4378818737270876 0.9296875 0.4378818737270876 0.9328125 0.43380855397148677 0.9390625 0.43380855397148677 0.940625 0.42973523421588594 0.953125 0.42769857433808556 0.9625 0.4154786150712831 0.96875 0.42362525458248473 0.9765625 0.4256619144602851 0.98125 0.42362525458248473 0.990625 0.41140529531568226 0.9953125 0.39307535641547864 0.99375 0.384928716904277 0.9953125 0.34419551934826886 0.99375 0.3421588594704684 0.9953125 0.34012219959266804 0.99375 0.3380855397148676 0.99375 0.3258655804480652 0.9953125 0.32382892057026474 0.9953125 0.2830957230142566 0.99375 0.2790224032586558 0.9953125 0.2769857433808554 0.990625 0.2668024439918534 0.990625 0.2606924643584521 0.99375 0.25661914460285135 0.9953125 0.24032586558044808 0.9921875 0.2240325865580448 0.99375 0.21181262729124237 0.990625 0.20570264765784113 0.9921875 0.20366598778004075 0.9921875 0.17718940936863545 0.9953125 0.1710794297352342 0.99375 0.11812627291242363 0.9953125 0.11608961303462322 0.9953125 0.09572301425661914 0.99375 0.08757637474541752 0.990625 0.0855397148676171 0.984375 0.08757637474541752 0.9796875 0.0814663951120163 0.9484375 0.07331975560081466 0.9359375 0.059063136456211814 0.9296875 0.05702647657841141 0.928125 0.059063136456211814 0.9203125 0.059063136456211814 0.9140625 0.06517311608961303
3 0.9609375 0.9857433808553971 0.9703125 0.9918533604887984 0.9890625 0.9938900203665988 0.990625 0.9918533604887984 0.9890625 0.9877800407331976 0.9828125 0.9816700610997964 0.978125 0.9816700610997964 0.971875 0.9775967413441955 0.9703125 0.9775967413441955 0.946875 0.9714867617107943 0.934375 0.9714867617107943 0.9328125 0.9694501018329938 0.8984375 0.9714867617107943 0.896875 0.9735234215885947 0.8875 0.9735234215885947 0.86875 0.9816700610997964 0.8625 0.9898167006109979 0.8625 0.9938900203665988 0.890625 0.9837067209775967 0.896875 0.9877800407331976 0.9015625 0.9837067209775967 0.9046875 0.9877800407331976 0.9078125 0.9816700610997964 0.9125 0.9796334012219959 0.9265625 0.9796334012219959 0.9421875 0.9837067209775967 0.9484375 0.9898167006109979 0.946875 0.9877800407331976 0.9484375 0.9857433808553971 0.9609375 0.9857433808553971
3 0.6421875 0.6761710794297352 0.646875 0.6843177189409368 0.6546875 0.6904276985743381 0.6546875 0.7026476578411406 0.6578125 0.7107942973523421 0.6578125 0.7189409368635438 0.653125 0.7291242362525459 0.6453125 0.7331975560081466 0.653125 0.7433808553971487 0.653125 0.7515274949083504 0.64375 0.7596741344195519 0.6375 0.7739307535641547 0.6375 0.7861507128309573 0.646875 0.7963340122199593 0.6484375 0.8044806517311609 0.6484375 0.8105906313645621 0.6453125 0.8187372708757638 0.646875 0.8391038696537678 0.6546875 0.8492871690427699 0.65625 0.8309572301425662 0.6640625 0.8187372708757638 0.69375 0.8207739307535642 0.6984375 0.8167006109979633 0.70625 0.814663951120163 0.7109375 0.8085539714867617 0.7171875 0.8085539714867617 0.721875 0.8044806517311609 0.7203125 0.7942973523421588 0.715625 0.7861507128309573 0.715625 0.7657841140529531 0.7140625 0.7617107942973523 0.703125 0.7515274949083504 0.7015625 0.745417515274949 0.696875 0.7393075356415478 0.6953125 0.7189409368635438 0.6921875 0.714867617107943 0.6890625 0.6945010183299389 0.690625 0.6720977596741344 0.6890625 0.6659877800407332 0.6875 0.6639511201629328 0.665625 0.6639511201629328 0.6640625 0.6619144602851323 0.6625 0.6619144602851323 0.646875 0.6639511201629328 0.6421875 0.6761710794297352
3 0.64375 0.6537678207739308 0.6390625 0.6578411405295316 0.6390625 0.6761710794297352 0.6546875 0.6924643584521385 0.6546875 0.7046843177189409 0.65625 0.7067209775967414 0.65625 0.725050916496945 0.6453125 0.7331975560081466 0.653125 0.7494908350305499 0.6421875 0.7617107942973523 0.640625 0.769857433808554 0.6375 0.7739307535641547 0.6375 0.7861507128309573 0.646875 0.7963340122199593 0.6453125 0.8228105906313645 0.646875 0.824847250509165 0.646875 0.8411405295315683 0.6546875 0.845213849287169 0.65625 0.8431771894093686 0.6578125 0.8391038696537678 0.65625 0.8309572301425662 0.6640625 0.8187372708757638 0.6921875 0.8207739307535642 0.6984375 0.8167006109979633 0.703125 0.8167006109979633 0.7125 0.8085539714867617 0.7171875 0.8085539714867617 0.7203125 0.8044806517311609 0.7203125 0.7942973523421588 0.715625 0.7841140529531568 0.715625 0.7637474541751528 0.703125 0.7515274949083504 0.696875 0.7372708757637475 0.696875 0.7189409368635438 0.6890625 0.6883910386965377 0.690625 0.6863543788187373 0.690625 0.6659877800407332 0.6875 0.659877800407332 0.6875 0.6537678207739308 0.684375 0.6496945010183299 0.675 0.6496945010183299 0.6625 0.6435845213849287 0.64375 0.6435845213849287 0.640625 0.6374745417515275 0.640625 0.639511201629328 0.6390625 0.6476578411405295 0.64375 0.6537678207739308
3 0.3203125 0.016293279022403257 0.3140625 0.018329938900203666 0.30625 0.018329938900203666 0.2953125 0.012219959266802444 0.2828125 0.018329938900203666 0.28125 0.016293279022403257 0.275 0.018329938900203666 0.2734375 0.016293279022403257 0.2640625 0.016293279022403257 0.2609375 0.020366598778004074 0.2625 0.026476578411405296 0.26875 0.034623217922606926 0.2875 0.04276985743380855 0.290625 0.04684317718940937 0.290625 0.05091649694501019 0.2875 0.05295315682281059 0.2875 0.05702647657841141 0.284375 0.06109979633401222 0.2796875 0.06313645621181263 0.253125 0.06109979633401222 0.2359375 0.0835030549898167 0.240625 0.09164969450101833 0.240625 0.08757637474541752 0.24375 0.0855397148676171 0.246875 0.09164969450101833 0.2609375 0.09164969450101833 0.2578125 0.08757637474541752 0.2625 0.0855397148676171 0.26875 0.09164969450101833 0.2828125 0.09164969450101833 0.284375 0.09572301425661914 0.28125 0.09979633401221996 0.278125 0.09979633401221996 0.2765625 0.10590631364562118 0.271875 0.1079429735234216 0.265625 0.10386965376782077 0.2640625 0.09979633401221996 0.2609375 0.09979633401221996 0.259375 0.10386965376782077 0.2546875 0.10386965376782077 0.253125 0.09979633401221996 0.2484375 0.09979633401221996 0.2453125 0.1079429735234216 0.2390625 0.10590631364562118 0.2359375 0.1120162932790224 0.228125 0.109979633401222 0.2296875 0.1120162932790224 0.228125 0.11405295315682282 0.2203125 0.11405295315682282 0.2296875 0.12627291242362526 0.228125 0.13034623217922606 0.2296875 0.1446028513238289 0.228125 0.15478615071283094 0.2296875 0.15682281059063136 0.228125 0.1629327902240326 0.2296875 0.1690427698574338 0.240625 0.1690427698574338 0.2453125 0.17311608961303462 0.24375 0.17922606924643583 0.246875 0.18126272912423624 0.246875 0.18533604887983707 0.24375 0.1894093686354379 0.234375 0.1934826883910387 0.23125 0.1894093686354379 0.23125 0.18533604887983707 0.228125 0.18737270875763748 0.2234375 0.18329938900203666 0.2171875 0.18329938900203666 0.2140625 0.17515274949083504 0.2109375 0.17311608961303462 0.2078125 0.17718940936863545 0.2 0.17718940936863545 0.1953125 0.1690427698574338 0.1921875 0.17515274949083504 0.1859375 0.1690427698574338 0.1859375 0.164969450101833 0.1921875 0.15885947046843177 0.1984375 0.1629327902240326 0.203125 0.1629327902240326 0.2078125 0.15682281059063136 0.209375 0.16089613034623218 0.2140625 0.16089613034623218 0.2125 0.15071283095723015 0.2171875 0.1446028513238289 0.2171875 0.1384928716904277 0.2140625 0.12830957230142567 0.1796875 0.12627291242362526 0.1765625 0.12219959266802444 0.1796875 0.11812627291242363 0.1859375 0.12016293279022404 0.1890625 0.11608961303462322 0.1890625 0.109979633401222 0.184375 0.10386965376782077 0.1828125 0.09775967413441955 0.178125 0.09775967413441955 0.175 0.09368635437881874 0.175 0.10590631364562118 0.1703125 0.109979633401222 0.1625 0.109979633401222 0.1578125 0.11405295315682282 0.1546875 0.12219959266802444 0.153125 0.13441955193482688 0.1546875 0.14052953156822812 0.1703125 0.1446028513238289 0.171875 0.1670061099796334 0.175 0.17922606924643583 0.190625 0.1894093686354379 0.1953125 0.1975560081466395 0.196875 0.20977596741344195 0.19375 0.21792260692464357 0.19375 0.2240325865580448 0.1890625 0.22606924643584522 0.1890625 0.22810590631364563 0.1953125 0.23625254582484725 0.19375 0.24236252545824846 0.196875 0.2484725050916497 0.19375 0.2505091649694501 0.1953125 0.2545824847250509 0.1921875 0.25661914460285135 0.190625 0.2769857433808554 0.1984375 0.285132382892057 0.2109375 0.285132382892057 0.215625 0.29124236252545826 0.2125 0.3054989816700611 0.2125 0.31568228105906315 0.20625 0.32179226069246436 0.2046875 0.329938900203666 0.20625 0.3319755600814664 0.20625 0.3421588594704684 0.2125 0.35030549898167007 0.228125 0.35234215885947046 0.2359375 0.3604887983706721 0.2484375 0.3645621181262729 0.25 0.36863543788187375 0.2578125 0.36863543788187375 0.2640625 0.3604887983706721 0.2703125 0.3604887983706721 0.275 0.3665987780040733 0.275 0.37067209775967414 0.2828125 0.3788187372708758 0.2953125 0.38085539714867617 0.2984375 0.384928716904277 0.3 0.39307535641547864 0.3109375 0.3971486761710794 0.3125 0.40122199592668023 0.3203125 0.40122199592668023 0.321875 0.3971486761710794 0.3265625 0.3971486761710794 0.3390625 0.384928716904277 0.3578125 0.3869653767820774 0.3625 0.384928716904277 0.378125 0.36863543788187375 0.396875 0.3788187372708758 0.4171875 0.3788187372708758 0.4296875 0.36863543788187375 0.4328125 0.3604887983706721 0.4484375 0.3380855397148676 0.45625 0.34419551934826886 0.465625 0.34419551934826886 0.4734375 0.3360488798370672 0.4734375 0.319755600814664 0.471875 0.31771894093686354 0.4859375 0.3136456211812627 0.4921875 0.3054989816700611 0.49375 0.28716904276985744 0.490625 0.2790224032586558 0.4890625 0.2545824847250509 0.49375 0.2505091649694501 0.5015625 0.2484725050916497 0.50625 0.24236252545824846 0.50625 0.2158859470468432 0.5046875 0.21384928716904278 0.50625 0.20570264765784113 0.509375 0.20162932790224034 0.509375 0.18329938900203666 0.503125 0.17311608961303462 0.5 0.17311608961303462 0.496875 0.1690427698574338 0.4921875 0.1690427698574338 0.490625 0.164969450101833 0.475 0.1629327902240326 0.4734375 0.164969450101833 0.4578125 0.15682281059063136 0.453125 0.15071283095723015 0.453125 0.13238289205702647 0.4546875 0.12627291242362526 0.459375 0.12016293279022404 0.465625 0.12423625254582485 0.4796875 0.12423625254582485 0.4828125 0.11608961303462322 0.4828125 0.09368635437881874 0.48125 0.09164969450101833 0.4828125 0.08757637474541752 0.48125 0.0835030549898167 0.4984375 0.07128309572301425 0.496875 0.05702647657841141 0.490625 0.04480651731160896 0.484375 0.038696537678207736 0.4625 0.03665987780040733 0.45625 0.026476578411405296 0.4453125 0.016293279022403257 0.4359375 0.012219959266802444 0.428125 0.012219959266802444 0.41875 0.026476578411405296 0.415625 0.026476578411405296 0.39375 0.020366598778004074 0.390625 0.016293279022403257 0.3734375 0.008146639511201629 0.365625 0.008146639511201629 0.35625 0.012219959266802444 0.3375 0.010183299389002037 0.3359375 0.008146639511201629 0.33125 0.010183299389002037 0.3296875 0.012219959266802444 0.3234375 0.012219959266802444 0.3203125 0.016293279022403257
3 0.653125 0.5132382892057027 0.65625 0.5193482688391039 0.6546875 0.5274949083503055 0.65 0.5315682281059063 0.65 0.539714867617108 0.64375 0.5560081466395111 0.6421875 0.5682281059063137 0.64375 0.5743380855397149 0.6375 0.5926680244399185 0.6359375 0.6089613034623218 0.6328125 0.615071283095723 0.6328125 0.6232179226069247 0.6359375 0.6293279022403259 0.634375 0.6496945010183299 0.6375 0.6558044806517311 0.6375 0.6720977596741344 0.6421875 0.6822810590631364 0.646875 0.6843177189409368 0.653125 0.6924643584521385 0.65625 0.7087576374745418 0.6546875 0.725050916496945 0.6453125 0.7331975560081466 0.6453125 0.7372708757637475 0.65 0.745417515274949 0.65 0.7515274949083504 0.6421875 0.7617107942973523 0.6375 0.7739307535641547 0.6375 0.7841140529531568 0.646875 0.7963340122199593 0.646875 0.8187372708757638 0.6453125 0.8228105906313645 0.646875 0.824847250509165 0.646875 0.8411405295315683 0.65625 0.8492871690427699 0.6546875 0.845213849287169 0.65625 0.8431771894093686 0.65625 0.8309572301425662 0.665625 0.8187372708757638 0.6875 0.8228105906313645 0.6953125 0.8207739307535642 0.7 0.8167006109979633 0.70625 0.8167006109979633 0.7140625 0.8105906313645621 0.7234375 0.8126272912423625 0.728125 0.8085539714867617 0.7171875 0.7841140529531568 0.7171875 0.7617107942973523 0.7078125 0.7535641547861507 0.703125 0.745417515274949 0.7015625 0.7270875763747454 0.703125 0.7230142566191446 0.6984375 0.7169042769857433 0.7015625 0.714867617107943 0.703125 0.7067209775967414 0.7 0.7067209775967414 0.696875 0.7026476578411406 0.696875 0.6985743380855397 0.6921875 0.6924643584521385 0.69375 0.6761710794297352 0.690625 0.6680244399185336 0.6921875 0.659877800407332 0.7046875 0.6578411405295316 0.715625 0.6639511201629328 0.7171875 0.6680244399185336 0.7234375 0.6680244399185336 0.7234375 0.6639511201629328 0.7265625 0.6619144602851323 0.7265625 0.6537678207739308 0.7234375 0.6517311608961304 0.7140625 0.6293279022403259 0.69375 0.6191446028513238 0.6921875 0.6028513238289206 0.6796875 0.5926680244399185 0.68125 0.5621181262729125 0.684375 0.5560081466395111 0.684375 0.539714867617108 0.6796875 0.5254582484725051 0.671875 0.5173116089613035 0.6703125 0.4969450101832994 0.6671875 0.49490835030549896 0.665625 0.49490835030549896 0.6546875 0.4969450101832994 0.653125 0.5132382892057027
3 0.5796875 0.4969450101832994 0.5796875 0.5010183299389002 0.5734375 0.5071283095723014 0.571875 0.5173116089613035 0.5625 0.5295315682281059 0.559375 0.5437881873727087 0.553125 0.5560081466395111 0.5453125 0.5641547861507128 0.5453125 0.5682281059063137 0.53125 0.5967413441955194 0.53125 0.6130346232179226 0.5234375 0.6211812627291242 0.51875 0.6354378818737271 0.51875 0.6619144602851323 0.5203125 0.6680244399185336 0.51875 0.670061099796334 0.51875 0.6883910386965377 0.5203125 0.6924643584521385 0.51875 0.6945010183299389 0.51875 0.8126272912423625 0.5203125 0.8228105906313645 0.51875 0.824847250509165 0.51875 0.9531568228105907 0.5203125 0.9613034623217923 0.51875 0.9633401221995926 0.51875 0.9837067209775967 0.5171875 0.9877800407331976 0.521875 0.9938900203665988 0.54375 0.9938900203665988 0.553125 0.9898167006109979 0.553125 0.9653767820773931 0.5546875 0.9613034623217923 0.553125 0.9592668024439919 0.55625 0.945010183299389 0.55625 0.9307535641547862 0.559375 0.9185336048879837 0.5609375 0.8981670061099797 0.5640625 0.890020366598778 0.5640625 0.8818737270875764 0.56875 0.8676171079429735 0.56875 0.8533604887983707 0.571875 0.8472505091649695 0.5703125 0.8309572301425662 0.5765625 0.8268839103869654 0.578125 0.8207739307535642 0.5765625 0.7963340122199593 0.5796875 0.7861507128309573 0.5796875 0.7739307535641547 0.5828125 0.7678207739307535 0.5875 0.7413441955193483 0.5875 0.725050916496945 0.5921875 0.7087576374745418 0.5921875 0.6945010183299389 0.59375 0.6883910386965377 0.5984375 0.6822810590631364 0.5984375 0.6720977596741344 0.6015625 0.670061099796334 0.6015625 0.6496945010183299 0.6046875 0.639511201629328 0.6046875 0.6232179226069247 0.6140625 0.5885947046843177 0.6140625 0.5641547861507128 0.615625 0.560081466395112 0.6140625 0.5539714867617108 0.6203125 0.5356415478615071 0.6234375 0.515274949083503 0.6265625 0.5132382892057027 0.6265625 0.4969450101832994 0.6171875 0.4969450101832994 0.615625 0.49490835030549896 0.6140625 0.49490835030549896 0.584375 0.49490835030549896 0.5796875 0.4969450101832994
3 0.6953125 0.14663951120162932 0.6921875 0.14867617107942974 0.6859375 0.16089613034623218 0.6875 0.1670061099796334 0.6953125 0.17515274949083504 0.696875 0.17922606924643583 0.6953125 0.18126272912423624 0.6984375 0.17922606924643583 0.703125 0.18533604887983707 0.7046875 0.1955193482688391 0.703125 0.1975560081466395 0.703125 0.20773930753564154 0.696875 0.20977596741344195 0.690625 0.20570264765784113 0.6875 0.20162932790224034 0.6890625 0.1955193482688391 0.684375 0.1934826883910387 0.6828125 0.18533604887983707 0.66875 0.18329938900203666 0.665625 0.18533604887983707 0.665625 0.20162932790224034 0.6609375 0.20773930753564154 0.6609375 0.2158859470468432 0.6671875 0.2219959266802444 0.6640625 0.23625254582484725 0.6671875 0.24643584521384929 0.6765625 0.2525458248472505 0.678125 0.23828920570264767 0.6796875 0.23625254582484725 0.68125 0.23828920570264767 0.6828125 0.2525458248472505 0.6796875 0.2545824847250509 0.684375 0.25865580448065173 0.6859375 0.29327902240325865 0.6921875 0.2892057026476578 0.7140625 0.2892057026476578 0.725 0.28105906313645623 0.728125 0.28105906313645623 0.73125 0.2769857433808554 0.73125 0.26272912423625255 0.734375 0.25865580448065173 0.740625 0.25661914460285135 0.746875 0.2505091649694501 0.7515625 0.2505091649694501 0.7515625 0.24439918533604887 0.746875 0.23828920570264767 0.7453125 0.219959266802444 0.740625 0.21384928716904278 0.7375 0.21384928716904278 0.7296875 0.20162932790224034 0.7296875 0.1955193482688391 0.7265625 0.1894093686354379 0.7296875 0.18126272912423624 0.728125 0.164969450101833 0.7140625 0.1629327902240326 0.7078125 0.15478615071283094 0.70625 0.14867617107942974 0.7046875 0.14867617107942974 0.703125 0.14663951120162932 0.6953125 0.14663951120162932
3 0.0109375 0.04684317718940937 0.00625 0.048879837067209775 0.00625 0.06109979633401222 0.0046875 0.06313645621181263 0.00625 0.06517311608961303 0.00625 0.0835030549898167 0.0046875 0.0855397148676171 0.0046875 0.11812627291242363 0.0078125 0.14052953156822812 0.0046875 0.14867617107942974 0.00625 0.18329938900203666 0.0046875 0.18533604887983707 0.0046875 0.22606924643584522 0.00625 0.23014256619144602 0.0046875 0.23217922606924643 0.0046875 0.2668024439918534 0.00625 0.2769857433808554 0.0046875 0.2790224032586558 0.0046875 0.2892057026476578 0.00625 0.29327902240325865 0.0046875 0.2953156822810591 0.0046875 0.31160896130346233 0.00625 0.31568228105906315 0.0046875 0.31771894093686354 0.00625 0.32179226069246436 0.0046875 0.3258655804480652 0.00625 0.3340122199592668 0.0140625 0.3360488798370672 0.009375 0.3421588594704684 0.00625 0.3380855397148676 0.0046875 0.34623217922606925 0.00625 0.35030549898167007 0.0046875 0.35234215885947046 0.00625 0.35845213849287166 0.009375 0.3543788187372709 0.0109375 0.3604887983706721 0.015625 0.3645621181262729 0.0265625 0.3604887983706721 0.03125 0.35234215885947046 0.0375 0.35030549898167007 0.0546875 0.35234215885947046 0.0640625 0.3564154786150713 0.0703125 0.35030549898167007 0.0734375 0.34012219959266804 0.08125 0.329938900203666 0.0921875 0.32790224032586557 0.0984375 0.32179226069246436 0.1015625 0.32179226069246436 0.1078125 0.3136456211812627 0.1109375 0.2973523421588595 0.1140625 0.29327902240325865 0.1359375 0.28716904276985744 0.14375 0.27494908350305497 0.14375 0.2545824847250509 0.1390625 0.24236252545824846 0.1375 0.21384928716904278 0.1453125 0.20570264765784113 0.1671875 0.20162932790224034 0.1703125 0.19144602851323828 0.1703125 0.18329938900203666 0.16875 0.17922606924643583 0.1578125 0.1690427698574338 0.1578125 0.164969450101833 0.153125 0.15885947046843177 0.146875 0.15682281059063136 0.140625 0.15071283095723015 0.1296875 0.14867617107942974 0.1203125 0.1425661914460285 0.115625 0.13441955193482688 0.1171875 0.12423625254582485 0.109375 0.11608961303462322 0.1046875 0.11812627291242363 0.103125 0.11608961303462322 0.10625 0.109979633401222 0.103125 0.11405295315682282 0.0984375 0.1079429735234216 0.09375 0.1079429735234216 0.0890625 0.10386965376782077 0.0875 0.09775967413441955 0.09375 0.08961303462321792 0.09375 0.0835030549898167 0.0796875 0.07128309572301425 0.08125 0.06924643584521385 0.078125 0.05295315682281059 0.0734375 0.05295315682281059 0.059375 0.04480651731160896 0.05 0.04480651731160896 0.040625 0.03665987780040733 0.034375 0.03665987780040733 0.0328125 0.032586558044806514 0.0296875 0.032586558044806514 0.0296875 0.034623217922606926 0.0109375 0.04073319755600815 0.0109375 0.04684317718940937
3 0.6484375 0.5132382892057027 0.653125 0.5173116089613035 0.653125 0.5254582484725051 0.65 0.5274949083503055 0.65 0.5356415478615071 0.6421875 0.5621181262729125 0.64375 0.5661914460285132 0.6421875 0.5804480651731161 0.64375 0.5865580448065173 0.6578125 0.5885947046843177 0.6640625 0.5926680244399185 0.678125 0.5926680244399185 0.68125 0.5824847250509165 0.6796875 0.5723014256619144 0.6828125 0.5539714867617108 0.6828125 0.5376782077393075 0.6796875 0.5254582484725051 0.671875 0.5173116089613035 0.6703125 0.5112016293279023 0.6703125 0.5030549898167006 0.6734375 0.49490835030549896 0.6640625 0.49287169042769857 0.6625 0.49490835030549896 0.653125 0.49490835030549896 0.653125 0.4969450101832994 0.65 0.4989816700610998 0.6484375 0.5132382892057027
3 0.6421875 0.3604887983706721 0.640625 0.37474541751527496 0.6515625 0.37474541751527496 0.6640625 0.384928716904277 0.671875 0.384928716904277 0.68125 0.38085539714867617 0.684375 0.37067209775967414 0.6921875 0.36863543788187375 0.69375 0.3604887983706721 0.6875 0.34419551934826886 0.68125 0.3421588594704684 0.665625 0.34826883910386963 0.65625 0.34826883910386963 0.6546875 0.34012219959266804 0.65 0.3360488798370672 0.65 0.3380855397148676 0.65 0.34826883910386963 0.6421875 0.3604887983706721
3 0.653125 0.515274949083503 0.6546875 0.5193482688391039 0.65 0.5254582484725051 0.6484375 0.5315682281059063 0.646875 0.5478615071283096 0.6421875 0.5621181262729125 0.6421875 0.5763747454175153 0.6375 0.5865580448065173 0.6359375 0.6028513238289206 0.63125 0.615071283095723 0.634375 0.6334012219959266 0.63125 0.639511201629328 0.63125 0.6476578411405295 0.6375 0.659877800407332 0.6390625 0.6782077393075356 0.653125 0.6945010183299389 0.65625 0.7128309572301426 0.65625 0.7209775967413442 0.6515625 0.7270875763747454 0.64375 0.7311608961303462 0.64375 0.7372708757637475 0.6484375 0.7433808553971487 0.65 0.7515274949083504 0.6453125 0.7556008146639511 0.6359375 0.7759674134419552 0.6375 0.7861507128309573 0.64375 0.7942973523421588 0.64375 0.8309572301425662 0.6453125 0.835030549898167 0.640625 0.845213849287169 0.6359375 0.845213849287169 0.6296875 0.8492871690427699 0.621875 0.8594704684317719 0.621875 0.869653767820774 0.634375 0.8778004073319755 0.640625 0.8859470468431772 0.64375 0.8961303462321792 0.64375 0.9063136456211812 0.6375 0.9124236252545825 0.634375 0.9124236252545825 0.621875 0.9287169042769857 0.6140625 0.9307535641547862 0.6109375 0.9368635437881874 0.609375 0.9470468431771895 0.596875 0.9572301425661914 0.596875 0.9633401221995926 0.5984375 0.9674134419551935 0.6078125 0.9714867617107943 0.6125 0.9775967413441955 0.6125 0.9816700610997964 0.61875 0.9918533604887984 0.684375 0.9938900203665988 0.6859375 0.9918533604887984 0.7359375 0.9918533604887984 0.7375 0.9938900203665988 0.7390625 0.9918533604887984 0.7703125 0.9918533604887984 0.7734375 0.9857433808553971 0.7734375 0.9755600814663951 0.7765625 0.9735234215885947 0.778125 0.9674134419551935 0.7765625 0.8920570264765784 0.771875 0.890020366598778 0.76875 0.8839103869653768 0.76875 0.8778004073319755 0.7625 0.869653767820774 0.759375 0.869653767820774 0.7578125 0.8655804480651731 0.75625 0.869653767820774 0.74375 0.869653767820774 0.7421875 0.8676171079429735 0.740625 0.8513238289205702 0.7421875 0.8411405295315683 0.7390625 0.8370672097759674 0.7296875 0.8411405295315683 0.721875 0.8370672097759674 0.7203125 0.8329938900203666 0.7171875 0.8329938900203666 0.7140625 0.8268839103869654 0.7140625 0.8228105906313645 0.7203125 0.814663951120163 0.7265625 0.8126272912423625 0.7265625 0.8024439918533605 0.7234375 0.8004073319755601 0.721875 0.790224032586558 0.7171875 0.7841140529531568 0.7171875 0.7617107942973523 0.703125 0.7413441955193483 0.703125 0.7291242362525459 0.7015625 0.7270875763747454 0.703125 0.7209775967413442 0.7015625 0.7169042769857433 0.703125 0.7087576374745418 0.696875 0.7026476578411406 0.696875 0.6965376782077393 0.69375 0.6924643584521385 0.69375 0.670061099796334 0.690625 0.6639511201629328 0.696875 0.6578411405295316 0.703125 0.6578411405295316 0.7171875 0.6619144602851323 0.7203125 0.6680244399185336 0.7234375 0.6680244399185336 0.7265625 0.6578411405295316 0.7234375 0.6558044806517311 0.7234375 0.6496945010183299 0.7140625 0.6313645621181263 0.7046875 0.6232179226069247 0.696875 0.6211812627291242 0.69375 0.615071283095723 0.6921875 0.6028513238289206 0.678125 0.5926680244399185 0.684375 0.5580448065173116 0.6859375 0.5560081466395111 0.69375 0.5560081466395111 0.69375 0.5539714867617108 0.6859375 0.5498981670061099 0.6828125 0.5295315682281059 0.671875 0.515274949083503 0.6671875 0.4969450101832994 0.665625 0.4969450101832994 0.6546875 0.4989816700610998 0.653125 0.515274949083503
3 0.6859375 0.16089613034623218 0.69375 0.17311608961303462 0.69375 0.17718940936863545 0.690625 0.18126272912423624 0.6796875 0.18329938900203666 0.678125 0.18126272912423624 0.66875 0.18126272912423624 0.665625 0.18329938900203666 0.6640625 0.1934826883910387 0.665625 0.1955193482688391 0.659375 0.20773930753564154 0.659375 0.21181262729124237 0.653125 0.219959266802444 0.6328125 0.2219959266802444 0.6328125 0.23625254582484725 0.6375 0.24236252545824846 0.640625 0.2545824847250509 0.634375 0.26272912423625255 0.628125 0.2606924643584521 0.6328125 0.2668024439918534 0.6359375 0.26272912423625255 0.6453125 0.26272912423625255 0.646875 0.2668024439918534 0.6484375 0.26272912423625255 0.653125 0.26272912423625255 0.6546875 0.2729124236252546 0.6578125 0.2790224032586558 0.6609375 0.2729124236252546 0.6671875 0.27494908350305497 0.6734375 0.26883910386965376 0.68125 0.26883910386965376 0.684375 0.2729124236252546 0.684375 0.29124236252545826 0.6890625 0.29327902240325865 0.690625 0.29124236252545826 0.715625 0.2892057026476578 0.7296875 0.28105906313645623 0.7328125 0.26272912423625255 0.7515625 0.2484725050916497 0.746875 0.24236252545824846 0.7453125 0.23625254582484725 0.7453125 0.21792260692464357 0.7328125 0.20977596741344195 0.7296875 0.20366598778004075 0.7296875 0.1955193482688391 0.721875 0.1894093686354379 0.721875 0.17922606924643583 0.7140625 0.17311608961303462 0.7171875 0.1690427698574338 0.721875 0.1710794297352342 0.7234375 0.1690427698574338 0.721875 0.164969450101833 0.7203125 0.1629327902240326 0.7109375 0.1629327902240326 0.703125 0.14867617107942974 0.7015625 0.14867617107942974 0.69375 0.14867617107942974 0.6859375 0.16089613034623218
3 0.73125 0.3319755600814664 0.73125 0.3380855397148676 0.7171875 0.3564154786150713 0.7125 0.3645621181262729 0.7125 0.36863543788187375 0.703125 0.3788187372708758 0.703125 0.38289205702647655 0.7 0.384928716904277 0.6921875 0.39918533604887985 0.6953125 0.41140529531568226 0.6953125 0.4215885947046843 0.7109375 0.43584521384928715 0.715625 0.43380855397148677 0.7203125 0.42769857433808556 0.7265625 0.42973523421588594 0.728125 0.4317718940936864 0.728125 0.45213849287169044 0.7453125 0.4745417515274949 0.759375 0.4684317718940937 0.7625 0.4623217922606925 0.7703125 0.45824847250509165 0.7765625 0.45824847250509165 0.78125 0.4623217922606925 0.7875 0.46028513238289204 0.7890625 0.45010183299389 0.796875 0.4460285132382892 0.7984375 0.4378818737270876 0.8015625 0.43584521384928715 0.8015625 0.4215885947046843 0.809375 0.4134419551934827 0.81875 0.39307535641547864 0.821875 0.35030549898167007 0.8171875 0.3421588594704684 0.80625 0.34012219959266804 0.8 0.3360488798370672 0.796875 0.329938900203666 0.7921875 0.32790224032586557 0.7875 0.3319755600814664 0.790625 0.34826883910386963 0.7875 0.35234215885947046 0.775 0.34826883910386963 0.7734375 0.34012219959266804 0.759375 0.3258655804480652 0.759375 0.31771894093686354 0.75625 0.31568228105906315 0.7546875 0.31771894093686354 0.7390625 0.319755600814664 0.73125 0.3319755600814664
3 0.3359375 0.5071283095723014 0.3234375 0.5254582484725051 0.325 0.5356415478615071 0.3375 0.5417515274949084 0.3359375 0.5498981670061099 0.325 0.5478615071283096 0.321875 0.5437881873727087 0.321875 0.539714867617108 0.3171875 0.539714867617108 0.3109375 0.5580448065173116 0.30625 0.5621181262729125 0.284375 0.5621181262729125 0.2875 0.5682281059063137 0.28125 0.5743380855397149 0.26875 0.5743380855397149 0.2625 0.570264765784114 0.2609375 0.5661914460285132 0.25 0.5621181262729125 0.2484375 0.5580448065173116 0.2546875 0.5498981670061099 0.265625 0.5458248472505092 0.2640625 0.539714867617108 0.265625 0.5295315682281059 0.2625 0.5254582484725051 0.2671875 0.5173116089613035 0.2765625 0.5132382892057027 0.2859375 0.5254582484725051 0.2890625 0.5254582484725051 0.29375 0.5193482688391039 0.29375 0.5071283095723014 0.290625 0.5030549898167006 0.259375 0.5030549898167006 0.2609375 0.505091649694501 0.259375 0.5071283095723014 0.25625 0.5071283095723014 0.253125 0.5030549898167006 0.2328125 0.5030549898167006 0.2234375 0.5071283095723014 0.2078125 0.5030549898167006 0.1890625 0.5030549898167006 0.1828125 0.5071283095723014 0.1703125 0.5030549898167006 0.1546875 0.505091649694501 0.153125 0.5030549898167006 0.115625 0.5030549898167006 0.1125 0.505091649694501 0.1109375 0.5030549898167006 0.103125 0.5030549898167006 0.0984375 0.5071283095723014 0.09375 0.505091649694501 0.0859375 0.5071283095723014 0.0828125 0.5030549898167006 0.071875 0.5030549898167006 0.06875 0.5071283095723014 0.0609375 0.5071283095723014 0.0546875 0.5030549898167006 0.0484375 0.5030549898167006 0.0453125 0.5071283095723014 0.0453125 0.5173116089613035 0.046875 0.5193482688391039 0.0515625 0.5193482688391039 0.05625 0.5234215885947047 0.0640625 0.5213849287169042 0.0703125 0.5234215885947047 0.0734375 0.5274949083503055 0.071875 0.5356415478615071 0.0796875 0.5356415478615071 0.0828125 0.539714867617108 0.08125 0.5437881873727087 0.084375 0.5478615071283096 0.0796875 0.5519348268839104 0.078125 0.5580448065173116 0.0859375 0.5560081466395111 0.0875 0.5580448065173116 0.0859375 0.5539714867617108 0.0890625 0.5498981670061099 0.09375 0.5560081466395111 0.09375 0.5621181262729125 0.0984375 0.5641547861507128 0.103125 0.570264765784114 0.1015625 0.5763747454175153 0.0953125 0.5784114052953157 0.0984375 0.5824847250509165 0.09375 0.5906313645621182 0.0890625 0.5906313645621182 0.0859375 0.5967413441955194 0.078125 0.5926680244399185 0.0734375 0.594704684317719 0.071875 0.5987780040733197 0.06875 0.594704684317719 0.0640625 0.5967413441955194 0.059375 0.5926680244399185 0.059375 0.5865580448065173 0.0546875 0.5824847250509165 0.05625 0.5784114052953157 0.0515625 0.5723014256619144 0.0515625 0.5661914460285132 0.046875 0.5621181262729125 0.0390625 0.5193482688391039 0.0421875 0.5071283095723014 0.034375 0.5030549898167006 0.021875 0.5030549898167006 0.009375 0.5132382892057027 0.00625 0.5254582484725051 0.015625 0.5417515274949084 0.0140625 0.5437881873727087 0.015625 0.5498981670061099 0.0125 0.5539714867617108 0.00625 0.5560081466395111 0.0078125 0.560081466395112 0.00625 0.5682281059063137 0.0078125 0.5682281059063137 0.009375 0.560081466395112 0.0125 0.5641547861507128 0.0140625 0.5580448065173116 0.0171875 0.5580448065173116 0.01875 0.5641547861507128 0.021875 0.5661914460285132 0.025 0.5784114052953157 0.0296875 0.5784114052953157 0.034375 0.5845213849287169 0.0375 0.5845213849287169 0.05 0.6008146639511202 0.059375 0.6089613034623218 0.0609375 0.6211812627291242 0.0578125 0.6272912423625254 0.0546875 0.6252545824847251 0.040625 0.6293279022403259 0.028125 0.6435845213849287 0.025 0.6435845213849287 0.0234375 0.6496945010183299 0.01875 0.6537678207739308 0.015625 0.6659877800407332 0.0125 0.6965376782077393 0.009375 0.7026476578411406 0.0125 0.7067209775967414 0.00625 0.714867617107943 0.00625 0.7230142566191446 0.009375 0.7270875763747454 0.00625 0.7311608961303462 0.00625 0.7372708757637475 0.009375 0.7372708757637475 0.0125 0.7413441955193483 0.00625 0.745417515274949 0.0109375 0.7515274949083504 0.00625 0.7556008146639511 0.00625 0.780040733197556 0.0125 0.7780040733197556 0.015625 0.7820773930753564 0.0203125 0.780040733197556 0.021875 0.7820773930753564 0.01875 0.7861507128309573 0.0203125 0.7963340122199593 0.015625 0.8024439918533605 0.0109375 0.8044806517311609 0.0203125 0.8024439918533605 0.021875 0.8044806517311609 0.01875 0.8105906313645621 0.00625 0.8105906313645621 0.00625 0.845213849287169 0.009375 0.8492871690427699 0.00625 0.8513238289205702 0.00625 0.8859470468431772 0.0078125 0.8879837067209776 0.00625 0.890020366598778 0.0078125 0.8920570264765784 0.0078125 0.9022403258655805 0.0125 0.9022403258655805 0.015625 0.9063136456211812 0.01875 0.8940936863543788 0.0265625 0.8839103869653768 0.03125 0.8716904276985743 0.0375 0.8309572301425662 0.040625 0.8187372708757638 0.04375 0.814663951120163 0.04375 0.8065173116089613 0.0484375 0.7922606924643585 0.05625 0.7820773930753564 0.0671875 0.7739307535641547 0.0828125 0.7739307535641547 0.0875 0.7780040733197556 0.103125 0.7780040733197556 0.1140625 0.7739307535641547 0.1234375 0.7739307535641547 0.1328125 0.7678207739307535 0.134375 0.7637474541751528 0.153125 0.7535641547861507 0.159375 0.745417515274949 0.1625 0.7494908350305499 0.165625 0.7617107942973523 0.1625 0.7820773930753564 0.1765625 0.7881873727087576 0.178125 0.7963340122199593 0.1734375 0.7983706720977597 0.16875 0.8065173116089613 0.165625 0.814663951120163 0.165625 0.8207739307535642 0.1609375 0.8268839103869654 0.159375 0.835030549898167 0.1390625 0.8513238289205702 0.1359375 0.8574338085539714 0.1390625 0.8676171079429735 0.1484375 0.8757637474541752 0.15 0.8818737270875764 0.1484375 0.8879837067209776 0.1390625 0.9022403258655805 0.121875 0.9124236252545825 0.121875 0.9185336048879837 0.134375 0.9327902240325866 0.1453125 0.9694501018329938 0.15 0.9735234215885947 0.15625 0.9694501018329938 0.1578125 0.9613034623217923 0.1625 0.955193482688391 0.190625 0.9531568228105907 0.196875 0.9633401221995926 0.196875 0.9735234215885947 0.2 0.9816700610997964 0.2125 0.9857433808553971 0.2203125 0.9918533604887984 0.2265625 0.9877800407331976 0.228125 0.9837067209775967 0.2265625 0.9714867617107943 0.2234375 0.9694501018329938 0.225 0.9633401221995926 0.234375 0.9572301425661914 0.2421875 0.9633401221995926 0.253125 0.9633401221995926 0.259375 0.9592668024439919 0.2671875 0.9592668024439919 0.2703125 0.9633401221995926 0.2671875 0.9694501018329938 0.2671875 0.9755600814663951 0.271875 0.9837067209775967 0.275 0.9857433808553971 0.290625 0.9857433808553971 0.296875 0.9796334012219959 0.2984375 0.9633401221995926 0.3015625 0.9613034623217923 0.29375 0.9531568228105907 0.296875 0.9490835030549898 0.3171875 0.9592668024439919 0.3296875 0.9572301425661914 0.334375 0.9592668024439919 0.34375 0.9755600814663951 0.3453125 0.9857433808553971 0.3484375 0.9918533604887984 0.3640625 0.9918533604887984 0.3671875 0.9837067209775967 0.3671875 0.9531568228105907 0.371875 0.945010183299389 0.3796875 0.945010183299389 0.38125 0.9429735234215886 0.403125 0.945010183299389 0.4234375 0.955193482688391 0.4328125 0.9572301425661914 0.4390625 0.9633401221995926 0.4390625 0.9735234215885947 0.44375 0.9816700610997964 0.4515625 0.9837067209775967 0.45625 0.9877800407331976 0.4609375 0.9877800407331976 0.4625 0.9837067209775967 0.4515625 0.9653767820773931 0.4453125 0.9592668024439919 0.453125 0.9531568228105907 0.45625 0.9531568228105907 0.4625 0.9613034623217923 0.4671875 0.9633401221995926 0.4828125 0.9633401221995926 0.484375 0.9674134419551935 0.4921875 0.9674134419551935 0.49375 0.9694501018329938 0.509375 0.9674134419551935 0.509375 0.955193482688391 0.5125 0.9429735234215886 0.5125 0.8289205702647657 0.5140625 0.8268839103869654 0.5140625 0.8126272912423625 0.5125 0.8105906313645621 0.5125 0.7393075356415478 0.5078125 0.725050916496945 0.509375 0.7230142566191446 0.5109375 0.725050916496945 0.5125 0.7209775967413442 0.5109375 0.7169042769857433 0.5078125 0.7169042769857433 0.503125 0.7107942973523421 0.5046875 0.7026476578411406 0.503125 0.6965376782077393 0.50625 0.6904276985743381 0.509375 0.6904276985743381 0.5125 0.6761710794297352 0.5125 0.6028513238289206 0.509375 0.594704684317719 0.5125 0.5906313645621182 0.5125 0.5091649694501018 0.5046875 0.4989816700610998 0.4953125 0.4989816700610998 0.49375 0.5030549898167006 0.490625 0.5030549898167006 0.4890625 0.4989816700610998 0.475 0.4989816700610998 0.4734375 0.5030549898167006 0.465625 0.5030549898167006 0.4640625 0.4989816700610998 0.421875 0.4989816700610998 0.41875 0.5030549898167006 0.4171875 0.4989816700610998 0.340625 0.4989816700610998 0.340625 0.5010183299389002 0.334375 0.5030549898167006 0.3359375 0.5071283095723014
0 0.846875 0.11405295315682282 0.85625 0.11405295315682282 0.859375 0.10590631364562118 0.85625 0.09979633401221996 0.84375 0.09979633401221996 0.84375 0.10183299389002037 0.8421875 0.109979633401222 0.846875 0.11405295315682282
0 0.2734375 0.9857433808553971 0.278125 0.9877800407331976 0.2953125 0.9837067209775967 0.2984375 0.9796334012219959 0.2984375 0.9735234215885947 0.2890625 0.9613034623217923 0.275 0.9613034623217923 0.26875 0.9653767820773931 0.26875 0.9674134419551935 0.2671875 0.9775967413441955 0.2734375 0.9857433808553971
0 0.4140625 0.07128309572301425 0.4109375 0.07942973523421588 0.4140625 0.09572301425661914 0.41875 0.09775967413441955 0.4265625 0.09164969450101833 0.428125 0.08757637474541752 0.4265625 0.07942973523421588 0.4234375 0.07535641547861507 0.421875 0.07535641547861507 0.41875 0.07128309572301425 0.4140625 0.07128309572301425
0 0.2953125 0.19144602851323828 0.2953125 0.20366598778004075 0.303125 0.20977596741344195 0.3109375 0.20977596741344195 0.315625 0.20366598778004075 0.315625 0.19144602851323828 0.3125 0.18737270875763748 0.3109375 0.18737270875763748 0.296875 0.1894093686354379 0.2953125 0.19144602851323828
5 0.6890625 0.505091649694501 0.6953125 0.5254582484725051 0.6953125 0.5376782077393075 0.6984375 0.5539714867617108 0.703125 0.560081466395112 0.7046875 0.5661914460285132 0.709375 0.6028513238289206 0.7171875 0.6334012219959266 0.7234375 0.6456211812627292 0.734375 0.659877800407332 0.759375 0.6619144602851323 0.7625 0.6659877800407332 0.7625 0.670061099796334 0.759375 0.6761710794297352 0.7671875 0.6843177189409368 0.7671875 0.6904276985743381 0.7640625 0.6924643584521385 0.7625 0.7026476578411406 0.7734375 0.714867617107943 0.7734375 0.7535641547861507 0.765625 0.7556008146639511 0.7671875 0.7617107942973523 0.7640625 0.7657841140529531 0.7578125 0.7637474541751528 0.7515625 0.7739307535641547 0.746875 0.7718940936863544 0.74375 0.7657841140529531 0.74375 0.780040733197556 0.75 0.8105906313645621 0.753125 0.8126272912423625 0.75625 0.835030549898167 0.7625 0.8553971486761711 0.7765625 0.8716904276985743 0.7796875 0.8635437881873728 0.7796875 0.7046843177189409 0.778125 0.6985743380855397 0.7796875 0.6965376782077393 0.7796875 0.6374745417515275 0.78125 0.6272912423625254 0.7796875 0.6252545824847251 0.7796875 0.5845213849287169 0.7765625 0.5661914460285132 0.7734375 0.5641547861507128 0.7671875 0.5498981670061099 0.7671875 0.5458248472505092 0.7546875 0.5336048879837068 0.7515625 0.5234215885947047 0.7484375 0.5213849287169042 0.7421875 0.5091649694501018 0.7421875 0.4989816700610998 0.7375 0.49490835030549896 0.7359375 0.49490835030549896 0.690625 0.49490835030549896 0.6890625 0.505091649694501
5 0.0671875 0.008146639511201629 0.0671875 0.010183299389002037 0.1015625 0.024439918533604887 0.1109375 0.03054989816700611 0.1125 0.034623217922606926 0.1265625 0.038696537678207736 0.1609375 0.054989816700611 0.1859375 0.06313645621181263 0.209375 0.06109979633401222 0.21875 0.07128309572301425 0.2421875 0.07128309572301425 0.2453125 0.06924643584521385 0.2484375 0.05295315682281059 0.253125 0.048879837067209775 0.2671875 0.05702647657841141 0.2796875 0.05702647657841141 0.2875 0.05295315682281059 0.2875 0.048879837067209775 0.284375 0.04480651731160896 0.2796875 0.04073319755600815 0.2671875 0.03665987780040733 0.259375 0.026476578411405296 0.2578125 0.016293279022403257 0.2609375 0.012219959266802444 0.2796875 0.012219959266802444 0.2875 0.008146639511201629 0.2953125 0.008146639511201629 0.2890625 0.006109979633401222 0.19375 0.006109979633401222 0.1921875 0.008146639511201629 0.1625 0.010183299389002037 0.1609375 0.008146639511201629 0.1421875 0.008146639511201629 0.140625 0.006109979633401222 0.1390625 0.006109979633401222 0.071875 0.006109979633401222 0.0671875 0.008146639511201629
5 0.5234375 0.010183299389002037 0.5234375 0.13441955193482688 0.525 0.1384928716904277 0.56875 0.1384928716904277 0.5703125 0.1364562118126273 0.590625 0.1364562118126273 0.5921875 0.13441955193482688 0.6328125 0.13441955193482688 0.634375 0.13034623217922606 0.6609375 0.13034623217922606 0.6625 0.12830957230142567 0.6796875 0.12830957230142567 0.68125 0.12627291242362526 0.7109375 0.12627291242362526 0.7125 0.12423625254582485 0.7453125 0.12423625254582485 0.759375 0.11812627291242363 0.7625 0.1120162932790224 0.771875 0.10590631364562118 0.7734375 0.09979633401221996 0.7828125 0.08757637474541752 0.790625 0.09775967413441955 0.7984375 0.09775967413441955 0.8109375 0.08757637474541752 0.8203125 0.0835030549898167 0.8234375 0.07942973523421588 0.8234375 0.07331975560081466 0.8265625 0.07128309572301425 0.8265625 0.06517311608961303 0.834375 0.059063136456211814 0.853125 0.07331975560081466 0.8828125 0.07331975560081466 0.884375 0.07535641547861507 0.896875 0.07535641547861507 0.9046875 0.07942973523421588 0.9125 0.07942973523421588 0.9140625 0.06517311608961303 0.9203125 0.05295315682281059 0.934375 0.05295315682281059 0.95 0.07128309572301425 0.9609375 0.07128309572301425 0.990625 0.0814663951120163 0.99375 0.07942973523421588 0.99375 0.010183299389002037 0.9890625 0.006109979633401222 0.98125 0.008146639511201629 0.9609375 0.008146639511201629 0.959375 0.006109979633401222 0.9515625 0.008146639511201629 0.9328125 0.008146639511201629 0.93125 0.006109979633401222 0.8640625 0.008146639511201629 0.8625 0.006109979633401222 0.821875 0.006109979633401222 0.8203125 0.008146639511201629 0.8125 0.008146639511201629 0.8109375 0.006109979633401222 0.759375 0.006109979633401222 0.7578125 0.008146639511201629 0.7296875 0.008146639511201629 0.728125 0.006109979633401222 0.6421875 0.006109979633401222 0.640625 0.008146639511201629 0.6390625 0.006109979633401222 0.621875 0.006109979633401222 0.6203125 0.008146639511201629 0.575 0.008146639511201629 0.56875 0.006109979633401222 0.5625 0.008146639511201629 0.5609375 0.006109979633401222 0.559375 0.008146639511201629 0.5328125 0.006109979633401222 0.5234375 0.010183299389002037
5 0.5796875 0.4989816700610998 0.578125 0.505091649694501 0.5734375 0.5091649694501018 0.571875 0.5193482688391039 0.5640625 0.5295315682281059 0.5609375 0.5437881873727087 0.55 0.5580448065173116 0.5421875 0.5784114052953157 0.5375 0.5845213849287169 0.5328125 0.5987780040733197 0.5328125 0.6130346232179226 0.525 0.6211812627291242 0.5203125 0.6313645621181263 0.51875 0.6558044806517311 0.521875 0.6639511201629328 0.521875 0.670061099796334 0.5203125 0.6720977596741344 0.51875 0.7169042769857433 0.521875 0.7311608961303462 0.521875 0.7433808553971487 0.51875 0.7576374745417516 0.51875 0.8105906313645621 0.521875 0.8167006109979633 0.521875 0.8268839103869654 0.51875 0.8431771894093686 0.51875 0.869653767820774 0.5203125 0.8737270875763747 0.51875 0.8757637474541752 0.51875 0.9918533604887984 0.5421875 0.9938900203665988 0.553125 0.9898167006109979 0.553125 0.9592668024439919 0.55625 0.9429735234215886 0.55625 0.9307535641547862 0.559375 0.9226069246435845 0.5609375 0.8981670061099797 0.5703125 0.8513238289205702 0.571875 0.8309572301425662 0.5765625 0.824847250509165 0.5765625 0.7983706720977597 0.5796875 0.7881873727087576 0.5796875 0.7759674134419552 0.5828125 0.7678207739307535 0.5828125 0.7596741344195519 0.5859375 0.7535641547861507 0.5859375 0.7311608961303462 0.5890625 0.7189409368635438 0.5890625 0.7067209775967414 0.5921875 0.7006109979633401 0.5921875 0.6904276985743381 0.5984375 0.670061099796334 0.6015625 0.6680244399185336 0.6046875 0.6232179226069247 0.6140625 0.5845213849287169 0.6140625 0.5560081466395111 0.6125 0.5539714867617108 0.615625 0.5498981670061099 0.6171875 0.539714867617108 0.6203125 0.5336048879837068 0.6234375 0.505091649694501 0.6265625 0.5030549898167006 0.6265625 0.4989816700610998 0.6234375 0.4969450101832994 0.6125 0.4969450101832994 0.6109375 0.49490835030549896 0.609375 0.49490835030549896 0.5859375 0.49490835030549896 0.5796875 0.4989816700610998
1 0.909375 0.4480651731160896 0.9140625 0.45213849287169044 0.9203125 0.4480651731160896 0.9203125 0.43584521384928715 0.9171875 0.42973523421588594 0.9109375 0.4317718940936864 0.9109375 0.43380855397148677 0.90625 0.439918533604888 0.909375 0.4480651731160896
1 0.9671875 0.4195519348268839 0.96875 0.42362525458248473 0.9734375 0.4256619144602851 0.984375 0.4175152749490835 0.984375 0.40529531568228105 0.98125 0.39918533604887985 0.9734375 0.39918533604887985 0.9734375 0.40122199592668023 0.96875 0.4093686354378819 0.9671875 0.4195519348268839
2 0.0875 0.7046843177189409 0.075 0.7128309572301426 0.065625 0.7331975560081466 0.0640625 0.7535641547861507 0.0703125 0.7678207739307535 0.075 0.7718940936863544 0.09375 0.7780040733197556 0.1046875 0.7780040733197556 0.1265625 0.7718940936863544 0.1328125 0.7678207739307535 0.134375 0.7637474541751528 0.1515625 0.7535641547861507 0.159375 0.7372708757637475 0.159375 0.7291242362525459 0.1546875 0.7169042769857433 0.140625 0.7026476578411406 0.1375 0.6965376782077393 0.128125 0.6945010183299389 0.115625 0.6985743380855397 0.115625 0.7006109979633401 0.1140625 0.7026476578411406 0.0875 0.7046843177189409
2 0.05625 0.6232179226069247 0.040625 0.6313645621181263 0.0390625 0.6354378818737271 0.034375 0.6374745417515275 0.028125 0.6456211812627292 0.025 0.6456211812627292 0.015625 0.6720977596741344 0.0125 0.6965376782077393 0.0140625 0.6985743380855397 0.0140625 0.7270875763747454 0.0171875 0.7352342158859471 0.025 0.7474541751527495 0.034375 0.7556008146639511 0.04375 0.7617107942973523 0.0546875 0.7637474541751528 0.0609375 0.7535641547861507 0.0625 0.7331975560081466 0.071875 0.7087576374745418 0.0734375 0.6965376782077393 0.0765625 0.6945010183299389 0.0796875 0.6863543788187373 0.0890625 0.6517311608961304 0.0875 0.6354378818737271 0.08125 0.6272912423625254 0.0796875 0.6272912423625254 0.0703125 0.6232179226069247 0.05625 0.6232179226069247
2 0.0140625 0.7983706720977597 0.0109375 0.7963340122199593 0.0140625 0.8004073319755601 0.009375 0.8044806517311609 0.00625 0.8024439918533605 0.0046875 0.8085539714867617 0.0046875 0.9042769857433809 0.00625 0.9083503054989817 0.0125 0.9103869653767821 0.01875 0.9042769857433809 0.0234375 0.8879837067209776 0.0265625 0.8859470468431772 0.0296875 0.8778004073319755 0.040625 0.8207739307535642 0.04375 0.814663951120163 0.04375 0.8065173116089613 0.0484375 0.7922606924643585 0.0515625 0.790224032586558 0.0515625 0.780040733197556 0.040625 0.780040733197556 0.034375 0.7841140529531568 0.0171875 0.7881873727087576 0.0171875 0.790224032586558 0.0171875 0.7963340122199593 0.0140625 0.7983706720977597