2 0.7140625 0.025225225225225224 0.7140625 0.04684684684684685 0.71875 0.04864864864864865 0.71875 0.055855855855855854 0.7234375 0.05765765765765766 0.7234375 0.06666666666666667 0.7265625 0.06846846846846846 0.7265625 0.07567567567567568 0.73125 0.07747747747747748 0.73125 0.09009009009009009 0.7359375 0.0918918918918919 0.7359375 0.0990990990990991 0.7390625 0.1009009009009009 0.7390625 0.11351351351351352 0.7359375 0.11531531531531532 0.7359375 0.11891891891891893 0.7390625 0.12072072072072072 0.7390625 0.12792792792792793 0.74375 0.12972972972972974 0.74375 0.13333333333333333 0.746875 0.13333333333333333 0.7484375 0.12792792792792793 0.7796875 0.12792792792792793 0.7796875 0.11531531531531532 0.7828125 0.11351351351351352 0.7828125 0.1063063063063063 0.7796875 0.1045045045045045 0.7796875 0.08648648648648649 0.775 0.08468468468468468 0.775 0.07747747747747748 0.7703125 0.07567567567567568 0.7703125 0.06846846846846846 0.7671875 0.06666666666666667 0.7671875 0.06306306306306306 0.7640625 0.06306306306306306 0.7625 0.05765765765765766 0.759375 0.05765765765765766 0.7546875 0.05225225225225225 0.7546875 0.043243243243243246 0.7484375 0.043243243243243246 0.746875 0.03963963963963964 0.7421875 0.03783783783783784 0.7421875 0.03423423423423423 0.7359375 0.03423423423423423 0.734375 0.02882882882882883 0.73125 0.02882882882882883 0.7296875 0.025225225225225224 0.725 0.023423423423423424 0.725 0.01981981981981982 0.71875 0.01981981981981982 0.71875 0.021621621621621623 0.7171875 0.025225225225225224 0.7140625 0.025225225225225224
2 0.9421875 0.12072072072072072 0.940625 0.12612612612612611 0.9265625 0.12612612612612611 0.925 0.12972972972972974 0.9171875 0.12972972972972974 0.915625 0.13513513513513514 0.909375 0.13513513513513514 0.9078125 0.14054054054054055 0.9015625 0.14054054054054055 0.9 0.14414414414414414 0.896875 0.14414414414414414 0.8953125 0.14954954954954955 0.8890625 0.14954954954954955 0.8875 0.15315315315315314 0.8796875 0.15315315315315314 0.8796875 0.15675675675675677 0.8765625 0.15855855855855855 0.875 0.16396396396396395 0.871875 0.16396396396396395 0.8703125 0.16756756756756758 0.8640625 0.16756756756756758 0.8625 0.17297297297297298 0.859375 0.17297297297297298 0.859375 0.18018018018018017 0.85625 0.18198198198198198 0.85625 0.19099099099099098 0.8703125 0.19099099099099098 0.871875 0.1945945945945946 0.878125 0.1945945945945946 0.8796875 0.19099099099099098 0.9 0.19099099099099098 0.9015625 0.18558558558558558 0.915625 0.18558558558558558 0.9171875 0.19099099099099098 0.925 0.19099099099099098 0.928125 0.18198198198198198 0.9328125 0.18018018018018017 0.9328125 0.16396396396396395 0.9375 0.16216216216216217 0.9375 0.15855855855855855 0.940625 0.15675675675675677 0.9421875 0.15135135135135136 0.95 0.14774774774774774 0.95 0.14414414414414414 0.9546875 0.13873873873873874 0.9578125 0.13873873873873874 0.9578125 0.12972972972972974 0.9625 0.12792792792792793 0.9625 0.11531531531531532 0.9515625 0.11531531531531532 0.9515625 0.11711711711711711 0.95 0.12072072072072072 0.9421875 0.12072072072072072
2 0.046875 0.4936936936936937 0.046875 0.5063063063063064 0.05 0.5081081081081081 0.05 0.5207207207207207 0.0546875 0.5225225225225225 0.0546875 0.5351351351351351 0.059375 0.5369369369369369 0.059375 0.5585585585585585 0.0546875 0.5603603603603604 0.0546875 0.563963963963964 0.05 0.5657657657657658 0.05 0.5693693693693693 0.046875 0.5711711711711712 0.05 0.5747747747747748 0.05 0.581981981981982 0.0546875 0.5837837837837838 0.0546875 0.5873873873873874 0.065625 0.5873873873873874 0.065625 0.5837837837837838 0.0734375 0.5783783783783784 0.075 0.572972972972973 0.0828125 0.5693693693693693 0.0828125 0.5603603603603604 0.0875 0.554954954954955 0.090625 0.554954954954955 0.090625 0.5459459459459459 0.0984375 0.5405405405405406 0.0984375 0.527927927927928 0.103125 0.5261261261261261 0.103125 0.5081081081081081 0.0984375 0.5063063063063064 0.0984375 0.4990990990990991 0.0921875 0.4990990990990991 0.090625 0.4936936936936937 0.084375 0.4936936936936937 0.0828125 0.4882882882882883 0.059375 0.4882882882882883 0.059375 0.4900900900900901 0.0578125 0.4936936936936937 0.046875 0.4936936936936937
2 0.325 0.2828828828828829 0.325 0.29009009009009007 0.3203125 0.2918918918918919 0.3203125 0.3099099099099099 0.325 0.3117117117117117 0.325 0.31891891891891894 0.328125 0.3207207207207207 0.328125 0.32432432432432434 0.3328125 0.3261261261261261 0.3328125 0.32972972972972975 0.3390625 0.32972972972972975 0.340625 0.3333333333333333 0.3890625 0.3333333333333333 0.390625 0.32972972972972975 0.4015625 0.32972972972972975 0.403125 0.32432432432432434 0.409375 0.32432432432432434 0.4109375 0.31891891891891894 0.4140625 0.31891891891891894 0.4140625 0.3117117117117117 0.409375 0.3099099099099099 0.409375 0.3063063063063063 0.40625 0.3027027027027027 0.3984375 0.3027027027027027 0.396875 0.2972972972972973 0.390625 0.2972972972972973 0.3890625 0.2918918918918919 0.3828125 0.2918918918918919 0.38125 0.2882882882882883 0.378125 0.2882882882882883 0.3765625 0.2828828828828829 0.365625 0.2828828828828829 0.3640625 0.27927927927927926 0.3375 0.27927927927927926 0.3375 0.2810810810810811 0.3359375 0.2828828828828829 0.325 0.2828828828828829
2 0.278125 0.06126126126126126 0.2828125 0.06306306306306306 0.2828125 0.07027027027027027 0.2875 0.07207207207207207 0.2875 0.08108108108108109 0.290625 0.08288288288288288 0.290625 0.09009009009009009 0.2953125 0.0918918918918919 0.2953125 0.12432432432432433 0.3 0.12612612612612611 0.3 0.13333333333333333 0.303125 0.13513513513513514 0.303125 0.13873873873873874 0.3109375 0.14234234234234233 0.3125 0.14774774774774774 0.31875 0.14774774774774774 0.3203125 0.15135135135135136 0.3359375 0.15135135135135136 0.3359375 0.11171171171171171 0.33125 0.10990990990990991 0.33125 0.08288288288288288 0.3265625 0.08108108108108109 0.3265625 0.07207207207207207 0.31875 0.06666666666666667 0.31875 0.06306306306306306 0.3125 0.06306306306306306 0.3109375 0.05765765765765766 0.303125 0.05765765765765766 0.2984375 0.05225225225225225 0.2984375 0.04864864864864865 0.2953125 0.04864864864864865 0.29375 0.043243243243243246 0.290625 0.043243243243243246 0.2890625 0.03963963963963964 0.2828125 0.03963963963963964 0.2828125 0.04144144144144144 0.278125 0.043243243243243246 0.278125 0.06126126126126126
2 0 0.25225225225225223 0.003125 0.25225225225225223 0.0046875 0.25765765765765763 0.015625 0.25765765765765763 0.0171875 0.26306306306306304 0.0359375 0.26306306306306304 0.0375 0.25765765765765763 0.0453125 0.25765765765765763 0.0453125 0.25045045045045045 0.0484375 0.24864864864864866 0.0484375 0.21621621621621623 0.0453125 0.21441441441441442 0.0453125 0.2072072072072072 0.0421875 0.2072072072072072 0.040625 0.2018018018018018 0.0359375 0.2 0.0359375 0.1963963963963964 0.0328125 0.1927927927927928 0.025 0.1927927927927928 0.0234375 0.1873873873873874 0 0.1873873873873874 0 0.1891891891891892 0 0.25225225225225223
2 0.490625 0.25765765765765763 0.4859375 0.2594594594594595 0.4859375 0.26306306306306304 0.4828125 0.2648648648648649 0.4828125 0.3045045045045045 0.4859375 0.3063063063063063 0.4859375 0.3153153153153153 0.4890625 0.3153153153153153 0.490625 0.31891891891891894 0.5046875 0.31891891891891894 0.5046875 0.3117117117117117 0.509375 0.3099099099099099 0.5109375 0.3045045045045045 0.5171875 0.3045045045045045 0.51875 0.3009009009009009 0.521875 0.3009009009009009 0.5234375 0.2954954954954955 0.5265625 0.2954954954954955 0.5265625 0.2918918918918919 0.5296875 0.29009009009009007 0.5296875 0.2828828828828829 0.534375 0.2810810810810811 0.534375 0.26846846846846845 0.5296875 0.26666666666666666 0.5296875 0.25405405405405407 0.5234375 0.25405405405405407 0.521875 0.25045045045045045 0.4984375 0.25045045045045045 0.4984375 0.25225225225225223 0.490625 0.25405405405405407 0.490625 0.25765765765765763
2 0.0671875 0.7711711711711712 0.0671875 0.7747747747747747 0.059375 0.7801801801801802 0.0578125 0.7855855855855856 0.0546875 0.7855855855855856 0.0546875 0.7927927927927928 0.05 0.7945945945945946 0.05 0.7981981981981981 0.046875 0.8 0.046875 0.8072072072072072 0.0421875 0.809009009009009 0.040625 0.8144144144144144 0.0375 0.8144144144144144 0.0375 0.818018018018018 0.0328125 0.8234234234234235 0.0296875 0.8234234234234235 0.028125 0.8288288288288288 0.025 0.8288288288288288 0.025 0.8324324324324325 0.0203125 0.8378378378378378 0.0171875 0.8378378378378378 0.0171875 0.8648648648648649 0.0359375 0.8648648648648649 0.0375 0.8594594594594595 0.0453125 0.8594594594594595 0.05 0.8504504504504504 0.0578125 0.8504504504504504 0.059375 0.8468468468468469 0.0734375 0.8468468468468469 0.075 0.8414414414414414 0.090625 0.8414414414414414 0.090625 0.8378378378378378 0.0984375 0.8324324324324325 0.1 0.827027027027027 0.103125 0.827027027027027 0.1046875 0.8216216216216217 0.1078125 0.8216216216216217 0.1078125 0.8144144144144144 0.1109375 0.8126126126126126 0.1109375 0.7855855855855856 0.1078125 0.7837837837837838 0.1078125 0.7801801801801802 0.1046875 0.7801801801801802 0.103125 0.7765765765765765 0.0984375 0.7747747747747747 0.0953125 0.7657657657657657 0.075 0.7657657657657657 0.075 0.7675675675675676 0.0734375 0.7711711711711712 0.0671875 0.7711711711711712
2 0.365625 0.0972972972972973 0.3609375 0.1063063063063063 0.3578125 0.1063063063063063 0.35625 0.11171171171171171 0.353125 0.11171171171171171 0.35 0.11531531531531532 0.3484375 0.12612612612612611 0.340625 0.12972972972972974 0.340625 0.15135135135135136 0.3484375 0.15135135135135136 0.35 0.15675675675675677 0.3609375 0.15675675675675677 0.3625 0.16216216216216217 0.3765625 0.16216216216216217 0.378125 0.16576576576576577 0.3828125 0.16756756756756758 0.3828125 0.17117117117117117 0.3890625 0.17117117117117117 0.3890625 0.16756756756756758 0.396875 0.16216216216216217 0.3984375 0.15675675675675677 0.40625 0.15675675675675677 0.4078125 0.15135135135135136 0.4140625 0.15135135135135136 0.415625 0.14774774774774774 0.41875 0.14774774774774774 0.41875 0.14054054054054055 0.421875 0.13873873873873874 0.421875 0.12972972972972974 0.4265625 0.12792792792792793 0.4265625 0.11531531531531532 0.421875 0.11351351351351352 0.421875 0.1063063063063063 0.41875 0.1045045045045045 0.41875 0.1009009009009009 0.4109375 0.0972972972972973 0.409375 0.0918918918918919 0.403125 0.0918918918918919 0.4015625 0.08648648648648649 0.378125 0.08648648648648649 0.378125 0.08828828828828829 0.3734375 0.0972972972972973 0.365625 0.0972972972972973
2 0.0703125 0.5891891891891892 0.0625 0.5891891891891892 0.0609375 0.5945945945945946 0.05 0.5945945945945946 0.0484375 0.5981981981981982 0.0375 0.5981981981981982 0.0359375 0.6036036036036037 0.0296875 0.6036036036036037 0.0296875 0.6108108108108108 0.034375 0.6126126126126126 0.034375 0.6162162162162163 0.0453125 0.6162162162162163 0.046875 0.6216216216216216 0.0609375 0.6216216216216216 0.0625 0.6252252252252253 0.0703125 0.6252252252252253 0.071875 0.6216216216216216 0.0828125 0.6216216216216216 0.084375 0.6162162162162163 0.1078125 0.6162162162162163 0.109375 0.6108108108108108 0.13125 0.6108108108108108 0.1328125 0.6072072072072072 0.14375 0.6072072072072072 0.14375 0.6036036036036037 0.1484375 0.6018018018018018 0.15 0.5963963963963964 0.153125 0.5963963963963964 0.153125 0.5891891891891892 0.1453125 0.5891891891891892 0.14375 0.5837837837837838 0.1328125 0.5837837837837838 0.13125 0.5801801801801801 0.0796875 0.5801801801801801 0.0796875 0.581981981981982 0.071875 0.5837837837837838 0.0703125 0.5891891891891892
2 0.2 0.05765765765765766 0.2 0.06666666666666667 0.20625 0.06666666666666667 0.2078125 0.07027027027027027 0.215625 0.07027027027027027 0.2171875 0.07567567567567568 0.2203125 0.07747747747747748 0.2203125 0.08108108108108109 0.23125 0.08108108108108109 0.2328125 0.08468468468468468 0.2375 0.08648648648648649 0.2375 0.09009009009009009 0.24375 0.09009009009009009 0.2453125 0.09549549549549549 0.2515625 0.09549549549549549 0.253125 0.0990990990990991 0.2640625 0.0990990990990991 0.265625 0.1045045045045045 0.2765625 0.1045045045045045 0.278125 0.10990990990990991 0.2859375 0.10990990990990991 0.2875 0.11351351351351352 0.29375 0.11351351351351352 0.29375 0.1063063063063063 0.2984375 0.1045045045045045 0.2984375 0.08648648648648649 0.2953125 0.08648648648648649 0.29375 0.08288288288288288 0.2890625 0.08108108108108109 0.2890625 0.07207207207207207 0.28125 0.06666666666666667 0.28125 0.05765765765765766 0.275 0.05765765765765766 0.2734375 0.05405405405405406 0.2421875 0.05405405405405406 0.240625 0.05765765765765766 0.2203125 0.05765765765765766 0.21875 0.05405405405405406 0.2125 0.05405405405405406 0.2109375 0.04864864864864865 0.20625 0.04684684684684685 0.20625 0.043243243243243246 0.1953125 0.043243243243243246 0.1953125 0.04504504504504504 0.1953125 0.055855855855855854 0.2 0.05765765765765766
2 0.3453125 0.22162162162162163 0.34375 0.22522522522522523 0.3375 0.22522522522522523 0.3375 0.24864864864864866 0.340625 0.25045045045045045 0.340625 0.25765765765765763 0.34375 0.25765765765765763 0.3453125 0.26306306306306304 0.3484375 0.26306306306306304 0.353125 0.26846846846846845 0.353125 0.27207207207207207 0.3578125 0.27387387387387385 0.3578125 0.2774774774774775 0.3734375 0.2774774774774775 0.375 0.2810810810810811 0.3890625 0.2810810810810811 0.390625 0.2774774774774775 0.39375 0.2774774774774775 0.39375 0.2648648648648649 0.3890625 0.26306306306306304 0.3890625 0.22162162162162163 0.384375 0.21981981981981982 0.384375 0.21621621621621623 0.3625 0.21621621621621623 0.3625 0.218018018018018 0.3609375 0.22162162162162163 0.3453125 0.22162162162162163
2 0.7265625 0.14414414414414414 0.725 0.14954954954954955 0.71875 0.14954954954954955 0.7171875 0.15315315315315314 0.7140625 0.15315315315315314 0.7125 0.15855855855855855 0.70625 0.15855855855855855 0.7046875 0.16396396396396395 0.6984375 0.16396396396396395 0.696875 0.16756756756756758 0.6890625 0.16756756756756758 0.6890625 0.17117117117117117 0.6859375 0.17297297297297298 0.6859375 0.18018018018018017 0.6890625 0.18198198198198198 0.6890625 0.18558558558558558 0.7671875 0.18558558558558558 0.76875 0.19099099099099098 0.7828125 0.19099099099099098 0.784375 0.18558558558558558 0.8125 0.18558558558558558 0.8140625 0.18018018018018017 0.8171875 0.18018018018018017 0.8171875 0.16396396396396395 0.809375 0.16396396396396395 0.8078125 0.15855855855855855 0.8046875 0.15675675675675677 0.8046875 0.15315315315315314 0.796875 0.15315315315315314 0.7953125 0.14954954954954955 0.7890625 0.14954954954954955 0.7875 0.14414414414414414 0.784375 0.14414414414414414 0.7828125 0.14054054054054055 0.7390625 0.14054054054054055 0.7390625 0.14234234234234233 0.7375 0.14414414414414414 0.7265625 0.14414414414414414
2 0.59375 0.21621621621621623 0.59375 0.21981981981981982 0.5890625 0.22522522522522523 0.5859375 0.22522522522522523 0.584375 0.23063063063063063 0.578125 0.23063063063063063 0.578125 0.23423423423423423 0.5734375 0.23603603603603604 0.571875 0.23963963963963963 0.565625 0.23963963963963963 0.5640625 0.24504504504504504 0.55625 0.24504504504504504 0.5546875 0.25045045045045045 0.54375 0.25045045045045045 0.5421875 0.25405405405405407 0.5359375 0.25405405405405407 0.5359375 0.2774774774774775 0.5640625 0.2774774774774775 0.565625 0.27207207207207207 0.5765625 0.27207207207207207 0.578125 0.26666666666666666 0.584375 0.26666666666666666 0.5859375 0.26306306306306304 0.5921875 0.26306306306306304 0.5921875 0.2594594594594595 0.596875 0.25765765765765763 0.5984375 0.25225225225225223 0.6015625 0.25225225225225223 0.6046875 0.24864864864864866 0.60625 0.24324324324324326 0.609375 0.24324324324324326 0.609375 0.23603603603603604 0.6140625 0.23423423423423423 0.6140625 0.22162162162162163 0.6109375 0.22162162162162163 0.609375 0.21621621621621623 0.60625 0.21621621621621623 0.603125 0.21081081081081082 0.603125 0.2126126126126126 0.6015625 0.21621621621621623 0.59375 0.21621621621621623
2 0 0.5963963963963964 0.003125 0.5963963963963964 0.0046875 0.5927927927927928 0.0109375 0.5927927927927928 0.0125 0.5873873873873874 0.0234375 0.5873873873873874 0.0234375 0.5837837837837838 0.028125 0.581981981981982 0.0296875 0.5783783783783784 0.0328125 0.5783783783783784 0.034375 0.572972972972973 0.040625 0.572972972972973 0.0421875 0.5693693693693693 0.0453125 0.5693693693693693 0.0453125 0.5603603603603604 0.0484375 0.5585585585585585 0.0484375 0.5459459459459459 0.053125 0.5441441441441441 0.053125 0.5315315315315315 0.0484375 0.5297297297297298 0.0484375 0.5135135135135135 0.0453125 0.5117117117117117 0.0453125 0.5027027027027027 0.040625 0.5009009009009009 0.040625 0.4306306306306306 0.0375 0.4306306306306306 0.0359375 0.42702702702702705 0.0046875 0.42702702702702705 0.0046875 0.42882882882882883 0 0.4306306306306306 0 0.5963963963963964
2 0.3984375 0.1927927927927928 0.3984375 0.2774774774774775 0.4015625 0.2774774774774775 0.403125 0.2810810810810811 0.409375 0.2810810810810811 0.4109375 0.2864864864864865 0.41875 0.2864864864864865 0.4234375 0.2918918918918919 0.4234375 0.3009009009009009 0.4765625 0.3009009009009009 0.4765625 0.25045045045045045 0.471875 0.24864864864864866 0.471875 0.23963963963963963 0.46875 0.23783783783783785 0.46875 0.23063063063063063 0.465625 0.23063063063063063 0.4640625 0.22522522522522523 0.4609375 0.22522522522522523 0.45625 0.21981981981981982 0.45625 0.21621621621621623 0.4515625 0.21441441441441442 0.4515625 0.21081081081081082 0.4453125 0.21081081081081082 0.44375 0.2072072072072072 0.4359375 0.2072072072072072 0.434375 0.2018018018018018 0.4265625 0.2 0.4265625 0.1963963963963964 0.4203125 0.1963963963963964 0.41875 0.1927927927927928 0.4109375 0.1927927927927928 0.409375 0.1873873873873874 0.403125 0.1873873873873874 0.403125 0.1891891891891892 0.4015625 0.1927927927927928 0.3984375 0.1927927927927928
2 0.3515625 0.04864864864864865 0.3453125 0.04864864864864865 0.34375 0.05405405405405406 0.340625 0.05405405405405406 0.3375 0.05765765765765766 0.3375 0.06666666666666667 0.3328125 0.06846846846846846 0.3328125 0.11351351351351352 0.3375 0.11531531531531532 0.3375 0.11891891891891893 0.34375 0.11891891891891893 0.34375 0.11531531531531532 0.3515625 0.10990990990990991 0.353125 0.1045045045045045 0.35625 0.1045045045045045 0.3578125 0.0990990990990991 0.3609375 0.0990990990990991 0.3609375 0.0918918918918919 0.3640625 0.09009009009009009 0.3640625 0.08648648648648649 0.36875 0.08468468468468468 0.3703125 0.08108108108108109 0.3734375 0.08108108108108109 0.3734375 0.07747747747747748 0.3765625 0.07567567567567568 0.378125 0.07027027027027027 0.38125 0.07027027027027027 0.3828125 0.06666666666666667 0.3890625 0.06666666666666667 0.390625 0.06126126126126126 0.39375 0.06126126126126126 0.39375 0.05765765765765766 0.396875 0.055855855855855854 0.396875 0.043243243243243246 0.39375 0.03963963963963964 0.3625 0.03963963963963964 0.3625 0.04144144144144144 0.353125 0.043243243243243246 0.3515625 0.04864864864864865
1 0 0.6108108108108108 0.015625 0.6108108108108108 0.0171875 0.6162162162162163 0.0359375 0.6162162162162163 0.0375 0.6216216216216216 0.0609375 0.6216216216216216 0.0625 0.6252252252252253 0.0703125 0.6252252252252253 0.071875 0.6216216216216216 0.078125 0.6216216216216216 0.0796875 0.6162162162162163 0.0984375 0.6162162162162163 0.1 0.6108108108108108 0.1234375 0.6108108108108108 0.125 0.6072072072072072 0.140625 0.6072072072072072 0.14375 0.5981981981981982 0.1484375 0.5963963963963964 0.1484375 0.5891891891891892 0.1421875 0.5891891891891892 0.140625 0.5837837837837838 0.1375 0.5837837837837838 0.1359375 0.5801801801801801 0.13125 0.5783783783783784 0.13125 0.5657657657657658 0.128125 0.563963963963964 0.128125 0.5603603603603604 0.1234375 0.5585585585585585 0.1234375 0.5513513513513514 0.1125 0.5513513513513514 0.1109375 0.5459459459459459 0.103125 0.5441441441441441 0.1109375 0.5351351351351351 0.1109375 0.5225225225225225 0.1078125 0.5207207207207207 0.1078125 0.5135135135135135 0.1046875 0.5135135135135135 0.103125 0.5081081081081081 0.0984375 0.5063063063063064 0.0984375 0.5027027027027027 0.0953125 0.4990990990990991 0.090625 0.4972972972972973 0.090625 0.4936936936936937 0.0796875 0.4936936936936937 0.078125 0.4882882882882883 0.0546875 0.4882882882882883 0.053125 0.4846846846846847 0.0484375 0.4828828828828829 0.0484375 0.47927927927927927 0.0453125 0.4774774774774775 0.0453125 0.4702702702702703 0.040625 0.46846846846846846 0.040625 0.4306306306306306 0.0375 0.4306306306306306 0.0359375 0.42702702702702705 0.0296875 0.42702702702702705 0.028125 0.42162162162162165 0.021875 0.42162162162162165 0.021875 0.42342342342342343 0.0203125 0.42702702702702705 0.0046875 0.42702702702702705 0.003125 0.4306306306306306 0 0.4306306306306306 0 0.5117117117117117 0.003125 0.5117117117117117 0.0046875 0.5153153153153153 0 0.5171171171171172 0 0.6108108108108108
1 0 0.4252252252252252 0.0078125 0.4252252252252252 0.009375 0.4198198198198198 0.0203125 0.4198198198198198 0.025 0.41081081081081083 0.028125 0.41081081081081083 0.028125 0.3927927927927928 0.0234375 0.390990990990991 0.0234375 0.3837837837837838 0.0203125 0.38198198198198197 0.0203125 0.34054054054054056 0.0234375 0.3387387387387387 0.0234375 0.3027027027027027 0.028125 0.3009009009009009 0.028125 0.2882882882882883 0.0328125 0.2864864864864865 0.0328125 0.27927927927927926 0.028125 0.2774774774774775 0.028125 0.27387387387387385 0 0.27387387387387385 0 0.2756756756756757 0 0.4252252252252252
1 0.490625 0.0972972972972973 0.4890625 0.1009009009009009 0.4828125 0.1009009009009009 0.48125 0.1063063063063063 0.478125 0.1063063063063063 0.478125 0.11351351351351352 0.4734375 0.11531531531531532 0.4734375 0.11891891891891893 0.4703125 0.12072072072072072 0.46875 0.12612612612612611 0.4609375 0.12612612612612611 0.459375 0.12972972972972974 0.4484375 0.12972972972972974 0.446875 0.13513513513513514 0.4359375 0.13513513513513514 0.434375 0.14054054054054055 0.428125 0.14054054054054055 0.4265625 0.14414414414414414 0.4234375 0.14414414414414414 0.4234375 0.14774774774774774 0.41875 0.15315315315315314 0.415625 0.15315315315315314 0.415625 0.15675675675675677 0.4109375 0.15855855855855855 0.4109375 0.16216216216216217 0.4078125 0.16396396396396395 0.4109375 0.16756756756756758 0.4109375 0.17657657657657658 0.415625 0.1783783783783784 0.415625 0.18558558558558558 0.4203125 0.1873873873873874 0.4203125 0.19099099099099098 0.43125 0.19099099099099098 0.4328125 0.1945945945945946 0.44375 0.1945945945945946 0.4453125 0.2 0.45625 0.2 0.45625 0.1963963963963964 0.4609375 0.19099099099099098 0.4765625 0.19099099099099098 0.478125 0.18558558558558558 0.484375 0.18558558558558558 0.4859375 0.19099099099099098 0.4890625 0.19099099099099098 0.490625 0.1945945945945946 0.496875 0.1945945945945946 0.4984375 0.2 0.503125 0.2018018018018018 0.503125 0.20540540540540542 0.50625 0.209009009009009 0.5171875 0.209009009009009 0.51875 0.21441441441441442 0.5234375 0.21621621621621623 0.5234375 0.21981981981981982 0.528125 0.22162162162162163 0.528125 0.22882882882882882 0.53125 0.23063063063063063 0.53125 0.23783783783783785 0.5359375 0.23963963963963963 0.5359375 0.24324324324324326 0.559375 0.24324324324324326 0.5609375 0.23783783783783785 0.571875 0.23783783783783785 0.5734375 0.23423423423423423 0.5796875 0.23423423423423423 0.5796875 0.23063063063063063 0.584375 0.22882882882882882 0.5859375 0.22342342342342342 0.596875 0.22342342342342342 0.5984375 0.22882882882882882 0.609375 0.22882882882882882 0.6109375 0.23423423423423423 0.6140625 0.23423423423423423 0.615625 0.23783783783783785 0.60625 0.23963963963963963 0.60625 0.24864864864864866 0.6015625 0.25405405405405407 0.5984375 0.25405405405405407 0.596875 0.2594594594594595 0.59375 0.2594594594594595 0.59375 0.26666666666666666 0.590625 0.26846846846846845 0.590625 0.27207207207207207 0.59375 0.27387387387387385 0.59375 0.2810810810810811 0.590625 0.2828828828828829 0.590625 0.29009009009009007 0.596875 0.29009009009009007 0.5984375 0.2864864864864865 0.6140625 0.2864864864864865 0.6140625 0.27927927927927926 0.6171875 0.2774774774774775 0.6171875 0.26846846846846845 0.621875 0.26666666666666666 0.621875 0.2594594594594595 0.625 0.25765765765765763 0.625 0.25045045045045045 0.6296875 0.24864864864864866 0.63125 0.24324324324324326 0.634375 0.24324324324324326 0.634375 0.23603603603603604 0.6375 0.23423423423423423 0.6375 0.23063063063063063 0.646875 0.22882882882882882 0.646875 0.22522522522522523 0.6515625 0.21981981981981982 0.659375 0.21981981981981982 0.659375 0.21621621621621623 0.6625 0.21441441441441442 0.6625 0.1873873873873874 0.6671875 0.18558558558558558 0.6671875 0.18198198198198198 0.6640625 0.18198198198198198 0.6625 0.1783783783783784 0.6484375 0.1783783783783784 0.646875 0.17297297297297298 0.6421875 0.17117117117117117 0.6421875 0.16396396396396395 0.6359375 0.16396396396396395 0.634375 0.15855855855855855 0.6296875 0.15675675675675677 0.6296875 0.15315315315315314 0.5984375 0.15315315315315314 0.596875 0.15855855855855855 0.578125 0.15855855855855855 0.5765625 0.15315315315315314 0.565625 0.15315315315315314 0.5640625 0.14954954954954955 0.553125 0.14954954954954955 0.5515625 0.14414414414414414 0.5484375 0.14414414414414414 0.546875 0.14054054054054055 0.540625 0.14054054054054055 0.5390625 0.13513513513513514 0.528125 0.13513513513513514 0.5265625 0.12972972972972974 0.5234375 0.12972972972972974 0.521875 0.12612612612612611 0.5171875 0.12432432432432433 0.5171875 0.1063063063063063 0.5140625 0.1045045045045045 0.5140625 0.0918918918918919 0.509375 0.09009009009009009 0.509375 0.08648648648648649 0.4984375 0.08648648648648649 0.4984375 0.08828828828828829 0.49375 0.0972972972972973 0.490625 0.0972972972972973
1 0.9765625 0 0.9765625 0.0018018018018018018 0.9765625 0.02702702702702703 0.9796875 0.02882882882882883 0.9796875 0.032432432432432434 0.984375 0.03423423423423423 0.984375 0.04144144144144144 0.9890625 0.043243243243243246 0.9921875 0.05225225225225225 0.9984375 0.05225225225225225 0.9984375 0 0.9765625 0
1 0 0.4252252252252252 0.0078125 0.4252252252252252 0.009375 0.4198198198198198 0.0203125 0.4198198198198198 0.025 0.41081081081081083 0.028125 0.41081081081081083 0.028125 0.3981981981981982 0.0234375 0.3963963963963964 0.0234375 0.3783783783783784 0.0203125 0.37657657657657656 0.0203125 0.34054054054054056 0.0234375 0.3387387387387387 0.025 0.3333333333333333 0.028125 0.3333333333333333 0.028125 0.3063063063063063 0.0328125 0.3045045045045045 0.0328125 0.2828828828828829 0.0359375 0.2810810810810811 0.0359375 0.27387387387387385 0.040625 0.27207207207207207 0.040625 0.2594594594594595 0.0453125 0.25765765765765763 0.0453125 0.24504504504504504 0.0484375 0.24324324324324326 0.0484375 0.22522522522522523 0.0453125 0.22342342342342342 0.0453125 0.21081081081081082 0.040625 0.209009009009009 0.040625 0.2018018018018018 0.0359375 0.2 0.0359375 0.1963963963963964 0.0328125 0.1927927927927928 0.025 0.1927927927927928 0.0234375 0.1873873873873874 0 0.1873873873873874 0 0.1891891891891892 0 0.4252252252252252
1 0 0.7891891891891892 0.0078125 0.7891891891891892 0.0109375 0.7801801801801802 0.015625 0.7783783783783784 0.0171875 0.7747747747747747 0.0203125 0.7747747747747747 0.0203125 0.7711711711711712 0.0234375 0.7693693693693694 0.025 0.7639639639639639 0.0328125 0.7639639639639639 0.034375 0.7603603603603604 0.040625 0.7603603603603604 0.040625 0.7567567567567568 0.0453125 0.7549549549549549 0.0453125 0.7513513513513513 0.0484375 0.7495495495495496 0.0484375 0.7423423423423423 0.053125 0.7405405405405405 0.0546875 0.7351351351351352 0.0578125 0.7351351351351352 0.0578125 0.7225225225225225 0.0609375 0.7207207207207207 0.0609375 0.7135135135135136 0.065625 0.7117117117117117 0.065625 0.6810810810810811 0.0609375 0.6792792792792792 0.0609375 0.6522522522522523 0.0578125 0.6504504504504505 0.0578125 0.6378378378378379 0.0546875 0.6378378378378379 0.053125 0.6324324324324324 0.0484375 0.6306306306306306 0.0484375 0.6270270270270271 0.0453125 0.6234234234234234 0.034375 0.6234234234234234 0.0328125 0.618018018018018 0.0171875 0.618018018018018 0.015625 0.6126126126126126 0 0.6126126126126126 0 0.6144144144144145 0 0.7891891891891892
1 0.109375 0 0.109375 0.0018018018018018018 0.109375 0.009009009009009009 0.1125 0.010810810810810811 0.1125 0.018018018018018018 0.1171875 0.01981981981981982 0.1171875 0.02702702702702703 0.1203125 0.02702702702702703 0.121875 0.032432432432432434 0.125 0.03423423423423423 0.125 0.04144144144144144 0.128125 0.04144144144144144 0.1296875 0.04684684684684685 0.1328125 0.04864864864864865 0.1328125 0.05225225225225225 0.1375 0.05405405405405406 0.1375 0.06126126126126126 0.140625 0.06126126126126126 0.1421875 0.06666666666666667 0.15 0.07207207207207207 0.15 0.07567567567567568 0.1546875 0.07747747747747748 0.1546875 0.08108108108108109 0.1578125 0.08468468468468468 0.1625 0.08648648648648649 0.1625 0.09009009009009009 0.1671875 0.0918918918918919 0.1671875 0.0990990990990991 0.203125 0.0990990990990991 0.2046875 0.09549549549549549 0.21875 0.09549549549549549 0.2203125 0.09009009009009009 0.2234375 0.09009009009009009 0.2234375 0.08288288288288288 0.21875 0.08108108108108109 0.21875 0.07747747747747748 0.2125 0.07747747747747748 0.2109375 0.07207207207207207 0.2046875 0.07207207207207207 0.203125 0.06846846846846846 0.1984375 0.06666666666666667 0.1984375 0.05765765765765766 0.19375 0.055855855855855854 0.19375 0.04864864864864865 0.1984375 0.04684684684684685 0.2 0.04144144144144144 0.20625 0.04144144144144144 0.2078125 0.04684684684684685 0.2125 0.04864864864864865 0.2125 0.05225225225225225 0.228125 0.05225225225225225 0.2296875 0.055855855855855854 0.2359375 0.055855855855855854 0.2375 0.05225225225225225 0.26875 0.05225225225225225 0.26875 0.04864864864864865 0.2734375 0.04684684684684685 0.275 0.04144144144144144 0.28125 0.04144144144144144 0.2828125 0.03783783783783784 0.2890625 0.03783783783783784 0.290625 0.04144144144144144 0.2984375 0.04144144144144144 0.3 0.04684684684684685 0.303125 0.04864864864864865 0.303125 0.05225225225225225 0.3109375 0.05225225225225225 0.3125 0.055855855855855854 0.31875 0.055855855855855854 0.3203125 0.06126126126126126 0.3265625 0.06126126126126126 0.328125 0.055855855855855854 0.33125 0.055855855855855854 0.33125 0.04864864864864865 0.3359375 0.04684684684684685 0.3359375 0.014414414414414415 0.33125 0.012612612612612612 0.33125 0 0.1796875 0 0.178125 0.005405405405405406 0.1625 0.005405405405405406 0.1609375 0 0.109375 0
1 0.7640625 0 0.7640625 0.0018018018018018018 0.7640625 0.012612612612612612 0.759375 0.014414414414414415 0.759375 0.03783783783783784 0.7671875 0.04144144144144144 0.76875 0.04684684684684685 0.771875 0.04864864864864865 0.771875 0.05225225225225225 0.775 0.05225225225225225 0.7765625 0.055855855855855854 0.7828125 0.055855855855855854 0.784375 0.06126126126126126 0.7953125 0.06126126126126126 0.796875 0.055855855855855854 0.8046875 0.05225225225225225 0.8046875 0.04864864864864865 0.8078125 0.04684684684684685 0.809375 0.04144144144144144 0.8125 0.04144144144144144 0.8140625 0.03783783783783784 0.8203125 0.03783783783783784 0.8203125 0.03423423423423423 0.825 0.032432432432432434 0.8265625 0.02702702702702703 0.8328125 0.02702702702702703 0.834375 0.023423423423423424 0.8671875 0.023423423423423424 0.871875 0.02882882882882883 0.871875 0.032432432432432434 0.878125 0.032432432432432434 0.8796875 0.03783783783783784 0.8828125 0.03783783783783784 0.884375 0.04144144144144144 0.8890625 0.043243243243243246 0.8921875 0.05225225225225225 0.896875 0.05405405405405406 0.896875 0.06126126126126126 0.9015625 0.06306306306306306 0.9015625 0.06666666666666667 0.9046875 0.07027027027027027 0.915625 0.07027027027027027 0.9171875 0.06666666666666667 0.9203125 0.06666666666666667 0.9203125 0.05765765765765766 0.925 0.055855855855855854 0.925 0.02882882882882883 0.928125 0.02702702702702703 0.928125 0 0.7640625 0
1 0.9140625 0.5711711711711712 0.9125 0.5747747747747748 0.9046875 0.5747747747747748 0.903125 0.5801801801801801 0.896875 0.5801801801801801 0.8953125 0.5837837837837838 0.8921875 0.5837837837837838 0.8921875 0.5873873873873874 0.8890625 0.5891891891891892 0.8875 0.5945945945945946 0.8796875 0.5981981981981982 0.8796875 0.6072072072072072 0.8765625 0.609009009009009 0.8765625 0.6162162162162163 0.871875 0.618018018018018 0.871875 0.6252252252252253 0.86875 0.6270270270270271 0.86875 0.6360360360360361 0.8640625 0.6378378378378379 0.8625 0.6468468468468469 0.859375 0.6468468468468469 0.859375 0.6594594594594595 0.85625 0.6612612612612613 0.85625 0.6684684684684684 0.8515625 0.6702702702702703 0.8515625 0.7207207207207207 0.85625 0.7225225225225225 0.85625 0.7495495495495496 0.859375 0.7513513513513513 0.859375 0.7603603603603604 0.8640625 0.7621621621621621 0.8640625 0.7693693693693694 0.86875 0.7711711711711712 0.86875 0.7747747747747747 0.875 0.7747747747747747 0.8796875 0.7801801801801802 0.8796875 0.7891891891891892 0.8875 0.7891891891891892 0.8921875 0.7945945945945946 0.8921875 0.7981981981981981 0.903125 0.7981981981981981 0.9046875 0.8036036036036036 0.915625 0.8036036036036036 0.9171875 0.8072072072072072 0.925 0.8072072072072072 0.9265625 0.8126126126126126 0.9375 0.8126126126126126 0.9390625 0.818018018018018 0.9625 0.818018018018018 0.9640625 0.8216216216216217 0.9875 0.8216216216216217 0.9890625 0.827027027027027 0.9984375 0.827027027027027 0.9984375 0.8054054054054054 0.9953125 0.8036036036036036 0.9953125 0.7711711711711712 0.9984375 0.7693693693693694 0.9984375 0.6378378378378379 0.9953125 0.6360360360360361 0.9953125 0.6324324324324324 0.9890625 0.6324324324324324 0.9875 0.6270270270270271 0.984375 0.6270270270270271 0.9828125 0.6234234234234234 0.9765625 0.6234234234234234 0.975 0.618018018018018 0.9703125 0.6162162162162163 0.9703125 0.6126126126126126 0.9671875 0.6126126126126126 0.9625 0.6072072072072072 0.9625 0.5945945945945946 0.9578125 0.5927927927927928 0.9578125 0.5747747747747748 0.953125 0.572972972972973 0.953125 0.5657657657657658 0.9390625 0.5657657657657658 0.9390625 0.5675675675675675 0.9375 0.5711711711711712 0.9140625 0.5711711711711712
1 0.3828125 0.7117117117117117 0.378125 0.7135135135135136 0.378125 0.745945945945946 0.375 0.7477477477477478 0.378125 0.7513513513513513 0.378125 0.7549549549549549 0.3828125 0.7567567567567568 0.3828125 0.8072072072072072 0.3859375 0.809009009009009 0.3859375 0.8216216216216217 0.3890625 0.8216216216216217 0.390625 0.827027027027027 0.3953125 0.8288288288288288 0.3953125 0.836036036036036 0.3984375 0.8378378378378378 0.3984375 0.8414414414414414 0.4015625 0.8414414414414414 0.403125 0.8468468468468469 0.4078125 0.8486486486486486 0.4078125 0.8558558558558559 0.415625 0.8612612612612612 0.415625 0.8648648648648649 0.4203125 0.8666666666666667 0.4203125 0.8702702702702703 0.4265625 0.8702702702702703 0.428125 0.8738738738738738 0.4328125 0.8756756756756757 0.4328125 0.8792792792792793 0.4640625 0.8792792792792793 0.465625 0.8738738738738738 0.46875 0.8738738738738738 0.471875 0.8702702702702703 0.471875 0.8612612612612612 0.4765625 0.8594594594594595 0.4765625 0.8486486486486486 0.48125 0.8468468468468469 0.48125 0.8342342342342343 0.484375 0.8324324324324325 0.484375 0.809009009009009 0.4765625 0.8036036036036036 0.4765625 0.8 0.4703125 0.8 0.46875 0.790990990990991 0.465625 0.790990990990991 0.4640625 0.7855855855855856 0.4609375 0.7855855855855856 0.459375 0.7801801801801802 0.4515625 0.7747747747747747 0.4515625 0.7711711711711712 0.446875 0.7693693693693694 0.446875 0.7657657657657657 0.44375 0.7621621621621621 0.4390625 0.7603603603603604 0.4390625 0.7567567567567568 0.434375 0.7549549549549549 0.434375 0.7513513513513513 0.43125 0.7477477477477478 0.4265625 0.745945945945946 0.4265625 0.736936936936937 0.4234375 0.736936936936937 0.41875 0.7315315315315315 0.41875 0.7279279279279279 0.4140625 0.7261261261261261 0.4140625 0.7189189189189189 0.4109375 0.7189189189189189 0.40625 0.7099099099099099 0.4015625 0.7081081081081081 0.4015625 0.7045045045045045 0.396875 0.7027027027027027 0.396875 0.6990990990990991 0.390625 0.6990990990990991 0.3890625 0.6954954954954955 0.3859375 0.6954954954954955 0.3859375 0.6972972972972973 0.3828125 0.6990990990990991 0.3828125 0.7117117117117117
1 0.971875 0.35495495495495494 0.971875 0.35855855855855856 0.9765625 0.36036036036036034 0.9765625 0.3675675675675676 0.971875 0.36936936936936937 0.9703125 0.3747747747747748 0.9671875 0.3747747747747748 0.9671875 0.3963963963963964 0.9640625 0.3981981981981982 0.9640625 0.40540540540540543 0.959375 0.4072072072072072 0.959375 0.4198198198198198 0.9546875 0.42162162162162165 0.9546875 0.4486486486486487 0.959375 0.45045045045045046 0.959375 0.45765765765765765 0.9546875 0.4594594594594595 0.9546875 0.4720720720720721 0.959375 0.47387387387387386 0.959375 0.4774774774774775 0.9546875 0.47927927927927927 0.9546875 0.4828828828828829 0.959375 0.4846846846846847 0.959375 0.5063063063063064 0.9546875 0.5081081081081081 0.9546875 0.5117117117117117 0.959375 0.5135135135135135 0.959375 0.572972972972973 0.9640625 0.5747747747747748 0.9640625 0.6018018018018018 0.9671875 0.6036036036036037 0.9671875 0.6072072072072072 0.9703125 0.6072072072072072 0.971875 0.6108108108108108 0.9765625 0.6126126126126126 0.9796875 0.6216216216216216 0.9828125 0.6216216216216216 0.984375 0.6252252252252253 0.9984375 0.6252252252252253 0.9984375 0.34594594594594597 0.984375 0.34594594594594597 0.984375 0.34774774774774775 0.9828125 0.35495495495495494 0.971875 0.35495495495495494
1 0 0.9945945945945946 0.003125 0.9945945945945946 0.0046875 0.9981981981981982 0.0828125 0.9981981981981982 0.0859375 0.9945945945945946 0.0875 0.9981981981981982 0.2609375 0.9981981981981982 0.2609375 0.990990990990991 0.2578125 0.990990990990991 0.25625 0.9873873873873874 0.2515625 0.9855855855855856 0.2515625 0.9765765765765766 0.24375 0.9711711711711711 0.24375 0.9585585585585585 0.240625 0.9567567567567568 0.240625 0.9477477477477477 0.2359375 0.9459459459459459 0.2359375 0.9243243243243243 0.23125 0.9225225225225225 0.23125 0.9153153153153153 0.228125 0.9135135135135135 0.228125 0.9045045045045045 0.2203125 0.9009009009009009 0.21875 0.8954954954954955 0.215625 0.8936936936936937 0.215625 0.8900900900900901 0.2125 0.8900900900900901 0.2109375 0.8864864864864865 0.20625 0.8846846846846846 0.20625 0.8810810810810811 0.203125 0.8792792792792793 0.203125 0.872072072072072 0.1953125 0.872072072072072 0.19375 0.8666666666666667 0.190625 0.8648648648648649 0.190625 0.8612612612612612 0.1828125 0.8576576576576577 0.178125 0.8486486486486486 0.1703125 0.8486486486486486 0.16875 0.8432432432432433 0.1625 0.8432432432432433 0.1609375 0.8378378378378378 0.1546875 0.8378378378378378 0.153125 0.8342342342342343 0.1453125 0.8342342342342343 0.14375 0.8288288288288288 0.1375 0.8288288288288288 0.1359375 0.8234234234234235 0.1328125 0.8234234234234235 0.13125 0.8198198198198198 0.125 0.8198198198198198 0.1234375 0.8144144144144144 0.1171875 0.8144144144144144 0.115625 0.8198198198198198 0.109375 0.8198198198198198 0.1078125 0.8234234234234235 0.096875 0.8234234234234235 0.0953125 0.8198198198198198 0.0921875 0.8198198198198198 0.090625 0.8144144144144144 0.0953125 0.8126126126126126 0.096875 0.8072072072072072 0.1078125 0.8072072072072072 0.1078125 0.8054054054054054 0.1 0.8054054054054054 0.0984375 0.7945945945945946 0.0953125 0.790990990990991 0.0859375 0.7891891891891892 0.0875 0.7837837837837838 0.090625 0.7837837837837838 0.090625 0.7801801801801802 0.0875 0.7801801801801802 0.0828125 0.7747747747747747 0.0828125 0.7711711711711712 0.075 0.7711711711711712 0.075 0.772972972972973 0.0734375 0.7765765765765765 0.0671875 0.7765765765765765 0.065625 0.7801801801801802 0.0625 0.7801801801801802 0.0625 0.7837837837837838 0.059375 0.7855855855855856 0.0578125 0.790990990990991 0.05 0.7945945945945946 0.05 0.8036036036036036 0.046875 0.8054054054054054 0.046875 0.8126126126126126 0.0421875 0.8144144144144144 0.040625 0.8198198198198198 0.0375 0.8198198198198198 0.034375 0.8234234234234235 0.0328125 0.8288288288288288 0.021875 0.8288288288288288 0.0203125 0.8378378378378378 0.009375 0.8378378378378378 0.0078125 0.836036036036036 0.0109375 0.8324324324324325 0.0109375 0.8288288288288288 0.0078125 0.827027027027027 0.0078125 0.8234234234234235 0.0109375 0.8198198198198198 0.0078125 0.818018018018018 0.0078125 0.8144144144144144 0.0046875 0.8144144144144144 0.0046875 0.8414414414414414 0 0.8432432432432433 0 0.9945945945945946
1 0.4359375 0 0.4359375 0.0018018018018018018 0.4328125 0.005405405405405406 0.4328125 0.023423423423423424 0.428125 0.025225225225225224 0.428125 0.04684684684684685 0.4328125 0.04864864864864865 0.4328125 0.06666666666666667 0.4359375 0.06846846846846846 0.4359375 0.1045045045045045 0.44375 0.1045045045045045 0.4484375 0.11351351351351352 0.4640625 0.11351351351351352 0.465625 0.10990990990990991 0.471875 0.10990990990990991 0.471875 0.1063063063063063 0.4765625 0.1045045045045045 0.478125 0.0990990990990991 0.484375 0.0990990990990991 0.4859375 0.09549549549549549 0.4890625 0.09549549549549549 0.4890625 0.0918918918918919 0.49375 0.09009009009009009 0.49375 0.08648648648648649 0.496875 0.08468468468468468 0.496875 0.07747747747747748 0.5015625 0.07567567567567568 0.5015625 0 0.4359375 0
1 0.0046875 0 0.0046875 0.0018018018018018018 0.0046875 0.009009009009009009 0 0.010810810810810811 0 0.08108108108108109 0.003125 0.08108108108108109 0.0046875 0.08468468468468468 0 0.08648648648648649 0 0.17657657657657658 0.015625 0.17657657657657658 0.0171875 0.18018018018018017 0.0328125 0.18018018018018017 0.034375 0.18558558558558558 0.0375 0.1873873873873874 0.0375 0.19099099099099098 0.0453125 0.19099099099099098 0.05 0.1963963963963964 0.05 0.2 0.065625 0.2 0.0671875 0.1945945945945946 0.078125 0.1945945945945946 0.0796875 0.19099099099099098 0.0828125 0.19099099099099098 0.0828125 0.18198198198198198 0.0875 0.17657657657657658 0.090625 0.17657657657657658 0.090625 0.17297297297297298 0.0953125 0.17117117117117117 0.0953125 0.16756756756756758 0.0984375 0.16576576576576577 0.0984375 0.15855855855855855 0.103125 0.15675675675675677 0.103125 0.15315315315315314 0.1109375 0.14774774774774774 0.1125 0.14234234234234233 0.1203125 0.13873873873873874 0.1203125 0.13513513513513514 0.1234375 0.13333333333333333 0.1234375 0.0972972972972973 0.1203125 0.09549549549549549 0.1203125 0.05405405405405406 0.115625 0.05225225225225225 0.115625 0.043243243243243246 0.1109375 0.04144144144144144 0.1109375 0.03423423423423423 0.1078125 0.032432432432432434 0.1078125 0.01981981981981982 0.103125 0.018018018018018018 0.103125 0.010810810810810811 0.0984375 0.009009009009009009 0.0953125 0 0.0046875 0
1 0.340625 0 0.340625 0.0018018018018018018 0.340625 0.009009009009009009 0.34375 0.009009009009009009 0.3453125 0.012612612612612612 0.35 0.014414414414414415 0.353125 0.023423423423423424 0.3609375 0.023423423423423424 0.3625 0.02702702702702703 0.3765625 0.02702702702702703 0.378125 0.032432432432432434 0.39375 0.032432432432432434 0.3953125 0.03423423423423423 0.3953125 0.03783783783783784 0.3984375 0.03963963963963964 0.3984375 0.04684684684684685 0.403125 0.04864864864864865 0.403125 0.07027027027027027 0.4078125 0.07207207207207207 0.4109375 0.08108108108108109 0.4140625 0.08108108108108109 0.415625 0.08468468468468468 0.4203125 0.08648648648648649 0.4234375 0.09549549549549549 0.4265625 0.09549549549549549 0.428125 0.0990990990990991 0.4328125 0.1009009009009009 0.4328125 0.10990990990990991 0.4390625 0.10990990990990991 0.440625 0.11351351351351352 0.4640625 0.11351351351351352 0.465625 0.10990990990990991 0.471875 0.10990990990990991 0.471875 0.1063063063063063 0.4765625 0.1045045045045045 0.478125 0.0990990990990991 0.484375 0.0990990990990991 0.4859375 0.09549549549549549 0.4890625 0.09549549549549549 0.4890625 0.0918918918918919 0.49375 0.09009009009009009 0.49375 0.08648648648648649 0.496875 0.08468468468468468 0.496875 0.07747747747747748 0.5015625 0.07567567567567568 0.5015625 0 0.4328125 0 0.4328125 0.0036036036036036037 0.428125 0.005405405405405406 0.4265625 0 0.340625 0
1 0.2328125 0.5225225225225225 0.23125 0.527927927927928 0.225 0.527927927927928 0.2234375 0.5315315315315315 0.2171875 0.5315315315315315 0.2171875 0.5351351351351351 0.2125 0.5369369369369369 0.2109375 0.5423423423423424 0.2046875 0.5423423423423424 0.203125 0.5459459459459459 0.2 0.5459459459459459 0.1984375 0.5513513513513514 0.1953125 0.5513513513513514 0.1953125 0.563963963963964 0.1921875 0.5657657657657658 0.1921875 0.5693693693693693 0.1875 0.5711711711711712 0.1859375 0.5747747747747748 0.1828125 0.5747747747747748 0.18125 0.5801801801801801 0.1703125 0.5801801801801801 0.16875 0.5837837837837838 0.1625 0.5837837837837838 0.1609375 0.5891891891891892 0.1578125 0.5891891891891892 0.1578125 0.5963963963963964 0.1546875 0.5981981981981982 0.153125 0.6036036036036037 0.15 0.6036036036036037 0.1484375 0.609009009009009 0.1421875 0.609009009009009 0.140625 0.6126126126126126 0.121875 0.6126126126126126 0.1203125 0.618018018018018 0.1 0.618018018018018 0.0984375 0.6234234234234234 0.0875 0.6234234234234234 0.0859375 0.6270270270270271 0.0796875 0.6270270270270271 0.078125 0.6324324324324324 0.075 0.6324324324324324 0.075 0.645045045045045 0.071875 0.6468468468468469 0.071875 0.6738738738738739 0.075 0.6756756756756757 0.075 0.7027027027027027 0.0796875 0.7045045045045045 0.0796875 0.7207207207207207 0.084375 0.7225225225225225 0.084375 0.7315315315315315 0.0921875 0.736936936936937 0.0921875 0.745945945945946 0.0953125 0.745945945945946 0.1 0.7513513513513513 0.1 0.7603603603603604 0.103125 0.7603603603603604 0.1046875 0.7639639639639639 0.109375 0.7657657657657657 0.109375 0.7693693693693694 0.1125 0.7711711711711712 0.1125 0.7783783783783784 0.115625 0.7783783783783784 0.1171875 0.7837837837837838 0.121875 0.7855855855855856 0.121875 0.7891891891891892 0.125 0.7927927927927928 0.1296875 0.7945945945945946 0.1296875 0.8036036036036036 0.1375 0.809009009009009 0.1375 0.8126126126126126 0.1421875 0.8144144144144144 0.1421875 0.818018018018018 0.1484375 0.818018018018018 0.15 0.8216216216216217 0.1546875 0.8234234234234235 0.1546875 0.827027027027027 0.1609375 0.827027027027027 0.1625 0.8324324324324325 0.16875 0.8324324324324325 0.1703125 0.836036036036036 0.1734375 0.836036036036036 0.175 0.8414414414414414 0.1796875 0.8432432432432433 0.1796875 0.8468468468468469 0.1859375 0.8468468468468469 0.1875 0.8504504504504504 0.190625 0.8504504504504504 0.1921875 0.8558558558558559 0.2 0.8612612612612612 0.2 0.8648648648648649 0.2046875 0.8666666666666667 0.2046875 0.8702702702702703 0.2078125 0.8738738738738738 0.2125 0.8756756756756757 0.2125 0.8792792792792793 0.2171875 0.8810810810810811 0.2171875 0.8846846846846846 0.2203125 0.8882882882882883 0.225 0.8900900900900901 0.225 0.8936936936936937 0.23125 0.8936936936936937 0.2328125 0.8990990990990991 0.2359375 0.8990990990990991 0.2375 0.9027027027027027 0.24375 0.9027027027027027 0.2453125 0.9081081081081082 0.2515625 0.9081081081081082 0.253125 0.9135135135135135 0.2640625 0.9135135135135135 0.265625 0.9171171171171171 0.29375 0.9171171171171171 0.2953125 0.9225225225225225 0.3265625 0.9225225225225225 0.328125 0.9171171171171171 0.3359375 0.9171171171171171 0.3375 0.9135135135135135 0.34375 0.9135135135135135 0.3453125 0.9081081081081082 0.3515625 0.9081081081081082 0.3515625 0.9045045045045045 0.35625 0.9027027027027027 0.3578125 0.8990990990990991 0.3640625 0.8990990990990991 0.3640625 0.8900900900900901 0.36875 0.8882882882882883 0.36875 0.8810810810810811 0.3734375 0.8792792792792793 0.3734375 0.8756756756756757 0.3765625 0.8738738738738738 0.3765625 0.8666666666666667 0.38125 0.8648648648648649 0.38125 0.8576576576576577 0.3765625 0.8558558558558559 0.3765625 0.8342342342342343 0.3734375 0.8324324324324325 0.3734375 0.809009009009009 0.36875 0.8072072072072072 0.36875 0.7567567567567568 0.3640625 0.7549549549549549 0.3640625 0.69009009009009 0.3609375 0.6882882882882883 0.3609375 0.6702702702702703 0.35625 0.6684684684684684 0.35625 0.6612612612612613 0.353125 0.6612612612612613 0.3515625 0.6558558558558558 0.3484375 0.654054054054054 0.3484375 0.6468468468468469 0.34375 0.645045045045045 0.34375 0.6378378378378379 0.3390625 0.6360360360360361 0.3390625 0.6270270270270271 0.3359375 0.6252252252252253 0.3359375 0.618018018018018 0.3328125 0.618018018018018 0.33125 0.6126126126126126 0.3265625 0.6108108108108108 0.3265625 0.5981981981981982 0.3234375 0.5963963963963964 0.3234375 0.5837837837837838 0.31875 0.581981981981982 0.31875 0.5711711711711712 0.315625 0.5711711711711712 0.3140625 0.5657657657657658 0.3109375 0.563963963963964 0.3109375 0.5567567567567567 0.30625 0.554954954954955 0.30625 0.5423423423423424 0.3015625 0.5405405405405406 0.3015625 0.5315315315315315 0.2984375 0.527927927927928 0.2875 0.527927927927928 0.2859375 0.5225225225225225 0.275 0.5225225225225225 0.2734375 0.5171171171171172 0.253125 0.5171171171171172 0.253125 0.518918918918919 0.2515625 0.5225225225225225 0.2328125 0.5225225225225225
1 0.8390625 0.8054054054054054 0.8390625 0.818018018018018 0.83125 0.8198198198198198 0.83125 0.8324324324324325 0.8265625 0.8342342342342343 0.825 0.8378378378378378 0.821875 0.8378378378378378 0.821875 0.8414414414414414 0.81875 0.8432432432432433 0.81875 0.8504504504504504 0.8140625 0.8522522522522522 0.8140625 0.8594594594594595 0.809375 0.8612612612612612 0.809375 0.8702702702702703 0.8046875 0.8756756756756757 0.8015625 0.8756756756756757 0.8 0.8810810810810811 0.796875 0.8810810810810811 0.796875 0.8882882882882883 0.79375 0.8900900900900901 0.79375 0.8936936936936937 0.7890625 0.8954954954954955 0.7875 0.9009009009009009 0.784375 0.9009009009009009 0.78125 0.9045045045045045 0.78125 0.9171171171171171 0.7953125 0.9171171171171171 0.796875 0.9225225225225225 0.8296875 0.9225225225225225 0.83125 0.9171171171171171 0.8578125 0.9171171171171171 0.859375 0.9135135135135135 0.8625 0.9135135135135135 0.8640625 0.9171171171171171 0.875 0.9171171171171171 0.8765625 0.9225225225225225 0.8953125 0.9225225225225225 0.896875 0.9171171171171171 0.9125 0.9171171171171171 0.9140625 0.9225225225225225 0.975 0.9225225225225225 0.975 0.918918918918919 0.978125 0.9171171171171171 0.9796875 0.9225225225225225 0.990625 0.9225225225225225 0.9921875 0.9279279279279279 0.9953125 0.9279279279279279 0.9953125 0.9243243243243243 0.9984375 0.9225225225225225 0.9984375 0.8378378378378378 0.9953125 0.8342342342342343 0.9890625 0.8342342342342343 0.9875 0.8288288288288288 0.9546875 0.8288288288288288 0.953125 0.8234234234234235 0.9296875 0.8234234234234235 0.925 0.818018018018018 0.925 0.8144144144144144 0.9140625 0.8144144144144144 0.9125 0.809009009009009 0.9015625 0.809009009009009 0.9 0.8054054054054054 0.871875 0.8054054054054054 0.8703125 0.8 0.85625 0.8 0.8546875 0.8054054054054054 0.8515625 0.8054054054054054 0.85 0.8 0.84375 0.8 0.84375 0.8018018018018018 0.8421875 0.8054054054054054 0.8390625 0.8054054054054054
1 0.8265625 0.03423423423423423 0.8265625 0.03783783783783784 0.821875 0.03963963963963964 0.8171875 0.04864864864864865 0.8140625 0.04864864864864865 0.8125 0.05405405405405406 0.809375 0.05405405405405406 0.80625 0.05765765765765766 0.8046875 0.06306306306306306 0.8015625 0.06306306306306306 0.8015625 0.07027027027027027 0.796875 0.07207207207207207 0.796875 0.07567567567567568 0.79375 0.07747747747747748 0.79375 0.08468468468468468 0.7890625 0.08648648648648649 0.7875 0.0918918918918919 0.784375 0.0918918918918919 0.7828125 0.0972972972972973 0.7796875 0.09549549549549549 0.7796875 0.0918918918918919 0.775 0.09009009009009009 0.775 0.08648648648648649 0.771875 0.08648648648648649 0.7671875 0.08108108108108109 0.7671875 0.07207207207207207 0.7625 0.07027027027027027 0.7625 0.06306306306306306 0.75625 0.06306306306306306 0.7546875 0.05765765765765766 0.75 0.055855855855855854 0.75 0.04864864864864865 0.74375 0.04864864864864865 0.7421875 0.043243243243243246 0.7390625 0.043243243243243246 0.734375 0.03783783783783784 0.734375 0.03423423423423423 0.71875 0.03423423423423423 0.71875 0.04684684684684685 0.7140625 0.04864864864864865 0.7125 0.05405405405405406 0.70625 0.05405405405405406 0.7046875 0.06306306306306306 0.69375 0.06306306306306306 0.69375 0.07027027027027027 0.6890625 0.07207207207207207 0.6859375 0.08108108108108109 0.68125 0.08288288288288288 0.6796875 0.08648648648648649 0.6765625 0.08648648648648649 0.6765625 0.09009009009009009 0.6734375 0.0918918918918919 0.671875 0.0972972972972973 0.6640625 0.1009009009009009 0.6640625 0.10990990990990991 0.6609375 0.11171171171171171 0.6609375 0.13873873873873874 0.6640625 0.14054054054054055 0.6640625 0.15135135135135136 0.66875 0.15315315315315314 0.66875 0.16216216216216217 0.675 0.16216216216216217 0.6765625 0.16576576576576577 0.6796875 0.16576576576576577 0.68125 0.17117117117117117 0.6859375 0.17297297297297298 0.6859375 0.17657657657657658 0.696875 0.17657657657657658 0.6984375 0.18018018018018017 0.7046875 0.18018018018018017 0.70625 0.18558558558558558 0.7375 0.18558558558558558 0.7390625 0.19099099099099098 0.7375 0.1927927927927928 0.69375 0.1927927927927928 0.6921875 0.1963963963963964 0.6890625 0.1963963963963964 0.6890625 0.2 0.6859375 0.2018018018018018 0.684375 0.2072072072072072 0.68125 0.2072072072072072 0.6796875 0.21081081081081082 0.6734375 0.21081081081081082 0.6734375 0.21441441441441442 0.66875 0.21621621621621623 0.6671875 0.22162162162162163 0.6609375 0.22162162162162163 0.659375 0.22522522522522523 0.65625 0.22522522522522523 0.65625 0.22882882882882882 0.6515625 0.23063063063063063 0.6515625 0.23423423423423423 0.646875 0.23963963963963963 0.64375 0.23963963963963963 0.6421875 0.24504504504504504 0.6390625 0.24504504504504504 0.6390625 0.24864864864864866 0.6359375 0.25045045045045045 0.6359375 0.25765765765765763 0.63125 0.2594594594594595 0.6296875 0.2648648648648649 0.6265625 0.2648648648648649 0.6265625 0.27207207207207207 0.6234375 0.27387387387387385 0.6234375 0.2810810810810811 0.61875 0.2828828828828829 0.61875 0.29009009009009007 0.615625 0.2918918918918919 0.615625 0.3441441441441441 0.61875 0.34594594594594597 0.61875 0.35855855855855856 0.6234375 0.36036036036036034 0.6234375 0.372972972972973 0.6265625 0.3747747747747748 0.6265625 0.38198198198198197 0.63125 0.3837837837837838 0.63125 0.4018018018018018 0.6359375 0.4036036036036036 0.6359375 0.43963963963963965 0.6390625 0.44144144144144143 0.6390625 0.46846846846846846 0.64375 0.4702702702702703 0.64375 0.4864864864864865 0.6484375 0.4882882882882883 0.6484375 0.5153153153153153 0.6515625 0.5171171171171172 0.6515625 0.5351351351351351 0.65625 0.5369369369369369 0.65625 0.5495495495495496 0.6609375 0.5513513513513514 0.6609375 0.5585585585585585 0.6640625 0.5603603603603604 0.6640625 0.5693693693693693 0.66875 0.5711711711711712 0.66875 0.5783783783783784 0.6734375 0.5801801801801801 0.6734375 0.5873873873873874 0.6765625 0.5891891891891892 0.6765625 0.5963963963963964 0.6796875 0.5963963963963964 0.68125 0.6018018018018018 0.6859375 0.6036036036036037 0.6859375 0.6108108108108108 0.6890625 0.6126126126126126 0.6890625 0.6252252252252253 0.69375 0.6270270270270271 0.69375 0.6396396396396397 0.6984375 0.6414414414414414 0.6984375 0.654054054054054 0.7015625 0.6558558558558558 0.7015625 0.6594594594594595 0.70625 0.6612612612612613 0.70625 0.6792792792792792 0.7109375 0.6810810810810811 0.7109375 0.6936936936936937 0.7140625 0.6954954954954955 0.7140625 0.7027027027027027 0.71875 0.7045045045045045 0.71875 0.7117117117117117 0.7234375 0.7135135135135136 0.7234375 0.7207207207207207 0.7265625 0.7225225225225225 0.7265625 0.7261261261261261 0.73125 0.7279279279279279 0.73125 0.7315315315315315 0.734375 0.7315315315315315 0.7390625 0.736936936936937 0.7390625 0.7405405405405405 0.7546875 0.7405405405405405 0.75625 0.745945945945946 0.7625 0.745945945945946 0.7640625 0.7405405405405405 0.7828125 0.7405405405405405 0.784375 0.745945945945946 0.7953125 0.745945945945946 0.7953125 0.7423423423423423 0.8 0.7405405405405405 0.8 0.736936936936937 0.8078125 0.7315315315315315 0.809375 0.7261261261261261 0.8125 0.7261261261261261 0.8140625 0.7207207207207207 0.8171875 0.7207207207207207 0.8203125 0.7171171171171171 0.821875 0.7117117117117117 0.825 0.7117117117117117 0.825 0.7045045045045045 0.8296875 0.7027027027027027 0.8296875 0.6954954954954955 0.8328125 0.6936936936936937 0.8328125 0.6846846846846847 0.8375 0.6828828828828829 0.8375 0.6756756756756757 0.8421875 0.6738738738738739 0.8421875 0.6702702702702703 0.8453125 0.6684684684684684 0.8453125 0.6612612612612613 0.85 0.6594594594594595 0.85 0.6468468468468469 0.8546875 0.645045045045045 0.8546875 0.6378378378378379 0.8578125 0.6360360360360361 0.8578125 0.6270270270270271 0.8625 0.6252252252252253 0.8625 0.618018018018018 0.8671875 0.6162162162162163 0.8671875 0.609009009009009 0.8703125 0.6072072072072072 0.8703125 0.6036036036036037 0.875 0.6018018018018018 0.875 0.5945945945945946 0.878125 0.5927927927927928 0.878125 0.5837837837837838 0.8828125 0.581981981981982 0.884375 0.572972972972973 0.8875 0.572972972972973 0.8875 0.5657657657657658 0.890625 0.563963963963964 0.890625 0.5567567567567567 0.8953125 0.554954954954955 0.8953125 0.5459459459459459 0.903125 0.5405405405405406 0.903125 0.527927927927928 0.9078125 0.5261261261261261 0.9078125 0.5171171171171172 0.915625 0.5117117117117117 0.915625 0.5027027027027027 0.9203125 0.5009009009009009 0.9203125 0.4882882882882883 0.925 0.4864864864864865 0.925 0.47927927927927927 0.928125 0.4774774774774775 0.928125 0.4702702702702703 0.9328125 0.46846846846846846 0.9328125 0.45585585585585586 0.9375 0.4540540540540541 0.9375 0.44144144144144143 0.940625 0.43963963963963965 0.940625 0.4306306306306306 0.9453125 0.42882882882882883 0.946875 0.4198198198198198 0.95 0.4198198198198198 0.95 0.4036036036036036 0.953125 0.4018018018018018 0.953125 0.3927927927927928 0.9578125 0.390990990990991 0.9578125 0.36936936936936937 0.9625 0.3675675675675676 0.9625 0.34594594594594597 0.965625 0.3441441441441441 0.965625 0.34054054054054056 0.9625 0.3387387387387387 0.9625 0.3117117117117117 0.9578125 0.3099099099099099 0.9578125 0.2918918918918919 0.953125 0.29009009009009007 0.953125 0.26846846846846845 0.95 0.26666666666666666 0.95 0.25405405405405407 0.9453125 0.25225225225225223 0.9453125 0.24504504504504504 0.940625 0.24324324324324326 0.940625 0.23603603603603604 0.9375 0.23423423423423423 0.9375 0.23063063063063063 0.934375 0.23063063063063063 0.9328125 0.22522522522522523 0.9296875 0.22522522522522523 0.925 0.21981981981981982 0.925 0.21621621621621623 0.9203125 0.21441441441441442 0.9203125 0.21081081081081082 0.909375 0.21081081081081082 0.9078125 0.2072072072072072 0.896875 0.2072072072072072 0.8953125 0.2018018018018018 0.871875 0.2018018018018018 0.8703125 0.1963963963963964 0.8515625 0.1963963963963964 0.85 0.1945945945945946 0.8515625 0.19099099099099098 0.8546875 0.19099099099099098 0.85625 0.18558558558558558 0.8625 0.18558558558558558 0.8640625 0.19099099099099098 0.8703125 0.19099099099099098 0.871875 0.18558558558558558 0.8875 0.18558558558558558 0.8890625 0.19099099099099098 0.8953125 0.19099099099099098 0.896875 0.18558558558558558 0.903125 0.18558558558558558 0.903125 0.1783783783783784 0.9078125 0.17657657657657658 0.909375 0.17117117117117117 0.9140625 0.17297297297297298 0.9140625 0.18018018018018017 0.9171875 0.17657657657657658 0.9203125 0.17657657657657658 0.9203125 0.16396396396396395 0.909375 0.16396396396396395 0.9078125 0.16756756756756758 0.9046875 0.16756756756756758 0.903125 0.17297297297297298 0.896875 0.17297297297297298 0.8953125 0.16756756756756758 0.8921875 0.16756756756756758 0.890625 0.1783783783783784 0.8765625 0.1783783783783784 0.875 0.17297297297297298 0.86875 0.17297297297297298 0.8671875 0.16756756756756758 0.8625 0.16576576576576577 0.8640625 0.16216216216216217 0.8671875 0.16216216216216217 0.86875 0.15675675675675677 0.8765625 0.15855855855855855 0.8765625 0.16576576576576577 0.8796875 0.16216216216216217 0.8953125 0.16216216216216217 0.8953125 0.15315315315315314 0.8796875 0.15315315315315314 0.878125 0.15135135135135136 0.8796875 0.14234234234234233 0.890625 0.14234234234234233 0.890625 0.13513513513513514 0.8796875 0.13513513513513514 0.878125 0.12972972972972974 0.871875 0.12972972972972974 0.8703125 0.12612612612612611 0.875 0.12432432432432433 0.875 0.12072072072072072 0.859375 0.12072072072072072 0.8546875 0.1063063063063063 0.83125 0.1063063063063063 0.8296875 0.1009009009009009 0.825 0.0990990990990991 0.825 0.0918918918918919 0.8296875 0.09009009009009009 0.83125 0.08468468468468468 0.8421875 0.08468468468468468 0.84375 0.09009009009009009 0.85 0.09009009009009009 0.8515625 0.08468468468468468 0.8578125 0.08468468468468468 0.859375 0.09009009009009009 0.8625 0.09009009009009009 0.8640625 0.08468468468468468 0.878125 0.08468468468468468 0.8796875 0.08108108108108109 0.8875 0.08108108108108109 0.8875 0.07747747747747748 0.8828125 0.07567567567567568 0.8828125 0.07207207207207207 0.890625 0.07027027027027027 0.890625 0.05765765765765766 0.8828125 0.05225225225225225 0.8828125 0.04864864864864865 0.878125 0.04684684684684685 0.878125 0.043243243243243246 0.875 0.03963963963963964 0.8703125 0.03783783783783784 0.8671875 0.02882882882882883 0.834375 0.02882882882882883 0.834375 0.03063063063063063 0.8328125 0.03423423423423423 0.8265625 0.03423423423423423
1 0 0.7891891891891892 0.0078125 0.7891891891891892 0.0078125 0.7855855855855856 0.0109375 0.7837837837837838 0.0125 0.7783783783783784 0.0203125 0.7783783783783784 0.025 0.7693693693693694 0.028125 0.7693693693693694 0.0296875 0.7639639639639639 0.0359375 0.7639639639639639 0.0375 0.7603603603603604 0.0578125 0.7603603603603604 0.0578125 0.7513513513513513 0.0609375 0.7495495495495496 0.0609375 0.736936936936937 0.065625 0.7351351351351352 0.0609375 0.7315315315315315 0.0609375 0.7225225225225225 0.0703125 0.7207207207207207 0.0703125 0.69009009009009 0.065625 0.6882882882882883 0.065625 0.6756756756756757 0.0609375 0.6738738738738739 0.0609375 0.6378378378378379 0.0578125 0.6360360360360361 0.0578125 0.6324324324324324 0.053125 0.6306306306306306 0.053125 0.6270270270270271 0.0453125 0.6252252252252253 0.0453125 0.618018018018018 0.0484375 0.6162162162162163 0.05 0.6216216216216216 0.0734375 0.6216216216216216 0.075 0.6162162162162163 0.0859375 0.6162162162162163 0.0875 0.6108108108108108 0.0984375 0.6108108108108108 0.1 0.6072072072072072 0.13125 0.6072072072072072 0.1328125 0.6018018018018018 0.140625 0.6018018018018018 0.140625 0.5981981981981982 0.14375 0.5945945945945946 0.140625 0.5927927927927928 0.140625 0.5891891891891892 0.1296875 0.5891891891891892 0.128125 0.5837837837837838 0.1171875 0.5837837837837838 0.115625 0.5801801801801801 0.1 0.5801801801801801 0.0984375 0.5783783783783784 0.0984375 0.5711711711711712 0.0953125 0.5693693693693693 0.0953125 0.5603603603603604 0.090625 0.5585585585585585 0.090625 0.5459459459459459 0.0953125 0.5441441441441441 0.0953125 0.5369369369369369 0.0984375 0.5351351351351351 0.0984375 0.527927927927928 0.103125 0.5261261261261261 0.103125 0.5135135135135135 0.0984375 0.5117117117117117 0.0953125 0.5027027027027027 0.0921875 0.5027027027027027 0.090625 0.4990990990990991 0.084375 0.4990990990990991 0.0828125 0.4936936936936937 0.0546875 0.4936936936936937 0.053125 0.4882882882882883 0.046875 0.4882882882882883 0.0453125 0.4846846846846847 0.040625 0.4828828828828829 0.040625 0.436036036036036 0.0359375 0.43423423423423424 0.0359375 0.4306306306306306 0.0328125 0.42702702702702705 0.0046875 0.42702702702702705 0.0046875 0.42882882882882883 0 0.4306306306306306 0 0.7891891891891892
1 0.9421875 0.02882882882882883 0.9390625 0.03783783783783784 0.934375 0.03963963963963964 0.934375 0.05225225225225225 0.9375 0.05225225225225225 0.9390625 0.055855855855855854 0.9453125 0.055855855855855854 0.946875 0.06666666666666667 0.9515625 0.06846846846846846 0.95 0.07207207207207207 0.946875 0.07207207207207207 0.946875 0.08108108108108109 0.9421875 0.08288288288288288 0.9421875 0.09009009009009009 0.9390625 0.0918918918918919 0.9390625 0.09549549549549549 0.934375 0.0972972972972973 0.934375 0.1045045045045045 0.9296875 0.1063063063063063 0.9296875 0.10990990990990991 0.9328125 0.10990990990990991 0.934375 0.11351351351351352 0.9390625 0.11531531531531532 0.9390625 0.11891891891891893 0.9421875 0.11351351351351352 0.9625 0.11351351351351352 0.9640625 0.11891891891891893 0.9671875 0.12072072072072072 0.9671875 0.12792792792792793 0.971875 0.12972972972972974 0.971875 0.13333333333333333 0.978125 0.13333333333333333 0.9796875 0.12792792792792793 0.9875 0.12792792792792793 0.9875 0.11531531531531532 0.990625 0.11351351351351352 0.990625 0.0918918918918919 0.9953125 0.09009009009009009 0.9953125 0.05405405405405406 0.9921875 0.05405405405405406 0.990625 0.04864864864864865 0.9875 0.04684684684684685 0.9875 0.043243243243243246 0.9828125 0.04144144144144144 0.9828125 0.03423423423423423 0.978125 0.032432432432432434 0.978125 0.02882882882882883 0.975 0.025225225225225224 0.9546875 0.025225225225225224 0.9546875 0.02702702702702703 0.953125 0.02882882882882883 0.9421875 0.02882882882882883
1 0.4734375 0.8756756756756757 0.4734375 0.8792792792792793 0.4703125 0.8810810810810811 0.46875 0.8864864864864865 0.465625 0.8864864864864865 0.465625 0.8990990990990991 0.4578125 0.9045045045045045 0.4578125 0.9225225225225225 0.453125 0.9243243243243243 0.4515625 0.9297297297297298 0.4484375 0.9297297297297298 0.4484375 0.9369369369369369 0.4453125 0.9387387387387387 0.44375 0.9441441441441442 0.440625 0.9441441441441442 0.440625 0.9513513513513514 0.4359375 0.9531531531531532 0.4359375 0.9603603603603603 0.4328125 0.9621621621621622 0.4328125 0.9855855855855856 0.4359375 0.9873873873873874 0.4359375 0.9981981981981982 0.446875 0.9981981981981982 0.4484375 0.9891891891891892 0.4640625 0.9891891891891892 0.465625 0.9855855855855856 0.46875 0.9855855855855856 0.46875 0.9765765765765766 0.4734375 0.9711711711711711 0.4765625 0.9711711711711711 0.4765625 0.9621621621621622 0.484375 0.9567567567567568 0.484375 0.9477477477477477 0.4890625 0.9459459459459459 0.490625 0.9369369369369369 0.49375 0.9369369369369369 0.49375 0.9243243243243243 0.4890625 0.9225225225225225 0.4890625 0.8810810810810811 0.484375 0.8792792792792793 0.484375 0.8666666666666667 0.4828125 0.8666666666666667 0.4828125 0.8684684684684685 0.4765625 0.8756756756756757 0.4734375 0.8756756756756757
1 0.9671875 0.1873873873873874 0.965625 0.1927927927927928 0.9546875 0.1927927927927928 0.953125 0.1963963963963964 0.946875 0.1963963963963964 0.946875 0.2 0.9421875 0.2018018018018018 0.9421875 0.20540540540540542 0.9390625 0.2072072072072072 0.9390625 0.22342342342342342 0.9421875 0.22522522522522523 0.9421875 0.23423423423423423 0.9453125 0.23423423423423423 0.946875 0.23783783783783785 0.9515625 0.23963963963963963 0.9515625 0.24864864864864866 0.959375 0.25405405405405407 0.959375 0.2774774774774775 0.9640625 0.27927927927927926 0.9640625 0.2954954954954955 0.9671875 0.2972972972972973 0.9671875 0.3333333333333333 0.971875 0.33513513513513515 0.971875 0.3621621621621622 0.9671875 0.36396396396396397 0.9671875 0.38738738738738737 0.9640625 0.3891891891891892 0.9640625 0.4018018018018018 0.959375 0.4036036036036036 0.959375 0.4198198198198198 0.9546875 0.42162162162162165 0.9546875 0.42882882882882883 0.9515625 0.4306306306306306 0.9515625 0.4540540540540541 0.9546875 0.45585585585585586 0.9546875 0.4720720720720721 0.959375 0.47387387387387386 0.959375 0.563963963963964 0.9640625 0.5657657657657658 0.9640625 0.5963963963963964 0.9671875 0.5981981981981982 0.9671875 0.6072072072072072 0.975 0.6108108108108108 0.9765625 0.6162162162162163 0.9828125 0.6162162162162163 0.984375 0.6216216216216216 0.990625 0.6216216216216216 0.9921875 0.6252252252252253 0.9984375 0.6252252252252253 0.9984375 0.4306306306306306 0.9953125 0.42882882882882883 0.9953125 0.418018018018018 0.9984375 0.41621621621621624 0.9984375 0.33153153153153153 0.9953125 0.32972972972972975 0.9953125 0.3261261261261261 0.9984375 0.32432432432432434 0.9984375 0.1873873873873874 0.9953125 0.18558558558558558 0.9953125 0.18198198198198198 0.9765625 0.18198198198198198 0.9765625 0.1837837837837838 0.975 0.1873873873873874 0.9671875 0.1873873873873874
1 0.909375 0.8342342342342343 0.9078125 0.8378378378378378 0.9046875 0.8378378378378378 0.9015625 0.8342342342342343 0.9015625 0.8468468468468469 0.9 0.8486486486486486 0.8921875 0.8522522522522522 0.8890625 0.8486486486486486 0.8875 0.8522522522522522 0.8796875 0.8522522522522522 0.8796875 0.8558558558558559 0.8828125 0.8558558558558559 0.884375 0.8594594594594595 0.8890625 0.8612612612612612 0.8890625 0.8702702702702703 0.8953125 0.8702702702702703 0.896875 0.8738738738738738 0.9015625 0.8756756756756757 0.9015625 0.8990990990990991 0.896875 0.9009009009009009 0.896875 0.9135135135135135 0.8921875 0.9171171171171171 0.9 0.9135135135135135 0.9015625 0.9171171171171171 0.9125 0.9171171171171171 0.9140625 0.9225225225225225 0.978125 0.9225225225225225 0.9796875 0.9279279279279279 0.990625 0.9279279279279279 0.9921875 0.9315315315315316 0.9953125 0.9315315315315316 0.9984375 0.9279279279279279 0.9984375 0.8378378378378378 0.990625 0.8324324324324325 0.990625 0.8288288288288288 0.959375 0.8288288288288288 0.9578125 0.8234234234234235 0.9140625 0.8234234234234235 0.9140625 0.8252252252252252 0.9140625 0.8324324324324325 0.909375 0.8342342342342343
1 0.2453125 0.9441441441441442 0.2453125 0.9567567567567568 0.25 0.9585585585585585 0.25 0.9657657657657658 0.253125 0.9675675675675676 0.253125 0.9711711711711711 0.25625 0.9711711711711711 0.2578125 0.9747747747747748 0.2640625 0.9747747747747748 0.265625 0.9801801801801802 0.2734375 0.9801801801801802 0.275 0.9855855855855856 0.278125 0.9801801801801802 0.2859375 0.9801801801801802 0.2859375 0.9765765765765766 0.2890625 0.9747747747747748 0.2890625 0.9477477477477477 0.29375 0.9459459459459459 0.29375 0.9243243243243243 0.2703125 0.9243243243243243 0.26875 0.918918918918919 0.253125 0.918918918918919 0.2515625 0.9153153153153153 0.2421875 0.9153153153153153 0.2421875 0.9171171171171171 0.2421875 0.9423423423423424 0.2453125 0.9441441441441442
1 0.9640625 0.1873873873873874 0.9625 0.1927927927927928 0.9515625 0.1927927927927928 0.95 0.1963963963963964 0.9421875 0.1963963963963964 0.9421875 0.20540540540540542 0.9375 0.21081081081081082 0.934375 0.21081081081081082 0.934375 0.21981981981981982 0.9390625 0.22162162162162163 0.9390625 0.22882882882882882 0.9421875 0.23063063063063063 0.9421875 0.23423423423423423 0.946875 0.23603603603603604 0.946875 0.24324324324324326 0.95 0.24324324324324326 0.9515625 0.24864864864864866 0.9546875 0.25045045045045045 0.9546875 0.25765765765765763 0.959375 0.2594594594594595 0.959375 0.2774774774774775 0.9640625 0.27927927927927926 0.9640625 0.2954954954954955 0.9671875 0.2972972972972973 0.9671875 0.31891891891891894 0.971875 0.3207207207207207 0.971875 0.3387387387387387 0.9765625 0.34054054054054056 0.975 0.34594594594594597 0.971875 0.34594594594594597 0.971875 0.35315315315315315 0.9765625 0.35495495495495494 0.9765625 0.35855855855855856 0.9828125 0.35855855855855856 0.984375 0.34774774774774775 0.990625 0.34774774774774775 0.9921875 0.3441441441441441 0.9984375 0.3441441441441441 0.9984375 0.33513513513513515 0.9953125 0.3333333333333333 0.9953125 0.3171171171171171 0.9984375 0.3153153153153153 0.9984375 0.18198198198198198 0.971875 0.18198198198198198 0.971875 0.1837837837837838 0.9703125 0.1873873873873874 0.9640625 0.1873873873873874
1 0.3859375 0.8666666666666667 0.3859375 0.8738738738738738 0.3828125 0.8756756756756757 0.3828125 0.8792792792792793 0.378125 0.8810810810810811 0.378125 0.8846846846846846 0.3734375 0.8900900900900901 0.3703125 0.8900900900900901 0.36875 0.8954954954954955 0.365625 0.8954954954954955 0.365625 0.8990990990990991 0.3609375 0.9045045045045045 0.353125 0.9045045045045045 0.3515625 0.9099099099099099 0.340625 0.9099099099099099 0.340625 0.9135135135135135 0.3359375 0.918918918918919 0.3328125 0.918918918918919 0.33125 0.9243243243243243 0.3078125 0.9243243243243243 0.30625 0.9297297297297298 0.3 0.9297297297297298 0.2984375 0.9333333333333333 0.2953125 0.9333333333333333 0.2953125 0.9459459459459459 0.290625 0.9477477477477477 0.290625 0.9981981981981982 0.33125 0.9981981981981982 0.3328125 0.9945945945945946 0.34375 0.9945945945945946 0.3453125 0.9981981981981982 0.396875 0.9981981981981982 0.3984375 0.9945945945945946 0.4015625 0.9945945945945946 0.403125 0.9891891891891892 0.40625 0.9891891891891892 0.409375 0.9855855855855856 0.4109375 0.9801801801801802 0.4140625 0.9801801801801802 0.415625 0.9747747747747748 0.41875 0.9747747747747748 0.421875 0.9711711711711711 0.4234375 0.9657657657657658 0.4265625 0.9657657657657658 0.428125 0.9603603603603603 0.43125 0.9603603603603603 0.43125 0.9477477477477477 0.434375 0.9459459459459459 0.434375 0.9387387387387387 0.4390625 0.9369369369369369 0.4390625 0.9153153153153153 0.434375 0.9135135135135135 0.434375 0.9009009009009009 0.43125 0.8990990990990991 0.43125 0.8900900900900901 0.4234375 0.8864864864864865 0.421875 0.8810810810810811 0.41875 0.8792792792792793 0.41875 0.8756756756756757 0.415625 0.8756756756756757 0.4140625 0.872072072072072 0.409375 0.8702702702702703 0.40625 0.8612612612612612 0.390625 0.8612612612612612 0.390625 0.863063063063063 0.3890625 0.8666666666666667 0.3859375 0.8666666666666667
1 0.3984375 0.22162162162162163 0.3984375 0.26306306306306304 0.396875 0.2648648648648649 0.3890625 0.26306306306306304 0.3890625 0.23603603603603604 0.384375 0.23423423423423423 0.384375 0.22162162162162163 0.365625 0.22162162162162163 0.3640625 0.22522522522522523 0.3453125 0.22522522522522523 0.34375 0.23063063063063063 0.340625 0.23063063063063063 0.340625 0.24864864864864866 0.34375 0.24864864864864866 0.3453125 0.25225225225225223 0.3515625 0.25225225225225223 0.353125 0.25765765765765763 0.3578125 0.2594594594594595 0.3578125 0.26666666666666666 0.3640625 0.26666666666666666 0.365625 0.27207207207207207 0.3703125 0.27387387387387385 0.3703125 0.2774774774774775 0.365625 0.27927927927927926 0.3640625 0.2828828828828829 0.3609375 0.27927927927927926 0.353125 0.27927927927927926 0.3515625 0.2828828828828829 0.325 0.2828828828828829 0.3234375 0.2882882882882883 0.315625 0.2882882882882883 0.3140625 0.27927927927927926 0.3125 0.27927927927927926 0.3109375 0.2882882882882883 0.3 0.2882882882882883 0.303125 0.2918918918918919 0.303125 0.2954954954954955 0.3078125 0.2972972972972973 0.3078125 0.3009009009009009 0.3140625 0.3009009009009009 0.315625 0.3045045045045045 0.3203125 0.3063063063063063 0.3203125 0.31891891891891894 0.3234375 0.31891891891891894 0.325 0.32432432432432434 0.328125 0.3261261261261261 0.328125 0.3333333333333333 0.325 0.33513513513513515 0.3234375 0.34054054054054056 0.3203125 0.34054054054054056 0.3203125 0.34774774774774775 0.315625 0.34954954954954953 0.3125 0.35855855855855856 0.3078125 0.36036036036036034 0.3078125 0.3675675675675676 0.303125 0.36936936936936937 0.303125 0.38198198198198197 0.3 0.3837837837837838 0.2984375 0.3891891891891892 0.2953125 0.3891891891891892 0.2953125 0.4018018018018018 0.290625 0.4036036036036036 0.290625 0.43423423423423424 0.2953125 0.436036036036036 0.2953125 0.46846846846846846 0.3 0.4702702702702703 0.3 0.4972972972972973 0.303125 0.4990990990990991 0.303125 0.5261261261261261 0.3078125 0.527927927927928 0.3078125 0.5441441441441441 0.3109375 0.5441441441441441 0.3125 0.5495495495495496 0.315625 0.5513513513513514 0.315625 0.554954954954955 0.3203125 0.5567567567567567 0.3203125 0.5693693693693693 0.325 0.5711711711711712 0.325 0.581981981981982 0.328125 0.5837837837837838 0.328125 0.5927927927927928 0.3328125 0.5945945945945946 0.3328125 0.6018018018018018 0.3375 0.6036036036036037 0.3375 0.6108108108108108 0.340625 0.6126126126126126 0.340625 0.6216216216216216 0.34375 0.6216216216216216 0.3453125 0.6252252252252253 0.35 0.6270270270270271 0.35 0.6360360360360361 0.3578125 0.6414414414414414 0.3578125 0.6504504504504505 0.3609375 0.6504504504504505 0.365625 0.6558558558558558 0.365625 0.6648648648648648 0.36875 0.6648648648648648 0.3703125 0.6684684684684684 0.3765625 0.6684684684684684 0.378125 0.6738738738738739 0.3828125 0.6756756756756757 0.3828125 0.6792792792792792 0.3859375 0.6828828828828829 0.390625 0.6846846846846847 0.390625 0.6882882882882883 0.396875 0.6882882882882883 0.3984375 0.6936936936936937 0.403125 0.6954954954954955 0.403125 0.7027027027027027 0.40625 0.7027027027027027 0.4078125 0.7081081081081081 0.4109375 0.7099099099099099 0.4109375 0.7171171171171171 0.4140625 0.7171171171171171 0.415625 0.7207207207207207 0.4203125 0.7225225225225225 0.4203125 0.7315315315315315 0.428125 0.736936936936937 0.428125 0.745945945945946 0.434375 0.745945945945946 0.4359375 0.7495495495495496 0.4390625 0.7495495495495496 0.440625 0.7549549549549549 0.4453125 0.7567567567567568 0.4453125 0.7603603603603604 0.4484375 0.7639639639639639 0.453125 0.7657657657657657 0.453125 0.7747747747747747 0.45625 0.7747747747747747 0.4609375 0.7801801801801802 0.4609375 0.7837837837837838 0.465625 0.7855855855855856 0.465625 0.7891891891891892 0.471875 0.7891891891891892 0.4734375 0.7927927927927928 0.478125 0.7945945945945946 0.478125 0.7981981981981981 0.484375 0.7981981981981981 0.4859375 0.8036036036036036 0.49375 0.8036036036036036 0.4953125 0.8072072072072072 0.5296875 0.8072072072072072 0.53125 0.8036036036036036 0.534375 0.8036036036036036 0.5359375 0.7981981981981981 0.5390625 0.7981981981981981 0.5390625 0.7945945945945946 0.54375 0.7891891891891892 0.5515625 0.7891891891891892 0.5515625 0.7855855855855856 0.5546875 0.7837837837837838 0.55625 0.7783783783783784 0.5640625 0.7747747747747747 0.5671875 0.7657657657657657 0.571875 0.7639639639639639 0.571875 0.7567567567567568 0.5765625 0.7549549549549549 0.5765625 0.7513513513513513 0.5796875 0.7495495495495496 0.5796875 0.736936936936937 0.584375 0.7351351351351352 0.584375 0.7099099099099099 0.5890625 0.7081081081081081 0.5890625 0.6846846846846847 0.5921875 0.6828828828828829 0.5921875 0.6756756756756757 0.596875 0.6738738738738739 0.596875 0.6612612612612613 0.6015625 0.6594594594594595 0.6015625 0.6414414414414414 0.6046875 0.6396396396396397 0.6046875 0.6270270270270271 0.609375 0.6252252252252253 0.6109375 0.6162162162162163 0.6140625 0.6162162162162163 0.6140625 0.5981981981981982 0.6171875 0.5963963963963964 0.6171875 0.5747747747747748 0.621875 0.572972972972973 0.621875 0.5567567567567567 0.625 0.554954954954955 0.625 0.5135135135135135 0.6296875 0.5117117117117117 0.6296875 0.42702702702702705 0.625 0.4252252252252252 0.625 0.3981981981981982 0.621875 0.3963963963963964 0.621875 0.3747747747747748 0.6171875 0.372972972972973 0.6171875 0.36396396396396397 0.6140625 0.3621621621621622 0.6140625 0.34954954954954953 0.609375 0.34774774774774775 0.609375 0.34054054054054056 0.6046875 0.3387387387387387 0.6046875 0.3207207207207207 0.6015625 0.31891891891891894 0.6015625 0.3117117117117117 0.596875 0.3099099099099099 0.596875 0.3063063063063063 0.590625 0.3063063063063063 0.5890625 0.3027027027027027 0.5859375 0.3027027027027027 0.584375 0.2972972972972973 0.5796875 0.2954954954954955 0.5796875 0.2918918918918919 0.5734375 0.2918918918918919 0.571875 0.2882882882882883 0.565625 0.2882882882882883 0.5640625 0.2828828828828829 0.54375 0.2828828828828829 0.5421875 0.2810810810810811 0.54375 0.27207207207207207 0.5546875 0.27207207207207207 0.55625 0.26666666666666666 0.5640625 0.26666666666666666 0.5640625 0.25405405405405407 0.55625 0.25045045045045045 0.5546875 0.25405405405405407 0.5484375 0.25405405405405407 0.546875 0.2594594594594595 0.540625 0.2594594594594595 0.5390625 0.2648648648648649 0.53125 0.2648648648648649 0.5296875 0.2594594594594595 0.5265625 0.25765765765765763 0.5265625 0.25405405405405407 0.51875 0.25405405405405407 0.5171875 0.25045045045045045 0.490625 0.25045045045045045 0.4890625 0.25405405405405407 0.478125 0.25405405405405407 0.4765625 0.24504504504504504 0.4734375 0.24504504504504504 0.471875 0.23963963963963963 0.4640625 0.23423423423423423 0.4640625 0.23063063063063063 0.459375 0.22882882882882882 0.459375 0.22522522522522523 0.45625 0.22162162162162163 0.4515625 0.21981981981981982 0.4515625 0.21621621621621623 0.4453125 0.21621621621621623 0.44375 0.21081081081081082 0.4359375 0.21081081081081082 0.43125 0.20540540540540542 0.43125 0.2018018018018018 0.4234375 0.2018018018018018 0.421875 0.1963963963963964 0.4109375 0.1963963963963964 0.409375 0.1927927927927928 0.403125 0.1927927927927928 0.403125 0.1945945945945946 0.403125 0.21981981981981982 0.3984375 0.22162162162162163
1 0.50625 0 0.50625 0.0018018018018018018 0.50625 0.07027027027027027 0.5109375 0.07207207207207207 0.5109375 0.08108108108108109 0.515625 0.08288288288288288 0.515625 0.09009009009009009 0.51875 0.0918918918918919 0.51875 0.0990990990990991 0.5234375 0.1009009009009009 0.5234375 0.11351351351351352 0.528125 0.11531531531531532 0.528125 0.12432432432432433 0.5359375 0.12972972972972974 0.5359375 0.13333333333333333 0.5421875 0.13333333333333333 0.54375 0.13873873873873874 0.5515625 0.13873873873873874 0.553125 0.14234234234234233 0.5640625 0.14234234234234233 0.565625 0.14774774774774774 0.5796875 0.14774774774774774 0.58125 0.15135135135135136 0.5921875 0.15135135135135136 0.59375 0.14774774774774774 0.6140625 0.14774774774774774 0.615625 0.14234234234234233 0.6375 0.14234234234234233 0.6390625 0.13873873873873874 0.6421875 0.13873873873873874 0.6421875 0.12972972972972974 0.646875 0.12792792792792793 0.646875 0.12072072072072072 0.65 0.11891891891891893 0.65 0.11171171171171171 0.6546875 0.10990990990990991 0.6546875 0.1009009009009009 0.6625 0.09549549549549549 0.6625 0.08648648648648649 0.6671875 0.08468468468468468 0.66875 0.08108108108108109 0.671875 0.08108108108108109 0.675 0.07207207207207207 0.6796875 0.07027027027027027 0.6796875 0.06306306306306306 0.684375 0.06126126126126126 0.684375 0.05765765765765766 0.6890625 0.05225225225225225 0.696875 0.05225225225225225 0.696875 0.04864864864864865 0.7 0.04684684684684685 0.7015625 0.04144144144144144 0.709375 0.03783783783783784 0.709375 0.025225225225225224 0.7125 0.023423423423423424 0.7125 0.014414414414414415 0.7140625 0.012612612612612612 0.7296875 0.012612612612612612 0.73125 0.018018018018018018 0.7359375 0.01981981981981982 0.7359375 0.023423423423423424 0.7421875 0.023423423423423424 0.74375 0.02702702702702703 0.746875 0.02702702702702703 0.75 0.023423423423423424 0.75 0.01981981981981982 0.7546875 0.018018018018018018 0.7546875 0.014414414414414415 0.7578125 0.012612612612612612 0.7578125 0 0.615625 0 0.6140625 0.005405405405405406 0.60625 0.005405405405405406 0.6046875 0 0.50625 0
1 0.5984375 0.6954954954954955 0.5984375 0.7027027027027027 0.59375 0.7045045045045045 0.59375 0.7171171171171171 0.590625 0.7189189189189189 0.590625 0.7351351351351352 0.5859375 0.736936936936937 0.5859375 0.7495495495495496 0.58125 0.7513513513513513 0.58125 0.7603603603603604 0.578125 0.7621621621621621 0.578125 0.7693693693693694 0.5734375 0.7711711711711712 0.571875 0.7765765765765765 0.56875 0.7765765765765765 0.565625 0.7801801801801802 0.5640625 0.7855855855855856 0.5609375 0.7855855855855856 0.559375 0.790990990990991 0.55625 0.790990990990991 0.5546875 0.7945945945945946 0.5484375 0.7945945945945946 0.5484375 0.7981981981981981 0.54375 0.8 0.54375 0.8036036036036036 0.5390625 0.809009009009009 0.5359375 0.809009009009009 0.534375 0.8144144144144144 0.528125 0.8144144144144144 0.5265625 0.8198198198198198 0.4984375 0.8198198198198198 0.4953125 0.8234234234234235 0.4953125 0.836036036036036 0.490625 0.8378378378378378 0.490625 0.8648648648648649 0.4859375 0.8666666666666667 0.4859375 0.8882882882882883 0.478125 0.8900900900900901 0.4765625 0.8954954954954955 0.4734375 0.8954954954954955 0.4734375 0.8990990990990991 0.4765625 0.8990990990990991 0.478125 0.9027027027027027 0.4734375 0.9045045045045045 0.4734375 0.9081081081081082 0.4703125 0.9099099099099099 0.46875 0.9153153153153153 0.465625 0.9153153153153153 0.465625 0.9279279279279279 0.4609375 0.9297297297297298 0.4609375 0.9423423423423424 0.4578125 0.9441441441441442 0.4578125 0.9513513513513514 0.453125 0.9531531531531532 0.4515625 0.9585585585585585 0.4484375 0.9585585585585585 0.4453125 0.9621621621621622 0.4453125 0.9711711711711711 0.440625 0.972972972972973 0.440625 0.9981981981981982 0.471875 0.9981981981981982 0.4734375 0.9945945945945946 0.4890625 0.9945945945945946 0.490625 0.9981981981981982 0.609375 0.9981981981981982 0.6109375 0.9945945945945946 0.6140625 0.9945945945945946 0.615625 0.9981981981981982 0.6375 0.9981981981981982 0.6390625 0.9945945945945946 0.6421875 0.9945945945945946 0.6421875 0.9873873873873874 0.6390625 0.9873873873873874 0.6375 0.9819819819819819 0.634375 0.9801801801801802 0.634375 0.9765765765765766 0.6296875 0.9747747747747748 0.6296875 0.9675675675675676 0.625 0.9657657657657658 0.625 0.9387387387387387 0.6296875 0.9369369369369369 0.63125 0.9279279279279279 0.6375 0.9279279279279279 0.6390625 0.9225225225225225 0.6546875 0.9225225225225225 0.65625 0.9171171171171171 0.7171875 0.9171171171171171 0.71875 0.9225225225225225 0.725 0.9225225225225225 0.7265625 0.9171171171171171 0.7578125 0.9171171171171171 0.759375 0.9135135135135135 0.7671875 0.9135135135135135 0.7703125 0.9045045045045045 0.775 0.9027027027027027 0.7765625 0.8990990990990991 0.7796875 0.8990990990990991 0.7796875 0.8954954954954955 0.7828125 0.8936936936936937 0.784375 0.8882882882882883 0.7921875 0.8846846846846846 0.7921875 0.8810810810810811 0.7953125 0.8792792792792793 0.7953125 0.872072072072072 0.8 0.8702702702702703 0.8 0.8612612612612612 0.8046875 0.8594594594594595 0.8046875 0.8522522522522522 0.8078125 0.8504504504504504 0.8078125 0.8342342342342343 0.8125 0.8324324324324325 0.8125 0.7657657657657657 0.8078125 0.7639639639639639 0.8078125 0.7513513513513513 0.7890625 0.7513513513513513 0.7875 0.7477477477477478 0.78125 0.7477477477477478 0.7796875 0.7513513513513513 0.7515625 0.7513513513513513 0.75 0.7567567567567568 0.74375 0.7567567567567568 0.74375 0.7639639639639639 0.7390625 0.7657657657657657 0.7390625 0.7747747747747747 0.73125 0.7765765765765765 0.7296875 0.7657657657657657 0.721875 0.7639639639639639 0.721875 0.7567567567567568 0.71875 0.7567567567567568 0.7171875 0.7513513513513513 0.7140625 0.7513513513513513 0.709375 0.745945945945946 0.709375 0.7423423423423423 0.7046875 0.7405405405405405 0.7046875 0.736936936936937 0.6984375 0.736936936936937 0.696875 0.7333333333333333 0.6921875 0.7315315315315315 0.6921875 0.7279279279279279 0.68125 0.7279279279279279 0.6796875 0.7225225225225225 0.66875 0.7225225225225225 0.6671875 0.7189189189189189 0.659375 0.7171171171171171 0.659375 0.7099099099099099 0.6546875 0.7081081081081081 0.6546875 0.7045045045045045 0.659375 0.7027027027027027 0.6609375 0.6972972972972973 0.6671875 0.6972972972972973 0.6625 0.6936936936936937 0.6625 0.69009009009009 0.6546875 0.6990990990990991 0.6484375 0.6990990990990991 0.646875 0.6954954954954955 0.6390625 0.6954954954954955 0.6375 0.69009009009009 0.603125 0.69009009009009 0.603125 0.6918918918918919 0.6015625 0.6954954954954955 0.5984375 0.6954954954954955
1 0.353125 0.04864864864864865 0.3515625 0.05765765765765766 0.3453125 0.05765765765765766 0.34375 0.06306306306306306 0.340625 0.06306306306306306 0.3390625 0.07207207207207207 0.3328125 0.07207207207207207 0.33125 0.08288288288288288 0.3265625 0.08108108108108109 0.3234375 0.07207207207207207 0.3203125 0.07207207207207207 0.31875 0.06846846846846846 0.3125 0.06846846846846846 0.3125 0.08108108108108109 0.3203125 0.08648648648648649 0.3203125 0.09009009009009009 0.3234375 0.09009009009009009 0.325 0.08468468468468468 0.328125 0.08648648648648649 0.328125 0.09549549549549549 0.325 0.0972972972972973 0.325 0.1045045045045045 0.328125 0.1063063063063063 0.328125 0.11351351351351352 0.3265625 0.11531531531531532 0.3125 0.11531531531531532 0.3109375 0.1063063063063063 0.3078125 0.1063063063063063 0.3078125 0.11891891891891893 0.3 0.12072072072072072 0.2984375 0.12972972972972974 0.290625 0.12612612612612611 0.2890625 0.12072072072072072 0.2828125 0.12072072072072072 0.28125 0.11531531531531532 0.275 0.11531531531531532 0.2734375 0.11171171171171171 0.265625 0.11171171171171171 0.2640625 0.1063063063063063 0.2453125 0.1063063063063063 0.24375 0.1009009009009009 0.2078125 0.1009009009009009 0.20625 0.1063063063063063 0.1828125 0.1063063063063063 0.18125 0.11171171171171171 0.1703125 0.11171171171171171 0.16875 0.11531531531531532 0.1625 0.11531531531531532 0.1609375 0.12072072072072072 0.1546875 0.12072072072072072 0.153125 0.12612612612612611 0.1453125 0.12612612612612611 0.140625 0.13513513513513514 0.1328125 0.13513513513513514 0.1328125 0.13873873873873874 0.128125 0.14414414414414414 0.125 0.14414414414414414 0.1234375 0.14954954954954955 0.1171875 0.14954954954954955 0.115625 0.15315315315315314 0.1125 0.15315315315315314 0.109375 0.16216216216216217 0.1046875 0.16396396396396395 0.1046875 0.17117117117117117 0.1 0.17297297297297298 0.1 0.17657657657657658 0.0953125 0.18198198198198198 0.0921875 0.18198198198198198 0.0921875 0.19099099099099098 0.0875 0.1927927927927928 0.0875 0.2 0.084375 0.2018018018018018 0.084375 0.20540540540540542 0.0796875 0.2072072072072072 0.0796875 0.21441441441441442 0.075 0.21621621621621623 0.075 0.21981981981981982 0.0703125 0.22522522522522523 0.0671875 0.22522522522522523 0.065625 0.23063063063063063 0.0625 0.23063063063063063 0.0625 0.23423423423423423 0.0578125 0.23963963963963963 0.0546875 0.23963963963963963 0.0546875 0.25225225225225223 0.05 0.25405405405405407 0.05 0.26666666666666666 0.046875 0.26846846846846845 0.046875 0.2774774774774775 0.0421875 0.27927927927927926 0.040625 0.2828828828828829 0.0375 0.2828828828828829 0.0375 0.3009009009009009 0.034375 0.3027027027027027 0.034375 0.3387387387387387 0.0296875 0.34054054054054056 0.028125 0.34954954954954953 0.025 0.34954954954954953 0.025 0.38198198198198197 0.0296875 0.3837837837837838 0.0296875 0.4018018018018018 0.034375 0.4036036036036036 0.034375 0.41081081081081083 0.0375 0.4126126126126126 0.0375 0.4198198198198198 0.040625 0.4198198198198198 0.0421875 0.4252252252252252 0.046875 0.42702702702702705 0.046875 0.43963963963963965 0.05 0.44144144144144143 0.05 0.4486486486486487 0.0546875 0.45045045045045046 0.0546875 0.46306306306306305 0.059375 0.4648648648648649 0.059375 0.4720720720720721 0.0625 0.47387387387387386 0.0625 0.4774774774774775 0.0703125 0.4774774774774775 0.071875 0.4828828828828829 0.0828125 0.4828828828828829 0.084375 0.4864864864864865 0.090625 0.4864864864864865 0.0921875 0.4918918918918919 0.0984375 0.4918918918918919 0.1 0.4972972972972973 0.1078125 0.5009009009009009 0.109375 0.5063063063063064 0.1203125 0.5063063063063064 0.121875 0.5117117117117117 0.153125 0.5117117117117117 0.1546875 0.5063063063063064 0.1609375 0.5063063063063064 0.1625 0.5009009009009009 0.178125 0.5009009009009009 0.1796875 0.4972972972972973 0.1859375 0.4972972972972973 0.1875 0.5009009009009009 0.1984375 0.5009009009009009 0.2 0.4972972972972973 0.21875 0.4972972972972973 0.2203125 0.4918918918918919 0.23125 0.4918918918918919 0.2328125 0.4864864864864865 0.24375 0.4864864864864865 0.2453125 0.4828828828828829 0.2515625 0.4828828828828829 0.253125 0.4774774774774775 0.2609375 0.4774774774774775 0.2625 0.4720720720720721 0.26875 0.4720720720720721 0.2703125 0.46846846846846846 0.2734375 0.46846846846846846 0.2765625 0.4594594594594595 0.28125 0.45765765765765765 0.28125 0.4306306306306306 0.278125 0.4306306306306306 0.2734375 0.4252252252252252 0.2734375 0.3927927927927928 0.2765625 0.390990990990991 0.2765625 0.36396396396396397 0.28125 0.3621621621621622 0.28125 0.34594594594594597 0.2859375 0.3441441441441441 0.2859375 0.33513513513513515 0.2890625 0.3333333333333333 0.2890625 0.3261261261261261 0.29375 0.32432432432432434 0.2953125 0.3153153153153153 0.2984375 0.3153153153153153 0.2984375 0.3027027027027027 0.29375 0.3009009009009009 0.29375 0.26846846846846845 0.3015625 0.26666666666666666 0.303125 0.26306306306306304 0.3140625 0.26306306306306304 0.315625 0.26666666666666666 0.3265625 0.26666666666666666 0.328125 0.27207207207207207 0.34375 0.27207207207207207 0.34375 0.2648648648648649 0.3390625 0.26306306306306304 0.3390625 0.25405405405405407 0.3359375 0.25225225225225223 0.3359375 0.24504504504504504 0.33125 0.24324324324324326 0.33125 0.23063063063063063 0.3359375 0.22882882882882882 0.3359375 0.22522522522522523 0.340625 0.21981981981981982 0.3515625 0.21981981981981982 0.353125 0.21441441441441442 0.36875 0.21441441441441442 0.3703125 0.209009009009009 0.3890625 0.209009009009009 0.3890625 0.1927927927927928 0.384375 0.19099099099099098 0.384375 0.18198198198198198 0.378125 0.18198198198198198 0.3734375 0.17657657657657658 0.3734375 0.17297297297297298 0.36875 0.17117117117117117 0.36875 0.16756756756756758 0.3578125 0.16756756756756758 0.35625 0.15855855855855855 0.3640625 0.15675675675675677 0.365625 0.15135135135135136 0.3734375 0.15135135135135136 0.375 0.15675675675675677 0.378125 0.15855855855855855 0.378125 0.16216216216216217 0.3890625 0.16216216216216217 0.390625 0.15675675675675677 0.39375 0.15675675675675677 0.39375 0.14954954954954955 0.396875 0.14774774774774774 0.396875 0.14054054054054055 0.40625 0.13873873873873874 0.40625 0.12972972972972974 0.403125 0.12972972972972974 0.4015625 0.12612612612612611 0.40625 0.12432432432432433 0.40625 0.12072072072072072 0.3984375 0.12072072072072072 0.396875 0.11531531531531532 0.3890625 0.11351351351351352 0.3890625 0.1063063063063063 0.3859375 0.1063063063063063 0.384375 0.1009009009009009 0.38125 0.0990990990990991 0.384375 0.09549549549549549 0.384375 0.0918918918918919 0.375 0.0918918918918919 0.3734375 0.0972972972972973 0.3703125 0.0972972972972973 0.3703125 0.0990990990990991 0.378125 0.1009009009009009 0.378125 0.10990990990990991 0.3828125 0.11171171171171171 0.38125 0.11531531531531532 0.3734375 0.11351351351351352 0.3734375 0.1063063063063063 0.3578125 0.1063063063063063 0.35625 0.1045045045045045 0.35625 0.0918918918918919 0.3609375 0.09009009009009009 0.3609375 0.08648648648648649 0.3640625 0.08468468468468468 0.3640625 0.07747747747747748 0.36875 0.07567567567567568 0.3703125 0.07027027027027027 0.3765625 0.07027027027027027 0.378125 0.06126126126126126 0.384375 0.06126126126126126 0.3859375 0.055855855855855854 0.3890625 0.055855855855855854 0.3890625 0.043243243243243246 0.3625 0.043243243243243246 0.3625 0.04504504504504504 0.3609375 0.04864864864864865 0.353125 0.04864864864864865
1 0.340625 0 0.340625 0.0018018018018018018 0.340625 0.012612612612612612 0.3453125 0.014414414414414415 0.3453125 0.018018018018018018 0.3515625 0.018018018018018018 0.353125 0.023423423423423424 0.35625 0.023423423423423424 0.3578125 0.02702702702702703 0.3890625 0.02702702702702703 0.3890625 0 0.340625 0
1 0.69375 0.1963963963963964 0.69375 0.2 0.6890625 0.2018018018018018 0.6875 0.2072072072072072 0.68125 0.2072072072072072 0.6796875 0.21081081081081082 0.6765625 0.21081081081081082 0.675 0.21621621621621623 0.66875 0.21621621621621623 0.66875 0.21981981981981982 0.6640625 0.22162162162162163 0.659375 0.23063063063063063 0.65625 0.23063063063063063 0.6546875 0.23603603603603604 0.6515625 0.23603603603603604 0.6484375 0.23963963963963963 0.646875 0.24504504504504504 0.64375 0.24504504504504504 0.6421875 0.25045045045045045 0.6390625 0.25045045045045045 0.6359375 0.25405405405405407 0.634375 0.2594594594594595 0.63125 0.2594594594594595 0.63125 0.26666666666666666 0.6265625 0.26846846846846845 0.6265625 0.2774774774774775 0.621875 0.2828828828828829 0.61875 0.2828828828828829 0.61875 0.3009009009009009 0.615625 0.3027027027027027 0.615625 0.32972972972972975 0.61875 0.33153153153153153 0.61875 0.35315315315315315 0.6234375 0.35495495495495494 0.6234375 0.3675675675675676 0.6265625 0.36936936936936937 0.6265625 0.37657657657657656 0.63125 0.3783783783783784 0.63125 0.390990990990991 0.6359375 0.3927927927927928 0.6359375 0.41621621621621624 0.6390625 0.418018018018018 0.6390625 0.4540540540540541 0.64375 0.45585585585585586 0.64375 0.46846846846846846 0.6484375 0.4702702702702703 0.6484375 0.5009009009009009 0.6515625 0.5027027027027027 0.6515625 0.5261261261261261 0.65625 0.527927927927928 0.65625 0.5441441441441441 0.6609375 0.5459459459459459 0.6609375 0.554954954954955 0.6640625 0.5567567567567567 0.6640625 0.563963963963964 0.66875 0.5657657657657658 0.66875 0.572972972972973 0.6734375 0.5747747747747748 0.6734375 0.581981981981982 0.6765625 0.5837837837837838 0.6765625 0.5927927927927928 0.68125 0.5945945945945946 0.68125 0.6018018018018018 0.6859375 0.6036036036036037 0.6859375 0.6108108108108108 0.6890625 0.6126126126126126 0.6890625 0.6216216216216216 0.69375 0.6234234234234234 0.69375 0.6360360360360361 0.6984375 0.6378378378378379 0.6984375 0.6504504504504505 0.7015625 0.6522522522522523 0.7015625 0.6594594594594595 0.70625 0.6612612612612613 0.70625 0.6738738738738739 0.7109375 0.6756756756756757 0.7109375 0.6882882882882883 0.7140625 0.69009009009009 0.7140625 0.6972972972972973 0.71875 0.6990990990990991 0.71875 0.7081081081081081 0.7234375 0.7099099099099099 0.7234375 0.7171171171171171 0.73125 0.7225225225225225 0.73125 0.7261261261261261 0.7359375 0.7279279279279279 0.7359375 0.7315315315315315 0.7390625 0.7351351351351352 0.74375 0.736936936936937 0.74375 0.7405405405405405 0.7953125 0.7405405405405405 0.796875 0.7351351351351352 0.8046875 0.7351351351351352 0.809375 0.7261261261261261 0.8125 0.7261261261261261 0.8140625 0.7207207207207207 0.8171875 0.7207207207207207 0.8203125 0.7171171171171171 0.821875 0.7117117117117117 0.825 0.7117117117117117 0.825 0.7045045045045045 0.8296875 0.7027027027027027 0.8296875 0.6954954954954955 0.8328125 0.6936936936936937 0.8328125 0.6846846846846847 0.8375 0.6828828828828829 0.8390625 0.6738738738738739 0.8421875 0.6738738738738739 0.8421875 0.6666666666666666 0.8453125 0.6648648648648648 0.8453125 0.6558558558558558 0.85 0.654054054054054 0.8515625 0.645045045045045 0.8546875 0.645045045045045 0.8546875 0.6378378378378379 0.8578125 0.6360360360360361 0.8578125 0.6270270270270271 0.8625 0.6252252252252253 0.8640625 0.6162162162162163 0.8671875 0.6162162162162163 0.8671875 0.609009009009009 0.8703125 0.6072072072072072 0.8703125 0.5981981981981982 0.878125 0.5927927927927928 0.878125 0.5801801801801801 0.8828125 0.5783783783783784 0.884375 0.572972972972973 0.8875 0.572972972972973 0.8875 0.5657657657657658 0.890625 0.563963963963964 0.890625 0.5567567567567567 0.8953125 0.554954954954955 0.8953125 0.5459459459459459 0.9 0.5441441441441441 0.9 0.5369369369369369 0.903125 0.5351351351351351 0.903125 0.527927927927928 0.9078125 0.5261261261261261 0.9078125 0.5171171171171172 0.9125 0.5153153153153153 0.9125 0.5081081081081081 0.915625 0.5063063063063064 0.915625 0.4990990990990991 0.9203125 0.4972972972972973 0.9203125 0.4882882882882883 0.925 0.4864864864864865 0.925 0.47927927927927927 0.928125 0.4774774774774775 0.928125 0.4702702702702703 0.9328125 0.46846846846846846 0.9328125 0.45585585585585586 0.9375 0.4540540540540541 0.9375 0.44144144144144143 0.940625 0.43963963963963965 0.940625 0.42702702702702705 0.9453125 0.4252252252252252 0.946875 0.41621621621621624 0.95 0.41621621621621624 0.95 0.3981981981981982 0.953125 0.3963963963963964 0.953125 0.3837837837837838 0.9578125 0.38198198198198197 0.9578125 0.35495495495495494 0.9625 0.35315315315315315 0.9625 0.3261261261261261 0.9578125 0.32432432432432434 0.9578125 0.3063063063063063 0.953125 0.3045045045045045 0.953125 0.2972972972972973 0.95 0.2954954954954955 0.95 0.27387387387387385 0.9453125 0.27207207207207207 0.9453125 0.2594594594594595 0.940625 0.25765765765765763 0.940625 0.24504504504504504 0.9375 0.24324324324324326 0.9375 0.23963963963963963 0.9328125 0.23783783783783785 0.9328125 0.23063063063063063 0.9296875 0.23063063063063063 0.925 0.22162162162162163 0.9203125 0.21981981981981982 0.9203125 0.21621621621621623 0.896875 0.21621621621621623 0.8953125 0.21081081081081082 0.8890625 0.21081081081081082 0.8875 0.21621621621621623 0.884375 0.21621621621621623 0.8828125 0.21081081081081082 0.8796875 0.21081081081081082 0.878125 0.2072072072072072 0.86875 0.2072072072072072 0.8671875 0.21081081081081082 0.8640625 0.21081081081081082 0.8625 0.2072072072072072 0.8515625 0.2072072072072072 0.85 0.21081081081081082 0.84375 0.21081081081081082 0.8421875 0.2072072072072072 0.8265625 0.2072072072072072 0.825 0.2018018018018018 0.8171875 0.2 0.8171875 0.1963963963963964 0.79375 0.1963963963963964 0.7921875 0.1927927927927928 0.7765625 0.1927927927927928 0.775 0.1963963963963964 0.759375 0.1963963963963964 0.7578125 0.1927927927927928 0.71875 0.1927927927927928 0.71875 0.1945945945945946 0.7171875 0.1963963963963964 0.69375 0.1963963963963964