5 0.33125 0.5811764705882353 0.33125 0.5882352941176471 0.3359375 0.5905882352941176 0.3359375 0.5952941176470589 0.3484375 0.5952941176470589 0.35 0.6 0.359375 0.6 0.3609375 0.6047058823529412 0.3671875 0.6047058823529412 0.36875 0.611764705882353 0.3734375 0.611764705882353 0.3796875 0.6211764705882353 0.384375 0.6211764705882353 0.3859375 0.6282352941176471 0.3890625 0.6282352941176471 0.390625 0.6329411764705882 0.3984375 0.6329411764705882 0.4 0.6376470588235295 0.409375 0.6376470588235295 0.4109375 0.6447058823529411 0.4203125 0.6447058823529411 0.421875 0.6494117647058824 0.43125 0.6494117647058824 0.4328125 0.6541176470588236 0.453125 0.6541176470588236 0.453125 0.6517647058823529 0.45 0.6470588235294118 0.44375 0.6470588235294118 0.4421875 0.64 0.4359375 0.6305882352941177 0.4296875 0.6305882352941177 0.425 0.6188235294117647 0.415625 0.6188235294117647 0.4140625 0.6141176470588235 0.4046875 0.6141176470588235 0.403125 0.6070588235294118 0.396875 0.6070588235294118 0.3953125 0.6023529411764705 0.390625 0.6023529411764705 0.3890625 0.5976470588235294 0.3828125 0.5976470588235294 0.38125 0.5905882352941176 0.375 0.5905882352941176 0.3734375 0.5858823529411765 0.3640625 0.5858823529411765 0.3625 0.5811764705882353 0.3578125 0.5811764705882353 0.35625 0.5741176470588235 0.3390625 0.5741176470588235 0.3390625 0.5764705882352941 0.3375 0.5811764705882353 0.33125 0.5811764705882353
5 0.621875 0.7223529411764706 0.621875 0.731764705882353 0.6265625 0.7341176470588235 0.6265625 0.7482352941176471 0.6296875 0.7505882352941177 0.6296875 0.7647058823529411 0.6328125 0.7670588235294118 0.6328125 0.7811764705882352 0.6375 0.7835294117647059 0.6375 0.7905882352941176 0.640625 0.7929411764705883 0.640625 0.8070588235294117 0.64375 0.8094117647058824 0.64375 0.8188235294117647 0.6484375 0.8211764705882353 0.6484375 0.8352941176470589 0.6515625 0.8376470588235294 0.6515625 0.8447058823529412 0.6546875 0.8470588235294118 0.6546875 0.8611764705882353 0.659375 0.8635294117647059 0.659375 0.8776470588235294 0.6625 0.88 0.6625 0.8894117647058823 0.665625 0.8917647058823529 0.665625 0.9058823529411765 0.6703125 0.908235294117647 0.6703125 0.9176470588235294 0.675 0.9176470588235294 0.6765625 0.9105882352941177 0.6828125 0.9105882352941177 0.6828125 0.88 0.6796875 0.8776470588235294 0.6796875 0.8635294117647059 0.675 0.8611764705882353 0.675 0.8541176470588235 0.671875 0.851764705882353 0.671875 0.8376470588235294 0.66875 0.8352941176470589 0.66875 0.8258823529411765 0.665625 0.8258823529411765 0.6609375 0.8188235294117647 0.6609375 0.8094117647058824 0.6578125 0.8070588235294117 0.6578125 0.7929411764705883 0.6546875 0.7929411764705883 0.65 0.7858823529411765 0.65 0.7717647058823529 0.646875 0.7694117647058824 0.646875 0.76 0.6421875 0.7576470588235295 0.6421875 0.7435294117647059 0.6390625 0.7411764705882353 0.6390625 0.7341176470588235 0.6359375 0.731764705882353 0.6359375 0.7176470588235294 0.63125 0.7152941176470589 0.63125 0.7105882352941176 0.625 0.7011764705882353 0.61875 0.7011764705882353 0.61875 0.7035294117647058 0.61875 0.72 0.621875 0.7223529411764706
5 0.3390625 0.7364705882352941 0.3359375 0.7388235294117647 0.3359375 0.7482352941176471 0.328125 0.7552941176470588 0.328125 0.7647058823529411 0.325 0.7670588235294118 0.325 0.7741176470588236 0.3203125 0.7764705882352941 0.3203125 0.7811764705882352 0.3171875 0.7835294117647059 0.3171875 0.7905882352941176 0.3140625 0.7929411764705883 0.3140625 0.8023529411764706 0.30625 0.8094117647058824 0.30625 0.8141176470588235 0.303125 0.8164705882352942 0.303125 0.8235294117647058 0.2984375 0.8258823529411765 0.2984375 0.8305882352941176 0.2953125 0.8329411764705882 0.2953125 0.84 0.290625 0.8470588235294118 0.2875 0.8470588235294118 0.2875 0.851764705882353 0.28125 0.8588235294117647 0.28125 0.8682352941176471 0.2765625 0.8705882352941177 0.2765625 0.8894117647058823 0.290625 0.8894117647058823 0.2984375 0.8729411764705882 0.3015625 0.8729411764705882 0.3046875 0.8682352941176471 0.3046875 0.8588235294117647 0.3078125 0.8564705882352941 0.3078125 0.8470588235294118 0.3125 0.8447058823529412 0.3125 0.8376470588235294 0.31875 0.8305882352941176 0.31875 0.8211764705882353 0.3265625 0.8141176470588235 0.3265625 0.8094117647058824 0.3296875 0.8070588235294117 0.3296875 0.8 0.334375 0.7976470588235294 0.334375 0.788235294117647 0.3375 0.7858823529411765 0.3375 0.7717647058823529 0.340625 0.7694117647058824 0.340625 0.76 0.3453125 0.7576470588235295 0.3453125 0.7505882352941177 0.3515625 0.7411764705882353 0.3515625 0.7270588235294118 0.3484375 0.7223529411764706 0.3421875 0.7223529411764706 0.3421875 0.7247058823529412 0.3390625 0.7270588235294118 0.3390625 0.7364705882352941
5 0.5578125 0.2235294117647059 0.5609375 0.22588235294117648 0.5609375 0.23294117647058823 0.5640625 0.23529411764705882 0.5640625 0.24 0.56875 0.24235294117647058 0.56875 0.24941176470588236 0.575 0.25882352941176473 0.575 0.26588235294117646 0.5796875 0.26823529411764707 0.5796875 0.2776470588235294 0.5859375 0.2847058823529412 0.5859375 0.29411764705882354 0.590625 0.2964705882352941 0.590625 0.3058823529411765 0.596875 0.3129411764705882 0.596875 0.32235294117647056 0.6 0.3270588235294118 0.609375 0.3270588235294118 0.6109375 0.32235294117647056 0.6140625 0.32235294117647056 0.6140625 0.30117647058823527 0.609375 0.2988235294117647 0.609375 0.2917647058823529 0.603125 0.2823529411764706 0.603125 0.2752941176470588 0.5984375 0.27294117647058824 0.5984375 0.2635294117647059 0.5921875 0.2564705882352941 0.5921875 0.24705882352941178 0.5890625 0.2447058823529412 0.5890625 0.23529411764705882 0.5859375 0.23529411764705882 0.578125 0.2235294117647059 0.578125 0.21411764705882352 0.575 0.21411764705882352 0.5703125 0.20705882352941177 0.5703125 0.2023529411764706 0.5609375 0.2023529411764706 0.5609375 0.20470588235294118 0.5578125 0.20941176470588235 0.5578125 0.2235294117647059
5 0.284375 0.38823529411764707 0.284375 0.41411764705882353 0.2875 0.4164705882352941 0.2875 0.4258823529411765 0.2921875 0.42823529411764705 0.2921875 0.43529411764705883 0.2953125 0.4376470588235294 0.2953125 0.4423529411764706 0.303125 0.44941176470588234 0.303125 0.4588235294117647 0.30625 0.4611764705882353 0.30625 0.4682352941176471 0.309375 0.47058823529411764 0.309375 0.4752941176470588 0.31875 0.4752941176470588 0.3203125 0.48 0.3296875 0.48 0.3296875 0.47058823529411764 0.3265625 0.4682352941176471 0.3265625 0.4611764705882353 0.3234375 0.4588235294117647 0.3234375 0.4376470588235294 0.3203125 0.4376470588235294 0.315625 0.43058823529411766 0.315625 0.4211764705882353 0.3125 0.4164705882352941 0.309375 0.4164705882352941 0.3046875 0.40941176470588236 0.3046875 0.4 0.3015625 0.3976470588235294 0.3015625 0.38823529411764707 0.2953125 0.38823529411764707 0.2921875 0.3835294117647059 0.2921875 0.38588235294117645 0.290625 0.38823529411764707 0.284375 0.38823529411764707
2 0.709375 0.548235294117647 0.7078125 0.5529411764705883 0.6984375 0.5529411764705883 0.696875 0.5576470588235294 0.6921875 0.5576470588235294 0.690625 0.5647058823529412 0.6875 0.5647058823529412 0.6875 0.6 0.690625 0.6 0.6921875 0.6047058823529412 0.7125 0.6047058823529412 0.7140625 0.611764705882353 0.7734375 0.611764705882353 0.775 0.6047058823529412 0.778125 0.6047058823529412 0.78125 0.6 0.78125 0.5741176470588235 0.778125 0.5694117647058824 0.771875 0.5694117647058824 0.7703125 0.5647058823529412 0.7640625 0.5647058823529412 0.7625 0.5576470588235294 0.7578125 0.5576470588235294 0.75625 0.5529411764705883 0.75 0.5529411764705883 0.7484375 0.548235294117647 0.73125 0.548235294117647 0.7296875 0.5411764705882353 0.7171875 0.5411764705882353 0.7171875 0.5435294117647059 0.715625 0.548235294117647 0.709375 0.548235294117647
2 0.4921875 0.07294117647058823 0.490625 0.07764705882352942 0.484375 0.07764705882352942 0.48125 0.08235294117647059 0.48125 0.08705882352941176 0.4765625 0.08941176470588236 0.475 0.09411764705882353 0.4703125 0.09411764705882353 0.46875 0.0988235294117647 0.465625 0.0988235294117647 0.465625 0.10823529411764705 0.459375 0.11529411764705882 0.459375 0.12470588235294118 0.4546875 0.12705882352941175 0.4546875 0.15294117647058825 0.4578125 0.15294117647058825 0.4625 0.1623529411764706 0.46875 0.1623529411764706 0.4703125 0.16705882352941176 0.4859375 0.16705882352941176 0.4875 0.1623529411764706 0.5046875 0.1623529411764706 0.50625 0.15764705882352942 0.51875 0.15764705882352942 0.5203125 0.15294117647058825 0.5234375 0.15294117647058825 0.5234375 0.14352941176470588 0.5296875 0.13647058823529412 0.5296875 0.09411764705882353 0.5265625 0.09176470588235294 0.5265625 0.08235294117647059 0.515625 0.07058823529411765 0.515625 0.06588235294117648 0.4984375 0.06588235294117648 0.4984375 0.06823529411764706 0.496875 0.07294117647058823 0.4921875 0.07294117647058823
2 0.5140625 0.4752941176470588 0.509375 0.4776470588235294 0.509375 0.4964705882352941 0.50625 0.4988235294117647 0.50625 0.5176470588235295 0.5140625 0.5247058823529411 0.5140625 0.5341176470588235 0.5203125 0.5411764705882353 0.5203125 0.5458823529411765 0.5265625 0.5458823529411765 0.528125 0.5505882352941176 0.55625 0.5505882352941176 0.5640625 0.5341176470588235 0.5671875 0.5341176470588235 0.5671875 0.508235294117647 0.5625 0.5058823529411764 0.5625 0.4988235294117647 0.55625 0.49176470588235294 0.55625 0.4823529411764706 0.553125 0.4823529411764706 0.5484375 0.4752941176470588 0.5484375 0.47058823529411764 0.5453125 0.4682352941176471 0.5453125 0.4611764705882353 0.540625 0.4588235294117647 0.540625 0.44941176470588234 0.5203125 0.44941176470588234 0.5203125 0.45176470588235296 0.5140625 0.4611764705882353 0.5140625 0.4752941176470588
2 0.15 0.2635294117647059 0.15 0.2823529411764706 0.153125 0.2847058823529412 0.153125 0.29411764705882354 0.15625 0.29411764705882354 0.1609375 0.30117647058823527 0.1609375 0.31058823529411766 0.1640625 0.3129411764705882 0.1640625 0.3270588235294118 0.1671875 0.3270588235294118 0.175 0.3388235294117647 0.175 0.34352941176470586 0.178125 0.34352941176470586 0.1828125 0.35294117647058826 0.1890625 0.35294117647058826 0.190625 0.36 0.196875 0.36941176470588233 0.203125 0.36941176470588233 0.2078125 0.3811764705882353 0.2140625 0.3811764705882353 0.215625 0.38588235294117645 0.225 0.38588235294117645 0.2265625 0.3811764705882353 0.23125 0.3811764705882353 0.23125 0.37176470588235294 0.2328125 0.36941176470588233 0.2359375 0.36941176470588233 0.2390625 0.36470588235294116 0.2390625 0.35058823529411764 0.2359375 0.34823529411764703 0.2359375 0.3388235294117647 0.2328125 0.3388235294117647 0.225 0.3247058823529412 0.221875 0.3247058823529412 0.2203125 0.3176470588235294 0.2140625 0.31058823529411766 0.2140625 0.30117647058823527 0.2109375 0.30117647058823527 0.203125 0.28941176470588237 0.203125 0.2847058823529412 0.2 0.2847058823529412 0.1984375 0.28 0.19375 0.28 0.1890625 0.27294117647058824 0.1890625 0.26823529411764707 0.1859375 0.26823529411764707 0.18125 0.25882352941176473 0.1578125 0.25882352941176473 0.1578125 0.2611764705882353 0.15625 0.2635294117647059 0.15 0.2635294117647059
2 0.303125 0.6141176470588235 0.303125 0.6211764705882353 0.2984375 0.6235294117647059 0.2984375 0.6329411764705882 0.2953125 0.6352941176470588 0.2953125 0.6447058823529411 0.2921875 0.6470588235294118 0.2921875 0.6541176470588236 0.2875 0.6564705882352941 0.2875 0.6870588235294117 0.290625 0.6870588235294117 0.2921875 0.691764705882353 0.296875 0.691764705882353 0.303125 0.6823529411764706 0.3078125 0.6823529411764706 0.309375 0.6752941176470588 0.3125 0.6752941176470588 0.31875 0.6658823529411765 0.31875 0.6517647058823529 0.3234375 0.6494117647058824 0.3234375 0.6070588235294118 0.31875 0.6047058823529412 0.31875 0.5976470588235294 0.309375 0.5976470588235294 0.309375 0.6 0.30625 0.611764705882353 0.303125 0.6141176470588235
2 0.6 0.3552941176470588 0.5984375 0.3623529411764706 0.59375 0.3623529411764706 0.5921875 0.36705882352941177 0.5828125 0.36705882352941177 0.58125 0.37176470588235294 0.575 0.37176470588235294 0.575 0.3764705882352941 0.56875 0.3835294117647059 0.56875 0.3976470588235294 0.5640625 0.4 0.5640625 0.40941176470588236 0.5671875 0.40941176470588236 0.56875 0.41411764705882353 0.5734375 0.41411764705882353 0.575 0.4188235294117647 0.58125 0.4188235294117647 0.5859375 0.43058823529411766 0.5890625 0.43058823529411766 0.590625 0.43529411764705883 0.5984375 0.43529411764705883 0.6 0.4423529411764706 0.6578125 0.4423529411764706 0.659375 0.43529411764705883 0.6640625 0.43529411764705883 0.6703125 0.4258823529411765 0.675 0.4258823529411765 0.6765625 0.4188235294117647 0.6828125 0.4188235294117647 0.6828125 0.4117647058823529 0.6859375 0.40941176470588236 0.6859375 0.4047058823529412 0.6828125 0.4023529411764706 0.6828125 0.3952941176470588 0.6796875 0.39294117647058824 0.6796875 0.38823529411764707 0.6765625 0.38823529411764707 0.66875 0.3764705882352941 0.66875 0.37176470588235294 0.665625 0.37176470588235294 0.6578125 0.36 0.6578125 0.3552941176470588 0.6515625 0.3552941176470588 0.65 0.35058823529411764 0.6109375 0.35058823529411764 0.6109375 0.35294117647058826 0.609375 0.3552941176470588 0.6 0.3552941176470588
2 0.4359375 0.24235294117647058 0.4328125 0.24235294117647058 0.4328125 0.24941176470588236 0.4265625 0.25882352941176473 0.4265625 0.26588235294117646 0.421875 0.26823529411764707 0.421875 0.2823529411764706 0.41875 0.2847058823529412 0.41875 0.2988235294117647 0.421875 0.30117647058823527 0.421875 0.31058823529411766 0.4265625 0.3129411764705882 0.4265625 0.32235294117647056 0.4328125 0.33176470588235296 0.4359375 0.33176470588235296 0.4375 0.33647058823529413 0.4421875 0.33647058823529413 0.44375 0.34352941176470586 0.446875 0.34352941176470586 0.4484375 0.33647058823529413 0.453125 0.33647058823529413 0.453125 0.32941176470588235 0.4578125 0.3270588235294118 0.4578125 0.3129411764705882 0.453125 0.31058823529411766 0.453125 0.2847058823529412 0.4578125 0.2823529411764706 0.4578125 0.2635294117647059 0.453125 0.2611764705882353 0.453125 0.23529411764705882 0.45 0.23058823529411765 0.440625 0.23058823529411765 0.440625 0.23294117647058823 0.4375 0.23529411764705882 0.4359375 0.24235294117647058
2 0.4625 0.48 0.459375 0.4823529411764706 0.459375 0.5129411764705882 0.4625 0.5176470588235295 0.459375 0.52 0.459375 0.5505882352941176 0.4546875 0.5529411764705883 0.4546875 0.5623529411764706 0.459375 0.5647058823529412 0.459375 0.571764705882353 0.46875 0.571764705882353 0.475 0.5623529411764706 0.4765625 0.5552941176470588 0.4796875 0.5552941176470588 0.4796875 0.548235294117647 0.4828125 0.5458823529411765 0.4828125 0.5411764705882353 0.49375 0.5294117647058824 0.49375 0.508235294117647 0.490625 0.5035294117647059 0.4875 0.5035294117647059 0.4796875 0.49176470588235294 0.4796875 0.48705882352941177 0.4765625 0.48705882352941177 0.46875 0.4752941176470588 0.46875 0.46588235294117647 0.465625 0.46588235294117647 0.465625 0.4682352941176471 0.4625 0.47058823529411764 0.4625 0.48
2 0.4546875 0.23058823529411765 0.4546875 0.2823529411764706 0.459375 0.2847058823529412 0.459375 0.29411764705882354 0.465625 0.30117647058823527 0.465625 0.3058823529411765 0.4796875 0.3058823529411765 0.48125 0.2988235294117647 0.490625 0.2988235294117647 0.49375 0.29411764705882354 0.49375 0.25176470588235295 0.490625 0.24941176470588236 0.490625 0.23529411764705882 0.4875 0.23529411764705882 0.4828125 0.22823529411764706 0.4828125 0.2188235294117647 0.471875 0.20705882352941177 0.471875 0.2023529411764706 0.465625 0.2023529411764706 0.4578125 0.19058823529411764 0.4578125 0.18588235294117647 0.4484375 0.18588235294117647 0.4484375 0.18823529411764706 0.4484375 0.2235294117647059 0.4546875 0.23058823529411765
2 0.5421875 0 0.5421875 0.002352941176470588 0.534375 0.01647058823529412 0.53125 0.01647058823529412 0.53125 0.02588235294117647 0.528125 0.02823529411764706 0.528125 0.03764705882352941 0.525 0.04 0.525 0.047058823529411764 0.528125 0.04941176470588235 0.528125 0.06352941176470588 0.53125 0.06588235294117648 0.53125 0.12 0.534375 0.12 0.5390625 0.12941176470588237 0.559375 0.12941176470588237 0.5609375 0.12470588235294118 0.5734375 0.12470588235294118 0.575 0.12 0.578125 0.12 0.578125 0.11529411764705882 0.58125 0.11294117647058824 0.58125 0.0611764705882353 0.584375 0.05647058823529412 0.58125 0.05411764705882353 0.58125 0.03294117647058824 0.5703125 0.021176470588235293 0.5703125 0.01647058823529412 0.5640625 0.01647058823529412 0.5625 0.011764705882352941 0.5578125 0.011764705882352941 0.55625 0.007058823529411765 0.5515625 0.004705882352941176 0.5515625 0 0.5421875 0
2 0.646875 0.04 0.640625 0.04 0.6359375 0.04941176470588235 0.6328125 0.04941176470588235 0.63125 0.05647058823529412 0.6265625 0.05647058823529412 0.625 0.0611764705882353 0.621875 0.0611764705882353 0.61875 0.06588235294117648 0.61875 0.07058823529411765 0.615625 0.07294117647058823 0.615625 0.08 0.6109375 0.08235294117647059 0.6109375 0.08705882352941176 0.6078125 0.08941176470588236 0.6078125 0.10823529411764705 0.6046875 0.11294117647058824 0.6109375 0.1223529411764706 0.6109375 0.12941176470588237 0.615625 0.13176470588235295 0.615625 0.13647058823529412 0.625 0.13647058823529412 0.6328125 0.14823529411764705 0.6328125 0.15294117647058825 0.653125 0.15294117647058825 0.6546875 0.14588235294117646 0.66875 0.14588235294117646 0.6703125 0.1411764705882353 0.675 0.1411764705882353 0.6765625 0.13647058823529412 0.6796875 0.13647058823529412 0.6796875 0.13176470588235295 0.6875 0.12 0.69375 0.12 0.69375 0.11058823529411765 0.6984375 0.10352941176470588 0.7015625 0.10352941176470588 0.7015625 0.09411764705882353 0.7046875 0.09176470588235294 0.7046875 0.08235294117647059 0.7078125 0.08 0.7078125 0.04941176470588235 0.7015625 0.04 0.696875 0.03764705882352941 0.696875 0.03294117647058824 0.6921875 0.03294117647058824 0.690625 0.02823529411764706 0.6546875 0.02823529411764706 0.6546875 0.03058823529411765 0.6484375 0.03294117647058824 0.646875 0.04
2 0.2109375 0.9294117647058824 0.2109375 0.9341176470588235 0.2078125 0.9364705882352942 0.2078125 0.9435294117647058 0.2046875 0.9458823529411765 0.2046875 0.9552941176470588 0.196875 0.9623529411764706 0.196875 0.971764705882353 0.19375 0.9741176470588235 0.19375 0.9835294117647059 0.190625 0.9858823529411764 0.190625 0.9976470588235294 0.225 0.9976470588235294 0.2265625 0.9929411764705882 0.23125 0.9929411764705882 0.2328125 0.9882352941176471 0.2359375 0.9882352941176471 0.2390625 0.9835294117647059 0.2390625 0.9788235294117648 0.24375 0.971764705882353 0.246875 0.971764705882353 0.25 0.9670588235294117 0.25 0.9623529411764706 0.2546875 0.9552941176470588 0.2578125 0.9552941176470588 0.2578125 0.9458823529411765 0.2609375 0.9411764705882353 0.2578125 0.9388235294117647 0.2578125 0.9247058823529412 0.2546875 0.9247058823529412 0.253125 0.92 0.2375 0.92 0.2359375 0.9129411764705883 0.221875 0.9129411764705883 0.221875 0.9176470588235294 0.21875 0.92 0.21875 0.9223529411764706 0.2140625 0.9294117647058824 0.2109375 0.9294117647058824
2 0.728125 0.36470588235294116 0.7359375 0.37176470588235294 0.7359375 0.3764705882352941 0.7390625 0.3788235294117647 0.7390625 0.38588235294117645 0.7421875 0.38823529411764707 0.7421875 0.39294117647058824 0.7453125 0.39294117647058824 0.753125 0.4047058823529412 0.753125 0.40941176470588236 0.778125 0.40941176470588236 0.7796875 0.4023529411764706 0.7890625 0.4023529411764706 0.790625 0.3976470588235294 0.7984375 0.3976470588235294 0.8 0.39294117647058824 0.80625 0.39294117647058824 0.80625 0.38823529411764707 0.809375 0.38588235294117645 0.809375 0.37176470588235294 0.80625 0.36705882352941177 0.8 0.36705882352941177 0.7984375 0.3623529411764706 0.79375 0.3623529411764706 0.7921875 0.3552941176470588 0.7796875 0.3552941176470588 0.778125 0.35058823529411764 0.73125 0.35058823529411764 0.73125 0.35294117647058826 0.728125 0.3552941176470588 0.728125 0.36470588235294116
1 0.9421875 0.04 0.940625 0.04470588235294118 0.9359375 0.04470588235294118 0.934375 0.04941176470588235 0.928125 0.04941176470588235 0.9265625 0.05647058823529412 0.9203125 0.05647058823529412 0.9140625 0.06588235294117648 0.9125 0.07294117647058823 0.90625 0.07294117647058823 0.9015625 0.08235294117647059 0.8984375 0.08235294117647059 0.8984375 0.08705882352941176 0.890625 0.0988235294117647 0.8875 0.0988235294117647 0.8875 0.10352941176470588 0.884375 0.10588235294117647 0.884375 0.12941176470588237 0.88125 0.13176470588235295 0.88125 0.15764705882352942 0.8765625 0.16 0.8765625 0.21176470588235294 0.88125 0.21411764705882352 0.88125 0.22823529411764706 0.884375 0.23058823529411765 0.884375 0.2447058823529412 0.8875 0.24705882352941178 0.8875 0.2611764705882353 0.890625 0.2611764705882353 0.8953125 0.26823529411764707 0.8953125 0.2776470588235294 0.8984375 0.28 0.8984375 0.28941176470588237 0.903125 0.2917647058823529 0.903125 0.3058823529411765 0.909375 0.3129411764705882 0.909375 0.32235294117647056 0.9140625 0.3247058823529412 0.9140625 0.33176470588235296 0.9171875 0.33647058823529413 0.9265625 0.33647058823529413 0.928125 0.34352941176470586 0.934375 0.34352941176470586 0.9359375 0.34823529411764703 0.984375 0.34823529411764703 0.9859375 0.35058823529411764 0.9859375 0.36 0.9953125 0.36 0.9953125 0.32941176470588235 0.9984375 0.3270588235294118 0.9984375 0.25882352941176473 0.9953125 0.2564705882352941 0.9953125 0.23529411764705882 0.9984375 0.23294117647058823 0.9984375 0.21411764705882352 0.9953125 0.21176470588235294 0.9953125 0.17647058823529413 0.9921875 0.17411764705882352 0.9921875 0.16470588235294117 0.9984375 0.15764705882352942 0.9984375 0.12705882352941175 0.9953125 0.1223529411764706 0.9984375 0.12 0.9984375 0.04470588235294118 0.9953125 0.04 0.971875 0.04 0.9703125 0.03294117647058824 0.96875 0.03294117647058824 0.96875 0.03529411764705882 0.9671875 0.04 0.9421875 0.04
1 0.021875 0 0.021875 0.002352941176470588 0.0140625 0.01647058823529412 0.0109375 0.01647058823529412 0.009375 0.023529411764705882 0 0.023529411764705882 0 0.11294117647058824 0.00625 0.11294117647058824 0.00625 0.0988235294117647 0.009375 0.09647058823529411 0.0109375 0.08705882352941176 0.0140625 0.08705882352941176 0.0140625 0.07764705882352942 0.0171875 0.07529411764705882 0.0171875 0.06588235294117648 0.0203125 0.06352941176470588 0.0203125 0.05647058823529412 0.025 0.05411764705882353 0.025 0.04470588235294118 0.028125 0.042352941176470586 0.028125 0.03294117647058824 0.0390625 0.021176470588235293 0.0390625 0.011764705882352941 0.0421875 0.009411764705882352 0.0421875 0 0.021875 0
1 0.5390625 0 0.5390625 0.002352941176470588 0.534375 0.011764705882352941 0.53125 0.011764705882352941 0.528125 0.01647058823529412 0.528125 0.021176470588235293 0.5234375 0.02823529411764706 0.5203125 0.02823529411764706 0.5203125 0.042352941176470586 0.5140625 0.04941176470588235 0.5125 0.05647058823529412 0.50625 0.05647058823529412 0.5046875 0.0611764705882353 0.4984375 0.0611764705882353 0.496875 0.06588235294117648 0.4921875 0.06588235294117648 0.4921875 0.07058823529411765 0.4875 0.07294117647058823 0.4859375 0.07764705882352942 0.48125 0.07764705882352942 0.4796875 0.08235294117647059 0.4734375 0.08235294117647059 0.471875 0.08941176470588236 0.465625 0.08941176470588236 0.4640625 0.09411764705882353 0.4546875 0.09411764705882353 0.4546875 0.11294117647058824 0.4484375 0.11529411764705882 0.446875 0.1223529411764706 0.4296875 0.1223529411764706 0.428125 0.12705882352941175 0.421875 0.12705882352941175 0.4203125 0.13176470588235295 0.415625 0.13176470588235295 0.4140625 0.1388235294117647 0.4109375 0.1388235294117647 0.4109375 0.14588235294117646 0.4140625 0.14588235294117646 0.415625 0.15294117647058825 0.421875 0.1623529411764706 0.4265625 0.16470588235294117 0.4265625 0.17882352941176471 0.4296875 0.1811764705882353 0.4296875 0.1952941176470588 0.428125 0.1976470588235294 0.421875 0.1976470588235294 0.421875 0.20705882352941177 0.43125 0.20705882352941177 0.43125 0.19294117647058823 0.4359375 0.19058823529411764 0.4359375 0.18588235294117647 0.440625 0.17882352941176471 0.45 0.17882352941176471 0.4515625 0.18352941176470589 0.4578125 0.18352941176470589 0.4625 0.1952941176470588 0.46875 0.1952941176470588 0.4765625 0.21176470588235294 0.4796875 0.21176470588235294 0.484375 0.2188235294117647 0.484375 0.2235294117647059 0.4875 0.22823529411764706 0.5015625 0.22823529411764706 0.503125 0.23294117647058823 0.509375 0.23529411764705882 0.509375 0.24 0.515625 0.24 0.515625 0.23529411764705882 0.51875 0.23294117647058823 0.5203125 0.24 0.5296875 0.24 0.53125 0.24941176470588236 0.5359375 0.25176470588235295 0.5359375 0.2564705882352941 0.5453125 0.2564705882352941 0.546875 0.24941176470588236 0.5625 0.24941176470588236 0.5640625 0.2564705882352941 0.5703125 0.2564705882352941 0.571875 0.25882352941176473 0.571875 0.26588235294117646 0.578125 0.26588235294117646 0.5796875 0.26823529411764707 0.5796875 0.2776470588235294 0.5859375 0.2847058823529412 0.5859375 0.29411764705882354 0.5890625 0.29411764705882354 0.59375 0.30117647058823527 0.59375 0.31058823529411766 0.596875 0.3129411764705882 0.596875 0.32235294117647056 0.609375 0.32235294117647056 0.6109375 0.31529411764705884 0.6171875 0.31529411764705884 0.6140625 0.31058823529411766 0.615625 0.3058823529411765 0.6203125 0.3058823529411765 0.621875 0.31058823529411766 0.628125 0.31058823529411766 0.625 0.3058823529411765 0.625 0.30117647058823527 0.628125 0.2964705882352941 0.621875 0.2964705882352941 0.61875 0.30117647058823527 0.6140625 0.2917647058823529 0.609375 0.28941176470588237 0.609375 0.2847058823529412 0.6140625 0.2823529411764706 0.615625 0.2776470588235294 0.6203125 0.2776470588235294 0.6203125 0.26823529411764707 0.625 0.26588235294117646 0.63125 0.2564705882352941 0.6328125 0.24941176470588236 0.6359375 0.24941176470588236 0.6359375 0.23529411764705882 0.6375 0.23294117647058823 0.646875 0.23294117647058823 0.6515625 0.2447058823529412 0.6578125 0.2447058823529412 0.659375 0.24941176470588236 0.665625 0.25176470588235295 0.665625 0.2564705882352941 0.66875 0.2564705882352941 0.6703125 0.24941176470588236 0.675 0.24941176470588236 0.6765625 0.2447058823529412 0.6828125 0.2447058823529412 0.6875 0.23294117647058823 0.690625 0.23294117647058823 0.690625 0.22588235294117648 0.69375 0.2235294117647059 0.69375 0.2188235294117647 0.6984375 0.21176470588235294 0.7015625 0.21176470588235294 0.7015625 0.1976470588235294 0.6984375 0.1976470588235294 0.69375 0.19058823529411764 0.69375 0.18588235294117647 0.690625 0.18352941176470589 0.690625 0.17647058823529413 0.684375 0.17647058823529413 0.6828125 0.17411764705882352 0.6828125 0.16941176470588235 0.6796875 0.16705882352941176 0.6796875 0.16 0.6859375 0.15294117647058825 0.6859375 0.1388235294117647 0.690625 0.13647058823529412 0.690625 0.1223529411764706 0.69375 0.12 0.69375 0.11529411764705882 0.6984375 0.10823529411764705 0.7015625 0.10823529411764705 0.7015625 0.0988235294117647 0.7046875 0.09647058823529411 0.7046875 0.08235294117647059 0.7078125 0.08 0.7078125 0.04941176470588235 0.7015625 0.04 0.696875 0.03764705882352941 0.696875 0.03294117647058824 0.69375 0.02823529411764706 0.6765625 0.02823529411764706 0.675 0.023529411764705882 0.6625 0.023529411764705882 0.6609375 0.02823529411764706 0.6515625 0.02823529411764706 0.65 0.03294117647058824 0.640625 0.03294117647058824 0.6390625 0.04 0.6328125 0.04 0.628125 0.04941176470588235 0.621875 0.04941176470588235 0.6203125 0.05647058823529412 0.615625 0.05647058823529412 0.6140625 0.0611764705882353 0.6109375 0.0611764705882353 0.6078125 0.06588235294117648 0.6078125 0.08 0.60625 0.08235294117647059 0.6 0.08235294117647059 0.5984375 0.08941176470588236 0.59375 0.08941176470588236 0.5921875 0.08235294117647059 0.5890625 0.08 0.5890625 0.05647058823529412 0.5921875 0.05411764705882353 0.5921875 0.04 0.5890625 0.03764705882352941 0.5890625 0.02823529411764706 0.5828125 0.02823529411764706 0.58125 0.023529411764705882 0.575 0.023529411764705882 0.5703125 0.011764705882352941 0.5640625 0.011764705882352941 0.5625 0.007058823529411765 0.5578125 0.007058823529411765 0.55625 0 0.5390625 0
1 0.8921875 0 0.8921875 0.002352941176470588 0.8921875 0.07058823529411765 0.9046875 0.07058823529411765 0.9046875 0.06588235294117648 0.909375 0.058823529411764705 0.915625 0.058823529411764705 0.91875 0.05411764705882353 0.9203125 0.047058823529411764 0.9265625 0.047058823529411764 0.928125 0.042352941176470586 0.934375 0.042352941176470586 0.9359375 0.03764705882352941 0.9453125 0.03764705882352941 0.946875 0.03058823529411765 0.9921875 0.03058823529411765 0.99375 0.03764705882352941 0.9953125 0.03764705882352941 0.9953125 0.03294117647058824 0.9984375 0.03058823529411765 0.9984375 0.007058823529411765 0.99375 0.007058823529411765 0.9921875 0 0.8921875 0
1 0.709375 0.5035294117647059 0.709375 0.5129411764705882 0.70625 0.5152941176470588 0.70625 0.5294117647058824 0.703125 0.5317647058823529 0.703125 0.5552941176470588 0.7015625 0.5576470588235294 0.6953125 0.5576470588235294 0.6953125 0.5623529411764706 0.690625 0.5694117647058824 0.6875 0.5694117647058824 0.6875 0.5952941176470589 0.6859375 0.5976470588235294 0.68125 0.5905882352941176 0.6796875 0.5976470588235294 0.6765625 0.5976470588235294 0.675 0.6023529411764705 0.6703125 0.6023529411764705 0.66875 0.6070588235294118 0.6625 0.6070588235294118 0.6609375 0.6141176470588235 0.6546875 0.6141176470588235 0.653125 0.6188235294117647 0.6484375 0.6188235294117647 0.646875 0.6235294117647059 0.64375 0.6235294117647059 0.6421875 0.6305882352941177 0.6375 0.6305882352941177 0.6359375 0.6352941176470588 0.6296875 0.6352941176470588 0.628125 0.64 0.621875 0.64 0.621875 0.6447058823529411 0.6171875 0.6517647058823529 0.6109375 0.6517647058823529 0.603125 0.668235294117647 0.6 0.668235294117647 0.6 0.6752941176470588 0.596875 0.6776470588235294 0.596875 0.7035294117647058 0.59375 0.7058823529411765 0.59375 0.7247058823529412 0.596875 0.7270588235294118 0.596875 0.7364705882352941 0.6 0.7388235294117647 0.6 0.7529411764705882 0.603125 0.7529411764705882 0.6109375 0.7694117647058824 0.615625 0.7717647058823529 0.615625 0.7811764705882352 0.61875 0.7858823529411765 0.63125 0.7858823529411765 0.63125 0.7717647058823529 0.628125 0.7694117647058824 0.628125 0.7505882352941177 0.625 0.7482352941176471 0.625 0.7388235294117647 0.6203125 0.7364705882352941 0.6203125 0.7270588235294118 0.6171875 0.7247058823529412 0.6171875 0.7058823529411765 0.61875 0.7035294117647058 0.628125 0.7035294117647058 0.6328125 0.7105882352941176 0.6328125 0.7152941176470589 0.6375 0.7176470588235294 0.6375 0.7247058823529412 0.64375 0.7341176470588235 0.64375 0.7482352941176471 0.6484375 0.7505882352941177 0.6484375 0.7647058823529411 0.6515625 0.7670588235294118 0.6515625 0.7811764705882352 0.6546875 0.7835294117647059 0.6546875 0.7905882352941176 0.659375 0.7929411764705883 0.659375 0.7976470588235294 0.6625 0.8 0.6625 0.8070588235294117 0.665625 0.8094117647058824 0.665625 0.8141176470588235 0.6703125 0.8164705882352942 0.6703125 0.8235294117647058 0.6734375 0.8258823529411765 0.6734375 0.8305882352941176 0.6828125 0.8305882352941176 0.684375 0.8352941176470589 0.690625 0.8352941176470589 0.6984375 0.8188235294117647 0.7015625 0.8188235294117647 0.703125 0.8141176470588235 0.7078125 0.8141176470588235 0.7078125 0.8094117647058824 0.7125 0.8070588235294117 0.7140625 0.8023529411764706 0.7296875 0.8023529411764706 0.73125 0.7976470588235294 0.7515625 0.7976470588235294 0.753125 0.8023529411764706 0.7625 0.8023529411764706 0.7640625 0.8047058823529412 0.7640625 0.8141176470588235 0.7671875 0.8141176470588235 0.76875 0.8188235294117647 0.7734375 0.8188235294117647 0.775 0.8235294117647058 0.7890625 0.8235294117647058 0.7953125 0.8141176470588235 0.7953125 0.8047058823529412 0.796875 0.8023529411764706 0.803125 0.8023529411764706 0.803125 0.7929411764705883 0.80625 0.7905882352941176 0.80625 0.7764705882352941 0.809375 0.7741176470588236 0.809375 0.7552941176470588 0.8140625 0.7529411764705882 0.8140625 0.7176470588235294 0.809375 0.7152941176470589 0.809375 0.6894117647058824 0.8140625 0.6870588235294117 0.8140625 0.6729411764705883 0.8171875 0.6705882352941176 0.8171875 0.5976470588235294 0.8140625 0.5952941176470589 0.8140625 0.5811764705882353 0.8109375 0.5811764705882353 0.809375 0.5741176470588235 0.803125 0.5647058823529412 0.7984375 0.5623529411764706 0.7984375 0.5529411764705883 0.7953125 0.5505882352941176 0.7953125 0.5411764705882353 0.7921875 0.5388235294117647 0.7921875 0.5317647058823529 0.7890625 0.5294117647058824 0.7890625 0.5247058823529411 0.7859375 0.5247058823529411 0.778125 0.5129411764705882 0.778125 0.508235294117647 0.771875 0.508235294117647 0.7703125 0.5035294117647059 0.7609375 0.5035294117647059 0.759375 0.4988235294117647 0.7171875 0.4988235294117647 0.7171875 0.5011764705882353 0.715625 0.5035294117647059 0.709375 0.5035294117647059
1 0.8328125 0.6635294117647059 0.828125 0.6729411764705883 0.821875 0.6729411764705883 0.821875 0.6823529411764706 0.81875 0.6847058823529412 0.81875 0.691764705882353 0.815625 0.6941176470588235 0.815625 0.7035294117647058 0.81875 0.7058823529411765 0.81875 0.7858823529411765 0.815625 0.788235294117647 0.815625 0.8070588235294117 0.8109375 0.8094117647058824 0.8109375 0.8729411764705882 0.815625 0.8752941176470588 0.815625 0.8847058823529412 0.81875 0.8870588235294118 0.81875 0.8941176470588236 0.821875 0.8964705882352941 0.821875 0.9011764705882352 0.8265625 0.9035294117647059 0.8265625 0.9105882352941177 0.8296875 0.9129411764705883 0.8296875 0.9176470588235294 0.840625 0.9294117647058824 0.840625 0.9388235294117647 0.84375 0.9411764705882353 0.84375 0.9552941176470588 0.846875 0.9552941176470588 0.8515625 0.9623529411764706 0.8515625 0.9882352941176471 0.8578125 0.9882352941176471 0.859375 0.9929411764705882 0.86875 0.9929411764705882 0.8703125 0.9976470588235294 0.9015625 0.9976470588235294 0.9046875 0.9929411764705882 0.90625 0.9976470588235294 0.95625 0.9976470588235294 0.9578125 0.9929411764705882 0.98125 0.9929411764705882 0.98125 0.9905882352941177 0.975 0.9905882352941177 0.9703125 0.9835294117647059 0.9703125 0.9741176470588235 0.9734375 0.971764705882353 0.9734375 0.9623529411764706 0.975 0.96 0.98125 0.96 0.98125 0.9458823529411765 0.984375 0.9435294117647058 0.9859375 0.9341176470588235 0.9890625 0.9341176470588235 0.9890625 0.8964705882352941 0.9921875 0.8941176470588236 0.9921875 0.8423529411764706 0.9890625 0.84 0.9890625 0.8164705882352942 0.984375 0.8141176470588235 0.984375 0.8047058823529412 0.9796875 0.8047058823529412 0.978125 0.8 0.975 0.8 0.9703125 0.788235294117647 0.9640625 0.788235294117647 0.95625 0.7717647058823529 0.953125 0.7717647058823529 0.9484375 0.7647058823529411 0.9484375 0.7505882352941177 0.9453125 0.7482352941176471 0.9453125 0.7435294117647059 0.9421875 0.7435294117647059 0.940625 0.7388235294117647 0.934375 0.7364705882352941 0.934375 0.7270588235294118 0.93125 0.7270588235294118 0.9234375 0.7152941176470589 0.9234375 0.7105882352941176 0.9203125 0.7105882352941176 0.915625 0.7011764705882353 0.90625 0.7011764705882353 0.9015625 0.6894117647058824 0.8984375 0.6894117647058824 0.896875 0.6847058823529412 0.890625 0.6823529411764706 0.890625 0.6776470588235294 0.884375 0.6776470588235294 0.8828125 0.6729411764705883 0.8765625 0.6729411764705883 0.875 0.668235294117647 0.865625 0.668235294117647 0.8640625 0.6635294117647059 0.8578125 0.6611764705882353 0.8578125 0.6564705882352941 0.840625 0.6564705882352941 0.840625 0.6588235294117647 0.8390625 0.6635294117647059 0.8328125 0.6635294117647059
1 0.90625 0.35058823529411764 0.9046875 0.3552941176470588 0.8921875 0.3552941176470588 0.8921875 0.36 0.8875 0.3623529411764706 0.8828125 0.37176470588235294 0.8796875 0.36705882352941177 0.8765625 0.36705882352941177 0.875 0.3623529411764706 0.8703125 0.3623529411764706 0.86875 0.36705882352941177 0.859375 0.36705882352941177 0.8578125 0.37176470588235294 0.8546875 0.37176470588235294 0.853125 0.3788235294117647 0.8484375 0.3788235294117647 0.846875 0.3835294117647059 0.84375 0.3835294117647059 0.84375 0.3976470588235294 0.840625 0.4 0.840625 0.40941176470588236 0.84375 0.4117647058823529 0.84375 0.4188235294117647 0.840625 0.4211764705882353 0.840625 0.4258823529411765 0.8359375 0.4329411764705882 0.8328125 0.4329411764705882 0.8296875 0.4376470588235294 0.8296875 0.4423529411764706 0.8265625 0.4447058823529412 0.8265625 0.45176470588235296 0.821875 0.4541176470588235 0.821875 0.46352941176470586 0.81875 0.46588235294117647 0.81875 0.4752941176470588 0.821875 0.48 0.828125 0.48 0.8296875 0.4823529411764706 0.8296875 0.49176470588235294 0.8328125 0.49411764705882355 0.8328125 0.5011764705882353 0.8375 0.5035294117647059 0.8375 0.5129411764705882 0.8328125 0.5152941176470588 0.8328125 0.5294117647058824 0.8359375 0.5294117647058824 0.8375 0.5341176470588235 0.8328125 0.5364705882352941 0.8328125 0.5388235294117647 0.8375 0.5411764705882353 0.8375 0.5623529411764706 0.8328125 0.5647058823529412 0.8328125 0.5670588235294117 0.8375 0.5694117647058824 0.8375 0.5952941176470589 0.840625 0.5976470588235294 0.840625 0.6164705882352941 0.84375 0.6188235294117647 0.84375 0.6282352941176471 0.846875 0.6282352941176471 0.8515625 0.6352941176470588 0.8515625 0.6447058823529411 0.8578125 0.6447058823529411 0.859375 0.6494117647058824 0.8640625 0.6494117647058824 0.865625 0.6541176470588236 0.8796875 0.6541176470588236 0.88125 0.6611764705882353 0.8859375 0.6611764705882353 0.8875 0.6658823529411765 0.915625 0.6658823529411765 0.91875 0.6705882352941176 0.9203125 0.6658823529411765 0.95625 0.6658823529411765 0.959375 0.6705882352941176 0.9609375 0.6658823529411765 0.9703125 0.6658823529411765 0.971875 0.6611764705882353 0.978125 0.6611764705882353 0.9796875 0.6541176470588236 0.984375 0.6541176470588236 0.990625 0.6447058823529411 0.9953125 0.6447058823529411 0.9953125 0.64 0.9984375 0.6376470588235295 0.9984375 0.6188235294117647 0.9953125 0.6164705882352941 0.9953125 0.6070588235294118 0.9921875 0.6047058823529412 0.9921875 0.5905882352941176 0.9984375 0.5835294117647059 0.9984375 0.548235294117647 0.9953125 0.5458823529411765 0.9953125 0.5364705882352941 0.9984375 0.5341176470588235 0.9984375 0.5035294117647059 0.9953125 0.5011764705882353 0.9953125 0.49411764705882355 0.9921875 0.49176470588235294 0.9921875 0.4611764705882353 0.9953125 0.4588235294117647 0.9953125 0.4376470588235294 0.9921875 0.43529411764705883 0.9921875 0.4211764705882353 0.9953125 0.4164705882352941 0.9921875 0.4117647058823529 0.9953125 0.40941176470588236 0.9953125 0.4 0.990625 0.4 0.9890625 0.3952941176470588 0.975 0.3952941176470588 0.9734375 0.38823529411764707 0.9703125 0.38588235294117645 0.9734375 0.3811764705882353 0.9734375 0.36705882352941177 0.978125 0.36470588235294116 0.978125 0.35058823529411764 0.9421875 0.35058823529411764 0.940625 0.3552941176470588 0.928125 0.3552941176470588 0.925 0.35058823529411764 0.9234375 0.3552941176470588 0.9203125 0.3552941176470588 0.9140625 0.3458823529411765 0.9140625 0.34823529411764703 0.9125 0.35058823529411764 0.90625 0.35058823529411764
1 0.440625 0.23529411764705882 0.440625 0.24 0.4375 0.24235294117647058 0.4375 0.24941176470588236 0.4328125 0.25176470588235295 0.4328125 0.2564705882352941 0.4265625 0.2635294117647059 0.4265625 0.27294117647058824 0.421875 0.2752941176470588 0.421875 0.3058823529411765 0.415625 0.30823529411764705 0.4140625 0.3129411764705882 0.4078125 0.3129411764705882 0.403125 0.3247058823529412 0.396875 0.3247058823529412 0.390625 0.3341176470588235 0.390625 0.34352941176470586 0.3859375 0.3458823529411765 0.3859375 0.35294117647058826 0.3828125 0.3552941176470588 0.3828125 0.36941176470588233 0.3796875 0.37176470588235294 0.3796875 0.38588235294117645 0.375 0.38823529411764707 0.375 0.41411764705882353 0.371875 0.4164705882352941 0.371875 0.4470588235294118 0.36875 0.44941176470588234 0.36875 0.5129411764705882 0.371875 0.5152941176470588 0.371875 0.5294117647058824 0.375 0.5317647058823529 0.375 0.5388235294117647 0.3796875 0.5411764705882353 0.3796875 0.5505882352941176 0.3859375 0.5576470588235294 0.3859375 0.5623529411764706 0.390625 0.5647058823529412 0.390625 0.571764705882353 0.396875 0.5811764705882353 0.396875 0.5882352941176471 0.4 0.5905882352941176 0.4 0.5952941176470589 0.403125 0.5952941176470589 0.4078125 0.6047058823529412 0.4140625 0.6047058823529412 0.415625 0.611764705882353 0.4203125 0.611764705882353 0.421875 0.6164705882352941 0.428125 0.6164705882352941 0.4328125 0.6235294117647059 0.4328125 0.6282352941176471 0.4390625 0.6282352941176471 0.44375 0.6376470588235295 0.45 0.6376470588235295 0.4515625 0.6447058823529411 0.4609375 0.6447058823529411 0.4625 0.6494117647058824 0.471875 0.6494117647058824 0.4734375 0.6541176470588236 0.515625 0.6541176470588236 0.5171875 0.6494117647058824 0.5265625 0.6494117647058824 0.528125 0.6447058823529411 0.5375 0.6447058823529411 0.5390625 0.6376470588235295 0.5484375 0.6376470588235295 0.55 0.6329411764705882 0.55625 0.6329411764705882 0.5640625 0.6164705882352941 0.5671875 0.6164705882352941 0.56875 0.611764705882353 0.5734375 0.611764705882353 0.575 0.6047058823529412 0.578125 0.6047058823529412 0.578125 0.5976470588235294 0.584375 0.5882352941176471 0.584375 0.5741176470588235 0.5890625 0.571764705882353 0.5953125 0.5623529411764706 0.5953125 0.5411764705882353 0.5921875 0.5388235294117647 0.59375 0.5294117647058824 0.6 0.5317647058823529 0.6 0.5388235294117647 0.60625 0.5388235294117647 0.6109375 0.5505882352941176 0.6140625 0.5505882352941176 0.6171875 0.5458823529411765 0.6171875 0.5364705882352941 0.6140625 0.5317647058823529 0.6171875 0.5294117647058824 0.6171875 0.5247058823529411 0.6109375 0.5247058823529411 0.609375 0.52 0.6109375 0.5176470588235295 0.6171875 0.5176470588235295 0.6203125 0.5129411764705882 0.6203125 0.508235294117647 0.615625 0.508235294117647 0.6140625 0.5035294117647059 0.6109375 0.5035294117647059 0.60625 0.4964705882352941 0.609375 0.49176470588235294 0.609375 0.4823529411764706 0.6140625 0.48 0.6140625 0.4611764705882353 0.6203125 0.4588235294117647 0.621875 0.45176470588235296 0.6421875 0.45176470588235296 0.64375 0.4470588235294118 0.65 0.4470588235294118 0.6515625 0.4423529411764706 0.6609375 0.4423529411764706 0.6625 0.43529411764705883 0.66875 0.43529411764705883 0.675 0.4258823529411765 0.6765625 0.4188235294117647 0.6828125 0.4188235294117647 0.6828125 0.4 0.6796875 0.3976470588235294 0.6796875 0.38823529411764707 0.6765625 0.38823529411764707 0.66875 0.3764705882352941 0.66875 0.37176470588235294 0.665625 0.37176470588235294 0.6578125 0.36 0.6578125 0.3552941176470588 0.6515625 0.3552941176470588 0.65 0.35058823529411764 0.64375 0.35058823529411764 0.6421875 0.3458823529411765 0.6296875 0.3458823529411765 0.628125 0.3388235294117647 0.6265625 0.3388235294117647 0.625 0.3458823529411765 0.615625 0.3458823529411765 0.6140625 0.3388235294117647 0.6046875 0.3388235294117647 0.603125 0.3341176470588235 0.6 0.3341176470588235 0.5921875 0.32235294117647056 0.5921875 0.3176470588235294 0.5890625 0.3129411764705882 0.584375 0.31058823529411766 0.584375 0.30117647058823527 0.58125 0.2988235294117647 0.58125 0.2917647058823529 0.578125 0.28941176470588237 0.578125 0.28 0.5734375 0.2776470588235294 0.5734375 0.26823529411764707 0.5671875 0.26588235294117646 0.5671875 0.25882352941176473 0.5578125 0.25882352941176473 0.55625 0.25176470588235295 0.553125 0.25176470588235295 0.553125 0.2564705882352941 0.55 0.25882352941176473 0.5484375 0.25176470588235295 0.5390625 0.25176470588235295 0.534375 0.24235294117647058 0.5203125 0.24235294117647058 0.51875 0.23529411764705882 0.4921875 0.23529411764705882 0.490625 0.23058823529411765 0.484375 0.23058823529411765 0.4796875 0.2235294117647059 0.4796875 0.2188235294117647 0.4765625 0.2188235294117647 0.46875 0.20705882352941177 0.46875 0.2023529411764706 0.465625 0.2023529411764706 0.4578125 0.19058823529411764 0.4578125 0.18588235294117647 0.4484375 0.18588235294117647 0.4484375 0.18823529411764706 0.4484375 0.22823529411764706 0.440625 0.23529411764705882
1 0.259375 0 0.259375 0.002352941176470588 0.259375 0.021176470588235293 0.2625 0.023529411764705882 0.2625 0.03058823529411765 0.265625 0.03294117647058824 0.265625 0.042352941176470586 0.26875 0.042352941176470586 0.2703125 0.047058823529411764 0.275 0.047058823529411764 0.2765625 0.05411764705882353 0.2796875 0.05411764705882353 0.2875 0.06588235294117648 0.2875 0.07058823529411765 0.290625 0.07058823529411765 0.2984375 0.08235294117647059 0.2984375 0.08705882352941176 0.3046875 0.08705882352941176 0.30625 0.09176470588235294 0.315625 0.09176470588235294 0.3171875 0.09647058823529411 0.3515625 0.09647058823529411 0.353125 0.09176470588235294 0.3703125 0.09176470588235294 0.371875 0.08705882352941176 0.384375 0.08705882352941176 0.3859375 0.09176470588235294 0.403125 0.09176470588235294 0.40625 0.08705882352941176 0.40625 0.07764705882352942 0.409375 0.07529411764705882 0.409375 0.04941176470588235 0.4171875 0.042352941176470586 0.4171875 0.03294117647058824 0.421875 0.02588235294117647 0.425 0.02588235294117647 0.425 0.01647058823529412 0.43125 0.009411764705882352 0.43125 0 0.259375 0
1 0.528125 0.02588235294117647 0.525 0.02823529411764706 0.525 0.058823529411764705 0.5234375 0.0611764705882353 0.5140625 0.0611764705882353 0.5125 0.05647058823529412 0.509375 0.05647058823529412 0.5046875 0.06588235294117648 0.4953125 0.06588235294117648 0.4953125 0.07058823529411765 0.490625 0.07764705882352942 0.4875 0.07764705882352942 0.4859375 0.08235294117647059 0.48125 0.08235294117647059 0.4796875 0.08941176470588236 0.4734375 0.08941176470588236 0.46875 0.0988235294117647 0.465625 0.0988235294117647 0.465625 0.10352941176470588 0.4625 0.10588235294117647 0.4625 0.11294117647058824 0.459375 0.11529411764705882 0.4578125 0.1223529411764706 0.4515625 0.1223529411764706 0.45 0.12705882352941175 0.440625 0.12705882352941175 0.4390625 0.13176470588235295 0.4328125 0.13176470588235295 0.43125 0.1388235294117647 0.4265625 0.1388235294117647 0.4265625 0.14588235294117646 0.4296875 0.14823529411764705 0.4296875 0.15294117647058825 0.4328125 0.15764705882352942 0.4421875 0.15764705882352942 0.44375 0.16 0.44375 0.2164705882352941 0.4484375 0.2188235294117647 0.4484375 0.2235294117647059 0.440625 0.23058823529411765 0.440625 0.24 0.4359375 0.24705882352941178 0.4328125 0.24705882352941178 0.4296875 0.25176470588235295 0.4296875 0.2611764705882353 0.4265625 0.2635294117647059 0.4265625 0.27294117647058824 0.421875 0.2752941176470588 0.421875 0.31058823529411766 0.4203125 0.3129411764705882 0.4109375 0.3129411764705882 0.409375 0.3176470588235294 0.4046875 0.3176470588235294 0.403125 0.3247058823529412 0.4 0.3247058823529412 0.390625 0.3388235294117647 0.390625 0.34823529411764703 0.3828125 0.3552941176470588 0.3828125 0.36941176470588233 0.3796875 0.37176470588235294 0.3796875 0.39294117647058824 0.375 0.3952941176470588 0.375 0.4188235294117647 0.371875 0.4211764705882353 0.371875 0.45176470588235296 0.36875 0.4541176470588235 0.36875 0.5058823529411764 0.371875 0.508235294117647 0.371875 0.5176470588235295 0.375 0.52 0.375 0.5341176470588235 0.3796875 0.5364705882352941 0.3796875 0.5458823529411765 0.3828125 0.548235294117647 0.3828125 0.5552941176470588 0.3859375 0.5576470588235294 0.3859375 0.5623529411764706 0.3890625 0.5623529411764706 0.39375 0.5694117647058824 0.39375 0.5788235294117647 0.4 0.5882352941176471 0.4046875 0.5905882352941176 0.4046875 0.6 0.4078125 0.6047058823529412 0.4171875 0.6047058823529412 0.41875 0.611764705882353 0.425 0.611764705882353 0.4296875 0.6211764705882353 0.4359375 0.6211764705882353 0.440625 0.6329411764705882 0.446875 0.6329411764705882 0.4484375 0.6376470588235295 0.4546875 0.64 0.4546875 0.6447058823529411 0.4609375 0.6447058823529411 0.4625 0.6494117647058824 0.471875 0.6494117647058824 0.4734375 0.6541176470588236 0.515625 0.6541176470588236 0.5171875 0.6494117647058824 0.5234375 0.6494117647058824 0.525 0.6447058823529411 0.5375 0.6447058823529411 0.5390625 0.6376470588235295 0.5484375 0.6376470588235295 0.55 0.6329411764705882 0.55625 0.6329411764705882 0.559375 0.6282352941176471 0.559375 0.6235294117647059 0.5703125 0.611764705882353 0.5703125 0.6070588235294118 0.575 0.6 0.578125 0.6 0.58125 0.5952941176470589 0.58125 0.5741176470588235 0.5859375 0.5670588235294117 0.5890625 0.5670588235294117 0.5890625 0.5576470588235294 0.5921875 0.5552941176470588 0.5921875 0.548235294117647 0.5859375 0.548235294117647 0.584375 0.5411764705882353 0.5890625 0.5388235294117647 0.59375 0.5294117647058824 0.6 0.5388235294117647 0.6046875 0.5411764705882353 0.6046875 0.5458823529411765 0.6109375 0.5552941176470588 0.6203125 0.5552941176470588 0.621875 0.5623529411764706 0.628125 0.5623529411764706 0.6328125 0.5694117647058824 0.6328125 0.5788235294117647 0.6359375 0.5788235294117647 0.640625 0.5882352941176471 0.646875 0.5882352941176471 0.646875 0.5811764705882353 0.65 0.5788235294117647 0.65 0.5741176470588235 0.646875 0.5694117647058824 0.6375 0.5694117647058824 0.6359375 0.5670588235294117 0.6390625 0.5623529411764706 0.6390625 0.5411764705882353 0.6359375 0.5364705882352941 0.6390625 0.5317647058823529 0.6359375 0.5294117647058824 0.6359375 0.5247058823529411 0.6296875 0.5247058823529411 0.628125 0.5223529411764706 0.6296875 0.5176470588235295 0.6359375 0.5176470588235295 0.6359375 0.508235294117647 0.6421875 0.5058823529411764 0.6421875 0.5035294117647059 0.6296875 0.5035294117647059 0.625 0.4964705882352941 0.625 0.48705882352941177 0.621875 0.48705882352941177 0.6203125 0.4823529411764706 0.625 0.48 0.625 0.47058823529411764 0.621875 0.47058823529411764 0.6203125 0.46588235294117647 0.621875 0.46352941176470586 0.63125 0.46352941176470586 0.6328125 0.4588235294117647 0.6359375 0.4588235294117647 0.6390625 0.46352941176470586 0.6421875 0.4588235294117647 0.6421875 0.4541176470588235 0.646875 0.45176470588235296 0.6484375 0.4470588235294118 0.653125 0.4470588235294118 0.6546875 0.4423529411764706 0.6640625 0.4423529411764706 0.6640625 0.4376470588235294 0.66875 0.43529411764705883 0.6734375 0.4258823529411765 0.6796875 0.4258823529411765 0.6796875 0.4211764705882353 0.6828125 0.4188235294117647 0.6828125 0.4117647058823529 0.6859375 0.40941176470588236 0.6859375 0.4 0.6796875 0.39294117647058824 0.6796875 0.38823529411764707 0.6765625 0.38823529411764707 0.671875 0.3811764705882353 0.671875 0.37176470588235294 0.6609375 0.36 0.6609375 0.3552941176470588 0.6546875 0.3552941176470588 0.646875 0.34352941176470586 0.646875 0.3388235294117647 0.6421875 0.33647058823529413 0.6421875 0.32941176470588235 0.6390625 0.3247058823529412 0.6296875 0.3247058823529412 0.628125 0.3176470588235294 0.61875 0.3176470588235294 0.6171875 0.31529411764705884 0.6171875 0.30823529411764705 0.6140625 0.3058823529411765 0.6140625 0.2964705882352941 0.609375 0.29411764705882354 0.609375 0.28 0.603125 0.27294117647058824 0.6046875 0.26588235294117646 0.609375 0.26588235294117646 0.609375 0.24705882352941178 0.6046875 0.24705882352941178 0.603125 0.24235294117647058 0.5984375 0.24 0.6 0.23294117647058823 0.603125 0.23294117647058823 0.6046875 0.2235294117647059 0.609375 0.2235294117647059 0.609375 0.2188235294117647 0.603125 0.20941176470588235 0.609375 0.20705882352941177 0.609375 0.2023529411764706 0.60625 0.1976470588235294 0.609375 0.19294117647058823 0.6046875 0.19294117647058823 0.603125 0.18588235294117647 0.609375 0.18352941176470589 0.609375 0.17647058823529413 0.6140625 0.17411764705882352 0.615625 0.17647058823529413 0.615625 0.19058823529411764 0.6203125 0.19058823529411764 0.6203125 0.18588235294117647 0.625 0.18352941176470589 0.625 0.17647058823529413 0.628125 0.17411764705882352 0.628125 0.16470588235294117 0.6296875 0.1623529411764706 0.6359375 0.1623529411764706 0.6390625 0.16705882352941176 0.640625 0.1623529411764706 0.65 0.1623529411764706 0.653125 0.15764705882352942 0.6546875 0.1623529411764706 0.671875 0.1623529411764706 0.671875 0.15529411764705883 0.675 0.15294117647058825 0.675 0.14352941176470588 0.6828125 0.13647058823529412 0.6828125 0.13176470588235295 0.6875 0.12470588235294118 0.690625 0.12470588235294118 0.690625 0.11529411764705882 0.696875 0.10823529411764705 0.696875 0.0988235294117647 0.7015625 0.09647058823529411 0.7015625 0.08941176470588236 0.7046875 0.08705882352941176 0.7046875 0.07294117647058823 0.7078125 0.07058823529411765 0.7078125 0.0611764705882353 0.7046875 0.058823529411764705 0.7046875 0.04941176470588235 0.696875 0.042352941176470586 0.696875 0.03294117647058824 0.6875 0.03294117647058824 0.6859375 0.02823529411764706 0.659375 0.02823529411764706 0.6578125 0.03294117647058824 0.6484375 0.03294117647058824 0.646875 0.04 0.640625 0.04 0.6359375 0.04941176470588235 0.6296875 0.04941176470588235 0.628125 0.05647058823529412 0.621875 0.05647058823529412 0.621875 0.06352941176470588 0.61875 0.06588235294117648 0.61875 0.07529411764705882 0.6140625 0.08235294117647059 0.6109375 0.08235294117647059 0.6109375 0.08705882352941176 0.6078125 0.08941176470588236 0.60625 0.0988235294117647 0.596875 0.0988235294117647 0.596875 0.10352941176470588 0.6 0.10823529411764705 0.59375 0.11058823529411765 0.59375 0.12 0.590625 0.1223529411764706 0.5890625 0.11529411764705882 0.584375 0.11294117647058824 0.584375 0.04470588235294118 0.5890625 0.042352941176470586 0.5890625 0.04 0.584375 0.03764705882352941 0.584375 0.03294117647058824 0.58125 0.02823529411764706 0.575 0.02823529411764706 0.5734375 0.02588235294117647 0.5734375 0.01647058823529412 0.5640625 0.01647058823529412 0.559375 0.007058823529411765 0.5359375 0.007058823529411765 0.5359375 0.009411764705882352 0.528125 0.01647058823529412 0.528125 0.02588235294117647
1 0.01875 0 0.01875 0.002352941176470588 0.015625 0.007058823529411765 0.0140625 0.01647058823529412 0.0109375 0.01647058823529412 0.0078125 0.011764705882352941 0.003125 0.023529411764705882 0 0.023529411764705882 0 0.10823529411764705 0.003125 0.10823529411764705 0.00625 0.11294117647058824 0.00625 0.0988235294117647 0.009375 0.09647058823529411 0.0109375 0.08705882352941176 0.0140625 0.08705882352941176 0.0140625 0.07764705882352942 0.0171875 0.07529411764705882 0.0171875 0.06588235294117648 0.0203125 0.06352941176470588 0.0203125 0.05647058823529412 0.025 0.05411764705882353 0.025 0.04470588235294118 0.03125 0.03764705882352941 0.03125 0.02823529411764706 0.0359375 0.02588235294117647 0.0390625 0.021176470588235293 0.0390625 0.01647058823529412 0.0421875 0.01411764705882353 0.0421875 0 0.01875 0
1 0.3734375 0.908235294117647 0.3703125 0.9058823529411765 0.3703125 0.8917647058823529 0.3671875 0.8870588235294118 0.3609375 0.8870588235294118 0.359375 0.88 0.353125 0.88 0.3515625 0.8752941176470588 0.3421875 0.8752941176470588 0.340625 0.8705882352941177 0.325 0.8705882352941177 0.3234375 0.8635294117647059 0.3171875 0.8635294117647059 0.315625 0.8611764705882353 0.315625 0.8470588235294118 0.3125 0.8447058823529412 0.31875 0.8352941176470589 0.31875 0.8258823529411765 0.3234375 0.8235294117647058 0.3234375 0.8164705882352942 0.3296875 0.8070588235294117 0.3296875 0.8 0.334375 0.7976470588235294 0.334375 0.7835294117647059 0.3375 0.7811764705882352 0.3375 0.76 0.340625 0.7576470588235295 0.3421875 0.7482352941176471 0.3453125 0.7482352941176471 0.3453125 0.7341176470588235 0.3484375 0.731764705882353 0.3484375 0.7270588235294118 0.3421875 0.7270588235294118 0.3421875 0.7364705882352941 0.3390625 0.7388235294117647 0.3390625 0.7411764705882353 0.3359375 0.7435294117647059 0.334375 0.7505882352941177 0.33125 0.7505882352941177 0.33125 0.7576470588235295 0.328125 0.76 0.328125 0.7694117647058824 0.3234375 0.7764705882352941 0.3203125 0.7764705882352941 0.3203125 0.7858823529411765 0.3140625 0.7929411764705883 0.3140625 0.8023529411764706 0.30625 0.8094117647058824 0.30625 0.8141176470588235 0.303125 0.8164705882352942 0.303125 0.8235294117647058 0.2984375 0.8258823529411765 0.2984375 0.8305882352941176 0.29375 0.8376470588235294 0.2859375 0.8305882352941176 0.2859375 0.8258823529411765 0.2828125 0.8211764705882353 0.2765625 0.8211764705882353 0.275 0.8164705882352942 0.265625 0.8164705882352942 0.2640625 0.8094117647058824 0.2328125 0.8094117647058824 0.23125 0.8164705882352942 0.2265625 0.8164705882352942 0.225 0.8211764705882353 0.215625 0.8211764705882353 0.2140625 0.8258823529411765 0.2078125 0.8258823529411765 0.20625 0.8329411764705882 0.196875 0.8329411764705882 0.1953125 0.8376470588235294 0.171875 0.8376470588235294 0.1703125 0.8423529411764706 0.1640625 0.8423529411764706 0.15625 0.8588235294117647 0.153125 0.8588235294117647 0.153125 0.8682352941176471 0.1515625 0.8705882352941177 0.146875 0.8705882352941177 0.1453125 0.8752941176470588 0.1421875 0.8752941176470588 0.1421875 0.8847058823529412 0.1390625 0.8870588235294118 0.1390625 0.8941176470588236 0.1359375 0.8964705882352941 0.1359375 0.9105882352941177 0.13125 0.9129411764705883 0.13125 0.9270588235294117 0.128125 0.9294117647058824 0.128125 0.9435294117647058 0.125 0.9458823529411765 0.125 0.96 0.1203125 0.9623529411764706 0.1203125 0.9976470588235294 0.29375 0.9976470588235294 0.2953125 0.9929411764705882 0.3015625 0.9929411764705882 0.303125 0.9976470588235294 0.3265625 0.9976470588235294 0.328125 0.9929411764705882 0.3484375 0.9929411764705882 0.35 0.9976470588235294 0.359375 0.9976470588235294 0.359375 0.9905882352941177 0.3515625 0.9835294117647059 0.3515625 0.9788235294117648 0.35625 0.9764705882352941 0.35625 0.9741176470588235 0.3515625 0.971764705882353 0.3515625 0.9576470588235294 0.3484375 0.9529411764705882 0.35 0.9505882352941176 0.35625 0.9505882352941176 0.3578125 0.9435294117647058 0.3625 0.9435294117647058 0.3640625 0.9341176470588235 0.3671875 0.9341176470588235 0.3671875 0.9294117647058824 0.3734375 0.9270588235294117 0.3734375 0.908235294117647
1 0.68125 0 0.68125 0.002352941176470588 0.68125 0.004705882352941176 0.6859375 0.004705882352941176 0.6875 0.009411764705882352 0.69375 0.009411764705882352 0.6984375 0.01647058823529412 0.6984375 0.02588235294117647 0.7015625 0.02588235294117647 0.70625 0.03294117647058824 0.70625 0.03764705882352941 0.709375 0.04 0.709375 0.047058823529411764 0.7140625 0.04941176470588235 0.7140625 0.09647058823529411 0.7171875 0.0988235294117647 0.7171875 0.12470588235294118 0.725 0.13176470588235295 0.725 0.13647058823529412 0.728125 0.1411764705882353 0.734375 0.1411764705882353 0.7359375 0.14352941176470588 0.7359375 0.15294117647058825 0.7421875 0.1623529411764706 0.7453125 0.1623529411764706 0.746875 0.16705882352941176 0.7515625 0.16705882352941176 0.753125 0.17411764705882352 0.7890625 0.17411764705882352 0.790625 0.16705882352941176 0.825 0.16705882352941176 0.8265625 0.17411764705882352 0.83125 0.17411764705882352 0.8328125 0.16705882352941176 0.8390625 0.16705882352941176 0.840625 0.1623529411764706 0.85 0.1623529411764706 0.85 0.15529411764705883 0.853125 0.15294117647058825 0.853125 0.14352941176470588 0.8578125 0.1411764705882353 0.8609375 0.13647058823529412 0.8609375 0.13176470588235295 0.8640625 0.12941176470588237 0.8640625 0.11529411764705882 0.871875 0.10823529411764705 0.871875 0.09411764705882353 0.8734375 0.09176470588235294 0.8796875 0.09176470588235294 0.8796875 0.07294117647058823 0.8828125 0.07058823529411765 0.8828125 0.05647058823529412 0.8859375 0.05411764705882353 0.8859375 0.03294117647058824 0.890625 0.03058823529411765 0.890625 0 0.68125 0
1 0 0.9929411764705882 0.003125 0.9929411764705882 0.0046875 0.9976470588235294 0.090625 0.9976470588235294 0.0921875 0.9929411764705882 0.1125 0.9929411764705882 0.1125 0.9788235294117648 0.115625 0.9764705882352941 0.115625 0.9576470588235294 0.11875 0.9552941176470588 0.11875 0.9411764705882353 0.1234375 0.9388235294117647 0.1234375 0.92 0.1265625 0.9176470588235294 0.1265625 0.8964705882352941 0.1296875 0.8941176470588236 0.1296875 0.8705882352941177 0.134375 0.8682352941176471 0.134375 0.8635294117647059 0.1375 0.8611764705882353 0.1375 0.8329411764705882 0.140625 0.8305882352941176 0.140625 0.8047058823529412 0.1375 0.8023529411764706 0.1375 0.788235294117647 0.134375 0.7858823529411765 0.134375 0.7717647058823529 0.1296875 0.7694117647058824 0.1296875 0.7505882352941177 0.1265625 0.7482352941176471 0.1265625 0.7270588235294118 0.1234375 0.7247058823529412 0.1234375 0.7176470588235294 0.11875 0.7152941176470589 0.11875 0.7058823529411765 0.115625 0.7035294117647058 0.115625 0.6941176470588235 0.1125 0.6894117647058824 0.109375 0.6894117647058824 0.1078125 0.6847058823529412 0.103125 0.6847058823529412 0.1015625 0.6776470588235294 0.0984375 0.6776470588235294 0.096875 0.6729411764705883 0.0875 0.6729411764705883 0.0859375 0.668235294117647 0.08125 0.668235294117647 0.0796875 0.6635294117647059 0.0703125 0.6635294117647059 0.06875 0.6564705882352941 0.0484375 0.6564705882352941 0.046875 0.6517647058823529 0.021875 0.6517647058823529 0.0203125 0.6470588235294118 0 0.6470588235294118 0 0.6494117647058824 0 0.9929411764705882
1 0.059375 0 0.059375 0.002352941176470588 0.0578125 0.007058823529411765 0.0515625 0.007058823529411765 0.046875 0.01647058823529412 0.04375 0.01647058823529412 0.04375 0.021176470588235293 0.0359375 0.03294117647058824 0.0328125 0.03294117647058824 0.0328125 0.042352941176470586 0.0296875 0.04470588235294118 0.0296875 0.05411764705882353 0.0265625 0.05647058823529412 0.0265625 0.06352941176470588 0.021875 0.06588235294117648 0.021875 0.07058823529411765 0.01875 0.07294117647058823 0.01875 0.08 0.015625 0.08235294117647059 0.015625 0.09176470588235294 0.0109375 0.09411764705882353 0.0109375 0.10823529411764705 0.0078125 0.11058823529411765 0.0078125 0.12 0.0046875 0.1223529411764706 0.0046875 0.1411764705882353 0 0.14352941176470588 0 0.23294117647058823 0.0046875 0.23529411764705882 0.0046875 0.2447058823529412 0.0109375 0.25176470588235295 0.0109375 0.2611764705882353 0.0140625 0.2611764705882353 0.01875 0.26823529411764707 0.01875 0.27294117647058824 0.0421875 0.27294117647058824 0.04375 0.26588235294117646 0.046875 0.26588235294117646 0.0484375 0.27294117647058824 0.090625 0.27294117647058824 0.0921875 0.2776470588235294 0.1015625 0.2776470588235294 0.103125 0.2823529411764706 0.1125 0.2823529411764706 0.11875 0.27294117647058824 0.11875 0.26823529411764707 0.1234375 0.26588235294117646 0.125 0.2611764705882353 0.1296875 0.2611764705882353 0.13125 0.2564705882352941 0.140625 0.2564705882352941 0.1421875 0.24941176470588236 0.1484375 0.24941176470588236 0.153125 0.24 0.15625 0.24 0.15625 0.23058823529411765 0.159375 0.22823529411764706 0.159375 0.2188235294117647 0.1625 0.2164705882352941 0.1625 0.20941176470588235 0.1671875 0.20705882352941177 0.1671875 0.2023529411764706 0.1703125 0.2 0.1703125 0.19294117647058823 0.1734375 0.19058823529411764 0.1734375 0.18588235294117647 0.178125 0.18352941176470589 0.178125 0.17647058823529413 0.18125 0.17411764705882352 0.18125 0.16941176470588235 0.1921875 0.15764705882352942 0.1921875 0.14823529411764705 0.1953125 0.14588235294117646 0.1953125 0.08941176470588236 0.1921875 0.08705882352941176 0.1921875 0.06588235294117648 0.1890625 0.06352941176470588 0.1890625 0.05647058823529412 0.1859375 0.05647058823529412 0.184375 0.04941176470588235 0.178125 0.04 0.1734375 0.03764705882352941 0.1734375 0.03294117647058824 0.1671875 0.023529411764705882 0.1609375 0.023529411764705882 0.15625 0.011764705882352941 0.15 0.011764705882352941 0.1453125 0.004705882352941176 0.1453125 0 0.059375 0
1 0.2078125 0.46588235294117647 0.20625 0.47058823529411764 0.2 0.47058823529411764 0.1984375 0.4776470588235294 0.19375 0.4776470588235294 0.1890625 0.48705882352941177 0.1859375 0.48705882352941177 0.1859375 0.49176470588235294 0.178125 0.5035294117647059 0.175 0.5035294117647059 0.171875 0.508235294117647 0.171875 0.5129411764705882 0.16875 0.5152941176470588 0.16875 0.5223529411764706 0.1640625 0.5247058823529411 0.1640625 0.5294117647058824 0.1609375 0.5317647058823529 0.1609375 0.5388235294117647 0.1578125 0.5411764705882353 0.1578125 0.5458823529411765 0.153125 0.548235294117647 0.153125 0.5552941176470588 0.15 0.5576470588235294 0.15 0.5670588235294117 0.146875 0.5694117647058824 0.146875 0.5788235294117647 0.1421875 0.5811764705882353 0.1421875 0.5882352941176471 0.1390625 0.5905882352941176 0.1390625 0.6047058823529412 0.1359375 0.6070588235294118 0.134375 0.6141176470588235 0.13125 0.6141176470588235 0.13125 0.6282352941176471 0.128125 0.6305882352941177 0.128125 0.72 0.13125 0.7223529411764706 0.13125 0.731764705882353 0.1359375 0.7341176470588235 0.1359375 0.7411764705882353 0.1390625 0.7435294117647059 0.1390625 0.7529411764705882 0.1421875 0.7552941176470588 0.1421875 0.7647058823529411 0.1453125 0.7647058823529411 0.15 0.7717647058823529 0.15 0.7811764705882352 0.1734375 0.7811764705882352 0.175 0.7858823529411765 0.209375 0.7858823529411765 0.2109375 0.7811764705882352 0.225 0.7811764705882352 0.2265625 0.7741176470588236 0.2359375 0.7741176470588236 0.2375 0.7811764705882352 0.25 0.7811764705882352 0.2515625 0.7858823529411765 0.271875 0.7858823529411765 0.2734375 0.7905882352941176 0.2828125 0.7905882352941176 0.284375 0.7976470588235294 0.3015625 0.7976470588235294 0.303125 0.7905882352941176 0.3078125 0.7905882352941176 0.309375 0.7858823529411765 0.315625 0.7858823529411765 0.315625 0.7764705882352941 0.3203125 0.7694117647058824 0.3234375 0.7694117647058824 0.3234375 0.76 0.3265625 0.7576470588235295 0.3265625 0.7505882352941177 0.3296875 0.7482352941176471 0.33125 0.7411764705882353 0.334375 0.7411764705882353 0.334375 0.7341176470588235 0.3375 0.731764705882353 0.3375 0.7223529411764706 0.340625 0.72 0.340625 0.7105882352941176 0.3453125 0.7082352941176471 0.3453125 0.7011764705882353 0.3484375 0.6988235294117647 0.3484375 0.6729411764705883 0.353125 0.6658823529411765 0.359375 0.6658823529411765 0.3609375 0.6705882352941176 0.3671875 0.6705882352941176 0.3703125 0.6635294117647059 0.3671875 0.6611764705882353 0.3671875 0.6564705882352941 0.3609375 0.6564705882352941 0.359375 0.6541176470588236 0.3625 0.6470588235294118 0.359375 0.6447058823529411 0.359375 0.6352941176470588 0.35625 0.6305882352941177 0.359375 0.6282352941176471 0.359375 0.6070588235294118 0.353125 0.6070588235294118 0.3515625 0.6023529411764705 0.3390625 0.6023529411764705 0.3375 0.5976470588235294 0.33125 0.5976470588235294 0.3296875 0.5952941176470589 0.3296875 0.5858823529411765 0.33125 0.5835294117647059 0.334375 0.5835294117647059 0.3375 0.5882352941176471 0.3375 0.5811764705882353 0.3390625 0.5788235294117647 0.3453125 0.5788235294117647 0.3453125 0.5741176470588235 0.3390625 0.5741176470588235 0.3375 0.5694117647058824 0.33125 0.5694117647058824 0.328125 0.5741176470588235 0.3234375 0.5670588235294117 0.3234375 0.5576470588235294 0.328125 0.5505882352941176 0.3375 0.5505882352941176 0.3390625 0.5529411764705883 0.3359375 0.5576470588235294 0.3359375 0.5623529411764706 0.3375 0.5623529411764706 0.3390625 0.5552941176470588 0.3421875 0.5576470588235294 0.3421875 0.5623529411764706 0.3515625 0.5623529411764706 0.353125 0.5552941176470588 0.3671875 0.5552941176470588 0.3625 0.548235294117647 0.3671875 0.5458823529411765 0.3671875 0.5411764705882353 0.3640625 0.5411764705882353 0.359375 0.5317647058823529 0.35 0.5317647058823529 0.3484375 0.5247058823529411 0.3453125 0.52 0.3421875 0.52 0.340625 0.5152941176470588 0.33125 0.5152941176470588 0.3265625 0.5035294117647059 0.3203125 0.5035294117647059 0.3125 0.49176470588235294 0.3125 0.48705882352941177 0.30625 0.48705882352941177 0.3015625 0.4776470588235294 0.2953125 0.4776470588235294 0.29375 0.47058823529411764 0.2875 0.47058823529411764 0.2859375 0.46588235294117647 0.265625 0.46588235294117647 0.2640625 0.4611764705882353 0.221875 0.4611764705882353 0.221875 0.46352941176470586 0.2203125 0.46588235294117647 0.2078125 0.46588235294117647
1 0 0.34823529411764703 0.00625 0.34823529411764703 0.0109375 0.33647058823529413 0.0171875 0.33647058823529413 0.021875 0.3270588235294118 0.025 0.3270588235294118 0.028125 0.32235294117647056 0.028125 0.2964705882352941 0.025 0.29411764705882354 0.025 0.28 0.021875 0.28 0.0140625 0.2635294117647059 0.009375 0.2611764705882353 0.009375 0.25176470588235295 0.0046875 0.25176470588235295 0.003125 0.24705882352941178 0 0.24705882352941178 0 0.24941176470588236 0 0.34823529411764703
1 0.5390625 0 0.5390625 0.002352941176470588 0.5375 0.007058823529411765 0.5171875 0.007058823529411765 0.515625 0.01647058823529412 0.5125 0.01411764705882353 0.5140625 0.01647058823529412 0.5125 0.023529411764705882 0.509375 0.023529411764705882 0.509375 0.03764705882352941 0.5078125 0.04 0.4984375 0.04 0.496875 0.03294117647058824 0.4921875 0.03294117647058824 0.4921875 0.03764705882352941 0.4875 0.04 0.4875 0.047058823529411764 0.484375 0.04941176470588235 0.484375 0.06352941176470588 0.48125 0.06588235294117648 0.48125 0.07058823529411765 0.484375 0.07529411764705882 0.4828125 0.07764705882352942 0.4734375 0.07764705882352942 0.471875 0.08235294117647059 0.465625 0.08235294117647059 0.4640625 0.08941176470588236 0.4546875 0.08941176470588236 0.4515625 0.09411764705882353 0.45 0.08941176470588236 0.44375 0.08941176470588236 0.4421875 0.08235294117647059 0.41875 0.08235294117647059 0.4171875 0.07294117647058823 0.4203125 0.07058823529411765 0.4203125 0.06588235294117648 0.415625 0.06588235294117648 0.415625 0.08 0.4109375 0.08235294117647059 0.4109375 0.10352941176470588 0.4078125 0.10588235294117647 0.4078125 0.11294117647058824 0.4109375 0.11529411764705882 0.4109375 0.12 0.4078125 0.1223529411764706 0.4078125 0.1411764705882353 0.415625 0.14823529411764705 0.415625 0.15764705882352942 0.4140625 0.16 0.4078125 0.16 0.4078125 0.16705882352941176 0.4109375 0.16941176470588235 0.4109375 0.17882352941176471 0.415625 0.1811764705882353 0.415625 0.19058823529411764 0.4171875 0.19058823529411764 0.4171875 0.17647058823529413 0.41875 0.17411764705882352 0.4265625 0.1811764705882353 0.4265625 0.1952941176470588 0.425 0.1976470588235294 0.415625 0.1976470588235294 0.415625 0.2 0.4265625 0.2164705882352941 0.4390625 0.2164705882352941 0.4390625 0.1811764705882353 0.440625 0.17882352941176471 0.453125 0.17882352941176471 0.4546875 0.18352941176470589 0.459375 0.18588235294117647 0.459375 0.19058823529411764 0.4625 0.1952941176470588 0.46875 0.1952941176470588 0.4703125 0.2 0.475 0.2 0.4765625 0.2023529411764706 0.4765625 0.21176470588235294 0.4828125 0.21176470588235294 0.4875 0.2188235294117647 0.4875 0.2235294117647059 0.49375 0.2235294117647059 0.4953125 0.22823529411764706 0.4984375 0.2235294117647059 0.5015625 0.2235294117647059 0.503125 0.22823529411764706 0.5078125 0.22823529411764706 0.509375 0.23294117647058823 0.534375 0.23294117647058823 0.5359375 0.24 0.5390625 0.24235294117647058 0.5359375 0.24941176470588236 0.5453125 0.24941176470588236 0.546875 0.2447058823529412 0.5515625 0.2447058823529412 0.553125 0.24 0.55625 0.24 0.559375 0.2447058823529412 0.5625 0.24 0.5640625 0.24941176470588236 0.56875 0.25176470588235295 0.56875 0.2564705882352941 0.5734375 0.2564705882352941 0.575 0.26588235294117646 0.578125 0.26588235294117646 0.5796875 0.27294117647058824 0.5859375 0.2823529411764706 0.590625 0.2847058823529412 0.590625 0.29411764705882354 0.596875 0.30117647058823527 0.596875 0.31058823529411766 0.6 0.3129411764705882 0.6 0.32235294117647056 0.60625 0.32235294117647056 0.60625 0.3129411764705882 0.6109375 0.3058823529411765 0.6140625 0.3058823529411765 0.6140625 0.30117647058823527 0.6109375 0.30117647058823527 0.60625 0.2917647058823529 0.6 0.2917647058823529 0.5984375 0.28941176470588237 0.6 0.2823529411764706 0.603125 0.2823529411764706 0.60625 0.2776470588235294 0.603125 0.27294117647058824 0.603125 0.26823529411764707 0.6046875 0.26588235294117646 0.6140625 0.26588235294117646 0.615625 0.2564705882352941 0.63125 0.2564705882352941 0.63125 0.23529411764705882 0.6328125 0.23294117647058823 0.6359375 0.23294117647058823 0.6375 0.22823529411764706 0.646875 0.22823529411764706 0.6484375 0.23294117647058823 0.6546875 0.23529411764705882 0.6546875 0.2447058823529412 0.6796875 0.2447058823529412 0.6875 0.22823529411764706 0.690625 0.22823529411764706 0.690625 0.21411764705882352 0.696875 0.21176470588235294 0.696875 0.1976470588235294 0.69375 0.1952941176470588 0.69375 0.18588235294117647 0.690625 0.1811764705882353 0.6875 0.1811764705882353 0.6828125 0.17411764705882352 0.6828125 0.16941176470588235 0.6796875 0.16705882352941176 0.6796875 0.14823529411764705 0.6828125 0.14588235294117646 0.6828125 0.1388235294117647 0.6859375 0.13647058823529412 0.6859375 0.13176470588235295 0.690625 0.12941176470588237 0.690625 0.1223529411764706 0.696875 0.11294117647058824 0.696875 0.10588235294117647 0.7015625 0.10352941176470588 0.7015625 0.09411764705882353 0.7046875 0.09176470588235294 0.7046875 0.08235294117647059 0.7078125 0.08 0.7078125 0.04941176470588235 0.7015625 0.04 0.696875 0.03764705882352941 0.696875 0.03294117647058824 0.69375 0.02823529411764706 0.6765625 0.02823529411764706 0.675 0.023529411764705882 0.6625 0.023529411764705882 0.6609375 0.02823529411764706 0.6515625 0.02823529411764706 0.65 0.03294117647058824 0.640625 0.03294117647058824 0.6390625 0.023529411764705882 0.6421875 0.021176470588235293 0.6421875 0.01647058823529412 0.6390625 0.011764705882352941 0.6296875 0.011764705882352941 0.628125 0.007058823529411765 0.5609375 0.007058823529411765 0.559375 0 0.5390625 0
1 0.2703125 0.10588235294117647 0.26875 0.11058823529411765 0.259375 0.11058823529411765 0.2578125 0.11529411764705882 0.2484375 0.11529411764705882 0.246875 0.1223529411764706 0.240625 0.1223529411764706 0.2390625 0.12705882352941175 0.2328125 0.12705882352941175 0.23125 0.13176470588235295 0.221875 0.13176470588235295 0.221875 0.13647058823529412 0.2140625 0.14823529411764705 0.2078125 0.14823529411764705 0.2078125 0.15294117647058825 0.203125 0.16 0.2 0.16 0.19375 0.16941176470588235 0.1921875 0.17647058823529413 0.1859375 0.17647058823529413 0.1796875 0.18588235294117647 0.1796875 0.1952941176470588 0.171875 0.2023529411764706 0.171875 0.21176470588235294 0.1671875 0.2188235294117647 0.1640625 0.2188235294117647 0.1640625 0.22823529411764706 0.1609375 0.23058823529411765 0.1609375 0.2447058823529412 0.1578125 0.24705882352941178 0.1578125 0.2611764705882353 0.153125 0.2635294117647059 0.153125 0.2823529411764706 0.1578125 0.2847058823529412 0.1578125 0.29411764705882354 0.1609375 0.2964705882352941 0.1609375 0.3058823529411765 0.1640625 0.30823529411764705 0.1640625 0.31529411764705884 0.16875 0.3176470588235294 0.16875 0.3270588235294118 0.171875 0.32941176470588235 0.171875 0.33647058823529413 0.175 0.3388235294117647 0.175 0.34352941176470586 0.1796875 0.3458823529411765 0.1796875 0.35294117647058826 0.1859375 0.3552941176470588 0.1859375 0.36470588235294116 0.190625 0.36705882352941177 0.1828125 0.3788235294117647 0.1859375 0.3835294117647059 0.1859375 0.39294117647058824 0.1828125 0.3952941176470588 0.1828125 0.4023529411764706 0.1859375 0.4047058823529412 0.1859375 0.40941176470588236 0.190625 0.4117647058823529 0.190625 0.4188235294117647 0.19375 0.4211764705882353 0.19375 0.4258823529411765 0.2 0.43529411764705883 0.20625 0.43529411764705883 0.2078125 0.4423529411764706 0.23125 0.4423529411764706 0.2328125 0.43529411764705883 0.25 0.43529411764705883 0.2515625 0.4423529411764706 0.2578125 0.4423529411764706 0.259375 0.4470588235294118 0.26875 0.4470588235294118 0.2703125 0.45176470588235296 0.29375 0.45176470588235296 0.2953125 0.4588235294117647 0.3015625 0.4588235294117647 0.3015625 0.4541176470588235 0.3046875 0.45176470588235296 0.30625 0.4588235294117647 0.3125 0.4588235294117647 0.315625 0.46352941176470586 0.3203125 0.45176470588235296 0.3265625 0.45176470588235296 0.33125 0.4423529411764706 0.334375 0.4423529411764706 0.334375 0.4376470588235294 0.3390625 0.43058823529411766 0.3453125 0.43058823529411766 0.346875 0.4258823529411765 0.3625 0.4258823529411765 0.3640625 0.4188235294117647 0.3671875 0.4188235294117647 0.3671875 0.4 0.3703125 0.3976470588235294 0.3703125 0.3835294117647059 0.3734375 0.3811764705882353 0.3734375 0.36705882352941177 0.378125 0.36470588235294116 0.378125 0.3552941176470588 0.38125 0.35294117647058826 0.38125 0.3341176470588235 0.3859375 0.3270588235294118 0.3890625 0.3270588235294118 0.390625 0.32235294117647056 0.3953125 0.32235294117647056 0.3953125 0.3176470588235294 0.4 0.31058823529411766 0.403125 0.31058823529411766 0.40625 0.3058823529411765 0.40625 0.30117647058823527 0.409375 0.2988235294117647 0.409375 0.2917647058823529 0.4140625 0.28941176470588237 0.4140625 0.2635294117647059 0.409375 0.2611764705882353 0.409375 0.24705882352941178 0.40625 0.2447058823529412 0.40625 0.2188235294117647 0.403125 0.2164705882352941 0.403125 0.2023529411764706 0.3984375 0.2 0.3984375 0.1811764705882353 0.3921875 0.17411764705882352 0.3921875 0.16470588235294117 0.3890625 0.16 0.3828125 0.16 0.378125 0.15294117647058825 0.378125 0.14823529411764705 0.371875 0.14823529411764705 0.3703125 0.14352941176470588 0.3640625 0.14352941176470588 0.3625 0.1388235294117647 0.3578125 0.1388235294117647 0.35625 0.13176470588235295 0.353125 0.13176470588235295 0.3515625 0.12705882352941175 0.346875 0.12705882352941175 0.3453125 0.1223529411764706 0.3421875 0.1223529411764706 0.340625 0.11529411764705882 0.33125 0.11529411764705882 0.3296875 0.11058823529411765 0.325 0.11058823529411765 0.3234375 0.10588235294117647 0.3171875 0.10588235294117647 0.315625 0.0988235294117647 0.28125 0.0988235294117647 0.28125 0.1011764705882353 0.2796875 0.10588235294117647 0.2703125 0.10588235294117647
1 0 0.6 0.003125 0.6 0.0046875 0.6047058823529412 0.0140625 0.6047058823529412 0.015625 0.611764705882353 0.028125 0.611764705882353 0.0296875 0.6164705882352941 0.096875 0.6164705882352941 0.0984375 0.611764705882353 0.1125 0.611764705882353 0.1140625 0.6047058823529412 0.1234375 0.6047058823529412 0.125 0.6 0.1296875 0.6 0.13125 0.5952941176470589 0.134375 0.5952941176470589 0.134375 0.5858823529411765 0.1375 0.5835294117647059 0.1375 0.5741176470588235 0.140625 0.571764705882353 0.140625 0.5576470588235294 0.1453125 0.5552941176470588 0.1453125 0.548235294117647 0.1484375 0.5458823529411765 0.1484375 0.5364705882352941 0.153125 0.5294117647058824 0.15625 0.5294117647058824 0.15625 0.52 0.159375 0.5176470588235295 0.159375 0.508235294117647 0.1640625 0.5011764705882353 0.1671875 0.5011764705882353 0.1671875 0.49411764705882355 0.1734375 0.48470588235294115 0.1734375 0.4776470588235294 0.178125 0.4752941176470588 0.178125 0.46588235294117647 0.18125 0.46352941176470586 0.18125 0.4541176470588235 0.178125 0.45176470588235296 0.178125 0.4447058823529412 0.175 0.4447058823529412 0.1734375 0.4376470588235294 0.1703125 0.43529411764705883 0.1703125 0.4164705882352941 0.1734375 0.41411764705882353 0.1734375 0.4047058823529412 0.1703125 0.4023529411764706 0.1703125 0.38823529411764707 0.1671875 0.38588235294117645 0.1671875 0.3788235294117647 0.1625 0.3764705882352941 0.1625 0.36705882352941177 0.159375 0.36470588235294116 0.159375 0.3552941176470588 0.15625 0.35294117647058826 0.15625 0.3458823529411765 0.1515625 0.34352941176470586 0.153125 0.33647058823529413 0.15625 0.33647058823529413 0.15625 0.3176470588235294 0.15 0.3176470588235294 0.1484375 0.31529411764705884 0.1484375 0.2964705882352941 0.1453125 0.29411764705882354 0.1453125 0.2847058823529412 0.1421875 0.2847058823529412 0.134375 0.27294117647058824 0.134375 0.26823529411764707 0.13125 0.26823529411764707 0.13125 0.27058823529411763 0.1296875 0.2752941176470588 0.1203125 0.2752941176470588 0.1203125 0.29411764705882354 0.115625 0.30117647058823527 0.10625 0.30117647058823527 0.1015625 0.2917647058823529 0.096875 0.28941176470588237 0.096875 0.2847058823529412 0.084375 0.2847058823529412 0.0828125 0.28 0.04375 0.28 0.0421875 0.2847058823529412 0.0375 0.2847058823529412 0.0375 0.28941176470588237 0.040625 0.2917647058823529 0.040625 0.2988235294117647 0.0375 0.30117647058823527 0.0375 0.3058823529411765 0.040625 0.30823529411764705 0.040625 0.32235294117647056 0.04375 0.3270588235294118 0.0421875 0.32941176470588235 0.0265625 0.32941176470588235 0.0203125 0.3388235294117647 0.015625 0.3388235294117647 0.0140625 0.3458823529411765 0.0109375 0.3458823529411765 0.0046875 0.3552941176470588 0.003125 0.3623529411764706 0 0.3623529411764706 0 0.6
1 0.615625 0.7152941176470589 0.621875 0.7223529411764706 0.621875 0.7364705882352941 0.6265625 0.7388235294117647 0.6265625 0.7482352941176471 0.6296875 0.7505882352941177 0.6296875 0.7647058823529411 0.6328125 0.7670588235294118 0.6328125 0.7741176470588236 0.6375 0.7764705882352941 0.6375 0.7858823529411765 0.640625 0.788235294117647 0.640625 0.8023529411764706 0.64375 0.8047058823529412 0.64375 0.8188235294117647 0.6484375 0.8211764705882353 0.6484375 0.8352941176470589 0.6515625 0.8376470588235294 0.6515625 0.8447058823529412 0.6546875 0.8470588235294118 0.6546875 0.8729411764705882 0.6484375 0.8752941176470588 0.646875 0.88 0.6375 0.88 0.6359375 0.8870588235294118 0.6296875 0.8870588235294118 0.628125 0.8917647058823529 0.621875 0.8917647058823529 0.61875 0.8964705882352941 0.61875 0.9058823529411765 0.6171875 0.908235294117647 0.6078125 0.908235294117647 0.603125 0.92 0.596875 0.92 0.5953125 0.9247058823529412 0.590625 0.9247058823529412 0.5890625 0.9294117647058824 0.5828125 0.9294117647058824 0.58125 0.9364705882352942 0.571875 0.9364705882352942 0.5703125 0.9411764705882353 0.5609375 0.9411764705882353 0.559375 0.9458823529411765 0.553125 0.9458823529411765 0.553125 0.9505882352941176 0.5453125 0.9623529411764706 0.5421875 0.9623529411764706 0.5421875 0.9835294117647059 0.5390625 0.9858823529411764 0.5390625 0.9929411764705882 0.5421875 0.9976470588235294 0.559375 0.9976470588235294 0.5609375 0.9929411764705882 0.5703125 0.9929411764705882 0.571875 0.9976470588235294 0.60625 0.9976470588235294 0.6078125 0.9929411764705882 0.6171875 0.9929411764705882 0.61875 0.9976470588235294 0.7890625 0.9976470588235294 0.790625 0.9929411764705882 0.809375 0.9929411764705882 0.8109375 0.9976470588235294 0.8203125 0.9976470588235294 0.821875 0.9929411764705882 0.828125 0.9929411764705882 0.83125 0.9976470588235294 0.8328125 0.9929411764705882 0.8359375 0.9929411764705882 0.8359375 0.9694117647058823 0.83125 0.9670588235294117 0.83125 0.9529411764705882 0.828125 0.9505882352941176 0.828125 0.9411764705882353 0.825 0.9388235294117647 0.825 0.9247058823529412 0.8203125 0.9223529411764706 0.8203125 0.9129411764705883 0.8171875 0.9105882352941177 0.8171875 0.9035294117647059 0.8140625 0.9011764705882352 0.8140625 0.8964705882352941 0.8109375 0.8964705882352941 0.80625 0.8870588235294118 0.8 0.8870588235294118 0.7984375 0.88 0.7921875 0.8729411764705882 0.7953125 0.8682352941176471 0.7953125 0.8635294117647059 0.7921875 0.8588235294117647 0.7859375 0.8588235294117647 0.784375 0.8541176470588235 0.7796875 0.8541176470588235 0.778125 0.8470588235294118 0.76875 0.8470588235294118 0.7671875 0.8423529411764706 0.7609375 0.8423529411764706 0.759375 0.84 0.759375 0.8258823529411765 0.7625 0.8235294117647058 0.7625 0.8164705882352942 0.759375 0.8141176470588235 0.759375 0.8094117647058824 0.753125 0.8094117647058824 0.7515625 0.8047058823529412 0.7203125 0.8047058823529412 0.71875 0.8094117647058824 0.709375 0.8094117647058824 0.7078125 0.8164705882352942 0.703125 0.8164705882352942 0.7015625 0.8211764705882353 0.6984375 0.8211764705882353 0.6984375 0.8305882352941176 0.6953125 0.8329411764705882 0.6953125 0.8447058823529412 0.6921875 0.8470588235294118 0.690625 0.8541176470588235 0.6875 0.8541176470588235 0.6859375 0.8588235294117647 0.6765625 0.8588235294117647 0.675 0.8564705882352941 0.675 0.8470588235294118 0.671875 0.8447058823529412 0.671875 0.8376470588235294 0.66875 0.8352941176470589 0.66875 0.8258823529411765 0.665625 0.8258823529411765 0.6609375 0.8188235294117647 0.6609375 0.8094117647058824 0.6578125 0.8070588235294117 0.6578125 0.7929411764705883 0.6546875 0.7929411764705883 0.65 0.7858823529411765 0.65 0.7717647058823529 0.646875 0.7694117647058824 0.646875 0.76 0.6421875 0.7576470588235295 0.6421875 0.7435294117647059 0.6390625 0.7411764705882353 0.6390625 0.7341176470588235 0.6359375 0.731764705882353 0.6359375 0.7223529411764706 0.63125 0.72 0.63125 0.7105882352941176 0.628125 0.7058823529411765 0.61875 0.7058823529411765 0.61875 0.7082352941176471 0.615625 0.7105882352941176 0.615625 0.7152941176470589
1 0.44375 0 0.44375 0.002352941176470588 0.4265625 0.02823529411764706 0.4265625 0.03764705882352941 0.41875 0.04470588235294118 0.41875 0.05411764705882353 0.415625 0.05647058823529412 0.415625 0.07058823529411765 0.4109375 0.07294117647058823 0.4109375 0.09176470588235294 0.4078125 0.09411764705882353 0.4078125 0.13647058823529412 0.4171875 0.13647058823529412 0.41875 0.12941176470588237 0.425 0.12941176470588237 0.4265625 0.12470588235294118 0.4390625 0.12470588235294118 0.440625 0.12 0.45 0.12 0.45 0.11529411764705882 0.4609375 0.10352941176470588 0.4609375 0.0988235294117647 0.465625 0.09176470588235294 0.46875 0.09176470588235294 0.4703125 0.08705882352941176 0.475 0.08705882352941176 0.4765625 0.08 0.4796875 0.08 0.48125 0.07529411764705882 0.4859375 0.07529411764705882 0.4875 0.07058823529411765 0.49375 0.07058823529411765 0.4953125 0.06352941176470588 0.5046875 0.06352941176470588 0.50625 0.058823529411764705 0.51875 0.058823529411764705 0.5203125 0.05411764705882353 0.5234375 0.05411764705882353 0.5234375 0.03294117647058824 0.5265625 0.03058823529411765 0.5265625 0.023529411764705882 0.5296875 0.021176470588235293 0.5296875 0.01647058823529412 0.534375 0.01411764705882353 0.534375 0.007058823529411765 0.5375 0.004705882352941176 0.5375 0 0.4734375 0 0.4734375 0.004705882352941176 0.4703125 0.007058823529411765 0.46875 0 0.44375 0
1 0.1578125 0 0.1578125 0.002352941176470588 0.1640625 0.01411764705882353 0.16875 0.01647058823529412 0.16875 0.021176470588235293 0.175 0.03058823529411765 0.1796875 0.03294117647058824 0.1796875 0.03764705882352941 0.1859375 0.047058823529411764 0.190625 0.04941176470588235 0.190625 0.05411764705882353 0.19375 0.058823529411764705 0.2359375 0.058823529411764705 0.2375 0.05411764705882353 0.25 0.05411764705882353 0.2515625 0.047058823529411764 0.2578125 0.047058823529411764 0.2609375 0.042352941176470586 0.2609375 0.02823529411764706 0.2578125 0.02588235294117647 0.2578125 0.011764705882352941 0.253125 0.009411764705882352 0.253125 0 0.2109375 0 0.2109375 0.004705882352941176 0.2078125 0.007058823529411765 0.20625 0 0.1578125 0
1 0.5203125 0.6776470588235294 0.51875 0.6847058823529412 0.50625 0.6847058823529412 0.5046875 0.6894117647058824 0.4875 0.6894117647058824 0.4859375 0.6941176470588235 0.4703125 0.6941176470588235 0.46875 0.7011764705882353 0.4546875 0.7011764705882353 0.453125 0.7058823529411765 0.4328125 0.7058823529411765 0.43125 0.7105882352941176 0.421875 0.7105882352941176 0.4203125 0.7176470588235294 0.415625 0.7176470588235294 0.4140625 0.7223529411764706 0.4046875 0.7223529411764706 0.403125 0.7270588235294118 0.396875 0.7270588235294118 0.3953125 0.7341176470588235 0.390625 0.7341176470588235 0.384375 0.7435294117647059 0.375 0.7435294117647059 0.3734375 0.7505882352941177 0.3609375 0.7505882352941177 0.359375 0.7552941176470588 0.35 0.7552941176470588 0.35 0.7647058823529411 0.35625 0.7647058823529411 0.3578125 0.7694117647058824 0.3625 0.7694117647058824 0.3640625 0.7741176470588236 0.3609375 0.7764705882352941 0.3609375 0.7811764705882352 0.35625 0.788235294117647 0.353125 0.788235294117647 0.353125 0.7976470588235294 0.35 0.8 0.35 0.8070588235294117 0.346875 0.8094117647058824 0.346875 0.8188235294117647 0.3421875 0.8211764705882353 0.3421875 0.8447058823529412 0.346875 0.8470588235294118 0.346875 0.8611764705882353 0.35 0.8635294117647059 0.35 0.8682352941176471 0.353125 0.8729411764705882 0.359375 0.8729411764705882 0.3609375 0.8776470588235294 0.3671875 0.8776470588235294 0.36875 0.8847058823529412 0.375 0.8941176470588236 0.3796875 0.8964705882352941 0.3796875 0.9058823529411765 0.3828125 0.908235294117647 0.3828125 0.9552941176470588 0.3859375 0.9576470588235294 0.3859375 0.9670588235294117 0.390625 0.9694117647058823 0.390625 0.9764705882352941 0.39375 0.9788235294117648 0.39375 0.9835294117647059 0.4 0.9929411764705882 0.409375 0.9929411764705882 0.4109375 0.9976470588235294 0.4390625 0.9976470588235294 0.440625 0.9929411764705882 0.45 0.9929411764705882 0.4515625 0.9976470588235294 0.5125 0.9976470588235294 0.5140625 0.9929411764705882 0.5296875 0.9929411764705882 0.5296875 0.9858823529411764 0.534375 0.9835294117647059 0.534375 0.9694117647058823 0.540625 0.96 0.540625 0.9529411764705882 0.5453125 0.9505882352941176 0.5453125 0.9411764705882353 0.5515625 0.9341176470588235 0.553125 0.9270588235294117 0.559375 0.9270588235294117 0.5640625 0.9176470588235294 0.5703125 0.9176470588235294 0.5703125 0.9129411764705883 0.575 0.9058823529411765 0.578125 0.9058823529411765 0.58125 0.9011764705882352 0.58125 0.8917647058823529 0.584375 0.8894117647058823 0.584375 0.88 0.5921875 0.8729411764705882 0.5921875 0.8588235294117647 0.5953125 0.8564705882352941 0.5953125 0.788235294117647 0.5921875 0.7858823529411765 0.5921875 0.7717647058823529 0.5890625 0.7694117647058824 0.5890625 0.76 0.584375 0.7576470588235295 0.584375 0.7505882352941177 0.58125 0.7482352941176471 0.58125 0.7435294117647059 0.575 0.7435294117647059 0.5734375 0.7388235294117647 0.56875 0.7388235294117647 0.5671875 0.7341176470588235 0.5609375 0.7341176470588235 0.559375 0.7270588235294118 0.55625 0.7247058823529412 0.5578125 0.7152941176470589 0.5625 0.7152941176470589 0.5640625 0.7082352941176471 0.5703125 0.7082352941176471 0.575 0.6988235294117647 0.578125 0.6988235294117647 0.578125 0.6776470588235294 0.575 0.6776470588235294 0.5734375 0.6729411764705883 0.553125 0.6729411764705883 0.553125 0.6752941176470588 0.5515625 0.6776470588235294 0.5203125 0.6776470588235294
1 0.36875 0.4682352941176471 0.3640625 0.47058823529411764 0.3640625 0.48470588235294115 0.36875 0.48705882352941177 0.36875 0.5176470588235295 0.371875 0.52 0.371875 0.5294117647058824 0.375 0.5317647058823529 0.375 0.5388235294117647 0.3796875 0.5411764705882353 0.3796875 0.5505882352941176 0.3859375 0.5576470588235294 0.3859375 0.5670588235294117 0.3890625 0.5670588235294117 0.39375 0.5741176470588235 0.39375 0.5835294117647059 0.4 0.5905882352941176 0.4 0.6 0.40625 0.6 0.4078125 0.6047058823529412 0.4140625 0.6047058823529412 0.415625 0.611764705882353 0.4203125 0.611764705882353 0.421875 0.6164705882352941 0.428125 0.6164705882352941 0.4328125 0.6235294117647059 0.4328125 0.6282352941176471 0.4390625 0.6282352941176471 0.44375 0.6376470588235295 0.45 0.6376470588235295 0.4515625 0.6447058823529411 0.4578125 0.6447058823529411 0.459375 0.6494117647058824 0.471875 0.6494117647058824 0.4734375 0.6541176470588236 0.515625 0.6541176470588236 0.5171875 0.6494117647058824 0.5234375 0.6494117647058824 0.525 0.6447058823529411 0.5375 0.6447058823529411 0.5390625 0.6376470588235295 0.5484375 0.6376470588235295 0.553125 0.6282352941176471 0.559375 0.6282352941176471 0.559375 0.6235294117647059 0.5640625 0.6164705882352941 0.5671875 0.6164705882352941 0.56875 0.611764705882353 0.5734375 0.611764705882353 0.575 0.6047058823529412 0.578125 0.6047058823529412 0.58125 0.6 0.58125 0.5905882352941176 0.584375 0.5882352941176471 0.584375 0.5741176470588235 0.5890625 0.571764705882353 0.5953125 0.5623529411764706 0.5953125 0.5411764705882353 0.5890625 0.5341176470588235 0.5890625 0.5247058823529411 0.5828125 0.5247058823529411 0.578125 0.5152941176470588 0.571875 0.5152941176470588 0.56875 0.52 0.56875 0.5294117647058824 0.5640625 0.5317647058823529 0.5640625 0.5388235294117647 0.5609375 0.5411764705882353 0.5609375 0.5458823529411765 0.559375 0.548235294117647 0.553125 0.548235294117647 0.5515625 0.5529411764705883 0.528125 0.5529411764705883 0.5234375 0.5458823529411765 0.5234375 0.5411764705882353 0.5203125 0.5411764705882353 0.515625 0.5317647058823529 0.509375 0.5317647058823529 0.5078125 0.5247058823529411 0.4953125 0.5247058823529411 0.49375 0.5317647058823529 0.4875 0.5317647058823529 0.48125 0.5411764705882353 0.4796875 0.548235294117647 0.4765625 0.548235294117647 0.4765625 0.5552941176470588 0.4734375 0.5576470588235294 0.4734375 0.5623529411764706 0.46875 0.5694117647058824 0.4625 0.5694117647058824 0.4578125 0.5623529411764706 0.4578125 0.548235294117647 0.4609375 0.5458823529411765 0.4609375 0.4776470588235294 0.4515625 0.4776470588235294 0.446875 0.48705882352941177 0.44375 0.48705882352941177 0.44375 0.49176470588235294 0.4390625 0.4988235294117647 0.41875 0.4988235294117647 0.4140625 0.49176470588235294 0.4140625 0.48705882352941177 0.4109375 0.48705882352941177 0.403125 0.4752941176470588 0.403125 0.46588235294117647 0.4 0.46588235294117647 0.3953125 0.4588235294117647 0.3953125 0.4541176470588235 0.3921875 0.44941176470588234 0.375 0.44941176470588234 0.371875 0.4447058823529412 0.371875 0.4470588235294118 0.36875 0.44941176470588234 0.36875 0.4682352941176471
1 0.44375 0 0.44375 0.002352941176470588 0.4421875 0.007058823529411765 0.4375 0.007058823529411765 0.4359375 0.011764705882352941 0.4328125 0.011764705882352941 0.4296875 0.01647058823529412 0.4296875 0.02588235294117647 0.425 0.03294117647058824 0.421875 0.03294117647058824 0.421875 0.042352941176470586 0.415625 0.04941176470588235 0.415625 0.06352941176470588 0.4109375 0.06588235294117648 0.4109375 0.08705882352941176 0.4078125 0.08941176470588236 0.4078125 0.10823529411764705 0.4046875 0.11058823529411765 0.4046875 0.12941176470588237 0.4078125 0.13176470588235295 0.4078125 0.1411764705882353 0.4140625 0.1411764705882353 0.41875 0.12941176470588237 0.428125 0.12941176470588237 0.4296875 0.12470588235294118 0.4421875 0.12470588235294118 0.44375 0.12 0.453125 0.12 0.453125 0.11529411764705882 0.4578125 0.11294117647058824 0.4640625 0.10352941176470588 0.465625 0.09647058823529411 0.46875 0.09647058823529411 0.4703125 0.09176470588235294 0.475 0.09176470588235294 0.475 0.08235294117647059 0.4765625 0.08 0.4828125 0.08 0.484375 0.07529411764705882 0.490625 0.07529411764705882 0.4921875 0.07058823529411765 0.496875 0.07058823529411765 0.4984375 0.06352941176470588 0.5078125 0.06352941176470588 0.509375 0.058823529411764705 0.5234375 0.058823529411764705 0.5234375 0.03294117647058824 0.5296875 0.02588235294117647 0.5296875 0.01647058823529412 0.534375 0.01411764705882353 0.534375 0.007058823529411765 0.5375 0.004705882352941176 0.5375 0 0.44375 0
1 0.728125 0.18588235294117647 0.7265625 0.19294117647058823 0.7203125 0.19294117647058823 0.7203125 0.21176470588235294 0.7234375 0.21176470588235294 0.728125 0.2188235294117647 0.728125 0.2611764705882353 0.740625 0.2611764705882353 0.7421875 0.2564705882352941 0.7515625 0.2564705882352941 0.753125 0.2611764705882353 0.75625 0.2611764705882353 0.7609375 0.26823529411764707 0.7609375 0.2988235294117647 0.7578125 0.30117647058823527 0.7578125 0.31058823529411766 0.753125 0.3129411764705882 0.753125 0.32235294117647056 0.746875 0.32941176470588235 0.746875 0.33647058823529413 0.7453125 0.3388235294117647 0.7390625 0.3388235294117647 0.7390625 0.34352941176470586 0.7421875 0.34823529411764703 0.778125 0.34823529411764703 0.7796875 0.35294117647058826 0.7890625 0.35294117647058826 0.790625 0.36 0.7984375 0.36 0.8 0.36470588235294116 0.803125 0.36470588235294116 0.8078125 0.37176470588235294 0.8078125 0.38588235294117645 0.8046875 0.38823529411764707 0.803125 0.3952941176470588 0.796875 0.3952941176470588 0.7953125 0.4 0.790625 0.4 0.7890625 0.4047058823529412 0.7796875 0.4047058823529412 0.778125 0.4117647058823529 0.76875 0.4117647058823529 0.7671875 0.4164705882352941 0.7640625 0.4164705882352941 0.7640625 0.4188235294117647 0.76875 0.4211764705882353 0.76875 0.43058823529411766 0.775 0.4376470588235294 0.775 0.4423529411764706 0.7796875 0.4447058823529412 0.7796875 0.45176470588235296 0.7953125 0.45176470588235296 0.796875 0.4588235294117647 0.8140625 0.4588235294117647 0.8140625 0.4541176470588235 0.8203125 0.4470588235294118 0.8203125 0.4376470588235294 0.825 0.43529411764705883 0.83125 0.4258823529411765 0.8328125 0.4188235294117647 0.8359375 0.4188235294117647 0.8359375 0.3952941176470588 0.8390625 0.39294117647058824 0.8390625 0.3835294117647059 0.84375 0.3764705882352941 0.85 0.3764705882352941 0.85 0.37176470588235294 0.8546875 0.36470588235294116 0.8609375 0.36470588235294116 0.8625 0.36 0.86875 0.36 0.8703125 0.35294117647058826 0.875 0.35294117647058826 0.8765625 0.34823529411764703 0.8796875 0.34823529411764703 0.8796875 0.28 0.875 0.2776470588235294 0.875 0.26823529411764707 0.871875 0.26588235294117646 0.871875 0.25882352941176473 0.86875 0.2564705882352941 0.86875 0.25176470588235295 0.865625 0.25176470588235295 0.8578125 0.24 0.8578125 0.23529411764705882 0.8546875 0.23529411764705882 0.846875 0.2235294117647059 0.846875 0.2188235294117647 0.84375 0.2188235294117647 0.8390625 0.20941176470588235 0.8328125 0.20941176470588235 0.83125 0.2023529411764706 0.8265625 0.2023529411764706 0.825 0.1976470588235294 0.81875 0.1976470588235294 0.8171875 0.19294117647058823 0.8078125 0.19294117647058823 0.80625 0.18588235294117647 0.7828125 0.18588235294117647 0.78125 0.1811764705882353 0.75 0.1811764705882353 0.75 0.18352941176470589 0.7484375 0.18588235294117647 0.728125 0.18588235294117647
1 0.725 0.18588235294117647 0.7234375 0.19294117647058823 0.7171875 0.19294117647058823 0.7171875 0.21176470588235294 0.7203125 0.2164705882352941 0.7171875 0.2188235294117647 0.7171875 0.2235294117647059 0.7203125 0.22588235294117648 0.7203125 0.23294117647058823 0.71875 0.23529411764705882 0.70625 0.23529411764705882 0.7046875 0.24235294117647058 0.6984375 0.24235294117647058 0.69375 0.25176470588235295 0.6875 0.25176470588235295 0.6875 0.2564705882352941 0.68125 0.2635294117647059 0.68125 0.2776470588235294 0.6765625 0.28 0.675 0.2847058823529412 0.6703125 0.2847058823529412 0.66875 0.28 0.665625 0.28 0.6578125 0.2635294117647059 0.6515625 0.2635294117647059 0.6484375 0.25882352941176473 0.646875 0.2635294117647059 0.640625 0.2635294117647059 0.640625 0.26588235294117646 0.646875 0.26588235294117646 0.6484375 0.26823529411764707 0.6484375 0.2776470588235294 0.6546875 0.28 0.6484375 0.29411764705882354 0.6546875 0.30117647058823527 0.6546875 0.3058823529411765 0.659375 0.30823529411764705 0.6546875 0.31529411764705884 0.6609375 0.31529411764705884 0.6625 0.3176470588235294 0.6609375 0.3247058823529412 0.6546875 0.3247058823529412 0.6546875 0.33176470588235296 0.6578125 0.33176470588235296 0.6625 0.3388235294117647 0.6625 0.34352941176470586 0.665625 0.3458823529411765 0.665625 0.35294117647058826 0.675 0.35294117647058826 0.6765625 0.3552941176470588 0.6765625 0.36470588235294116 0.6796875 0.36470588235294116 0.68125 0.36941176470588233 0.6859375 0.36941176470588233 0.6875 0.3764705882352941 0.690625 0.3764705882352941 0.6953125 0.3835294117647059 0.69375 0.38823529411764707 0.6875 0.38823529411764707 0.6875 0.39294117647058824 0.690625 0.39294117647058824 0.6953125 0.4023529411764706 0.7015625 0.4023529411764706 0.703125 0.40941176470588236 0.7078125 0.40941176470588236 0.709375 0.41411764705882353 0.7125 0.41411764705882353 0.7140625 0.40941176470588236 0.7234375 0.40941176470588236 0.725 0.41411764705882353 0.740625 0.41411764705882353 0.7421875 0.40941176470588236 0.7484375 0.40941176470588236 0.75 0.41411764705882353 0.746875 0.4188235294117647 0.75 0.4211764705882353 0.75 0.4258823529411765 0.759375 0.4258823529411765 0.7640625 0.43529411764705883 0.76875 0.4376470588235294 0.76875 0.4470588235294118 0.771875 0.45176470588235296 0.78125 0.45176470588235296 0.7828125 0.4588235294117647 0.7921875 0.4588235294117647 0.79375 0.46352941176470586 0.809375 0.46352941176470586 0.8203125 0.4470588235294118 0.8203125 0.4376470588235294 0.825 0.43529411764705883 0.83125 0.4258823529411765 0.8328125 0.4188235294117647 0.8359375 0.4188235294117647 0.8359375 0.3952941176470588 0.8390625 0.39294117647058824 0.8390625 0.3835294117647059 0.84375 0.3764705882352941 0.85 0.3764705882352941 0.85 0.37176470588235294 0.8546875 0.36470588235294116 0.8609375 0.36470588235294116 0.8625 0.36 0.86875 0.36 0.8703125 0.35294117647058826 0.875 0.35294117647058826 0.8765625 0.34823529411764703 0.8796875 0.34823529411764703 0.8796875 0.28 0.875 0.2776470588235294 0.875 0.26823529411764707 0.86875 0.2611764705882353 0.86875 0.25176470588235295 0.865625 0.25176470588235295 0.8578125 0.24 0.8578125 0.23529411764705882 0.8546875 0.23529411764705882 0.846875 0.2235294117647059 0.846875 0.2188235294117647 0.84375 0.2188235294117647 0.8390625 0.20941176470588235 0.8328125 0.20941176470588235 0.83125 0.2023529411764706 0.8265625 0.2023529411764706 0.825 0.1976470588235294 0.81875 0.1976470588235294 0.8171875 0.19294117647058823 0.8078125 0.19294117647058823 0.80625 0.18588235294117647 0.790625 0.18588235294117647 0.7890625 0.1811764705882353 0.7421875 0.1811764705882353 0.7421875 0.18352941176470589 0.740625 0.18588235294117647 0.725 0.18588235294117647