                  epoch,         train/box_loss,         train/seg_loss,         train/cls_loss,         train/dfl_loss,   metrics/precision(B),      metrics/recall(B),       metrics/mAP50(B),    metrics/mAP50-95(B),   metrics/precision(M),      metrics/recall(M),       metrics/mAP50(M),    metrics/mAP50-95(M),           val/box_loss,           val/seg_loss,           val/cls_loss,           val/dfl_loss,                 lr/pg0,                 lr/pg1,                 lr/pg2
                      1,                 1.7983,                  4.381,                 5.3278,                 1.8109,                0.00222,                0.02222,                0.00135,                0.00078,                      0,                      0,                      0,                      0,                 1.5966,                 90.912,                 5.3633,                 1.8747,                 0.0951,                 0.0001,                 0.0001
                      2,                 1.7143,                  4.483,                 3.5993,                 1.7245,                0.33533,                0.43411,                0.16984,                0.05154,                0.41157,                0.04895,                 0.0128,                0.00478,                 1.8662,                 116.27,                 10.866,                 2.0104,               0.089219,             0.00021927,             0.00021927
                      3,                 1.6776,                 3.8254,                 2.6051,                 1.6394,                0.43877,                0.27397,                0.16445,                  0.098,                0.00948,                 0.1028,                0.00658,                0.00195,                 1.7185,                 57.246,                 11.373,                 1.8079,               0.083338,             0.00033776,             0.00033776
                      4,                 1.6936,                 3.4771,                 2.3754,                 1.5689,                0.44661,                0.26068,                0.08994,                0.05308,                0.02055,                0.13869,                0.00985,                0.00188,                 1.7916,                  93.99,                 11.517,                 1.9536,               0.077455,             0.00045545,             0.00045545
                      5,                 1.7285,                 3.4324,                 2.3416,                 1.5865,                0.28132,                0.25944,                0.11769,                0.05758,                0.23699,                0.07972,                0.02804,                0.00869,                 1.9615,                 49.301,                 10.774,                 2.2288,               0.071572,             0.00057234,             0.00057234
                      6,                 1.7292,                 3.4215,                 2.4288,                 1.6402,                0.13209,                0.36721,                0.13417,                 0.0406,                0.24317,                0.01818,                0.01225,                0.00332,                 2.2379,                 33.151,                 7.0113,                  2.439,               0.065688,             0.00068845,             0.00068845
                      7,                 1.8426,                 3.3467,                 2.3649,                 1.6475,                    0.8,                0.06923,                0.12659,                0.06105,                0.25214,                0.07692,                0.06052,                0.01194,                 1.9168,                 26.371,                 8.2894,                 2.1323,               0.059804,             0.00080376,             0.00080376
                      8,                   1.82,                   3.47,                 2.1885,                 1.6641,                0.32099,                0.27117,                0.15815,                0.07146,                0.25737,                0.05664,                0.03384,                0.01196,                  1.924,                 31.992,                 7.9511,                 2.1896,               0.053918,             0.00091829,             0.00091829
                      9,                 1.7612,                 3.2142,                 2.1501,                 1.6884,                0.51027,                0.12222,                0.19216,                0.07974,                0.41063,                0.01538,                  0.006,                0.00322,                 1.9973,                 44.777,                 6.5366,                 2.4195,               0.048032,               0.001032,               0.001032
                     10,                 1.8454,                  3.345,                 2.2338,                 1.7184,                0.31619,                0.15493,                0.09066,                0.03272,                0.20794,                0.04895,                0.00297,                  0.001,                 2.3799,                 39.008,                 6.3649,                 2.8174,               0.042145,               0.001145,               0.001145
                     11,                 1.8639,                  3.288,                 2.2418,                 1.7023,                0.04652,                0.15043,                0.02817,                0.01486,                0.00661,                0.01538,                0.00119,                0.00017,                  2.275,                 43.868,                 10.966,                 2.6309,               0.036257,              0.0012571,              0.0012571
                     12,                 1.7332,                 3.1658,                 2.6973,                 1.7766,                0.25438,                0.13341,                0.04676,                0.02602,                0.20104,                0.00769,                0.00023,                  9e-05,                 2.1202,                 45.228,                 11.232,                 2.4756,               0.030368,              0.0013685,              0.0013685
                     13,                 1.6335,                 2.9802,                  2.072,                 1.5833,                0.10098,                0.26092,                0.04301,                0.02393,                      0,                      0,                      0,                      0,                 2.2614,                 37.254,                 32.689,                 2.5522,               0.024479,               0.001479,               0.001479
                     14,                 1.6927,                 3.0714,                 2.1683,                  1.639,                0.04438,                0.29938,                0.02092,                0.01293,                0.40329,                0.12222,                0.00144,                0.00072,                  2.279,                 26.628,                 65.859,                 2.6943,               0.018589,              0.0015888,              0.0015888
                     15,                 1.6456,                 3.0309,                 2.1561,                 1.6575,                0.04438,                0.29938,                0.02092,                0.01293,                0.40329,                0.12222,                0.00144,                0.00072,                  2.279,                 26.628,                 65.859,                 2.6943,               0.012698,              0.0016978,              0.0016978
                     16,                 1.6779,                 3.4128,                 1.9408,                 1.6232,                0.11384,                0.23271,                0.04588,                0.03163,                0.00047,                    0.1,                0.00032,                  6e-05,                 2.1964,                 39.011,                 70.816,                 2.5583,              0.0068059,               0.001806,               0.001806
                     17,                 1.7601,                 3.2064,                 2.0394,                 1.6735,                0.06167,                0.12852,                 0.0832,                0.04729,                 0.0787,                0.07677,                0.05204,                0.01998,                 2.3503,                 14.332,                 42.613,                 2.6685,              0.0018944,              0.0018944,              0.0018944
                     18,                 1.7461,                 3.2623,                  2.205,                 1.6829,                0.07503,                0.13621,                0.06555,                0.02775,                0.04599,                0.08446,                0.04074,                0.01643,                 2.2399,                 8.2795,                 34.254,                  2.662,              0.0018944,              0.0018944,              0.0018944
                     19,                 1.6707,                 3.2253,                 2.1086,                 1.6323,                0.07503,                0.13621,                0.06555,                0.02775,                0.04599,                0.08446,                0.04074,                0.01643,                 2.2399,                 8.2795,                 34.254,                  2.662,              0.0018878,              0.0018878,              0.0018878
                     20,                 1.8022,                 3.4004,                 2.1176,                 1.7299,                0.05741,                0.17762,                0.06144,                0.02306,                0.04712,                0.16224,                0.03798,                0.01038,                 2.3001,                 6.6798,                 22.502,                 2.9379,              0.0018812,              0.0018812,              0.0018812
                     21,                 1.9189,                 3.3746,                 2.1671,                 1.7665,                 0.2265,                 0.2296,                0.03045,                0.01198,                0.21942,                0.05664,                 0.0148,                0.00408,                 2.3262,                 7.4806,                 15.742,                 3.0749,              0.0018746,              0.0018746,              0.0018746
                     22,                 1.8124,                 3.3338,                 2.1421,                 1.7307,                0.27482,                0.09829,                0.06699,                0.02137,                0.81481,                0.01538,                 0.0118,                0.00316,                   2.44,                 9.1992,                 13.647,                 3.1396,               0.001868,               0.001868,               0.001868
                     23,                 1.8409,                 3.2948,                 2.0868,                 1.7579,                0.27482,                0.09829,                0.06699,                0.02137,                0.81481,                0.01538,                 0.0118,                0.00316,                   2.44,                 9.1992,                 13.647,                 3.1396,              0.0018614,              0.0018614,              0.0018614
                     24,                 1.7404,                 3.2161,                 2.1726,                 1.5966,                0.20949,                0.40334,                0.01639,                0.00568,                0.20423,                0.04126,                0.00275,                0.00077,                 2.5419,                 8.8732,                 23.177,                 3.2229,              0.0018548,              0.0018548,              0.0018548
                     25,                 1.8942,                 3.2761,                 2.4138,                 1.7366,                0.22974,                0.26418,                0.02926,                0.01276,                0.21024,                0.16434,                0.01675,                0.00726,                 2.3402,                  6.638,                 11.369,                  2.787,              0.0018482,              0.0018482,              0.0018482
                     26,                 1.8396,                 3.4781,                 2.4268,                 1.7641,                0.21804,                0.26418,                 0.0262,                0.01014,                0.41916,                0.02308,                0.01557,                0.00558,                 2.3857,                 6.6601,                  7.417,                 2.8615,              0.0018416,              0.0018416,              0.0018416
                     27,                 1.8009,                 3.3453,                 2.1795,                 1.7128,                0.21804,                0.26418,                 0.0262,                0.01014,                0.41916,                0.02308,                0.01557,                0.00558,                 2.3857,                 6.6601,                  7.417,                 2.8615,               0.001835,               0.001835,               0.001835
                     28,                 1.8178,                 3.4428,                 2.2345,                 1.7174,                0.23639,                 0.1028,                0.03969,                0.01963,                 0.2333,                 0.0951,                0.02309,                  0.008,                 2.2304,                  6.545,                 4.6063,                 2.6228,              0.0018284,              0.0018284,              0.0018284
                     29,                 1.8109,                  3.246,                 2.1818,                 1.7215,                 0.2998,                0.32486,                0.09313,                 0.0462,                0.27936,                0.26542,                0.06401,                0.02357,                 2.2806,                 6.2737,                 5.5801,                  2.632,              0.0018218,              0.0018218,              0.0018218
                     30,                 1.7322,                 3.1127,                 1.9888,                 1.6404,                0.36892,                0.42362,                0.16811,                0.08233,                0.34943,                0.36138,                0.13952,                0.05048,                  2.178,                 5.5805,                 4.4121,                 2.5577,              0.0018152,              0.0018152,              0.0018152
                     31,                 1.5796,                 2.9255,                 1.8103,                 1.5674,                0.36892,                0.42362,                0.16811,                0.08233,                0.34943,                0.36138,                0.13952,                0.05048,                  2.178,                 5.5805,                 4.4121,                 2.5577,              0.0018086,              0.0018086,              0.0018086
                     32,                 1.8405,                 3.2407,                 2.3551,                 1.8016,                0.43072,                0.42841,                 0.2657,                0.12037,                0.60243,                0.30607,                0.23947,                  0.067,                 2.1633,                 5.2425,                 3.8899,                 2.5125,               0.001802,               0.001802,               0.001802
                     33,                 1.7752,                 3.3964,                 2.1745,                 1.7927,                0.19786,                0.44584,                0.25791,                0.10295,                 0.1471,                0.31329,                 0.2013,                 0.0494,                 2.1945,                  5.611,                  3.697,                 2.4885,              0.0017954,              0.0017954,              0.0017954
                     34,                 1.8241,                 3.3847,                 2.0514,                 1.7039,                0.33954,                0.27382,                0.15603,                0.06962,                0.32781,                0.21523,                0.12767,                0.03921,                  2.188,                 5.6812,                 3.7931,                 2.4767,              0.0017888,              0.0017888,              0.0017888
                     35,                 1.6981,                 3.1332,                 1.8879,                 1.7001,                0.33954,                0.27382,                0.15603,                0.06962,                0.32781,                0.21523,                0.12767,                0.03921,                  2.188,                 5.6812,                 3.7931,                 2.4767,              0.0017822,              0.0017822,              0.0017822
                     36,                   1.71,                 3.1774,                 2.0939,                 1.6636,                0.37058,                0.15859,                0.15016,                0.06115,                0.41808,                0.12222,                0.14903,                0.05171,                 2.1077,                 5.5375,                 4.3078,                 2.3391,              0.0017756,              0.0017756,              0.0017756
                     37,                 1.7041,                 3.1391,                 2.0225,                 1.6364,                0.49355,                0.20227,                0.28363,                0.10411,                0.45707,                0.15664,                0.25342,                0.10126,                  2.149,                 5.3694,                 4.0433,                 2.3483,               0.001769,               0.001769,               0.001769
                     38,                 1.5944,                 2.9758,                 1.7862,                 1.5276,                0.53498,                0.21317,                0.24275,                0.12087,                0.53533,                0.21263,                0.22468,                0.09868,                 2.0539,                 4.6557,                 3.6947,                 2.1493,              0.0017624,              0.0017624,              0.0017624
                     39,                 1.7784,                 3.0937,                 1.8283,                 1.6242,                0.53498,                0.21317,                0.24275,                0.12087,                0.53533,                0.21263,                0.22468,                0.09868,                 2.0539,                 4.6557,                 3.6947,                 2.1493,              0.0017558,              0.0017558,              0.0017558
                     40,                 1.7774,                 3.3015,                  1.999,                 1.6996,                0.68611,                0.27273,                0.25588,                0.12752,                0.68611,                0.27273,                0.23636,                0.11615,                 2.0894,                 4.8276,                 3.4071,                 2.2395,              0.0017492,              0.0017492,              0.0017492
                     41,                 1.7373,                 3.2893,                  1.924,                 1.7068,                 0.6296,                0.32937,                0.22886,                0.12066,                0.58852,                 0.3035,                0.19511,                0.08559,                 2.0817,                 4.8575,                 2.9625,                 2.2165,              0.0017426,              0.0017426,              0.0017426
                     42,                 1.7853,                 3.1132,                 2.0098,                 1.7043,                0.63094,                0.30629,                0.22555,                 0.1214,                0.60829,                0.29397,                 0.1896,                0.08617,                  2.051,                  4.859,                 2.8517,                 2.1459,               0.001736,               0.001736,               0.001736
                     43,                 1.7076,                 3.0184,                  1.794,                  1.591,                0.63094,                0.30629,                0.22555,                 0.1214,                0.60829,                0.29397,                 0.1896,                0.08617,                  2.051,                  4.859,                 2.8517,                 2.1459,              0.0017294,              0.0017294,              0.0017294
                     44,                 1.7324,                 3.1421,                 1.8757,                 1.6472,                0.62378,                0.16224,                0.18817,                0.09554,                0.50941,                0.43706,                0.17189,                0.07312,                 2.1388,                 4.9228,                  3.259,                 2.2112,              0.0017228,              0.0017228,              0.0017228
                     45,                 1.6366,                 3.0392,                  1.748,                 1.5769,                0.48896,                0.42168,                0.13386,                0.06084,                0.48548,                 0.3958,                0.12098,                0.05032,                 2.1656,                 4.8328,                 3.8968,                 2.3122,              0.0017162,              0.0017162,              0.0017162
                     46,                 1.7663,                 3.2018,                 1.8433,                 1.6607,                0.60481,                0.20029,                0.31336,                 0.1276,                0.60481,                0.20029,                0.21342,                0.09049,                 2.0369,                  4.569,                 3.5481,                 2.1896,              0.0017096,              0.0017096,              0.0017096
                     47,                 1.7183,                 2.9929,                 1.8298,                 1.6746,                0.60481,                0.20029,                0.31336,                 0.1276,                0.60481,                0.20029,                0.21342,                0.09049,                 2.0369,                  4.569,                 3.5481,                 2.1896,               0.001703,               0.001703,               0.001703
                     48,                 1.6394,                 2.9244,                 1.8141,                 1.6055,                0.55712,                0.37762,                 0.3268,                0.15963,                 0.3636,                0.39612,                 0.2982,                0.12599,                 1.8492,                 4.3333,                 2.9253,                 2.0445,              0.0016964,              0.0016964,              0.0016964
                     49,                  1.725,                 3.1512,                  1.999,                 1.6337,                 0.4232,                 0.3391,                0.37796,                0.19227,                0.39319,                0.30829,                0.32645,                0.14411,                 1.9323,                 4.2435,                  2.703,                 2.0986,              0.0016898,              0.0016898,              0.0016898
                     50,                 1.6478,                 3.0665,                 1.8037,                 1.5782,                0.49002,                0.31647,                0.36916,                0.17836,                 0.8793,                0.23846,                0.33944,                0.12463,                 1.8744,                 4.1617,                 2.7098,                 2.0402,              0.0016832,              0.0016832,              0.0016832
                     51,                 1.7319,                 2.9908,                 1.8214,                 1.6425,                0.49002,                0.31647,                0.36916,                0.17836,                 0.8793,                0.23846,                0.33944,                0.12463,                 1.8744,                 4.1617,                 2.7098,                 2.0402,              0.0016766,              0.0016766,              0.0016766
                     52,                 1.7662,                 3.1422,                 1.9777,                 1.6679,                0.41612,                0.32012,                0.28368,                0.16852,                0.43968,                0.32012,                0.26829,                0.11145,                 1.8249,                 4.4995,                 2.7226,                 2.0057,                0.00167,                0.00167,                0.00167
                     53,                 1.7231,                 3.1104,                 1.8592,                 1.5759,                0.69325,                0.27607,                0.30642,                0.20095,                0.69325,                0.27607,                0.29686,                0.12838,                  1.794,                 4.5915,                 2.8233,                  2.007,              0.0016634,              0.0016634,              0.0016634
                     54,                 1.5507,                  2.833,                 1.7267,                 1.5318,                0.58244,                0.38966,                0.39086,                0.23308,                0.62083,                0.34514,                  0.366,                0.18639,                 1.7294,                 4.4354,                  2.787,                 1.9375,              0.0016568,              0.0016568,              0.0016568
                     55,                 1.5992,                 3.0092,                 1.8797,                 1.6117,                0.58244,                0.38966,                0.39086,                0.23308,                0.62083,                0.34514,                  0.366,                0.18639,                 1.7294,                 4.4354,                  2.787,                 1.9375,              0.0016502,              0.0016502,              0.0016502
                     56,                 1.6237,                  2.895,                 1.7045,                 1.5522,                0.60129,                0.40264,                0.40681,                0.23823,                 0.5889,                 0.3714,                0.39907,                0.19044,                 1.7974,                 4.4837,                 2.7566,                 2.0092,              0.0016436,              0.0016436,              0.0016436
                     57,                 1.5855,                 3.1337,                 1.9376,                 1.5841,                0.40434,                0.41242,                0.41187,                0.21293,                0.40083,                0.46353,                0.40169,                0.18519,                 1.7857,                 4.4992,                 2.7672,                 2.0187,               0.001637,               0.001637,               0.001637
                     58,                 1.6264,                 3.1729,                 1.8659,                  1.607,                0.45309,                0.46267,                0.43454,                0.22463,                0.43278,                0.43062,                 0.3923,                 0.1968,                 1.8017,                 4.5354,                 2.6968,                 2.0378,              0.0016304,              0.0016304,              0.0016304
                     59,                 1.6691,                 3.1018,                 1.9325,                 1.6212,                0.45309,                0.46267,                0.43454,                0.22463,                0.43278,                0.43062,                 0.3923,                 0.1968,                 1.8017,                 4.5354,                 2.6968,                 2.0378,              0.0016238,              0.0016238,              0.0016238
                     60,                 1.5405,                 2.9762,                 1.5837,                 1.5049,                0.45125,                0.40287,                0.35028,                0.18894,                0.40418,                0.32805,                0.28146,                0.13712,                 1.8691,                 4.8666,                 2.7493,                  2.085,              0.0016172,              0.0016172,              0.0016172
                     61,                 1.5384,                 2.9173,                 1.6592,                 1.6156,                0.56864,                0.30319,                0.27984,                0.17717,                0.54812,                0.25803,                0.22369,                0.10743,                  1.942,                 4.7618,                  2.929,                 2.1518,              0.0016106,              0.0016106,              0.0016106
                     62,                 1.5367,                 2.9392,                 1.6618,                 1.5208,                0.84371,                0.22826,                0.33815,                0.18833,                0.81595,                0.20734,                0.25432,                0.11775,                 1.9202,                  4.547,                 2.8519,                 2.1294,               0.001604,               0.001604,               0.001604
                     63,                 1.4793,                 2.6547,                  1.542,                 1.4774,                0.84371,                0.22826,                0.33815,                0.18833,                0.81595,                0.20734,                0.25432,                0.11775,                 1.9202,                  4.547,                 2.8519,                 2.1294,              0.0015974,              0.0015974,              0.0015974
                     64,                 1.6106,                 3.0667,                 1.8661,                  1.569,                0.85735,                 0.1951,                0.35485,                0.18011,                0.83559,                0.17203,                0.26105,                0.12544,                 1.9937,                 4.5631,                  2.694,                 2.2274,              0.0015908,              0.0015908,              0.0015908
                     65,                 1.6029,                 2.9519,                 1.7384,                 1.5612,                0.51838,                0.47241,                0.42555,                 0.2267,                0.46722,                 0.3531,                0.32408,                0.14227,                 1.9778,                 4.5818,                 2.6159,                 2.2367,              0.0015842,              0.0015842,              0.0015842
                     66,                 1.5305,                 2.8241,                 1.7516,                 1.5012,                 0.8486,                 0.2634,                0.41964,                0.21437,                 0.8486,                 0.2634,                0.35708,                0.11898,                 1.8966,                 4.5691,                 2.6482,                 2.1526,              0.0015776,              0.0015776,              0.0015776
                     67,                  1.536,                 3.0025,                 1.6533,                 1.4817,                 0.8486,                 0.2634,                0.41964,                0.21437,                 0.8486,                 0.2634,                0.35708,                0.11898,                 1.8966,                 4.5691,                 2.6482,                 2.1526,               0.001571,               0.001571,               0.001571
                     68,                 1.6518,                 3.0951,                 1.7896,                 1.6428,                0.15781,                0.42448,                0.26874,                 0.1189,                0.54243,                0.25728,                0.18251,                0.05934,                  1.981,                 4.6211,                 2.7441,                 2.2254,              0.0015644,              0.0015644,              0.0015644
                     69,                 1.6053,                 2.9461,                 1.7167,                 1.5636,                0.22432,                0.52701,                0.28351,                0.11889,                0.17286,                0.36931,                0.19341,                0.06695,                 2.0133,                  4.672,                 2.8099,                 2.2183,              0.0015578,              0.0015578,              0.0015578
                     70,                 1.6296,                 2.9737,                 1.8209,                 1.6355,                0.21893,                0.62813,                0.34695,                0.15038,                0.20271,                0.57629,                0.29283,                0.10604,                 1.9596,                 4.3674,                  2.515,                 2.1575,              0.0015512,              0.0015512,              0.0015512
                     71,                 1.6315,                 2.9435,                 1.7414,                 1.5725,                0.21893,                0.62813,                0.34695,                0.15038,                0.20271,                0.57629,                0.29283,                0.10604,                 1.9596,                 4.3674,                  2.515,                 2.1575,              0.0015446,              0.0015446,              0.0015446
                     72,                 1.6276,                 2.8831,                 1.7376,                 1.5864,                0.25717,                0.27578,                0.32334,                0.15226,                0.44851,                0.20862,                0.28786,                0.11796,                 1.9686,                 4.1771,                 2.3606,                 2.1443,               0.001538,               0.001538,               0.001538
                     73,                 1.5813,                  2.691,                 1.8248,                 1.5409,                0.31575,                0.34328,                0.34415,                0.15698,                0.68452,                0.33939,                0.40778,                0.12809,                 1.9382,                 4.1129,                 2.2034,                 2.1332,              0.0015314,              0.0015314,              0.0015314
                     74,                 1.5679,                 2.9181,                 1.6525,                 1.5007,                0.33008,                0.43364,                0.37394,                0.17445,                 0.3994,                0.40777,                0.40886,                0.14914,                 1.8973,                 4.0776,                 2.1174,                 2.1242,              0.0015248,              0.0015248,              0.0015248
                     75,                 1.5843,                 2.9358,                 1.6216,                 1.5814,                0.33008,                0.43364,                0.37394,                0.17445,                 0.3994,                0.40777,                0.40886,                0.14914,                 1.8973,                 4.0776,                 2.1174,                 2.1242,              0.0015182,              0.0015182,              0.0015182
                     76,                 1.6886,                 2.9329,                 1.7213,                 1.5871,                0.78594,                0.31888,                0.42405,                0.22911,                0.36309,                0.40777,                0.39374,                0.17499,                 1.8759,                 3.9899,                 2.3657,                 2.1268,              0.0015116,              0.0015116,              0.0015116
                     77,                  1.563,                 2.9638,                 1.6776,                 1.5762,                0.75474,                0.30537,                0.43324,                0.22833,                0.75979,                0.29301,                0.39196,                0.17143,                 1.8478,                 4.0371,                 2.4829,                 2.1105,               0.001505,               0.001505,               0.001505
                     78,                 1.4916,                 2.7336,                 1.6029,                  1.505,                0.76053,                0.30839,                0.48005,                0.24856,                0.76053,                0.30839,                0.42757,                 0.1666,                 1.8119,                 4.1434,                 2.1681,                 2.1063,              0.0014984,              0.0014984,              0.0014984
                     79,                 1.4488,                 2.8687,                 1.3779,                 1.4394,                0.76053,                0.30839,                0.48005,                0.24856,                0.76053,                0.30839,                0.42757,                 0.1666,                 1.8119,                 4.1434,                 2.1681,                 2.1063,              0.0014918,              0.0014918,              0.0014918
                     80,                 1.5172,                 2.7718,                 1.5557,                 1.5508,                0.74871,                0.44484,                0.53322,                  0.257,                0.74871,                0.44484,                0.44997,                0.17436,                 1.8518,                 4.2121,                 2.0774,                 2.1455,              0.0014852,              0.0014852,              0.0014852
                     81,                 1.5585,                 2.9293,                 1.6849,                 1.5451,                0.57659,                0.31888,                0.41447,                0.18469,                 0.5952,                0.33341,                0.33999,                0.14528,                 1.8953,                 4.2027,                 2.0701,                 2.1313,              0.0014786,              0.0014786,              0.0014786
                     82,                 1.3973,                 2.5821,                 1.4553,                 1.4685,                0.63841,                 0.3411,                0.41659,                0.18375,                0.62972,                0.33341,                0.35285,                0.15239,                 1.9125,                 4.2323,                 2.1809,                 2.1079,               0.001472,               0.001472,               0.001472
                     83,                 1.5465,                 3.0681,                 1.6945,                 1.5363,                0.63841,                 0.3411,                0.41659,                0.18375,                0.62972,                0.33341,                0.35285,                0.15239,                 1.9125,                 4.2323,                 2.1809,                 2.1079,              0.0014654,              0.0014654,              0.0014654
                     84,                 1.4749,                 2.6686,                 1.5437,                 1.4391,                0.62198,                0.43612,                0.51983,                0.22753,                0.61504,                0.42908,                 0.4216,                0.17853,                 1.8911,                 4.3777,                 2.3508,                 2.0594,              0.0014588,              0.0014588,              0.0014588
                     85,                 1.4092,                  2.657,                  1.497,                 1.4019,                0.37514,                0.59666,                0.49747,                0.23666,                0.53448,                0.43741,                0.41228,                0.18192,                 1.9222,                 4.4219,                 2.4093,                 2.0637,              0.0014522,              0.0014522,              0.0014522
                     86,                 1.3609,                 2.5312,                 1.4242,                 1.3892,                0.62565,                0.52528,                0.48611,                0.24505,                 0.3057,                0.54087,                0.39246,                0.18665,                 1.9331,                  4.522,                 2.4019,                 2.1101,              0.0014456,              0.0014456,              0.0014456
                     87,                 1.4203,                 2.6176,                 1.4099,                  1.414,                0.62565,                0.52528,                0.48611,                0.24505,                 0.3057,                0.54087,                0.39246,                0.18665,                 1.9331,                  4.522,                 2.4019,                 2.1101,               0.001439,               0.001439,               0.001439
                     88,                 1.4802,                 2.7339,                 1.4648,                 1.4738,                 0.5928,                0.56701,                0.50821,                0.23882,                0.53628,                0.50326,                0.39899,                0.18708,                 1.9075,                 4.3354,                 2.5315,                 2.0997,              0.0014324,              0.0014324,              0.0014324
                     89,                 1.4503,                 2.7323,                 1.5054,                 1.4524,                0.59544,                0.52356,                0.50883,                0.22892,                0.56316,                0.48353,                0.43143,                0.16941,                 1.9346,                 4.3763,                 2.4011,                  2.122,              0.0014258,              0.0014258,              0.0014258
                     90,                 1.5033,                 2.7965,                 1.5313,                 1.4748,                0.65287,                0.56365,                0.54429,                0.22891,                 0.5914,                0.49817,                0.44622,                0.16957,                 1.9319,                 4.3479,                 2.2437,                  2.101,              0.0014192,              0.0014192,              0.0014192
                     91,                 1.4438,                 2.6113,                 1.4798,                 1.4381,                0.65287,                0.56365,                0.54429,                0.22891,                 0.5914,                0.49817,                0.44622,                0.16957,                 1.9319,                 4.3479,                 2.2437,                  2.101,              0.0014126,              0.0014126,              0.0014126
                     92,                 1.5329,                 2.8591,                 1.4123,                 1.4093,                0.50777,                0.65284,                0.60114,                0.23463,                0.47605,                0.58738,                 0.4991,                 0.1861,                 1.9654,                 4.2108,                 2.0964,                 2.0979,               0.001406,               0.001406,               0.001406
                     93,                 1.3855,                 2.5986,                 1.5346,                 1.4477,                0.64165,                0.44646,                0.55591,                0.26023,                 0.6329,                0.44247,                0.49496,                0.19911,                 1.9504,                 4.0539,                 2.0358,                 2.0724,              0.0013994,              0.0013994,              0.0013994
                     94,                 1.5298,                 2.8666,                 1.7203,                 1.5768,                0.69995,                0.40179,                0.54681,                0.24218,                0.70802,                0.40948,                0.47349,                0.19086,                 1.9276,                 3.9838,                 1.9928,                 2.0166,              0.0013928,              0.0013928,              0.0013928
                     95,                 1.5204,                 2.8551,                 1.5761,                 1.5391,                0.69995,                0.40179,                0.54681,                0.24218,                0.70802,                0.40948,                0.47349,                0.19086,                 1.9276,                 3.9838,                 1.9928,                 2.0166,              0.0013862,              0.0013862,              0.0013862
                     96,                 1.5648,                  2.918,                 1.5475,                 1.5433,                0.59998,                0.44584,                0.48249,                0.20455,                0.60004,                0.39951,                0.44632,                0.17886,                 1.9441,                 3.9292,                  2.086,                 2.0401,              0.0013796,              0.0013796,              0.0013796
                     97,                 1.4658,                 2.8288,                 1.4002,                 1.4578,                 0.5034,                 0.4871,                 0.4872,                0.21457,                0.83338,                0.34552,                 0.4297,                0.17243,                 1.9253,                 3.8249,                 2.1973,                 2.0143,               0.001373,               0.001373,               0.001373
                     98,                 1.4848,                 2.7921,                 1.4884,                 1.5205,                0.82467,                0.35979,                0.46392,                0.19869,                0.82467,                0.35979,                 0.4131,                  0.176,                 1.9374,                 3.7775,                 2.3105,                  2.039,              0.0013664,              0.0013664,              0.0013664
                     99,                 1.5307,                 2.9632,                 1.5298,                 1.5516,                0.82467,                0.35979,                0.46392,                0.19869,                0.82467,                0.35979,                 0.4131,                  0.176,                 1.9374,                 3.7775,                 2.3105,                  2.039,              0.0013598,              0.0013598,              0.0013598
                    100,                 1.4729,                 2.7604,                  1.367,                 1.4613,                0.70791,                 0.4081,                0.36695,                0.16158,                0.71012,                0.41679,                0.34137,                0.14051,                 1.9848,                 3.7703,                 2.4932,                 2.0962,              0.0013532,              0.0013532,              0.0013532
                    101,                 1.3782,                 2.4752,                 1.3943,                 1.4535,                0.66735,                 0.2537,                0.33052,                0.14327,                0.66735,                 0.2537,                0.30225,                 0.1292,                   1.98,                 3.7661,                 2.5215,                  2.108,              0.0013466,              0.0013466,              0.0013466
                    102,                 1.4348,                 2.6994,                 1.2979,                 1.4153,                0.60858,                0.29301,                0.26592,                0.13513,                0.60858,                0.29301,                0.24983,                0.10697,                 1.9162,                 3.7084,                 2.3268,                 2.1118,                0.00134,                0.00134,                0.00134
                    103,                 1.4786,                 2.7474,                 1.3724,                 1.4737,                0.60858,                0.29301,                0.26592,                0.13513,                0.60858,                0.29301,                0.24983,                0.10697,                 1.9162,                 3.7084,                 2.3268,                 2.1118,              0.0013334,              0.0013334,              0.0013334
                    104,                 1.4656,                 2.8461,                 1.4008,                 1.4562,                0.57518,                0.31888,                0.31128,                0.15961,                0.57498,                0.31888,                0.23901,                0.10928,                  1.877,                    3.7,                 2.1948,                 2.0878,              0.0013268,              0.0013268,              0.0013268
                    105,                 1.5747,                 2.8265,                 1.6188,                 1.5613,                0.68668,                0.24895,                0.30095,                0.16961,                0.68668,                0.24895,                0.25252,                0.12402,                 1.8679,                 3.6913,                 2.1181,                 2.0807,              0.0013202,              0.0013202,              0.0013202
                    106,                  1.376,                 2.7332,                  1.364,                 1.3975,                0.26516,                 0.3623,                0.37682,                 0.2058,                0.46507,                0.28816,                0.30975,                0.15537,                 1.9144,                 3.7393,                 2.1717,                 2.1219,              0.0013136,              0.0013136,              0.0013136
                    107,                 1.3786,                 2.6409,                 1.3726,                 1.3871,                0.26516,                 0.3623,                0.37682,                 0.2058,                0.46507,                0.28816,                0.30975,                0.15537,                 1.9144,                 3.7393,                 2.1717,                 2.1219,               0.001307,               0.001307,               0.001307
                    108,                 1.2927,                 2.4521,                 1.2335,                 1.3284,                0.76104,                0.27762,                0.37937,                0.20907,                0.76104,                0.27762,                0.33667,                 0.1645,                 1.9728,                 3.7464,                 2.1568,                 2.1481,              0.0013004,              0.0013004,              0.0013004
                    109,                 1.3829,                 2.6706,                 1.4567,                   1.43,                0.45288,                0.43683,                0.49032,                0.23638,                0.87344,                0.27164,                 0.3595,                0.19237,                  1.984,                 3.7936,                 2.1345,                 2.1638,              0.0012938,              0.0012938,              0.0012938
                    110,                 1.3792,                 2.5455,                  1.309,                 1.4188,                0.62372,                0.31119,                0.40233,                0.22006,                0.62809,                0.28635,                0.36537,                0.18555,                 1.9868,                 3.7867,                 1.9784,                 2.1544,              0.0012872,              0.0012872,              0.0012872
                    111,                 1.3691,                 2.6156,                 1.3669,                  1.401,                0.62372,                0.31119,                0.40233,                0.22006,                0.62809,                0.28635,                0.36537,                0.18555,                 1.9868,                 3.7867,                 1.9784,                 2.1544,              0.0012806,              0.0012806,              0.0012806
                    112,                  1.375,                   2.54,                 1.3047,                 1.4102,                0.35795,                0.61051,                0.39883,                 0.2045,                0.30056,                0.46179,                0.33992,                 0.1734,                   1.97,                 3.7527,                 1.8766,                 2.1212,               0.001274,               0.001274,               0.001274
                    113,                 1.4791,                  2.596,                 1.4041,                 1.4278,                0.34583,                0.45241,                0.37406,                0.18922,                0.30348,                 0.3892,                0.32187,                0.15347,                 1.9615,                 3.7137,                 1.9117,                 2.0466,              0.0012674,              0.0012674,              0.0012674
                    114,                 1.2921,                 2.6013,                 1.3849,                 1.4201,                0.66477,                0.29605,                0.38166,                0.18847,                0.66477,                0.29605,                0.34002,                0.15646,                 2.0018,                 3.6697,                 2.0143,                 2.0328,              0.0012608,              0.0012608,              0.0012608
                    115,                 1.3874,                 2.6858,                 1.4134,                  1.461,                0.66477,                0.29605,                0.38166,                0.18847,                0.66477,                0.29605,                0.34002,                0.15646,                 2.0018,                 3.6697,                 2.0143,                 2.0328,              0.0012542,              0.0012542,              0.0012542
                    116,                 1.3464,                 2.4485,                 1.3866,                 1.4211,                0.37612,                0.50802,                 0.4258,                0.18141,                0.63835,                0.31067,                0.29139,                0.14762,                 1.9814,                 3.6528,                 2.2379,                 2.0403,              0.0012476,              0.0012476,              0.0012476
                    117,                  1.443,                 2.5744,                 1.3439,                 1.4132,                0.71885,                0.27532,                0.37238,                0.18609,                0.71885,                0.27532,                0.33354,                0.17793,                 2.0175,                 3.6456,                  2.395,                 2.0631,               0.001241,               0.001241,               0.001241
                    118,                 1.4031,                 2.4454,                 1.3642,                  1.418,                0.69193,                0.25369,                0.38404,                0.17306,                0.69193,                0.25369,                0.31599,                0.17164,                 1.9502,                 3.6709,                 2.3631,                 2.0417,              0.0012344,              0.0012344,              0.0012344
                    119,                 1.3566,                 2.6342,                 1.3464,                  1.401,                0.69193,                0.25369,                0.38404,                0.17306,                0.69193,                0.25369,                0.31599,                0.17164,                 1.9502,                 3.6709,                 2.3631,                 2.0417,              0.0012278,              0.0012278,              0.0012278
                    120,                 1.3878,                 2.6256,                 1.2765,                 1.4131,                0.82616,                0.23407,                0.33152,                0.16298,                0.76773,                 0.2432,                0.32355,                0.17008,                 1.9137,                 3.7094,                 2.3612,                 2.0195,              0.0012212,              0.0012212,              0.0012212
                    121,                 1.4073,                 2.5965,                  1.344,                 1.4203,                0.85222,                 0.2432,                0.39652,                0.18897,                0.85222,                 0.2432,                0.33591,                 0.1574,                 1.9046,                 3.6835,                 2.3339,                 2.0123,              0.0012146,              0.0012146,              0.0012146
                    122,                 1.3496,                 2.4691,                 1.3154,                 1.3667,                0.76739,                0.26908,                0.43001,                0.22274,                0.76739,                0.26908,                0.37279,                0.17844,                 1.8973,                 3.6633,                 2.2085,                 1.9874,               0.001208,               0.001208,               0.001208
                    123,                 1.3493,                 2.5049,                 1.2074,                 1.3014,                0.76739,                0.26908,                0.43001,                0.22274,                0.76739,                0.26908,                0.37279,                0.17844,                 1.8973,                 3.6633,                 2.2085,                 1.9874,              0.0012014,              0.0012014,              0.0012014
                    124,                  1.438,                 2.6437,                 1.4198,                 1.4379,                 0.8447,                0.31659,                0.49535,                0.24698,                 0.8447,                0.31659,                 0.4395,                0.20257,                 1.8601,                  3.629,                  2.072,                 1.9557,              0.0011948,              0.0011948,              0.0011948
                    125,                  1.356,                 2.5829,                 1.3761,                 1.4039,                0.74941,                0.37046,                0.54511,                0.25322,                0.74815,                0.37325,                0.45585,                 0.2276,                 1.8374,                 3.6334,                 2.0252,                 1.9649,              0.0011882,              0.0011882,              0.0011882
                    126,                 1.4354,                 2.6229,                 1.3181,                 1.4237,                 0.8081,                0.39859,                0.56958,                0.26228,                 0.8081,                0.39859,                0.47574,                0.23208,                  1.826,                 3.6356,                 1.9764,                 1.9728,              0.0011816,              0.0011816,              0.0011816
                    127,                 1.3697,                 2.5072,                 1.4111,                 1.4061,                 0.8081,                0.39859,                0.56958,                0.26228,                 0.8081,                0.39859,                0.47574,                0.23208,                  1.826,                 3.6356,                 1.9764,                 1.9728,               0.001175,               0.001175,               0.001175
                    128,                 1.3577,                 2.5387,                 1.2821,                   1.34,                0.72527,                0.44461,                 0.5455,                0.26651,                0.72527,                0.44461,                0.45942,                0.20953,                 1.8377,                 3.6199,                 2.0162,                 1.9917,              0.0011684,              0.0011684,              0.0011684
                    129,                 1.3248,                 2.5371,                 1.3089,                 1.4123,                0.39124,                0.54817,                0.54967,                0.25811,                0.70425,                 0.4096,                0.45682,                 0.1909,                 1.8802,                 3.6294,                 2.0072,                 2.0114,              0.0011618,              0.0011618,              0.0011618
                    130,                 1.4558,                 2.5915,                 1.3534,                 1.4737,                0.45166,                0.51179,                0.55165,                0.25859,                0.68001,                0.40167,                0.45331,                0.18899,                 1.8895,                 3.6609,                 1.9822,                 2.0282,              0.0011552,              0.0011552,              0.0011552
                    131,                 1.3023,                 2.5171,                 1.2915,                 1.3522,                0.45166,                0.51179,                0.55165,                0.25859,                0.68001,                0.40167,                0.45331,                0.18899,                 1.8895,                 3.6609,                 1.9822,                 2.0282,              0.0011486,              0.0011486,              0.0011486
                    132,                 1.3752,                 2.5046,                 1.1854,                 1.3679,                0.45527,                0.51868,                0.51125,                0.26357,                0.74833,                0.39325,                0.45871,                0.19354,                 1.8867,                 3.6814,                 1.9701,                 2.0485,               0.001142,               0.001142,               0.001142
                    133,                 1.3047,                 2.4058,                 1.2686,                 1.3841,                0.58209,                0.32162,                0.43656,                0.23406,                0.57659,                0.31335,                0.39559,                0.16691,                 1.8693,                 3.7479,                 1.9566,                 2.0129,              0.0011354,              0.0011354,              0.0011354
                    134,                 1.3376,                 2.6152,                 1.2544,                 1.3576,                0.46199,                0.39574,                0.40116,                 0.2119,                0.38701,                 0.3731,                0.37282,                  0.159,                 1.8249,                 3.7911,                 1.9756,                 1.9836,              0.0011288,              0.0011288,              0.0011288
                    135,                 1.2499,                  2.312,                 1.0708,                 1.3042,                0.46199,                0.39574,                0.40116,                 0.2119,                0.38701,                 0.3731,                0.37282,                  0.159,                 1.8249,                 3.7911,                 1.9756,                 1.9836,              0.0011222,              0.0011222,              0.0011222
                    136,                 1.3045,                 2.4217,                 1.1777,                 1.3351,                0.53399,                0.45085,                 0.4312,                 0.2152,                0.43674,                0.40008,                0.36522,                0.17765,                 1.7826,                 3.8153,                 2.0245,                 1.9604,              0.0011156,              0.0011156,              0.0011156
                    137,                 1.3844,                 2.4839,                 1.2108,                 1.3405,                 0.6276,                0.49037,                0.46839,                0.20706,                0.50375,                0.35905,                0.35563,                0.16895,                 1.7827,                 3.8532,                 2.0655,                 1.9779,               0.001109,               0.001109,               0.001109
                    138,                 1.3191,                  2.342,                 1.2574,                  1.367,                0.43072,                 0.3819,                0.37393,                0.19032,                0.43072,                 0.3819,                0.36186,                0.17039,                 1.8281,                 3.9386,                 2.0666,                  1.988,              0.0011024,              0.0011024,              0.0011024
                    139,                 1.2359,                 2.2969,                 1.1129,                 1.3182,                0.43072,                 0.3819,                0.37393,                0.19032,                0.43072,                 0.3819,                0.36186,                0.17039,                 1.8281,                 3.9386,                 2.0666,                  1.988,              0.0010958,              0.0010958,              0.0010958
                    140,                 1.4007,                 2.6914,                 1.2909,                 1.4089,                0.38033,                0.46799,                0.40299,                0.19301,                0.35348,                0.41165,                0.35194,                0.16465,                 1.8511,                 3.9981,                 2.1572,                 1.9687,              0.0010892,              0.0010892,              0.0010892
                    141,                 1.2782,                 2.3922,                 1.1506,                 1.3075,                0.48458,                0.37556,                0.40918,                0.19982,                0.27091,                0.47592,                0.34683,                0.17082,                 1.8339,                 3.8943,                 2.1556,                 1.9571,              0.0010826,              0.0010826,              0.0010826
                    142,                 1.3419,                 2.6927,                 1.3146,                 1.3998,                0.53941,                0.44441,                0.48208,                 0.2104,                0.62676,                0.26676,                0.34038,                0.17292,                  1.808,                 3.8532,                 2.1062,                 1.9225,               0.001076,               0.001076,               0.001076
                    143,                 1.3421,                 2.5441,                 1.2776,                 1.3797,                0.53941,                0.44441,                0.48208,                 0.2104,                0.62676,                0.26676,                0.34038,                0.17292,                  1.808,                 3.8532,                 2.1062,                 1.9225,              0.0010694,              0.0010694,              0.0010694
                    144,                 1.2551,                 2.4521,                 1.2804,                 1.3179,                0.46845,                0.47983,                0.51447,                0.21982,                0.63038,                0.30068,                0.35635,                0.18111,                 1.8366,                 3.8498,                 2.0641,                 1.9428,              0.0010628,              0.0010628,              0.0010628
                    145,                 1.2969,                 2.3454,                 1.1839,                  1.324,                0.36653,                0.49666,                0.52378,                0.23661,                0.60648,                0.33686,                0.36626,                0.18097,                 1.8544,                 3.7753,                 2.0921,                 1.9677,              0.0010562,              0.0010562,              0.0010562
                    146,                 1.3264,                 2.5692,                 1.2397,                 1.3298,                0.58016,                0.34991,                0.51095,                0.25069,                0.58016,                0.34991,                 0.3875,                0.19023,                 1.8381,                 3.7482,                 2.0364,                 1.9691,              0.0010496,              0.0010496,              0.0010496
                    147,                 1.3598,                 2.5003,                 1.2711,                 1.3867,                0.58016,                0.34991,                0.51095,                0.25069,                0.58016,                0.34991,                 0.3875,                0.19023,                 1.8381,                 3.7482,                 2.0364,                 1.9691,               0.001043,               0.001043,               0.001043
                    148,                 1.0994,                 2.1431,                 1.3525,                 1.2331,                0.33019,                0.64071,                0.54964,                0.25374,                0.68151,                0.29984,                0.39799,                0.19703,                 1.8231,                 3.7035,                 2.0088,                   1.97,              0.0010364,              0.0010364,              0.0010364
                    149,                 1.2994,                  2.446,                 1.0706,                 1.3333,                0.59924,                0.40328,                0.52703,                0.24703,                0.59924,                0.40328,                 0.3817,                0.17812,                 1.8036,                 3.6894,                 2.0254,                 1.9547,              0.0010298,              0.0010298,              0.0010298
                    150,                 1.2259,                 2.3142,                 1.0576,                 1.2691,                   0.63,                0.42038,                0.47698,                0.24761,                   0.63,                0.42038,                0.38279,                0.18521,                 1.7655,                 3.6813,                 2.0175,                 1.9204,              0.0010232,              0.0010232,              0.0010232
                    151,                 1.3427,                 2.6054,                 1.1334,                 1.3581,                   0.63,                0.42038,                0.47698,                0.24761,                   0.63,                0.42038,                0.38279,                0.18521,                 1.7655,                 3.6813,                 2.0175,                 1.9204,              0.0010166,              0.0010166,              0.0010166
                    152,                 1.3127,                  2.611,                 1.3616,                 1.4217,                0.58362,                0.47102,                0.49619,                0.23768,                0.60974,                0.41906,                0.38575,                0.18284,                  1.766,                 3.6822,                 1.9322,                 1.9146,                0.00101,                0.00101,                0.00101
                    153,                 1.2139,                   2.42,                 1.1996,                  1.317,                0.62148,                0.46333,                0.49934,                0.23998,                0.63212,                0.46202,                0.39603,                 0.1838,                 1.7444,                 3.6617,                 1.8503,                  1.897,              0.0010034,              0.0010034,              0.0010034
                    154,                 1.2541,                 2.2882,                 1.0609,                 1.2517,                0.66737,                0.46133,                0.52017,                0.25299,                0.66737,                0.46133,                 0.4159,                0.18656,                 1.7226,                 3.6599,                 1.7923,                 1.8826,              0.0009968,              0.0009968,              0.0009968
                    155,                 1.2549,                 2.3327,                 1.1186,                 1.2887,                0.66737,                0.46133,                0.52017,                0.25299,                0.66737,                0.46133,                 0.4159,                0.18656,                 1.7226,                 3.6599,                 1.7923,                 1.8826,              0.0009902,              0.0009902,              0.0009902
                    156,                 1.2724,                 2.3711,                 1.2146,                  1.309,                0.43655,                0.66435,                0.60015,                0.28919,                0.71906,                0.37584,                0.46135,                 0.2273,                 1.7681,                 3.6489,                  1.775,                 1.9242,              0.0009836,              0.0009836,              0.0009836
                    157,                 1.1999,                 2.3157,                 1.0508,                 1.2718,                0.37622,                0.62214,                0.56797,                 0.2795,                0.52801,                0.48018,                0.45027,                 0.2196,                 1.7803,                 3.6409,                 1.7704,                 1.9384,               0.000977,               0.000977,               0.000977
                    158,                 1.1816,                 2.2844,                 1.0304,                 1.2895,                0.37961,                0.65373,                0.55375,                0.26806,                0.28321,                0.50883,                0.43147,                0.20327,                  1.762,                 3.6646,                 1.7522,                 1.9338,              0.0009704,              0.0009704,              0.0009704
                    159,                  1.181,                 2.3565,                  1.092,                 1.3132,                0.37961,                0.65373,                0.55375,                0.26806,                0.28321,                0.50883,                0.43147,                0.20327,                  1.762,                 3.6646,                 1.7522,                 1.9338,              0.0009638,              0.0009638,              0.0009638
                    160,                 1.2085,                 2.3622,                 1.0541,                 1.2491,                 0.3698,                0.71235,                0.55324,                0.27053,                0.26908,                0.57914,                0.43357,                0.19957,                 1.7547,                 3.6936,                 1.7909,                 1.9365,              0.0009572,              0.0009572,              0.0009572
                    161,                 1.1946,                 2.3365,                 1.1386,                 1.3571,                0.36183,                 0.6157,                0.54455,                0.26248,                0.26238,                 0.5373,                 0.4344,                0.18916,                 1.7597,                 3.6979,                 1.8336,                 1.9629,              0.0009506,              0.0009506,              0.0009506
                    162,                 1.3382,                 2.4143,                 1.1476,                 1.3622,                 0.4222,                0.68801,                0.59307,                0.28961,                0.29735,                0.58519,                0.45375,                  0.192,                 1.7692,                 3.7242,                 1.8941,                 1.9953,               0.000944,               0.000944,               0.000944
                    163,                 1.2898,                 2.4596,                 1.1248,                 1.3427,                 0.4222,                0.68801,                0.59307,                0.28961,                0.29735,                0.58519,                0.45375,                  0.192,                 1.7692,                 3.7242,                 1.8941,                 1.9953,              0.0009374,              0.0009374,              0.0009374
                    164,                 1.1867,                 2.1578,                 1.0516,                 1.2685,                0.42143,                0.72681,                0.59705,                0.29077,                0.65258,                0.48606,                0.45214,                0.20118,                 1.8106,                 3.7544,                 1.9057,                 2.0488,              0.0009308,              0.0009308,              0.0009308
                    165,                 1.1418,                 2.2034,                0.95387,                 1.2299,                0.43397,                0.61341,                0.53996,                0.27534,                 0.6996,                0.44514,                0.44139,                0.19934,                 1.8195,                 3.7269,                 1.9894,                 2.0714,              0.0009242,              0.0009242,              0.0009242
                    166,                 1.2078,                 2.2408,                 1.0733,                 1.3109,                0.48606,                0.53368,                0.51687,                0.27754,                0.72594,                0.42849,                0.45033,                0.20858,                 1.8121,                 3.7216,                 1.9707,                 2.0516,              0.0009176,              0.0009176,              0.0009176
                    167,                 1.1476,                 2.2491,                 1.0836,                 1.3039,                0.48606,                0.53368,                0.51687,                0.27754,                0.72594,                0.42849,                0.45033,                0.20858,                 1.8121,                 3.7216,                 1.9707,                 2.0516,               0.000911,               0.000911,               0.000911
                    168,                 1.2029,                 2.3062,                 1.1159,                 1.2923,                0.54431,                0.50558,                0.51354,                0.27941,                0.55846,                0.41504,                 0.4424,                0.20671,                 1.7731,                 3.7311,                   1.92,                 2.0241,              0.0009044,              0.0009044,              0.0009044
                    169,                 1.1379,                 2.1946,                0.97964,                 1.2397,                0.57003,                0.51296,                 0.4867,                0.27135,                0.70095,                 0.3911,                0.41582,                0.21156,                 1.7894,                 3.7085,                 1.9254,                 1.9917,              0.0008978,              0.0008978,              0.0008978
                    170,                 1.2343,                 2.4233,                 1.1218,                 1.3196,                0.37612,                0.53837,                0.45696,                0.25952,                0.77325,                0.29495,                  0.396,                0.20438,                 1.8457,                  3.654,                 1.9196,                 2.0344,              0.0008912,              0.0008912,              0.0008912
                    171,                 1.1304,                 2.2815,                 1.1098,                 1.2657,                0.37612,                0.53837,                0.45696,                0.25952,                0.77325,                0.29495,                  0.396,                0.20438,                 1.8457,                  3.654,                 1.9196,                 2.0344,              0.0008846,              0.0008846,              0.0008846
                    172,                 1.1698,                 2.1672,                 1.0188,                 1.2579,                 0.3688,                0.52494,                0.46936,                0.24931,                0.78618,                0.29495,                0.40552,                0.20433,                 1.8643,                 3.6129,                   1.87,                  2.029,               0.000878,               0.000878,               0.000878
                    173,                 1.1566,                 2.1901,                 1.0218,                 1.2186,                0.39913,                0.54804,                0.47007,                0.23476,                0.79414,                0.31965,                0.43065,                0.20044,                 1.8783,                 3.5593,                 1.8637,                 2.0192,              0.0008714,              0.0008714,              0.0008714
                    174,                 1.1175,                 2.2508,                0.98813,                 1.2476,                 0.4198,                0.58454,                0.50524,                0.23969,                0.79357,                0.30924,                 0.4364,                0.20588,                 1.8541,                 3.5704,                 1.8175,                 1.9812,              0.0008648,              0.0008648,              0.0008648
                    175,                 1.1934,                  2.318,                0.99119,                 1.2358,                 0.4198,                0.58454,                0.50524,                0.23969,                0.79357,                0.30924,                 0.4364,                0.20588,                 1.8541,                 3.5704,                 1.8175,                 1.9812,              0.0008582,              0.0008582,              0.0008582
                    176,                 1.1213,                 2.2294,                 1.0102,                 1.2397,                0.49745,                0.58454,                0.53779,                0.26043,                0.38102,                 0.5042,                  0.462,                0.22347,                 1.8172,                 3.6105,                  1.779,                 1.9579,              0.0008516,              0.0008516,              0.0008516
                    177,                 1.2012,                 2.1928,                 1.0521,                  1.243,                0.48701,                0.61041,                0.56855,                0.29396,                0.85012,                0.34584,                0.48954,                0.24508,                   1.78,                 3.6371,                 1.7494,                 1.9307,               0.000845,               0.000845,               0.000845
                    178,                 1.0828,                 2.1762,                0.99339,                  1.198,                0.47672,                0.58454,                0.58118,                0.31974,                0.66756,                0.44458,                0.52621,                0.26804,                 1.7087,                 3.6852,                 1.6988,                 1.8818,              0.0008384,              0.0008384,              0.0008384
                    179,                 1.1258,                 2.1511,                 1.0271,                 1.2351,                0.47672,                0.58454,                0.58118,                0.31974,                0.66756,                0.44458,                0.52621,                0.26804,                 1.7087,                 3.6852,                 1.6988,                 1.8818,              0.0008318,              0.0008318,              0.0008318
                    180,                 1.1034,                 2.1307,                0.93973,                 1.2322,                0.46016,                0.58454,                0.57589,                0.30615,                0.65465,                0.47073,                0.50653,                0.25263,                 1.6595,                 3.7302,                 1.6833,                 1.8509,              0.0008252,              0.0008252,              0.0008252
                    181,                 1.1712,                 2.1422,                 1.0519,                 1.2751,                0.47043,                 0.6181,                0.56157,                0.30504,                0.63685,                  0.508,                0.53838,                0.25686,                  1.678,                 3.7677,                 1.7423,                 1.8751,              0.0008186,              0.0008186,              0.0008186
                    182,                 1.0632,                 2.1112,                0.91504,                 1.2114,                0.48402,                 0.6181,                0.55372,                0.28954,                0.37132,                0.67711,                0.54012,                0.24889,                 1.6912,                 3.8213,                 1.6814,                 1.9085,               0.000812,               0.000812,               0.000812
                    183,                 1.0829,                 2.0994,                 0.8949,                 1.1851,                0.48402,                 0.6181,                0.55372,                0.28954,                0.37132,                0.67711,                0.54012,                0.24889,                 1.6912,                 3.8213,                 1.6814,                 1.9085,              0.0008054,              0.0008054,              0.0008054
                    184,                 1.1626,                 2.1108,                0.99486,                 1.2593,                0.48749,                0.63629,                0.54033,                 0.2873,                0.58676,                0.57865,                0.49333,                0.23707,                 1.7538,                 3.8633,                 1.7067,                 1.9793,              0.0007988,              0.0007988,              0.0007988
                    185,                 1.0793,                 2.1383,                0.93163,                 1.2318,                0.43148,                0.63629,                0.51451,                0.25858,                0.64058,                0.41152,                0.43498,                0.20675,                 1.7593,                 3.8991,                 1.7052,                 1.9715,              0.0007922,              0.0007922,              0.0007922
                    186,                 1.0187,                 2.0926,                0.88869,                 1.1539,                0.34019,                0.65447,                0.48818,                0.24712,                0.64786,                0.36536,                0.40623,                0.18677,                 1.8354,                 3.9013,                 1.7211,                 2.0519,              0.0007856,              0.0007856,              0.0007856
                    187,                 1.0404,                 2.0677,                0.93088,                 1.1928,                0.34019,                0.65447,                0.48818,                0.24712,                0.64786,                0.36536,                0.40623,                0.18677,                 1.8354,                 3.9013,                 1.7211,                 2.0519,               0.000779,               0.000779,               0.000779
                    188,                 1.0956,                 2.0541,                0.89709,                 1.2366,                0.63031,                0.39174,                0.47223,                0.23633,                0.63031,                0.39174,                0.37585,                0.17242,                 1.8206,                 3.9323,                 1.7659,                 2.0204,              0.0007724,              0.0007724,              0.0007724
                    189,                 1.0528,                 1.9912,                0.98475,                 1.1967,                0.68207,                 0.3689,                0.50171,                0.24326,                0.68207,                 0.3689,                0.39325,                0.17643,                 1.8331,                 3.9528,                 1.8035,                 2.0398,              0.0007658,              0.0007658,              0.0007658
                    190,                 1.0722,                 2.0777,                0.88148,                 1.1945,                0.69163,                0.36566,                 0.4741,                0.23084,                0.69163,                0.36566,                0.39212,                0.16994,                 1.8708,                   3.98,                 1.8896,                 2.0753,              0.0007592,              0.0007592,              0.0007592
                    191,                 1.0266,                 1.9658,                0.89385,                 1.1865,                0.69163,                0.36566,                 0.4741,                0.23084,                0.69163,                0.36566,                0.39212,                0.16994,                 1.8708,                   3.98,                 1.8896,                 2.0753,              0.0007526,              0.0007526,              0.0007526
                    192,                  1.131,                 2.2213,                  1.004,                 1.2427,                0.40928,                0.57864,                0.47751,                 0.2316,                0.61908,                0.34794,                0.38462,                 0.1788,                 1.8648,                 3.9519,                 1.9723,                 2.0579,               0.000746,               0.000746,               0.000746
                    193,                 1.1042,                 2.1313,                0.91904,                 1.1895,                0.39861,                0.58454,                0.48336,                  0.236,                0.33405,                0.56924,                0.40157,                0.18561,                 1.8436,                 3.9445,                 2.0404,                 2.0376,              0.0007394,              0.0007394,              0.0007394
                    194,                 1.0741,                 1.9994,                0.90931,                 1.1802,                0.40059,                 0.6589,                0.54368,                0.27175,                0.61541,                0.45866,                0.47445,                0.21839,                 1.8447,                 3.9249,                 2.0126,                 2.0311,              0.0007328,              0.0007328,              0.0007328
                    195,                 1.0713,                 1.9874,                0.92026,                 1.1957,                0.40059,                 0.6589,                0.54368,                0.27175,                0.61541,                0.45866,                0.47445,                0.21839,                 1.8447,                 3.9249,                 2.0126,                 2.0311,              0.0007262,              0.0007262,              0.0007262
                    196,                 1.0492,                 1.9501,                0.85471,                 1.1777,                0.54045,                0.64801,                0.61403,                0.30378,                0.74602,                0.44794,                0.50793,                0.24659,                 1.8234,                 3.9327,                 1.8935,                 1.9837,              0.0007196,              0.0007196,              0.0007196
                    197,                 1.0889,                 2.1508,                 1.0194,                 1.2133,                0.56153,                0.66659,                 0.6294,                0.32186,                0.44321,                0.59223,                0.51981,                0.25606,                  1.828,                 3.9112,                 1.8903,                 1.9739,               0.000713,               0.000713,               0.000713
                    198,                 1.0174,                 2.0043,                0.95861,                 1.2057,                0.55134,                0.64841,                0.63429,                0.31331,                0.45069,                0.57405,                0.52092,                 0.2708,                 1.8298,                 3.8997,                 1.8794,                 1.9726,              0.0007064,              0.0007064,              0.0007064
                    199,                 1.0292,                 2.0768,                0.96021,                 1.2027,                0.55134,                0.64841,                0.63429,                0.31331,                0.45069,                0.57405,                0.52092,                 0.2708,                 1.8298,                 3.8997,                 1.8794,                 1.9726,              0.0006998,              0.0006998,              0.0006998
                    200,                 1.1426,                 2.1886,                 1.0745,                 1.1802,                0.44241,                0.64841,                 0.6446,                0.34792,                0.82483,                0.43621,                 0.5338,                0.28406,                 1.8095,                 3.8859,                 1.8393,                 1.9565,              0.0006932,              0.0006932,              0.0006932
                    201,                 1.1051,                 2.0161,                 0.9368,                 1.2111,                0.41465,                0.64071,                0.61526,                0.34122,                0.84675,                 0.4352,                0.51987,                0.28086,                 1.7817,                 3.9096,                 1.8703,                 1.9495,              0.0006866,              0.0006866,              0.0006866
                    202,                  1.084,                 2.0933,                0.95576,                 1.2166,                 0.4279,                0.61849,                 0.6032,                0.31992,                0.83824,                0.41884,                0.50239,                0.27233,                 1.7924,                 3.9121,                 1.9537,                 1.9513,                0.00068,                0.00068,                0.00068
                    203,                 1.1343,                 2.1853,                 1.1544,                 1.3065,                 0.4279,                0.61849,                 0.6032,                0.31992,                0.83824,                0.41884,                0.50239,                0.27233,                 1.7924,                 3.9121,                 1.9537,                 1.9513,              0.0006734,              0.0006734,              0.0006734
                    204,                 1.0268,                 1.9804,                0.86621,                 1.1676,                0.43101,                0.58772,                0.58695,                0.30866,                0.85009,                0.39395,                0.48689,                0.25003,                 1.8498,                 3.9641,                   2.02,                 2.0029,              0.0006668,              0.0006668,              0.0006668
                    205,                 1.0247,                 2.0864,                0.91016,                 1.1813,                0.48721,                0.57256,                0.57801,                 0.3053,                 0.8544,                0.38726,                0.47484,                0.24635,                 1.8839,                  3.988,                 2.0524,                 2.0515,              0.0006602,              0.0006602,              0.0006602
                    206,                 1.0499,                 1.9922,                0.90534,                 1.1687,                0.41914,                0.63564,                0.54746,                0.29004,                 0.4065,                0.52345,                0.48184,                 0.2536,                 1.9411,                 4.0366,                 2.1218,                 2.1114,              0.0006536,              0.0006536,              0.0006536
                    207,                 1.0533,                 2.0851,                0.87682,                 1.1635,                0.41914,                0.63564,                0.54746,                0.29004,                 0.4065,                0.52345,                0.48184,                 0.2536,                 1.9411,                 4.0366,                 2.1218,                 2.1114,               0.000647,               0.000647,               0.000647
                    208,                 1.0421,                 2.0362,                0.88336,                 1.1816,                0.47831,                0.58848,                 0.5755,                0.29206,                0.49102,                0.58772,                0.51231,                0.24213,                 1.9584,                 4.0535,                 2.1605,                  2.146,              0.0006404,              0.0006404,              0.0006404
                    209,                 1.0243,                 2.0211,                  0.838,                 1.1433,                0.63616,                 0.5276,                0.58561,                0.29132,                0.47699,                0.60225,                0.47593,                0.23575,                 1.9713,                 4.0536,                  2.154,                 2.1651,              0.0006338,              0.0006338,              0.0006338
                    210,                 1.0267,                 1.8224,                0.87152,                 1.1581,                0.62377,                0.57217,                0.59219,                 0.2776,                0.49507,                0.59456,                0.50061,                0.23319,                 1.9618,                 4.0019,                 2.1641,                 2.1581,              0.0006272,              0.0006272,              0.0006272
                    211,                 1.0266,                 1.9812,                0.89794,                 1.1934,                0.62377,                0.57217,                0.59219,                 0.2776,                0.49507,                0.59456,                0.50061,                0.23319,                 1.9618,                 4.0019,                 2.1641,                 2.1581,              0.0006206,              0.0006206,              0.0006206
                    212,                 1.0314,                 2.0444,                0.90816,                 1.1708,                0.44985,                0.60995,                0.50968,                0.26155,                0.49072,                0.61432,                0.49339,                0.22299,                  1.961,                 3.9536,                 2.1715,                 2.1662,               0.000614,               0.000614,               0.000614
                    213,                 1.1202,                 2.1141,                0.92702,                  1.251,                 0.6583,                 0.5128,                0.56767,                0.27395,                0.51679,                 0.6246,                 0.5089,                0.22146,                 1.9348,                 3.8336,                 2.2052,                 2.1404,              0.0006074,              0.0006074,              0.0006074
                    214,                  1.005,                 1.9673,                0.83723,                 1.1384,                0.64889,                0.54328,                0.60101,                0.28818,                0.49272,                0.61949,                0.54517,                0.25008,                 1.9512,                 3.7609,                  2.092,                 2.1578,              0.0006008,              0.0006008,              0.0006008
                    215,                0.94188,                 1.9567,                0.83496,                 1.1084,                0.64889,                0.54328,                0.60101,                0.28818,                0.49272,                0.61949,                0.54517,                0.25008,                 1.9512,                 3.7609,                  2.092,                 2.1578,              0.0005942,              0.0005942,              0.0005942
                    216,                0.99522,                  1.999,                0.88522,                 1.1839,                0.64474,                0.52077,                0.63312,                0.31071,                0.48081,                0.62614,                 0.5535,                0.25686,                 1.9465,                 3.7548,                 2.0229,                 2.1515,              0.0005876,              0.0005876,              0.0005876
                    217,                 1.0121,                 2.0723,                0.87384,                 1.1939,                0.66606,                0.50768,                  0.619,                0.30253,                0.55815,                0.54683,                0.52678,                0.24498,                 1.9168,                 3.7258,                 1.9664,                 2.1107,               0.000581,               0.000581,               0.000581
                    218,                 1.0202,                 2.0462,                0.86912,                 1.1569,                0.72275,                0.51253,                0.61467,                0.29902,                0.56166,                0.51707,                 0.5263,                 0.2505,                  1.902,                  3.694,                 1.9085,                   2.08,              0.0005744,              0.0005744,              0.0005744
                    219,                0.97963,                 1.8866,                 0.8327,                 1.1287,                0.72275,                0.51253,                0.61467,                0.29902,                0.56166,                0.51707,                 0.5263,                 0.2505,                  1.902,                  3.694,                 1.9085,                   2.08,              0.0005678,              0.0005678,              0.0005678
                    220,                0.95954,                 2.0017,                0.86578,                 1.1886,                 0.6586,                0.53559,                0.63673,                0.31159,                0.53057,                0.55097,                0.53371,                0.25031,                 1.8773,                 3.6783,                 1.9014,                 2.0563,              0.0005612,              0.0005612,              0.0005612
                    221,                0.93034,                 1.8504,                0.78475,                 1.0985,                0.50042,                0.64669,                0.65367,                 0.3133,                0.56493,                0.55023,                0.54642,                0.25158,                 1.8748,                 3.6924,                 1.9059,                 2.0493,              0.0005546,              0.0005546,              0.0005546
                    222,                0.93672,                 1.8882,                0.83468,                 1.1394,                0.49931,                0.61675,                0.64536,                0.29153,                0.51513,                0.54652,                 0.5399,                0.23725,                 1.8529,                 3.7276,                 1.9052,                 2.0315,               0.000548,               0.000548,               0.000548
                    223,                0.92903,                  1.926,                0.89351,                 1.1708,                0.49931,                0.61675,                0.64536,                0.29153,                0.51513,                0.54652,                 0.5399,                0.23725,                 1.8529,                 3.7276,                 1.9052,                 2.0315,              0.0005414,              0.0005414,              0.0005414
                    224,                 1.0292,                 1.9851,                0.95213,                  1.229,                0.45352,                0.64125,                0.62891,                0.30616,                 0.4718,                0.57546,                0.57309,                0.25401,                 1.8196,                 3.7509,                 1.9189,                 2.0182,              0.0005348,              0.0005348,              0.0005348
                    225,                0.92931,                 1.9818,                 1.0867,                 1.1401,                0.40142,                0.67349,                0.59685,                0.29828,                0.42259,                0.58454,                 0.5331,                0.24479,                 1.8056,                 3.7569,                 1.9529,                 2.0059,              0.0005282,              0.0005282,              0.0005282
                    226,                0.99757,                 1.9223,                0.87533,                 1.1607,                0.38171,                0.69982,                0.56787,                0.28031,                0.38172,                0.57405,                0.50941,                0.22909,                 1.8141,                 3.7638,                 1.9123,                 2.0151,              0.0005216,              0.0005216,              0.0005216
                    227,                0.93318,                 1.9112,                0.79674,                 1.1015,                0.38171,                0.69982,                0.56787,                0.28031,                0.38172,                0.57405,                0.50941,                0.22909,                 1.8141,                 3.7638,                 1.9123,                 2.0151,               0.000515,               0.000515,               0.000515
                    228,                   1.05,                 2.0004,                0.85129,                 1.1593,                0.40068,                0.63389,                0.56198,                0.27223,                0.66783,                0.48295,                0.46962,                0.22663,                 1.8016,                 3.7724,                 1.9031,                 2.0079,              0.0005084,              0.0005084,              0.0005084
                    229,                  1.012,                 1.9848,                0.82829,                 1.1367,                0.49743,                0.65018,                0.60101,                0.28694,                0.39999,                0.55587,                0.45691,                0.22019,                 1.8307,                 3.7721,                 1.9237,                 2.0306,              0.0005018,              0.0005018,              0.0005018
                    230,                 1.0463,                 1.9578,                0.90264,                 1.1979,                0.52389,                0.60908,                 0.5552,                0.25879,                0.41016,                 0.5527,                0.44116,                0.21555,                 1.8666,                 3.7975,                 1.9606,                 2.0563,              0.0004952,              0.0004952,              0.0004952
                    231,                0.97395,                 1.8664,                0.80654,                  1.133,                0.52389,                0.60908,                 0.5552,                0.25879,                0.41016,                 0.5527,                0.44116,                0.21555,                 1.8666,                 3.7975,                 1.9606,                 2.0563,              0.0004886,              0.0004886,              0.0004886
                    232,                 0.9798,                 1.8404,                0.82912,                 1.1147,                0.54897,                0.59973,                 0.5772,                0.26177,                0.40631,                0.53235,                0.42895,                0.21645,                 1.8779,                 3.7677,                 2.0682,                 2.0511,               0.000482,               0.000482,               0.000482
                    233,                0.90838,                 1.8011,                0.75419,                 1.1017,                0.39474,                 0.5904,                 0.5262,                0.25683,                0.41412,                0.54338,                0.45696,                0.22529,                 1.8933,                 3.7938,                 2.1295,                 2.0657,              0.0004754,              0.0004754,              0.0004754
                    234,                0.94809,                 1.9247,                0.79897,                 1.1368,                0.38549,                0.62284,                0.54162,                0.24389,                0.40379,                0.51503,                0.45914,                0.22181,                 1.9115,                  3.753,                 2.1019,                 2.0765,              0.0004688,              0.0004688,              0.0004688
                    235,                0.92088,                 1.7762,                0.78326,                 1.1003,                0.38549,                0.62284,                0.54162,                0.24389,                0.40379,                0.51503,                0.45914,                0.22181,                 1.9115,                  3.753,                 2.1019,                 2.0765,              0.0004622,              0.0004622,              0.0004622
                    236,                0.99452,                 1.9085,                0.84075,                 1.1231,                 0.5805,                0.39586,                0.55479,                0.24502,                0.58441,                0.40361,                0.48701,                0.22271,                  1.937,                 3.7128,                 2.0112,                 2.1004,              0.0004556,              0.0004556,              0.0004556
                    237,                 0.8608,                 1.7794,                0.76059,                 1.0838,                0.58932,                0.40341,                0.55861,                0.24276,                0.50333,                0.47755,                0.49746,                0.23502,                 1.9431,                 3.6841,                 1.9903,                 2.1006,               0.000449,               0.000449,               0.000449
                    238,                0.94039,                 1.8749,                0.82093,                 1.1554,                0.39422,                0.59654,                 0.5602,                0.24126,                0.59847,                0.47371,                0.50095,                0.23503,                 1.9126,                 3.6486,                 1.9782,                 2.0876,              0.0004424,              0.0004424,              0.0004424
                    239,                0.96583,                 1.8959,                0.89013,                 1.1404,                0.39422,                0.59654,                 0.5602,                0.24126,                0.59847,                0.47371,                0.50095,                0.23503,                 1.9126,                 3.6486,                 1.9782,                 2.0876,              0.0004358,              0.0004358,              0.0004358
                    240,                 1.0211,                 1.9724,                0.88613,                  1.189,                0.63435,                0.48499,                 0.5487,                0.24179,                0.44323,                0.55113,                0.49712,                0.22369,                 1.8961,                 3.6651,                  1.974,                 2.1057,              0.0004292,              0.0004292,              0.0004292
                    241,                0.97847,                 1.8652,                0.79338,                 1.1377,                0.39627,                0.54794,                0.43691,                0.22817,                0.60587,                0.46511,                0.47602,                0.21419,                 1.8825,                 3.6911,                 1.9808,                 2.0999,              0.0004226,              0.0004226,              0.0004226
                    242,                0.97551,                 1.8349,                0.79044,                 1.1577,                0.39288,                 0.5293,                0.44346,                0.23401,                0.57628,                0.48268,                0.46914,                0.21575,                 1.8784,                 3.7269,                 2.0071,                  2.077,               0.000416,               0.000416,               0.000416
                    243,                0.95449,                 1.7879,                0.84517,                 1.1777,                0.39288,                 0.5293,                0.44346,                0.23401,                0.57628,                0.48268,                0.46914,                0.21575,                 1.8784,                 3.7269,                 2.0071,                  2.077,              0.0004094,              0.0004094,              0.0004094
                    244,                0.93409,                 1.8964,                0.87789,                 1.1529,                0.49838,                0.62114,                0.48873,                0.23282,                0.55635,                0.47779,                0.41974,                0.19521,                  1.903,                 3.7787,                 2.0665,                 2.1027,              0.0004028,              0.0004028,              0.0004028
                    245,                0.89448,                  1.825,                0.76616,                  1.103,                0.47378,                0.62572,                0.49922,                0.21923,                0.57454,                0.44343,                0.40417,                0.18969,                  1.889,                 3.8111,                 2.0831,                  2.084,              0.0003962,              0.0003962,              0.0003962
                    246,                 1.0302,                 1.9779,                0.88283,                 1.1225,                0.44827,                0.51706,                0.44751,                0.20296,                0.60928,                0.43672,                0.41664,                0.18531,                 1.8927,                 3.8155,                 2.1582,                 2.1005,              0.0003896,              0.0003896,              0.0003896
                    247,                0.91372,                 1.7665,                0.79752,                 1.1254,                0.44827,                0.51706,                0.44751,                0.20296,                0.60928,                0.43672,                0.41664,                0.18531,                 1.8927,                 3.8155,                 2.1582,                 2.1005,               0.000383,               0.000383,               0.000383
                    248,                0.95453,                 1.8104,                0.81814,                 1.1584,                0.50534,                0.43801,                0.43529,                0.19872,                0.53344,                0.34343,                 0.3424,                0.18937,                 1.8985,                 3.7642,                 2.2005,                 2.1209,              0.0003764,              0.0003764,              0.0003764
                    249,                0.92486,                 1.8138,                0.77341,                 1.1218,                 0.6139,                 0.4101,                0.46131,                0.21218,                0.52944,                0.34343,                 0.3431,                0.17665,                 1.8981,                 3.7705,                 2.2361,                 2.1241,              0.0003698,              0.0003698,              0.0003698
                    250,                0.97674,                  1.931,                0.79082,                 1.1374,                0.66669,                0.40299,                0.45416,                0.21297,                0.55602,                0.34238,                0.33959,                 0.1743,                 1.9074,                 3.7617,                 2.2649,                 2.1329,              0.0003632,              0.0003632,              0.0003632
