1 0.95 0.14613778705636743 0.9453125 0.15657620041753653 0.9390625 0.15657620041753653 0.9375 0.16075156576200417 0.934375 0.16075156576200417 0.9328125 0.16701461377870563 0.928125 0.16701461377870563 0.9265625 0.17118997912317327 0.9234375 0.17118997912317327 0.91875 0.18162839248434237 0.915625 0.18162839248434237 0.9125 0.18580375782881003 0.9109375 0.19206680584551147 0.9078125 0.19206680584551147 0.90625 0.19624217118997914 0.9 0.19624217118997914 0.9 0.20041753653444677 0.8953125 0.20668058455114824 0.8921875 0.20668058455114824 0.890625 0.21294363256784968 0.884375 0.21294363256784968 0.8796875 0.22338204592901878 0.8734375 0.22338204592901878 0.871875 0.22755741127348644 0.86875 0.22755741127348644 0.86875 0.23173277661795408 0.8625 0.23799582463465555 0.8625 0.24217118997912318 0.8578125 0.24425887265135698 0.853125 0.25260960334029225 0.85 0.25260960334029225 0.85 0.2567849686847599 0.846875 0.2588726513569937 0.846875 0.2818371607515658 0.85 0.2839248434237996 0.85 0.2881002087682672 0.8546875 0.29018789144050106 0.8546875 0.2985386221294363 0.8578125 0.30062630480167013 0.8578125 0.3089770354906054 0.8640625 0.3089770354906054 0.865625 0.31315240083507306 0.91875 0.31315240083507306 0.9203125 0.31941544885177453 0.95625 0.31941544885177453 0.9578125 0.3235908141962422 0.9953125 0.3235908141962422 0.9984375 0.31941544885177453 0.9984375 0.29018789144050106 0.9953125 0.2881002087682672 0.9953125 0.2797494780793319 0.9921875 0.2776617954070981 0.9921875 0.27348643006263046 0.9984375 0.267223382045929 0.9984375 0.22755741127348644 0.9953125 0.2254697286012526 0.9953125 0.20250521920668058 0.9984375 0.20041753653444677 0.9984375 0.13987473903966596 0.9578125 0.13987473903966596 0.9578125 0.1419624217118998 0.95625 0.14613778705636743 0.95 0.14613778705636743
1 0.065625 0.3778705636743215 0.059375 0.3778705636743215 0.0578125 0.38204592901878914 0.0515625 0.38204592901878914 0.0515625 0.3862212943632568 0.04375 0.3924843423799583 0.0421875 0.3987473903966597 0.0390625 0.3987473903966597 0.0359375 0.40292275574112735 0.0359375 0.4112734864300626 0.028125 0.4175365344467641 0.0265625 0.4279749478079332 0.0234375 0.4279749478079332 0.0234375 0.4363256784968685 0.0203125 0.4384133611691023 0.0203125 0.44676409185803756 0.0234375 0.4488517745302714 0.0234375 0.453027139874739 0.0296875 0.453027139874739 0.03125 0.44676409185803756 0.053125 0.44676409185803756 0.0546875 0.44258872651356995 0.071875 0.44258872651356995 0.0734375 0.44676409185803756 0.1 0.44676409185803756 0.1015625 0.453027139874739 0.115625 0.453027139874739 0.115625 0.4488517745302714 0.11875 0.44676409185803756 0.11875 0.4279749478079332 0.115625 0.42588726513569936 0.115625 0.4175365344467641 0.1109375 0.4154488517745303 0.1109375 0.4091858037578288 0.1078125 0.407098121085595 0.1078125 0.3987473903966597 0.1046875 0.3987473903966597 0.1 0.3883089770354906 0.0953125 0.3862212943632568 0.0953125 0.3674321503131524 0.0734375 0.3674321503131524 0.0734375 0.3695198329853862 0.0671875 0.37160751565762007 0.065625 0.3778705636743215
1 0.375 0.7578288100208769 0.3734375 0.7640918580375783 0.359375 0.7640918580375783 0.3578125 0.7682672233820459 0.3515625 0.7682672233820459 0.35 0.7745302713987474 0.34375 0.7745302713987474 0.3421875 0.778705636743215 0.3359375 0.778705636743215 0.334375 0.7849686847599165 0.3296875 0.7849686847599165 0.328125 0.7891440501043842 0.3171875 0.7891440501043842 0.315625 0.7954070981210856 0.30625 0.7954070981210856 0.3046875 0.7995824634655533 0.3015625 0.7995824634655533 0.3 0.8058455114822547 0.29375 0.8058455114822547 0.2890625 0.8162839248434238 0.2859375 0.8162839248434238 0.2828125 0.8204592901878914 0.2828125 0.8392484342379958 0.290625 0.8455114822546973 0.290625 0.8496868475991649 0.29375 0.8517745302713987 0.29375 0.860125260960334 0.296875 0.860125260960334 0.3015625 0.8663883089770354 0.3015625 0.8705636743215032 0.3078125 0.8705636743215032 0.309375 0.8747390396659708 0.315625 0.8747390396659708 0.3171875 0.8810020876826722 0.3203125 0.8810020876826722 0.321875 0.8851774530271399 0.328125 0.8851774530271399 0.3328125 0.8956158663883089 0.3390625 0.8956158663883089 0.340625 0.9018789144050104 0.35 0.9018789144050104 0.3515625 0.906054279749478 0.378125 0.906054279749478 0.3796875 0.9018789144050104 0.3890625 0.9018789144050104 0.390625 0.8956158663883089 0.396875 0.8956158663883089 0.3984375 0.8914405010438413 0.428125 0.8914405010438413 0.4296875 0.8956158663883089 0.44375 0.8956158663883089 0.4453125 0.8914405010438413 0.4515625 0.8914405010438413 0.453125 0.8851774530271399 0.459375 0.8851774530271399 0.4625 0.8810020876826722 0.4625 0.872651356993737 0.465625 0.8705636743215032 0.465625 0.8663883089770354 0.4703125 0.8643006263048016 0.4703125 0.8308977035490606 0.465625 0.8288100208768268 0.465625 0.8162839248434238 0.459375 0.8079331941544885 0.459375 0.7995824634655533 0.4546875 0.7974947807933194 0.4546875 0.7891440501043842 0.4515625 0.7870563674321504 0.4515625 0.778705636743215 0.446875 0.7766179540709812 0.446875 0.7682672233820459 0.44375 0.7640918580375783 0.4375 0.7640918580375783 0.4359375 0.7578288100208769 0.425 0.7578288100208769 0.4234375 0.7536534446764092 0.3875 0.7536534446764092 0.3875 0.755741127348643 0.3859375 0.7578288100208769 0.375 0.7578288100208769
1 0.453125 0.14613778705636743 0.4515625 0.15031315240083507 0.4453125 0.15031315240083507 0.4453125 0.1544885177453027 0.4375 0.16075156576200417 0.4359375 0.16701461377870563 0.4296875 0.16701461377870563 0.428125 0.17118997912317327 0.425 0.17118997912317327 0.4203125 0.18162839248434237 0.4171875 0.18162839248434237 0.4171875 0.18997912317327767 0.4140625 0.19206680584551147 0.4140625 0.2045929018789144 0.409375 0.20668058455114824 0.409375 0.267223382045929 0.40625 0.26931106471816285 0.40625 0.2818371607515658 0.409375 0.2839248434237996 0.409375 0.3089770354906054 0.4125 0.3089770354906054 0.4171875 0.31524008350730687 0.4171875 0.31941544885177453 0.4359375 0.31941544885177453 0.4375 0.31315240083507306 0.44375 0.31315240083507306 0.44375 0.3048016701461378 0.4484375 0.2985386221294363 0.4546875 0.2985386221294363 0.45625 0.29227557411273486 0.459375 0.29227557411273486 0.4625 0.2881002087682672 0.4640625 0.2818371607515658 0.4703125 0.2818371607515658 0.471875 0.2776617954070981 0.48125 0.2776617954070981 0.4828125 0.27139874739039666 0.4890625 0.27139874739039666 0.490625 0.267223382045929 0.496875 0.267223382045929 0.4984375 0.27139874739039666 0.503125 0.27348643006263046 0.503125 0.2776617954070981 0.5125 0.2776617954070981 0.5140625 0.27139874739039666 0.5171875 0.27139874739039666 0.5203125 0.267223382045929 0.5203125 0.24425887265135698 0.525 0.24217118997912318 0.5265625 0.2359081419624217 0.5328125 0.2359081419624217 0.534375 0.23173277661795408 0.54375 0.23173277661795408 0.54375 0.22755741127348644 0.546875 0.2254697286012526 0.546875 0.20250521920668058 0.5515625 0.20041753653444677 0.5515625 0.19206680584551147 0.546875 0.18997912317327767 0.546875 0.18162839248434237 0.54375 0.17954070981210857 0.54375 0.17536534446764093 0.5390625 0.1732776617954071 0.5390625 0.16701461377870563 0.5359375 0.1649269311064718 0.5359375 0.16075156576200417 0.5328125 0.15657620041753653 0.528125 0.1544885177453027 0.528125 0.15031315240083507 0.521875 0.15031315240083507 0.5203125 0.14613778705636743 0.5140625 0.14613778705636743 0.5125 0.13987473903966596 0.4640625 0.13987473903966596 0.4640625 0.1419624217118998 0.4625 0.14613778705636743 0.453125 0.14613778705636743
1 0.9421875 0 0.9421875 0.0020876826722338203 0.940625 0.006263048016701462 0.93125 0.006263048016701462 0.9265625 0.016701461377870562 0.9234375 0.016701461377870562 0.9203125 0.020876826722338204 0.9203125 0.025052192066805846 0.9234375 0.027139874739039668 0.9234375 0.03549060542797495 0.928125 0.037578288100208766 0.928125 0.04592901878914405 0.93125 0.04801670146137787 0.93125 0.060542797494780795 0.934375 0.06263048016701461 0.934375 0.0709812108559499 0.9375 0.0709812108559499 0.9390625 0.07724425887265135 0.9421875 0.07933194154488518 0.9421875 0.08559498956158663 0.9484375 0.08559498956158663 0.95 0.0918580375782881 0.95625 0.0918580375782881 0.9578125 0.09603340292275574 0.9640625 0.09603340292275574 0.965625 0.1022964509394572 0.9875 0.1022964509394572 0.9890625 0.09603340292275574 0.9953125 0.09603340292275574 0.9984375 0.0918580375782881 0.9984375 0.020876826722338204 0.9953125 0.018789144050104383 0.9953125 0.010438413361169102 0.9890625 0.010438413361169102 0.9875 0.006263048016701462 0.98125 0.006263048016701462 0.9796875 0 0.9421875 0
1 0.8234375 0 0.8234375 0.0020876826722338203 0.8234375 0.008350730688935281 0.81875 0.010438413361169102 0.81875 0.029227557411273485 0.815625 0.031315240083507306 0.815625 0.060542797494780795 0.81875 0.06263048016701461 0.81875 0.06680584551148225 0.8234375 0.06889352818371608 0.8234375 0.07724425887265135 0.8296875 0.07724425887265135 0.8296875 0.07306889352818371 0.834375 0.06680584551148225 0.8375 0.06680584551148225 0.8390625 0.060542797494780795 0.8453125 0.060542797494780795 0.85 0.05010438413361169 0.853125 0.05010438413361169 0.8546875 0.04592901878914405 0.8609375 0.04592901878914405 0.8625 0.03966597077244259 0.8671875 0.03966597077244259 0.86875 0.03549060542797495 0.8796875 0.03549060542797495 0.88125 0.029227557411273485 0.890625 0.029227557411273485 0.8921875 0.025052192066805846 0.8984375 0.025052192066805846 0.9 0.018789144050104383 0.90625 0.018789144050104383 0.90625 0 0.8234375 0
1 0.2015625 0 0.2015625 0.0020876826722338203 0.1984375 0.006263048016701462 0.1984375 0.014613778705636743 0.19375 0.016701461377870562 0.19375 0.025052192066805846 0.190625 0.027139874739039668 0.190625 0.03549060542797495 0.1859375 0.037578288100208766 0.1859375 0.05636743215031315 0.190625 0.05845511482254697 0.190625 0.06680584551148225 0.19375 0.0709812108559499 0.1984375 0.07306889352818371 0.1984375 0.08559498956158663 0.2015625 0.08768267223382047 0.2015625 0.0918580375782881 0.2109375 0.0918580375782881 0.2125 0.08559498956158663 0.215625 0.08559498956158663 0.2203125 0.07724425887265135 0.2234375 0.07724425887265135 0.2234375 0.06889352818371608 0.2265625 0.06680584551148225 0.2265625 0.06263048016701461 0.23125 0.060542797494780795 0.2328125 0.05636743215031315 0.2390625 0.05636743215031315 0.240625 0.05010438413361169 0.246875 0.05010438413361169 0.2484375 0.04592901878914405 0.265625 0.04592901878914405 0.265625 0.016701461377870562 0.2625 0.014613778705636743 0.2625 0 0.2015625 0
1 0.753125 0.5970772442588727 0.75 0.5991649269311065 0.75 0.6116910229645094 0.7453125 0.6137787056367432 0.7453125 0.6388308977035491 0.75 0.6409185803757829 0.75 0.6597077244258872 0.753125 0.6617954070981211 0.753125 0.7098121085594989 0.75 0.7118997912317327 0.75 0.7265135699373695 0.7453125 0.7286012526096033 0.7453125 0.755741127348643 0.7421875 0.7578288100208769 0.7421875 0.7661795407098121 0.7453125 0.7682672233820459 0.7453125 0.7870563674321504 0.75 0.7891440501043842 0.75 0.7933194154488518 0.753125 0.7974947807933194 0.7640625 0.7974947807933194 0.765625 0.8037578288100209 0.7796875 0.8037578288100209 0.78125 0.7974947807933194 0.7953125 0.7974947807933194 0.796875 0.7933194154488518 0.871875 0.7933194154488518 0.8734375 0.7974947807933194 0.8796875 0.7974947807933194 0.88125 0.7933194154488518 0.8875 0.7933194154488518 0.8875 0.7849686847599165 0.890625 0.7828810020876826 0.8921875 0.7766179540709812 0.8953125 0.7766179540709812 0.8953125 0.732776617954071 0.890625 0.7306889352818372 0.890625 0.7077244258872651 0.8875 0.7056367432150313 0.8875 0.6910229645093946 0.88125 0.6910229645093946 0.8796875 0.6868475991649269 0.875 0.6847599164926931 0.875 0.6805845511482255 0.871875 0.6784968684759917 0.871875 0.6701461377870563 0.86875 0.6701461377870563 0.8671875 0.6659707724425887 0.8625 0.6659707724425887 0.8609375 0.6617954070981211 0.8578125 0.6617954070981211 0.853125 0.651356993736952 0.8234375 0.651356993736952 0.821875 0.6450939457202505 0.81875 0.6450939457202505 0.8140625 0.6388308977035491 0.8140625 0.6242171189979123 0.809375 0.6221294363256785 0.809375 0.6096033402922756 0.8015625 0.5991649269311065 0.7921875 0.5991649269311065 0.790625 0.592901878914405 0.78125 0.592901878914405 0.7796875 0.5887265135699373 0.7609375 0.5887265135699373 0.7609375 0.5908141962421712 0.753125 0.592901878914405 0.753125 0.5970772442588727
1 0.640625 0.44467640918580376 0.634375 0.44467640918580376 0.6328125 0.4488517745302714 0.6265625 0.4488517745302714 0.6265625 0.4572025052192067 0.621875 0.4592901878914405 0.621875 0.46346555323590816 0.6171875 0.4697286012526096 0.6109375 0.4697286012526096 0.6109375 0.47390396659707723 0.603125 0.4801670146137787 0.6015625 0.48643006263048016 0.5953125 0.48643006263048016 0.590625 0.4968684759916493 0.584375 0.4968684759916493 0.5828125 0.5010438413361169 0.5796875 0.5010438413361169 0.5765625 0.5052192066805845 0.575 0.511482254697286 0.571875 0.511482254697286 0.56875 0.5156576200417536 0.56875 0.5553235908141962 0.571875 0.55741127348643 0.571875 0.5657620041753654 0.5765625 0.5678496868475992 0.5765625 0.5762004175365344 0.5828125 0.5762004175365344 0.584375 0.5824634655532359 0.59375 0.5824634655532359 0.5953125 0.5866388308977035 0.6359375 0.5866388308977035 0.6375 0.5824634655532359 0.640625 0.5824634655532359 0.640625 0.5741127348643006 0.64375 0.5720250521920668 0.64375 0.5678496868475992 0.6484375 0.5657620041753654 0.653125 0.5553235908141962 0.65625 0.5553235908141962 0.659375 0.5511482254697286 0.6609375 0.5448851774530271 0.6640625 0.5448851774530271 0.6671875 0.5407098121085595 0.66875 0.534446764091858 0.675 0.534446764091858 0.6796875 0.524008350730689 0.6859375 0.524008350730689 0.6859375 0.5156576200417536 0.690625 0.5135699373695198 0.690625 0.4759916492693111 0.69375 0.47390396659707723 0.69375 0.4488517745302714 0.690625 0.44676409185803756 0.690625 0.4384133611691023 0.6796875 0.4384133611691023 0.678125 0.4342379958246347 0.65 0.4342379958246347 0.65 0.4363256784968685 0.6421875 0.4384133611691023 0.640625 0.44467640918580376
1 0.965625 0.7849686847599165 0.9640625 0.7891440501043842 0.9578125 0.7891440501043842 0.9578125 0.7933194154488518 0.953125 0.7995824634655533 0.946875 0.7995824634655533 0.946875 0.8037578288100209 0.9421875 0.8058455114822547 0.940625 0.8100208768267223 0.934375 0.8100208768267223 0.934375 0.81419624217119 0.9296875 0.8204592901878914 0.9234375 0.8204592901878914 0.9234375 0.824634655532359 0.91875 0.8308977035490606 0.9125 0.8308977035490606 0.9109375 0.8350730688935282 0.9078125 0.8350730688935282 0.9078125 0.8392484342379958 0.903125 0.8455114822546973 0.9 0.8455114822546973 0.9 0.8496868475991649 0.8953125 0.8559498956158664 0.8890625 0.8559498956158664 0.8890625 0.8643006263048016 0.884375 0.8663883089770354 0.884375 0.8810020876826722 0.88125 0.8830897703549061 0.88125 0.8914405010438413 0.8765625 0.8935281837160751 0.8765625 0.9206680584551148 0.8734375 0.9227557411273486 0.8734375 0.9269311064718163 0.88125 0.9331941544885177 0.88125 0.9373695198329853 0.8875 0.9373695198329853 0.8890625 0.941544885177453 0.8953125 0.941544885177453 0.896875 0.9478079331941545 0.903125 0.9478079331941545 0.9046875 0.9519832985386222 0.9109375 0.9519832985386222 0.9125 0.9582463465553236 0.91875 0.9582463465553236 0.9234375 0.964509394572025 0.9234375 0.9686847599164927 0.928125 0.9707724425887265 0.928125 0.9791231732776617 0.9375 0.9791231732776617 0.9390625 0.9728601252609603 0.9453125 0.9728601252609603 0.9453125 0.964509394572025 0.95 0.9582463465553236 0.953125 0.9582463465553236 0.953125 0.9498956158663883 0.95625 0.9478079331941545 0.9578125 0.941544885177453 0.9609375 0.941544885177453 0.9609375 0.9331941544885177 0.9640625 0.9311064718162839 0.9640625 0.9227557411273486 0.96875 0.9206680584551148 0.9734375 0.9123173277661796 0.9765625 0.9123173277661796 0.9765625 0.9039665970772442 0.9796875 0.9018789144050104 0.9796875 0.8935281837160751 0.984375 0.8914405010438413 0.984375 0.8872651356993737 0.9875 0.8851774530271399 0.9875 0.8768267223382046 0.9953125 0.8705636743215032 0.9953125 0.8559498956158664 0.9984375 0.8538622129436325 0.9984375 0.778705636743215 0.978125 0.778705636743215 0.978125 0.7807933194154488 0.9765625 0.7849686847599165 0.965625 0.7849686847599165
1 0.2234375 0.15657620041753653 0.2171875 0.15657620041753653 0.215625 0.16075156576200417 0.2125 0.16075156576200417 0.2109375 0.16701461377870563 0.2046875 0.16701461377870563 0.2046875 0.1732776617954071 0.1984375 0.17536534446764093 0.1984375 0.1837160751565762 0.19375 0.18580375782881003 0.1921875 0.19206680584551147 0.1859375 0.19206680584551147 0.1859375 0.2045929018789144 0.1828125 0.20668058455114824 0.1828125 0.2150313152400835 0.178125 0.21711899791231734 0.178125 0.2254697286012526 0.1828125 0.22755741127348644 0.1828125 0.23173277661795408 0.184375 0.23173277661795408 0.1859375 0.2254697286012526 0.196875 0.2254697286012526 0.2015625 0.2150313152400835 0.2109375 0.2150313152400835 0.2125 0.21085594989561587 0.21875 0.21085594989561587 0.2203125 0.2045929018789144 0.2390625 0.2045929018789144 0.240625 0.20041753653444677 0.2765625 0.20041753653444677 0.278125 0.2045929018789144 0.3 0.2045929018789144 0.3015625 0.21085594989561587 0.3078125 0.21085594989561587 0.309375 0.2045929018789144 0.3125 0.2045929018789144 0.3125 0.19624217118997914 0.3078125 0.1941544885177453 0.3078125 0.18580375782881003 0.3 0.17954070981210857 0.3 0.17536534446764093 0.29375 0.17536534446764093 0.2890625 0.16701461377870563 0.2859375 0.16701461377870563 0.28125 0.15657620041753653 0.2765625 0.1544885177453027 0.2765625 0.15031315240083507 0.2703125 0.15031315240083507 0.26875 0.14613778705636743 0.228125 0.14613778705636743 0.228125 0.14822546972860126 0.225 0.15031315240083507 0.2234375 0.15657620041753653
1 0.665625 0.2045929018789144 0.6609375 0.20668058455114824 0.6609375 0.21085594989561587 0.65625 0.21711899791231734 0.653125 0.21711899791231734 0.653125 0.22129436325678498 0.6484375 0.22755741127348644 0.6453125 0.22755741127348644 0.6453125 0.24217118997912318 0.6484375 0.24217118997912318 0.653125 0.24843423799582465 0.653125 0.2567849686847599 0.6578125 0.2588726513569937 0.6578125 0.267223382045929 0.6609375 0.26931106471816285 0.6609375 0.29227557411273486 0.675 0.29227557411273486 0.6765625 0.2881002087682672 0.690625 0.2881002087682672 0.6921875 0.2818371607515658 0.70625 0.2818371607515658 0.7078125 0.2776617954070981 0.7140625 0.2776617954070981 0.715625 0.27139874739039666 0.7328125 0.27139874739039666 0.734375 0.267223382045929 0.7484375 0.267223382045929 0.7484375 0.2588726513569937 0.7515625 0.2567849686847599 0.7515625 0.24425887265135698 0.75625 0.24217118997912318 0.75625 0.23799582463465555 0.7609375 0.23173277661795408 0.7640625 0.23173277661795408 0.7640625 0.22755741127348644 0.7671875 0.2254697286012526 0.7671875 0.21711899791231734 0.759375 0.21085594989561587 0.759375 0.20668058455114824 0.75625 0.20250521920668058 0.7515625 0.20041753653444677 0.7515625 0.19624217118997914 0.7453125 0.19624217118997914 0.74375 0.19206680584551147 0.73125 0.19206680584551147 0.7296875 0.18580375782881003 0.7078125 0.18580375782881003 0.70625 0.18162839248434237 0.6921875 0.18162839248434237 0.690625 0.17536534446764093 0.671875 0.17536534446764093 0.671875 0.17745302713987474 0.665625 0.18580375782881003 0.665625 0.2045929018789144
1 0 0.4572025052192067 0.00625 0.4572025052192067 0.0078125 0.453027139874739 0.0109375 0.453027139874739 0.0109375 0.4488517745302714 0.015625 0.44258872651356995 0.01875 0.44258872651356995 0.01875 0.4342379958246347 0.021875 0.4321503131524008 0.0234375 0.42588726513569936 0.0265625 0.42588726513569936 0.0265625 0.4175365344467641 0.03125 0.4112734864300626 0.034375 0.4112734864300626 0.034375 0.40292275574112735 0.0390625 0.3966597077244259 0.0421875 0.3966597077244259 0.0421875 0.3674321503131524 0.0375 0.3653444676409186 0.0375 0.31524008350730687 0.034375 0.31315240083507306 0.034375 0.3048016701461378 0.03125 0.3048016701461378 0.0265625 0.2985386221294363 0.0265625 0.29436325678496866 0.0234375 0.29436325678496866 0.01875 0.2881002087682672 0.01875 0.2839248434237996 0.0125 0.2839248434237996 0.0109375 0.2797494780793319 0 0.2797494780793319 0 0.2818371607515658 0 0.4572025052192067
1 0.259375 0.2588726513569937 0.2546875 0.26931106471816285 0.2515625 0.26931106471816285 0.2515625 0.2776617954070981 0.2484375 0.2797494780793319 0.2484375 0.29227557411273486 0.2515625 0.29436325678496866 0.2515625 0.3298538622129436 0.2484375 0.33194154488517746 0.246875 0.34029227557411273 0.24375 0.34029227557411273 0.24375 0.348643006263048 0.246875 0.348643006263048 0.2484375 0.35490605427974947 0.25625 0.36116910229645094 0.25625 0.3653444676409186 0.259375 0.3695198329853862 0.2640625 0.37160751565762007 0.2640625 0.3757828810020877 0.2671875 0.3778705636743215 0.2671875 0.3862212943632568 0.275 0.3924843423799583 0.275 0.3966597077244259 0.278125 0.40083507306889354 0.2859375 0.40292275574112735 0.2859375 0.4112734864300626 0.2890625 0.4112734864300626 0.29375 0.4175365344467641 0.29375 0.42171189979123175 0.296875 0.42171189979123175 0.3015625 0.4279749478079332 0.3015625 0.4321503131524008 0.3046875 0.4321503131524008 0.30625 0.4363256784968685 0.3125 0.4363256784968685 0.3140625 0.44258872651356995 0.3203125 0.44258872651356995 0.321875 0.4363256784968685 0.328125 0.4363256784968685 0.3296875 0.4321503131524008 0.334375 0.4321503131524008 0.3359375 0.42588726513569936 0.3421875 0.42588726513569936 0.34375 0.42171189979123175 0.35 0.42171189979123175 0.3515625 0.4154488517745303 0.3578125 0.4154488517745303 0.3640625 0.407098121085595 0.3703125 0.407098121085595 0.3703125 0.40292275574112735 0.375 0.3966597077244259 0.38125 0.3966597077244259 0.3828125 0.3903966597077244 0.3890625 0.3903966597077244 0.390625 0.3862212943632568 0.4 0.3862212943632568 0.4 0.38204592901878914 0.4078125 0.3757828810020877 0.409375 0.3695198329853862 0.4125 0.3695198329853862 0.4125 0.33194154488517746 0.4078125 0.3298538622129436 0.4078125 0.31524008350730687 0.4046875 0.31315240083507306 0.4046875 0.29018789144050106 0.4 0.2881002087682672 0.4 0.2839248434237996 0.396875 0.2797494780793319 0.3875 0.2797494780793319 0.3859375 0.27348643006263046 0.3796875 0.27348643006263046 0.378125 0.26931106471816285 0.325 0.26931106471816285 0.3234375 0.2630480167014614 0.309375 0.2630480167014614 0.3078125 0.2588726513569937 0.3015625 0.2588726513569937 0.3 0.25260960334029225 0.2671875 0.25260960334029225 0.2671875 0.2546972860125261 0.265625 0.2588726513569937 0.259375 0.2588726513569937
1 0.0859375 0.7286012526096033 0.084375 0.732776617954071 0.0703125 0.732776617954071 0.06875 0.7390396659707724 0.0625 0.7390396659707724 0.0609375 0.7432150313152401 0.0546875 0.7432150313152401 0.053125 0.7536534446764092 0.046875 0.7536534446764092 0.0421875 0.7640918580375783 0.0390625 0.7640918580375783 0.0359375 0.7682672233820459 0.034375 0.7745302713987474 0.03125 0.7745302713987474 0.03125 0.7974947807933194 0.0359375 0.7995824634655533 0.0359375 0.8037578288100209 0.0421875 0.8037578288100209 0.04375 0.7974947807933194 0.0796875 0.7974947807933194 0.08125 0.8037578288100209 0.1 0.8037578288100209 0.1015625 0.8079331941544885 0.1078125 0.8079331941544885 0.1125 0.8183716075156576 0.11875 0.8183716075156576 0.1203125 0.824634655532359 0.1234375 0.824634655532359 0.1234375 0.8204592901878914 0.128125 0.81419624217119 0.13125 0.81419624217119 0.13125 0.8058455114822547 0.134375 0.8037578288100209 0.134375 0.7995824634655533 0.1390625 0.7933194154488518 0.1421875 0.7933194154488518 0.1421875 0.7849686847599165 0.1453125 0.7828810020876826 0.1453125 0.7494780793319415 0.1421875 0.7473903966597077 0.1421875 0.7390396659707724 0.1375 0.7369519832985386 0.1375 0.732776617954071 0.134375 0.7286012526096033 0.128125 0.7286012526096033 0.1265625 0.7223382045929019 0.1015625 0.7223382045929019 0.1015625 0.7244258872651357 0.1 0.7286012526096033 0.0859375 0.7286012526096033
1 0.0046875 0.2588726513569937 0.0046875 0.27139874739039666 0.0078125 0.27348643006263046 0.0078125 0.2776617954070981 0.0109375 0.2776617954070981 0.0125 0.2818371607515658 0.01875 0.2818371607515658 0.0234375 0.29227557411273486 0.03125 0.29436325678496866 0.03125 0.2985386221294363 0.0375 0.2985386221294363 0.0390625 0.302713987473904 0.0453125 0.302713987473904 0.046875 0.3089770354906054 0.05 0.3089770354906054 0.0515625 0.31315240083507306 0.06875 0.31315240083507306 0.0703125 0.31941544885177453 0.0921875 0.31941544885177453 0.0921875 0.31524008350730687 0.0953125 0.31315240083507306 0.096875 0.31941544885177453 0.103125 0.31941544885177453 0.103125 0.31106471816283926 0.1078125 0.3089770354906054 0.109375 0.302713987473904 0.115625 0.302713987473904 0.11875 0.2985386221294363 0.1203125 0.302713987473904 0.1234375 0.302713987473904 0.1265625 0.2985386221294363 0.1265625 0.29436325678496866 0.13125 0.29227557411273486 0.1328125 0.2881002087682672 0.1390625 0.29436325678496866 0.1390625 0.2985386221294363 0.1453125 0.2985386221294363 0.146875 0.302713987473904 0.15 0.302713987473904 0.1515625 0.2985386221294363 0.1609375 0.2985386221294363 0.1609375 0.2797494780793319 0.1453125 0.2588726513569937 0.1390625 0.2588726513569937 0.1375 0.25260960334029225 0.125 0.25260960334029225 0.1234375 0.24843423799582465 0.096875 0.24843423799582465 0.09375 0.25260960334029225 0.0921875 0.24843423799582465 0.059375 0.24843423799582465 0.0578125 0.24425887265135698 0.0203125 0.24425887265135698 0.0203125 0.24634655532359082 0.0125 0.24843423799582465 0.0046875 0.2588726513569937
1 0.5140625 0.04801670146137787 0.5125 0.05219206680584551 0.50625 0.05219206680584551 0.50625 0.05636743215031315 0.5015625 0.06263048016701461 0.4984375 0.06263048016701461 0.4984375 0.0709812108559499 0.4953125 0.07306889352818371 0.4953125 0.07724425887265135 0.490625 0.07933194154488518 0.4859375 0.08768267223382047 0.4828125 0.08768267223382047 0.4828125 0.1022964509394572 0.48125 0.10438413361169102 0.478125 0.1022964509394572 0.478125 0.09812108559498957 0.4671875 0.09812108559498957 0.465625 0.09394572025052192 0.4609375 0.09394572025052192 0.4609375 0.1022964509394572 0.45625 0.10438413361169102 0.4515625 0.11482254697286012 0.4484375 0.11482254697286012 0.4453125 0.11899791231732777 0.4453125 0.13778705636743216 0.4515625 0.13778705636743216 0.4546875 0.1336116910229645 0.45625 0.13778705636743216 0.4625 0.13778705636743216 0.4671875 0.12734864300626306 0.4703125 0.12734864300626306 0.471875 0.1336116910229645 0.5015625 0.1336116910229645 0.503125 0.13778705636743216 0.5171875 0.13778705636743216 0.51875 0.1440501043841336 0.525 0.1440501043841336 0.5296875 0.15031315240083507 0.5296875 0.1544885177453027 0.5359375 0.1544885177453027 0.540625 0.16075156576200417 0.540625 0.16910229645093947 0.54375 0.16910229645093947 0.5484375 0.17536534446764093 0.5484375 0.17954070981210857 0.553125 0.18162839248434237 0.553125 0.18997912317327767 0.5625 0.18997912317327767 0.5640625 0.1941544885177453 0.5671875 0.1941544885177453 0.5671875 0.18580375782881003 0.5703125 0.1837160751565762 0.5703125 0.14613778705636743 0.5671875 0.1440501043841336 0.5671875 0.12943632567849686 0.5625 0.12734864300626306 0.5625 0.10438413361169102 0.559375 0.1022964509394572 0.559375 0.08350730688935282 0.5546875 0.081419624217119 0.5546875 0.07306889352818371 0.5515625 0.0709812108559499 0.5515625 0.06263048016701461 0.5484375 0.06263048016701461 0.54375 0.05636743215031315 0.54375 0.05219206680584551 0.540625 0.05219206680584551 0.5390625 0.04801670146137787 0.534375 0.04801670146137787 0.5328125 0.04175365344467641 0.5265625 0.04175365344467641 0.5265625 0.04384133611691023 0.525 0.04801670146137787 0.5140625 0.04801670146137787
1 0.6765625 0.5323590814196242 0.675 0.5365344467640919 0.671875 0.5365344467640919 0.6703125 0.5427974947807933 0.665625 0.5427974947807933 0.6640625 0.5469728601252609 0.6609375 0.5469728601252609 0.6609375 0.5511482254697286 0.65625 0.55741127348643 0.653125 0.55741127348643 0.653125 0.5615866388308977 0.6484375 0.5678496868475992 0.6453125 0.5678496868475992 0.6453125 0.5762004175365344 0.6421875 0.5782881002087683 0.6421875 0.5908141962421712 0.6375 0.592901878914405 0.6375 0.6221294363256785 0.6421875 0.6242171189979123 0.6421875 0.6283924843423799 0.6484375 0.6283924843423799 0.65 0.6221294363256785 0.659375 0.6221294363256785 0.6609375 0.6179540709812108 0.6984375 0.6179540709812108 0.7 0.6221294363256785 0.7140625 0.6221294363256785 0.71875 0.6325678496868476 0.725 0.6325678496868476 0.7265625 0.6388308977035491 0.7296875 0.6388308977035491 0.734375 0.6450939457202505 0.734375 0.6492693110647182 0.740625 0.6492693110647182 0.740625 0.6409185803757829 0.74375 0.6388308977035491 0.74375 0.6033402922755741 0.7484375 0.6012526096033403 0.7515625 0.5970772442588727 0.7515625 0.592901878914405 0.75625 0.5908141962421712 0.7609375 0.5824634655532359 0.7640625 0.5824634655532359 0.7640625 0.5741127348643006 0.759375 0.5720250521920668 0.759375 0.5636743215031316 0.75625 0.5615866388308977 0.75625 0.5532359081419624 0.753125 0.5532359081419624 0.7484375 0.5427974947807933 0.74375 0.5407098121085595 0.74375 0.5365344467640919 0.740625 0.5323590814196242 0.734375 0.5323590814196242 0.7328125 0.5260960334029228 0.684375 0.5260960334029228 0.684375 0.5281837160751566 0.6828125 0.5323590814196242 0.6765625 0.5323590814196242
1 0.3640625 0.4175365344467641 0.3625 0.42379958246346555 0.3515625 0.42379958246346555 0.35 0.4279749478079332 0.34375 0.4279749478079332 0.34375 0.44258872651356995 0.3421875 0.44467640918580376 0.3390625 0.44258872651356995 0.3390625 0.4342379958246347 0.3359375 0.4342379958246347 0.334375 0.4384133611691023 0.3296875 0.4384133611691023 0.3296875 0.453027139874739 0.328125 0.4551148225469729 0.325 0.4551148225469729 0.3234375 0.4488517745302714 0.321875 0.4488517745302714 0.3203125 0.4592901878914405 0.3140625 0.4592901878914405 0.3125 0.46555323590814196 0.309375 0.46555323590814196 0.309375 0.47390396659707723 0.30625 0.4759916492693111 0.30625 0.5093945720250522 0.3015625 0.511482254697286 0.3015625 0.534446764091858 0.2984375 0.5365344467640919 0.2984375 0.5448851774530271 0.29375 0.5469728601252609 0.29375 0.5657620041753654 0.290625 0.5678496868475992 0.290625 0.6075156576200418 0.2859375 0.6096033402922756 0.2859375 0.6597077244258872 0.2890625 0.6597077244258872 0.29375 0.6680584551148225 0.3 0.6680584551148225 0.3015625 0.6743215031315241 0.35 0.6743215031315241 0.3515625 0.6680584551148225 0.3625 0.6680584551148225 0.3640625 0.6638830897703549 0.3703125 0.6638830897703549 0.375 0.6534446764091858 0.378125 0.6534446764091858 0.38125 0.6492693110647182 0.3828125 0.6430062630480167 0.3859375 0.6430062630480167 0.3875 0.6388308977035491 0.39375 0.6388308977035491 0.3953125 0.6325678496868476 0.4 0.6325678496868476 0.4015625 0.6283924843423799 0.415625 0.6283924843423799 0.4171875 0.6221294363256785 0.4234375 0.6221294363256785 0.425 0.6179540709812108 0.428125 0.6179540709812108 0.428125 0.6033402922755741 0.43125 0.6012526096033403 0.43125 0.5741127348643006 0.428125 0.5720250521920668 0.428125 0.5678496868475992 0.4234375 0.5657620041753654 0.4234375 0.55741127348643 0.415625 0.5511482254697286 0.415625 0.5469728601252609 0.409375 0.5469728601252609 0.4046875 0.5407098121085595 0.4046875 0.5323590814196242 0.4 0.5302713987473904 0.4 0.5219206680584552 0.396875 0.5198329853862212 0.396875 0.5052192066805845 0.39375 0.5031315240083507 0.396875 0.4968684759916493 0.39375 0.49478079331941544 0.39375 0.4697286012526096 0.396875 0.46764091858037576 0.396875 0.4551148225469729 0.4 0.453027139874739 0.4 0.4384133611691023 0.396875 0.4363256784968685 0.396875 0.4279749478079332 0.39375 0.42588726513569936 0.39375 0.4175365344467641 0.390625 0.4175365344467641 0.3890625 0.4133611691022965 0.375 0.4133611691022965 0.375 0.4154488517745303 0.3734375 0.4175365344467641 0.3640625 0.4175365344467641
1 0 0.7828810020876826 0.021875 0.7828810020876826 0.0234375 0.7766179540709812 0.0296875 0.7766179540709812 0.03125 0.7724425887265136 0.034375 0.7724425887265136 0.034375 0.7682672233820459 0.0390625 0.7620041753653445 0.0453125 0.7620041753653445 0.0453125 0.7578288100208769 0.05 0.755741127348643 0.0546875 0.7473903966597077 0.0578125 0.7473903966597077 0.059375 0.7411273486430062 0.065625 0.7411273486430062 0.0671875 0.7369519832985386 0.0765625 0.7369519832985386 0.078125 0.7306889352818372 0.084375 0.7306889352818372 0.084375 0.7181628392484343 0.08125 0.7181628392484343 0.0765625 0.7077244258872651 0.071875 0.7056367432150313 0.071875 0.7014613778705637 0.06875 0.697286012526096 0.0625 0.697286012526096 0.0609375 0.6910229645093946 0.0390625 0.6910229645093946 0.0390625 0.6931106471816284 0.0375 0.697286012526096 0.0234375 0.697286012526096 0.021875 0.7014613778705637 0.0125 0.7014613778705637 0.0109375 0.7077244258872651 0 0.7077244258872651 0 0.7828810020876826
1 0.775 0.8517745302713987 0.76875 0.8517745302713987 0.7671875 0.8559498956158664 0.7609375 0.8559498956158664 0.759375 0.8622129436325678 0.753125 0.8622129436325678 0.7515625 0.8663883089770354 0.7375 0.8663883089770354 0.7359375 0.872651356993737 0.73125 0.872651356993737 0.7296875 0.8768267223382046 0.7234375 0.8768267223382046 0.721875 0.8830897703549061 0.715625 0.8830897703549061 0.7140625 0.8872651356993737 0.7109375 0.8872651356993737 0.7109375 0.8956158663883089 0.7078125 0.8977035490605428 0.7078125 0.9018789144050104 0.703125 0.9039665970772442 0.7 0.9081419624217119 0.7 0.9123173277661796 0.6953125 0.9144050104384134 0.690625 0.9227557411273486 0.6875 0.9227557411273486 0.6875 0.9269311064718163 0.6828125 0.9331941544885177 0.6796875 0.9331941544885177 0.6796875 0.941544885177453 0.6765625 0.9436325678496869 0.6765625 0.9519832985386222 0.671875 0.954070981210856 0.671875 0.9686847599164927 0.7015625 0.9686847599164927 0.703125 0.9624217118997912 0.70625 0.9624217118997912 0.7078125 0.9686847599164927 0.7296875 0.9686847599164927 0.73125 0.9728601252609603 0.740625 0.9728601252609603 0.7453125 0.9624217118997912 0.7515625 0.9624217118997912 0.753125 0.9582463465553236 0.7640625 0.9582463465553236 0.765625 0.9519832985386222 0.775 0.9519832985386222 0.7765625 0.9478079331941545 0.7828125 0.9478079331941545 0.784375 0.941544885177453 0.790625 0.941544885177453 0.7921875 0.9373695198329853 0.7953125 0.9373695198329853 0.796875 0.9311064718162839 0.8015625 0.9311064718162839 0.803125 0.9269311064718163 0.80625 0.9269311064718163 0.80625 0.9144050104384134 0.809375 0.9123173277661796 0.809375 0.8977035490605428 0.8140625 0.8956158663883089 0.8140625 0.8622129436325678 0.809375 0.860125260960334 0.809375 0.8517745302713987 0.8015625 0.8413361169102297 0.78125 0.8413361169102297 0.78125 0.8434237995824635 0.7765625 0.8455114822546973 0.775 0.8517745302713987
1 0.2359375 0.05636743215031315 0.23125 0.06263048016701461 0.228125 0.06263048016701461 0.228125 0.06680584551148225 0.2234375 0.07306889352818371 0.2203125 0.07306889352818371 0.215625 0.08768267223382047 0.209375 0.08768267223382047 0.2078125 0.09394572025052192 0.2015625 0.09394572025052192 0.196875 0.10438413361169102 0.19375 0.10438413361169102 0.190625 0.10855949895615867 0.1890625 0.11482254697286012 0.1859375 0.11482254697286012 0.1828125 0.11899791231732777 0.1828125 0.1336116910229645 0.178125 0.13569937369519833 0.178125 0.14822546972860126 0.175 0.15031315240083507 0.175 0.16910229645093947 0.178125 0.17118997912317327 0.178125 0.1837160751565762 0.1828125 0.18580375782881003 0.1828125 0.18997912317327767 0.1921875 0.18997912317327767 0.1921875 0.18580375782881003 0.196875 0.1837160751565762 0.2046875 0.16910229645093947 0.2078125 0.16910229645093947 0.2109375 0.1649269311064718 0.2125 0.15866388308977036 0.21875 0.15866388308977036 0.2203125 0.1544885177453027 0.2234375 0.1544885177453027 0.225 0.14822546972860126 0.23125 0.14822546972860126 0.2328125 0.1440501043841336 0.265625 0.1440501043841336 0.265625 0.13987473903966596 0.2703125 0.1336116910229645 0.2734375 0.1336116910229645 0.2734375 0.11899791231732777 0.2765625 0.11691022964509394 0.2765625 0.07306889352818371 0.2734375 0.0709812108559499 0.2734375 0.06263048016701461 0.26875 0.060542797494780795 0.26875 0.05219206680584551 0.265625 0.04801670146137787 0.24375 0.04801670146137787 0.24375 0.05010438413361169 0.2359375 0.05219206680584551 0.2359375 0.05636743215031315
1 0.965625 0.6137787056367432 0.9640625 0.6200417536534447 0.9546875 0.6200417536534447 0.953125 0.6242171189979123 0.9390625 0.6242171189979123 0.9375 0.6304801670146137 0.93125 0.6304801670146137 0.9296875 0.6346555323590815 0.9234375 0.6346555323590815 0.9234375 0.6388308977035491 0.91875 0.6450939457202505 0.915625 0.6450939457202505 0.9140625 0.651356993736952 0.9078125 0.651356993736952 0.903125 0.6617954070981211 0.9 0.6617954070981211 0.896875 0.6659707724425887 0.896875 0.6784968684759917 0.8921875 0.6805845511482255 0.8921875 0.7098121085594989 0.896875 0.7118997912317327 0.896875 0.7306889352818372 0.9 0.732776617954071 0.9 0.7473903966597077 0.9046875 0.7494780793319415 0.9046875 0.755741127348643 0.9078125 0.7578288100208769 0.9078125 0.7620041753653445 0.9109375 0.7620041753653445 0.915625 0.7682672233820459 0.915625 0.7724425887265136 0.921875 0.7724425887265136 0.9234375 0.7766179540709812 0.9296875 0.7766179540709812 0.934375 0.7661795407098121 0.9375 0.7661795407098121 0.940625 0.7620041753653445 0.940625 0.7536534446764092 0.9453125 0.7515657620041754 0.9453125 0.7432150313152401 0.9484375 0.7411273486430062 0.9484375 0.732776617954071 0.953125 0.7306889352818372 0.9578125 0.7202505219206681 0.9609375 0.7202505219206681 0.9640625 0.7160751565762005 0.965625 0.7098121085594989 0.96875 0.7098121085594989 0.971875 0.7056367432150313 0.9734375 0.6993736951983298 0.9765625 0.6993736951983298 0.9765625 0.6910229645093946 0.98125 0.6847599164926931 0.984375 0.6847599164926931 0.984375 0.6764091858037579 0.9921875 0.6743215031315241 0.9921875 0.6701461377870563 0.9953125 0.6680584551148225 0.9953125 0.6555323590814196 0.9984375 0.6534446764091858 0.9984375 0.6096033402922756 0.9890625 0.6096033402922756 0.9890625 0.6116910229645094 0.9875 0.6137787056367432 0.965625 0.6137787056367432
1 0.2421875 0.9603340292275574 0.2328125 0.9603340292275574 0.23125 0.964509394572025 0.225 0.964509394572025 0.225 0.9686847599164927 0.2171875 0.9749478079331941 0.215625 0.9812108559498957 0.2125 0.9812108559498957 0.2125 0.9895615866388309 0.209375 0.9916492693110647 0.209375 0.9979123173277662 0.315625 0.9979123173277662 0.315625 0.9853862212943633 0.3078125 0.9791231732776617 0.3078125 0.9707724425887265 0.3046875 0.9686847599164927 0.3046875 0.964509394572025 0.3015625 0.964509394572025 0.3 0.9603340292275574 0.29375 0.9603340292275574 0.2890625 0.9498956158663883 0.2515625 0.9498956158663883 0.2515625 0.9519832985386222 0.24375 0.954070981210856 0.2421875 0.9603340292275574
1 0.88125 0.031315240083507306 0.8796875 0.037578288100208766 0.86875 0.037578288100208766 0.8671875 0.04175365344467641 0.8625 0.04175365344467641 0.8609375 0.04801670146137787 0.8546875 0.04801670146137787 0.853125 0.05219206680584551 0.85 0.05219206680584551 0.85 0.05636743215031315 0.8453125 0.06263048016701461 0.8390625 0.06263048016701461 0.8390625 0.06680584551148225 0.83125 0.07306889352818371 0.8296875 0.07933194154488518 0.8265625 0.07933194154488518 0.8265625 0.08559498956158663 0.8234375 0.08768267223382047 0.8234375 0.09603340292275574 0.81875 0.09812108559498957 0.81875 0.10647181628392484 0.815625 0.10855949895615867 0.815625 0.14822546972860126 0.81875 0.15031315240083507 0.81875 0.1732776617954071 0.8234375 0.17536534446764093 0.8234375 0.1837160751565762 0.8265625 0.18580375782881003 0.8265625 0.20041753653444677 0.8453125 0.20041753653444677 0.846875 0.1941544885177453 0.853125 0.1941544885177453 0.8546875 0.18997912317327767 0.8640625 0.18997912317327767 0.865625 0.1837160751565762 0.871875 0.1837160751565762 0.8734375 0.17954070981210857 0.8875 0.17954070981210857 0.8890625 0.1837160751565762 0.903125 0.1837160751565762 0.9078125 0.1732776617954071 0.9109375 0.1732776617954071 0.9125 0.16910229645093947 0.91875 0.16910229645093947 0.9234375 0.15866388308977036 0.9265625 0.15866388308977036 0.928125 0.1544885177453027 0.9328125 0.1544885177453027 0.9328125 0.14613778705636743 0.9375 0.1440501043841336 0.9375 0.12943632567849686 0.940625 0.12734864300626306 0.940625 0.09394572025052192 0.9375 0.0918580375782881 0.9375 0.07933194154488518 0.9328125 0.07724425887265135 0.9328125 0.06889352818371608 0.9296875 0.06680584551148225 0.9296875 0.05219206680584551 0.9265625 0.05010438413361169 0.9265625 0.04175365344467641 0.921875 0.03966597077244259 0.921875 0.031315240083507306 0.91875 0.027139874739039668 0.8921875 0.027139874739039668 0.8921875 0.029227557411273485 0.890625 0.031315240083507306 0.88125 0.031315240083507306
1 0.525 0.7286012526096033 0.51875 0.7286012526096033 0.5171875 0.732776617954071 0.5140625 0.732776617954071 0.5140625 0.7369519832985386 0.509375 0.7432150313152401 0.503125 0.7432150313152401 0.5015625 0.7494780793319415 0.4984375 0.7494780793319415 0.49375 0.7578288100208769 0.490625 0.7578288100208769 0.490625 0.7620041753653445 0.4875 0.7640918580375783 0.4875 0.7724425887265136 0.4828125 0.7745302713987474 0.4828125 0.7828810020876826 0.4796875 0.7849686847599165 0.4796875 0.7974947807933194 0.4828125 0.7995824634655533 0.4828125 0.8079331941544885 0.4875 0.8100208768267223 0.4875 0.81419624217119 0.49375 0.81419624217119 0.4953125 0.8183716075156576 0.5015625 0.8183716075156576 0.503125 0.81419624217119 0.5171875 0.81419624217119 0.51875 0.8079331941544885 0.525 0.8079331941544885 0.5265625 0.8037578288100209 0.5390625 0.8037578288100209 0.540625 0.7974947807933194 0.5625 0.7974947807933194 0.5640625 0.7933194154488518 0.5671875 0.7933194154488518 0.5671875 0.778705636743215 0.5703125 0.7766179540709812 0.5703125 0.7682672233820459 0.575 0.7661795407098121 0.575 0.7578288100208769 0.578125 0.755741127348643 0.578125 0.7494780793319415 0.5828125 0.7473903966597077 0.5828125 0.7432150313152401 0.5859375 0.7411273486430062 0.5859375 0.732776617954071 0.578125 0.7265135699373695 0.578125 0.7223382045929019 0.571875 0.7223382045929019 0.5703125 0.7181628392484343 0.534375 0.7181628392484343 0.534375 0.7202505219206681 0.5265625 0.7223382045929019 0.525 0.7286012526096033
1 0.8890625 0.5198329853862212 0.884375 0.5219206680584552 0.884375 0.5511482254697286 0.8890625 0.5532359081419624 0.8890625 0.5615866388308977 0.8921875 0.5636743215031316 0.8921875 0.5762004175365344 0.8953125 0.5762004175365344 0.9 0.5866388308977035 0.903125 0.5866388308977035 0.9078125 0.592901878914405 0.9078125 0.6012526096033403 0.9109375 0.6012526096033403 0.915625 0.6116910229645094 0.9203125 0.6137787056367432 0.9203125 0.6179540709812108 0.9296875 0.6179540709812108 0.93125 0.6221294363256785 0.9453125 0.6221294363256785 0.946875 0.6179540709812108 0.9640625 0.6179540709812108 0.965625 0.6116910229645094 0.9875 0.6116910229645094 0.9890625 0.6075156576200418 0.9984375 0.6075156576200418 0.9984375 0.5260960334029228 0.9890625 0.5260960334029228 0.9875 0.5219206680584552 0.9734375 0.5219206680584552 0.971875 0.5156576200417536 0.95 0.5156576200417536 0.9484375 0.511482254697286 0.934375 0.511482254697286 0.9328125 0.5052192066805845 0.8921875 0.5052192066805845 0.8921875 0.5073068893528184 0.8890625 0.511482254697286 0.8890625 0.5198329853862212
1 0.653125 0.6242171189979123 0.6515625 0.6304801670146137 0.6421875 0.6304801670146137 0.640625 0.6346555323590815 0.634375 0.6346555323590815 0.6328125 0.6409185803757829 0.6265625 0.6409185803757829 0.625 0.6450939457202505 0.621875 0.6450939457202505 0.621875 0.6492693110647182 0.6171875 0.6555323590814196 0.6140625 0.6555323590814196 0.6140625 0.6597077244258872 0.609375 0.6659707724425887 0.60625 0.6659707724425887 0.603125 0.6701461377870563 0.603125 0.6784968684759917 0.6 0.6805845511482255 0.6 0.6993736951983298 0.5953125 0.7014613778705637 0.5953125 0.7202505219206681 0.6 0.7223382045929019 0.6 0.7306889352818372 0.60625 0.7390396659707724 0.60625 0.7473903966597077 0.6109375 0.7494780793319415 0.6109375 0.7620041753653445 0.6140625 0.7640918580375783 0.6140625 0.7724425887265136 0.6203125 0.7724425887265136 0.621875 0.7828810020876826 0.628125 0.7828810020876826 0.6296875 0.7870563674321504 0.634375 0.7891440501043842 0.634375 0.7933194154488518 0.640625 0.7933194154488518 0.6421875 0.7974947807933194 0.6640625 0.7974947807933194 0.665625 0.8037578288100209 0.6984375 0.8037578288100209 0.7 0.7974947807933194 0.7140625 0.7974947807933194 0.715625 0.7933194154488518 0.721875 0.7933194154488518 0.721875 0.7891440501043842 0.7265625 0.7828810020876826 0.7328125 0.7828810020876826 0.7328125 0.7745302713987474 0.7359375 0.7724425887265136 0.7359375 0.7578288100208769 0.740625 0.755741127348643 0.740625 0.7390396659707724 0.74375 0.7369519832985386 0.74375 0.7223382045929019 0.7484375 0.7202505219206681 0.7484375 0.6868475991649269 0.74375 0.6847599164926931 0.74375 0.6764091858037579 0.740625 0.6743215031315241 0.740625 0.6659707724425887 0.7375 0.6659707724425887 0.7296875 0.651356993736952 0.725 0.6492693110647182 0.725 0.6409185803757829 0.721875 0.6388308977035491 0.721875 0.6346555323590815 0.715625 0.6346555323590815 0.7140625 0.6304801670146137 0.7078125 0.6304801670146137 0.70625 0.6242171189979123 0.6953125 0.6242171189979123 0.69375 0.6200417536534447 0.66875 0.6200417536534447 0.66875 0.6221294363256785 0.6671875 0.6242171189979123 0.653125 0.6242171189979123
1 0 0.9123173277661796 0.003125 0.9123173277661796 0.0046875 0.9164926931106472 0.0109375 0.9164926931106472 0.0125 0.9206680584551148 0.01875 0.9206680584551148 0.0234375 0.9311064718162839 0.028125 0.9331941544885177 0.028125 0.9373695198329853 0.034375 0.9373695198329853 0.0359375 0.9311064718162839 0.0453125 0.9311064718162839 0.046875 0.9269311064718163 0.053125 0.9269311064718163 0.0546875 0.9206680584551148 0.0609375 0.9206680584551148 0.0625 0.9164926931106472 0.06875 0.9164926931106472 0.0703125 0.9123173277661796 0.0734375 0.9164926931106472 0.0875 0.9164926931106472 0.0890625 0.9206680584551148 0.0953125 0.9206680584551148 0.096875 0.9269311064718163 0.1 0.9269311064718163 0.1046875 0.9331941544885177 0.1046875 0.9373695198329853 0.1078125 0.9373695198329853 0.109375 0.941544885177453 0.115625 0.941544885177453 0.1171875 0.9478079331941545 0.13125 0.9478079331941545 0.1328125 0.9519832985386222 0.1453125 0.9519832985386222 0.146875 0.9478079331941545 0.1609375 0.9478079331941545 0.1625 0.941544885177453 0.165625 0.941544885177453 0.165625 0.918580375782881 0.1625 0.918580375782881 0.1578125 0.9123173277661796 0.1578125 0.9039665970772442 0.153125 0.9018789144050104 0.153125 0.8935281837160751 0.15 0.8914405010438413 0.15 0.8872651356993737 0.1421875 0.8851774530271399 0.1421875 0.872651356993737 0.1375 0.8705636743215032 0.1375 0.8517745302713987 0.134375 0.8496868475991649 0.134375 0.8455114822546973 0.13125 0.8413361169102297 0.1265625 0.8392484342379958 0.1265625 0.8350730688935282 0.1234375 0.8308977035490606 0.1203125 0.8308977035490606 0.115625 0.824634655532359 0.115625 0.8204592901878914 0.1125 0.8204592901878914 0.1109375 0.8162839248434238 0.1046875 0.8162839248434238 0.103125 0.8100208768267223 0.096875 0.8100208768267223 0.0953125 0.8058455114822547 0.0734375 0.8058455114822547 0.071875 0.7995824634655533 0.0515625 0.7995824634655533 0.0515625 0.8016701461377871 0.05 0.8058455114822547 0.03125 0.8058455114822547 0.0265625 0.8162839248434238 0.0203125 0.8162839248434238 0.01875 0.8204592901878914 0.015625 0.8204592901878914 0.015625 0.824634655532359 0.0109375 0.8308977035490606 0.0078125 0.8308977035490606 0.0078125 0.8496868475991649 0.0046875 0.8517745302713987 0.0046875 0.860125260960334 0 0.8622129436325678 0 0.9123173277661796
1 0.325 0.04801670146137787 0.3203125 0.05845511482254697 0.3171875 0.05845511482254697 0.3140625 0.06263048016701461 0.3125 0.06889352818371608 0.309375 0.06889352818371608 0.30625 0.07306889352818371 0.3046875 0.07933194154488518 0.3015625 0.07933194154488518 0.3015625 0.08559498956158663 0.2984375 0.08768267223382047 0.2984375 0.0918580375782881 0.29375 0.09394572025052192 0.29375 0.1022964509394572 0.2890625 0.10855949895615867 0.2859375 0.10855949895615867 0.2859375 0.1127348643006263 0.2828125 0.11482254697286012 0.2828125 0.12317327766179541 0.278125 0.12526096033402923 0.278125 0.1336116910229645 0.275 0.13569937369519833 0.275 0.14822546972860126 0.278125 0.15031315240083507 0.278125 0.1544885177453027 0.28125 0.1544885177453027 0.2859375 0.16075156576200417 0.2859375 0.1649269311064718 0.2890625 0.1649269311064718 0.290625 0.16910229645093947 0.296875 0.16910229645093947 0.2984375 0.1732776617954071 0.3046875 0.1732776617954071 0.30625 0.17954070981210857 0.334375 0.17954070981210857 0.334375 0.17536534446764093 0.3390625 0.1732776617954071 0.340625 0.16910229645093947 0.346875 0.16910229645093947 0.3515625 0.15866388308977036 0.3578125 0.15866388308977036 0.359375 0.1544885177453027 0.3703125 0.1544885177453027 0.371875 0.14822546972860126 0.396875 0.14822546972860126 0.396875 0.11899791231732777 0.39375 0.11691022964509394 0.39375 0.07306889352818371 0.3890625 0.0709812108559499 0.3890625 0.06263048016701461 0.38125 0.05636743215031315 0.38125 0.05219206680584551 0.378125 0.04801670146137787 0.3734375 0.04592901878914405 0.3734375 0.04175365344467641 0.3359375 0.04175365344467641 0.3359375 0.04384133611691023 0.334375 0.04801670146137787 0.325 0.04801670146137787
1 0.3515625 0.1649269311064718 0.340625 0.17536534446764093 0.3390625 0.18162839248434237 0.3359375 0.18162839248434237 0.3328125 0.18580375782881003 0.3328125 0.18997912317327767 0.3296875 0.19206680584551147 0.3296875 0.20041753653444677 0.325 0.20250521920668058 0.325 0.22129436325678498 0.328125 0.22129436325678498 0.3328125 0.22755741127348644 0.3328125 0.24634655532359082 0.3359375 0.24843423799582465 0.3359375 0.2567849686847599 0.3390625 0.2567849686847599 0.340625 0.2609603340292276 0.3625 0.2609603340292276 0.3640625 0.267223382045929 0.38125 0.267223382045929 0.3828125 0.27139874739039666 0.39375 0.27139874739039666 0.3953125 0.2776617954070981 0.4046875 0.2776617954070981 0.4046875 0.2588726513569937 0.4078125 0.2567849686847599 0.4078125 0.20668058455114824 0.4125 0.2045929018789144 0.4125 0.19206680584551147 0.415625 0.18997912317327767 0.415625 0.18162839248434237 0.4203125 0.17954070981210857 0.4203125 0.17536534446764093 0.415625 0.1732776617954071 0.415625 0.16701461377870563 0.409375 0.16701461377870563 0.4078125 0.16075156576200417 0.4015625 0.16075156576200417 0.4 0.15657620041753653 0.359375 0.15657620041753653 0.359375 0.15866388308977036 0.3515625 0.16075156576200417 0.3515625 0.1649269311064718
1 0.4671875 0.2839248434237996 0.4671875 0.2881002087682672 0.4609375 0.29436325678496866 0.459375 0.30062630480167013 0.453125 0.30062630480167013 0.4515625 0.3048016701461378 0.4484375 0.3048016701461378 0.4484375 0.3089770354906054 0.44375 0.31524008350730687 0.440625 0.31524008350730687 0.440625 0.3235908141962422 0.4375 0.325678496868476 0.4375 0.33402922755741127 0.4328125 0.33611691022964507 0.4328125 0.348643006263048 0.4296875 0.35073068893528186 0.4296875 0.3903966597077244 0.4328125 0.3924843423799583 0.4328125 0.407098121085595 0.4359375 0.407098121085595 0.440625 0.4154488517745303 0.446875 0.4154488517745303 0.4484375 0.42171189979123175 0.459375 0.42171189979123175 0.4609375 0.42588726513569936 0.4859375 0.42588726513569936 0.4875 0.42171189979123175 0.54375 0.42171189979123175 0.5453125 0.4154488517745303 0.5515625 0.4154488517745303 0.5546875 0.4112734864300626 0.5546875 0.3674321503131524 0.5515625 0.3653444676409186 0.5515625 0.35073068893528186 0.546875 0.348643006263048 0.546875 0.34029227557411273 0.54375 0.33820459290187893 0.54375 0.33194154488517746 0.540625 0.33194154488517746 0.5390625 0.325678496868476 0.5359375 0.3235908141962422 0.5359375 0.31524008350730687 0.5328125 0.31315240083507306 0.5328125 0.3048016701461378 0.5265625 0.3048016701461378 0.525 0.30062630480167013 0.521875 0.30062630480167013 0.5171875 0.29018789144050106 0.509375 0.2881002087682672 0.509375 0.2839248434237996 0.4953125 0.2839248434237996 0.49375 0.2797494780793319 0.4828125 0.2797494780793319 0.4828125 0.2818371607515658 0.48125 0.2839248434237996 0.4671875 0.2839248434237996
1 0 0.24634655532359082 0.0140625 0.24634655532359082 0.015625 0.24217118997912318 0.0578125 0.24217118997912318 0.059375 0.2359081419624217 0.071875 0.2359081419624217 0.0734375 0.23173277661795408 0.0796875 0.23173277661795408 0.08125 0.2254697286012526 0.0875 0.2254697286012526 0.0890625 0.22129436325678498 0.0921875 0.22129436325678498 0.09375 0.21085594989561587 0.096875 0.2150313152400835 0.1 0.2150313152400835 0.1015625 0.2045929018789144 0.1078125 0.2045929018789144 0.109375 0.20041753653444677 0.115625 0.20041753653444677 0.1171875 0.1941544885177453 0.1234375 0.1941544885177453 0.125 0.20041753653444677 0.13125 0.20041753653444677 0.1328125 0.2045929018789144 0.1359375 0.20041753653444677 0.1421875 0.20041753653444677 0.14375 0.1941544885177453 0.15 0.1941544885177453 0.153125 0.18997912317327767 0.1546875 0.1837160751565762 0.1609375 0.1837160751565762 0.1625 0.17954070981210857 0.165625 0.17954070981210857 0.165625 0.16075156576200417 0.16875 0.15866388308977036 0.16875 0.15031315240083507 0.165625 0.14822546972860126 0.165625 0.13987473903966596 0.1625 0.13987473903966596 0.1609375 0.13569937369519833 0.1546875 0.13569937369519833 0.153125 0.12943632567849686 0.14375 0.12943632567849686 0.1421875 0.12526096033402923 0.1203125 0.12526096033402923 0.11875 0.11899791231732777 0.1046875 0.11899791231732777 0.103125 0.11482254697286012 0.09375 0.11482254697286012 0.0921875 0.10855949895615867 0.0859375 0.10855949895615867 0.084375 0.10438413361169102 0.078125 0.10438413361169102 0.0765625 0.09812108559498957 0.0234375 0.09812108559498957 0.0234375 0.10020876826722339 0.021875 0.10438413361169102 0.015625 0.10438413361169102 0.0140625 0.10855949895615867 0.0078125 0.10855949895615867 0.00625 0.11482254697286012 0.003125 0.11899791231732777 0 0.11899791231732777 0 0.24634655532359082
1 0.409375 0.6304801670146137 0.4078125 0.6346555323590815 0.3984375 0.6346555323590815 0.396875 0.6409185803757829 0.390625 0.6409185803757829 0.3859375 0.651356993736952 0.3828125 0.651356993736952 0.3796875 0.6555323590814196 0.378125 0.6617954070981211 0.375 0.6617954070981211 0.3703125 0.6701461377870563 0.3671875 0.6701461377870563 0.3671875 0.6784968684759917 0.3640625 0.6805845511482255 0.3640625 0.6889352818371608 0.359375 0.6910229645093946 0.359375 0.7056367432150313 0.35625 0.7077244258872651 0.35625 0.7411273486430062 0.359375 0.7432150313152401 0.359375 0.7515657620041754 0.3625 0.7515657620041754 0.3640625 0.755741127348643 0.38125 0.755741127348643 0.3828125 0.7515657620041754 0.4 0.7515657620041754 0.4015625 0.7473903966597077 0.4125 0.7473903966597077 0.4140625 0.7515657620041754 0.446875 0.7515657620041754 0.4484375 0.7473903966597077 0.4515625 0.7473903966597077 0.4515625 0.7432150313152401 0.45625 0.7369519832985386 0.459375 0.7369519832985386 0.4609375 0.7306889352818372 0.4703125 0.7306889352818372 0.475 0.7202505219206681 0.48125 0.7202505219206681 0.4828125 0.7160751565762005 0.4890625 0.7160751565762005 0.490625 0.7098121085594989 0.496875 0.7098121085594989 0.496875 0.7014613778705637 0.5015625 0.6993736951983298 0.5015625 0.6868475991649269 0.5046875 0.6847599164926931 0.5046875 0.6764091858037579 0.509375 0.6743215031315241 0.509375 0.6701461377870563 0.5125 0.6680584551148225 0.5125 0.6617954070981211 0.509375 0.6597077244258872 0.509375 0.6555323590814196 0.503125 0.6555323590814196 0.5015625 0.651356993736952 0.490625 0.651356993736952 0.4890625 0.6450939457202505 0.4796875 0.6450939457202505 0.478125 0.6409185803757829 0.471875 0.6409185803757829 0.4703125 0.6346555323590815 0.4640625 0.6346555323590815 0.4625 0.6304801670146137 0.4453125 0.6304801670146137 0.44375 0.6242171189979123 0.425 0.6242171189979123 0.425 0.6263048016701461 0.4234375 0.6304801670146137 0.409375 0.6304801670146137
1 0.440625 0 0.440625 0.0020876826722338203 0.4390625 0.006263048016701462 0.4296875 0.006263048016701462 0.428125 0.010438413361169102 0.425 0.010438413361169102 0.425 0.014613778705636743 0.4203125 0.020876826722338204 0.4171875 0.020876826722338204 0.4171875 0.025052192066805846 0.4140625 0.027139874739039668 0.4140625 0.03549060542797495 0.40625 0.04175365344467641 0.40625 0.05010438413361169 0.4015625 0.05219206680584551 0.4015625 0.060542797494780795 0.3984375 0.06263048016701461 0.3984375 0.0709812108559499 0.3953125 0.07306889352818371 0.3953125 0.08559498956158663 0.3984375 0.08768267223382047 0.3984375 0.11691022964509394 0.4015625 0.11899791231732777 0.4015625 0.12734864300626306 0.40625 0.12943632567849686 0.40625 0.1336116910229645 0.409375 0.13778705636743216 0.43125 0.13778705636743216 0.4328125 0.1440501043841336 0.4359375 0.1440501043841336 0.4359375 0.13987473903966596 0.4390625 0.13778705636743216 0.4390625 0.12526096033402923 0.44375 0.12317327766179541 0.44375 0.11482254697286012 0.446875 0.1127348643006263 0.446875 0.10855949895615867 0.4515625 0.10647181628392484 0.4515625 0.09812108559498957 0.4546875 0.09603340292275574 0.4546875 0.08768267223382047 0.45625 0.08559498956158663 0.4703125 0.08559498956158663 0.471875 0.0918580375782881 0.478125 0.0918580375782881 0.478125 0.08768267223382047 0.4828125 0.081419624217119 0.4859375 0.081419624217119 0.4875 0.07724425887265135 0.49375 0.07724425887265135 0.49375 0.07306889352818371 0.496875 0.0709812108559499 0.496875 0.06263048016701461 0.5015625 0.060542797494780795 0.50625 0.05010438413361169 0.509375 0.05010438413361169 0.5125 0.04592901878914405 0.5125 0.031315240083507306 0.5046875 0.025052192066805846 0.5046875 0.020876826722338204 0.4984375 0.020876826722338204 0.49375 0.014613778705636743 0.49375 0.010438413361169102 0.4890625 0.008350730688935281 0.4890625 0 0.440625 0
1 0.125 0.5887265135699373 0.1234375 0.592901878914405 0.1171875 0.592901878914405 0.115625 0.5991649269311065 0.109375 0.5991649269311065 0.1078125 0.6033402922755741 0.1046875 0.6033402922755741 0.1046875 0.6075156576200418 0.1 0.6137787056367432 0.096875 0.6137787056367432 0.096875 0.6179540709812108 0.09375 0.6200417536534447 0.09375 0.6283924843423799 0.0890625 0.6304801670146137 0.0890625 0.6492693110647182 0.0859375 0.6534446764091858 0.0890625 0.6555323590814196 0.0890625 0.6680584551148225 0.09375 0.6701461377870563 0.09375 0.6784968684759917 0.096875 0.6805845511482255 0.096875 0.6889352818371608 0.1015625 0.6910229645093946 0.1015625 0.6993736951983298 0.1046875 0.7014613778705637 0.1046875 0.7098121085594989 0.109375 0.7118997912317327 0.109375 0.7160751565762005 0.115625 0.7160751565762005 0.1171875 0.7202505219206681 0.134375 0.7202505219206681 0.1390625 0.7306889352818372 0.14375 0.732776617954071 0.14375 0.7369519832985386 0.153125 0.7369519832985386 0.153125 0.732776617954071 0.1609375 0.7265135699373695 0.1625 0.7202505219206681 0.16875 0.7202505219206681 0.1703125 0.7160751565762005 0.1734375 0.7160751565762005 0.175 0.7098121085594989 0.18125 0.7098121085594989 0.1828125 0.7056367432150313 0.1890625 0.7056367432150313 0.1890625 0.7014613778705637 0.19375 0.6951983298538622 0.2 0.6951983298538622 0.2015625 0.6889352818371608 0.2078125 0.6889352818371608 0.2109375 0.6847599164926931 0.2109375 0.6805845511482255 0.215625 0.6784968684759917 0.2171875 0.6743215031315241 0.2234375 0.6743215031315241 0.2234375 0.6701461377870563 0.228125 0.6638830897703549 0.234375 0.6638830897703549 0.2359375 0.6597077244258872 0.246875 0.6597077244258872 0.2484375 0.6534446764091858 0.26875 0.6534446764091858 0.26875 0.6450939457202505 0.2734375 0.6430062630480167 0.2734375 0.6137787056367432 0.2703125 0.6137787056367432 0.2625 0.5991649269311065 0.2578125 0.5970772442588727 0.2578125 0.592901878914405 0.2484375 0.592901878914405 0.246875 0.5887265135699373 0.19375 0.5887265135699373 0.1921875 0.5845511482254697 0.1390625 0.5845511482254697 0.1390625 0.5866388308977035 0.1375 0.5887265135699373 0.125 0.5887265135699373
1 0.815625 0.9331941544885177 0.8140625 0.9394572025052192 0.8 0.9394572025052192 0.7984375 0.9436325678496869 0.7921875 0.9436325678496869 0.790625 0.9498956158663883 0.78125 0.9498956158663883 0.7796875 0.954070981210856 0.76875 0.954070981210856 0.7671875 0.9603340292275574 0.753125 0.9603340292275574 0.7484375 0.9707724425887265 0.7453125 0.9707724425887265 0.7453125 0.9791231732776617 0.7421875 0.9812108559498957 0.7421875 0.9937369519832986 0.7453125 0.9979123173277662 0.8375 0.9979123173277662 0.840625 0.9937369519832986 0.8421875 0.9979123173277662 0.9296875 0.9979123173277662 0.9296875 0.9853862212943633 0.921875 0.9791231732776617 0.921875 0.9707724425887265 0.91875 0.9686847599164927 0.91875 0.964509394572025 0.915625 0.964509394572025 0.9109375 0.9582463465553236 0.9109375 0.954070981210856 0.9046875 0.954070981210856 0.903125 0.9498956158663883 0.8921875 0.9498956158663883 0.890625 0.9436325678496869 0.884375 0.9436325678496869 0.8828125 0.9394572025052192 0.8765625 0.9394572025052192 0.875 0.9331941544885177 0.865625 0.9331941544885177 0.8640625 0.9290187891440501 0.846875 0.9290187891440501 0.846875 0.9311064718162839 0.8453125 0.9331941544885177 0.815625 0.9331941544885177
1 0.884375 0.36116910229645094 0.8828125 0.3674321503131524 0.8734375 0.3674321503131524 0.871875 0.37160751565762007 0.8625 0.37160751565762007 0.8625 0.3757828810020877 0.8578125 0.3778705636743215 0.85625 0.38204592901878914 0.85 0.38204592901878914 0.85 0.3903966597077244 0.846875 0.3924843423799583 0.846875 0.40083507306889354 0.8421875 0.40292275574112735 0.8375 0.4175365344467641 0.834375 0.4175365344467641 0.834375 0.4321503131524008 0.83125 0.4342379958246347 0.83125 0.46346555323590816 0.8265625 0.46555323590814196 0.8265625 0.48851774530271397 0.8234375 0.4906054279749478 0.8234375 0.5198329853862212 0.81875 0.5219206680584552 0.81875 0.524008350730689 0.8234375 0.5260960334029228 0.8234375 0.534446764091858 0.8296875 0.534446764091858 0.83125 0.5407098121085595 0.8375 0.5407098121085595 0.8390625 0.5448851774530271 0.871875 0.5448851774530271 0.8734375 0.5407098121085595 0.8796875 0.5407098121085595 0.8796875 0.5365344467640919 0.8828125 0.534446764091858 0.8828125 0.5156576200417536 0.890625 0.5093945720250522 0.8921875 0.5031315240083507 0.8984375 0.5031315240083507 0.9 0.4989561586638831 0.91875 0.4989561586638831 0.9203125 0.5031315240083507 0.9375 0.5031315240083507 0.9390625 0.5093945720250522 0.953125 0.5093945720250522 0.9546875 0.5135699373695198 0.9765625 0.5135699373695198 0.9765625 0.5052192066805845 0.9796875 0.5031315240083507 0.9796875 0.4801670146137787 0.9765625 0.4780793319415449 0.9765625 0.46555323590814196 0.971875 0.46346555323590816 0.971875 0.44467640918580376 0.96875 0.44258872651356995 0.96875 0.4384133611691023 0.965625 0.4384133611691023 0.9609375 0.4321503131524008 0.9609375 0.42379958246346555 0.95625 0.42171189979123175 0.95625 0.4175365344467641 0.953125 0.4154488517745303 0.953125 0.4091858037578288 0.9484375 0.407098121085595 0.9484375 0.3987473903966597 0.9453125 0.3966597077244259 0.9453125 0.3883089770354906 0.940625 0.3862212943632568 0.940625 0.3778705636743215 0.9375 0.3757828810020877 0.9375 0.37160751565762007 0.934375 0.37160751565762007 0.9296875 0.3653444676409186 0.9296875 0.36116910229645094 0.9234375 0.36116910229645094 0.921875 0.3569937369519833 0.896875 0.3569937369519833 0.896875 0.35908141962421714 0.8953125 0.36116910229645094 0.884375 0.36116910229645094
1 0.56875 0.016701461377870562 0.5671875 0.020876826722338204 0.5640625 0.020876826722338204 0.5640625 0.025052192066805846 0.559375 0.031315240083507306 0.55625 0.031315240083507306 0.55625 0.03549060542797495 0.5515625 0.04175365344467641 0.5484375 0.04175365344467641 0.5484375 0.060542797494780795 0.553125 0.06263048016701461 0.553125 0.0709812108559499 0.55625 0.07306889352818371 0.55625 0.081419624217119 0.5609375 0.08350730688935282 0.5609375 0.09603340292275574 0.5640625 0.09812108559498957 0.5640625 0.10647181628392484 0.5703125 0.10647181628392484 0.571875 0.1127348643006263 0.5828125 0.1127348643006263 0.584375 0.10647181628392484 0.590625 0.10647181628392484 0.59375 0.1022964509394572 0.59375 0.09394572025052192 0.5984375 0.0918580375782881 0.5984375 0.08768267223382047 0.60625 0.07724425887265135 0.609375 0.07724425887265135 0.609375 0.07306889352818371 0.6140625 0.06680584551148225 0.6171875 0.06680584551148225 0.6171875 0.05845511482254697 0.6203125 0.05636743215031315 0.6203125 0.04175365344467641 0.6171875 0.03966597077244259 0.6171875 0.031315240083507306 0.6140625 0.031315240083507306 0.609375 0.025052192066805846 0.609375 0.016701461377870562 0.6046875 0.014613778705636743 0.6046875 0.010438413361169102 0.5765625 0.010438413361169102 0.5765625 0.012526096033402923 0.575 0.016701461377870562 0.56875 0.016701461377870562
1 0.125 0.5052192066805845 0.125 0.5407098121085595 0.128125 0.5427974947807933 0.128125 0.5511482254697286 0.13125 0.5511482254697286 0.1390625 0.5657620041753654 0.14375 0.5678496868475992 0.14375 0.5720250521920668 0.146875 0.5762004175365344 0.1578125 0.5762004175365344 0.159375 0.5824634655532359 0.215625 0.5824634655532359 0.2171875 0.5866388308977035 0.2546875 0.5866388308977035 0.25625 0.5908141962421712 0.2625 0.5908141962421712 0.265625 0.5866388308977035 0.265625 0.5741127348643006 0.26875 0.5720250521920668 0.26875 0.5532359081419624 0.2734375 0.5511482254697286 0.2734375 0.5260960334029228 0.26875 0.524008350730689 0.26875 0.5156576200417536 0.2625 0.5093945720250522 0.2625 0.5052192066805845 0.259375 0.5052192066805845 0.2578125 0.5010438413361169 0.2484375 0.5010438413361169 0.246875 0.4968684759916493 0.1671875 0.4968684759916493 0.165625 0.4906054279749478 0.128125 0.4906054279749478 0.128125 0.49269311064718163 0.128125 0.5031315240083507 0.125 0.5052192066805845
1 0.240625 0.6617954070981211 0.2390625 0.6659707724425887 0.228125 0.6659707724425887 0.2234375 0.6764091858037579 0.2171875 0.6764091858037579 0.215625 0.6805845511482255 0.2125 0.6805845511482255 0.2109375 0.6868475991649269 0.2046875 0.6868475991649269 0.2 0.697286012526096 0.19375 0.697286012526096 0.1921875 0.7014613778705637 0.1859375 0.7014613778705637 0.1859375 0.7056367432150313 0.18125 0.7118997912317327 0.178125 0.7118997912317327 0.1765625 0.7181628392484343 0.1703125 0.7181628392484343 0.165625 0.7286012526096033 0.159375 0.7286012526096033 0.1578125 0.732776617954071 0.1546875 0.732776617954071 0.1546875 0.7369519832985386 0.15 0.7432150313152401 0.146875 0.7432150313152401 0.146875 0.7661795407098121 0.1515625 0.7682672233820459 0.1515625 0.7724425887265136 0.1546875 0.7766179540709812 0.1890625 0.7766179540709812 0.190625 0.7724425887265136 0.2 0.7724425887265136 0.2015625 0.7661795407098121 0.2078125 0.7661795407098121 0.209375 0.7620041753653445 0.215625 0.7620041753653445 0.2171875 0.755741127348643 0.2234375 0.755741127348643 0.225 0.7515657620041754 0.23125 0.7515657620041754 0.2328125 0.7473903966597077 0.246875 0.7473903966597077 0.2484375 0.7411273486430062 0.2625 0.7411273486430062 0.2640625 0.7369519832985386 0.2671875 0.7411273486430062 0.2890625 0.7411273486430062 0.290625 0.7473903966597077 0.3078125 0.7473903966597077 0.309375 0.7411273486430062 0.3125 0.7411273486430062 0.3125 0.7118997912317327 0.3078125 0.7098121085594989 0.3078125 0.697286012526096 0.3046875 0.6951983298538622 0.3046875 0.6910229645093946 0.3 0.6889352818371608 0.3 0.6805845511482255 0.2921875 0.6743215031315241 0.2921875 0.6701461377870563 0.2859375 0.6701461377870563 0.284375 0.6659707724425887 0.278125 0.6659707724425887 0.2765625 0.6617954070981211 0.2703125 0.6617954070981211 0.26875 0.6555323590814196 0.2515625 0.6555323590814196 0.2515625 0.6576200417536534 0.25 0.6617954070981211 0.240625 0.6617954070981211
1 0.85625 0.20250521920668058 0.8421875 0.20250521920668058 0.840625 0.20668058455114824 0.8265625 0.20668058455114824 0.825 0.21294363256784968 0.8109375 0.21294363256784968 0.809375 0.21711899791231734 0.7890625 0.21711899791231734 0.7875 0.22338204592901878 0.7765625 0.22338204592901878 0.775 0.22755741127348644 0.76875 0.22755741127348644 0.7671875 0.23382045929018788 0.7609375 0.23382045929018788 0.7578125 0.23799582463465555 0.7578125 0.24634655532359082 0.753125 0.24843423799582465 0.753125 0.2567849686847599 0.75625 0.2567849686847599 0.759375 0.2609603340292276 0.7609375 0.2567849686847599 0.771875 0.2567849686847599 0.7734375 0.25052192066805845 0.7875 0.25052192066805845 0.7890625 0.24634655532359082 0.7984375 0.24634655532359082 0.803125 0.25260960334029225 0.803125 0.27139874739039666 0.8078125 0.27348643006263046 0.8078125 0.29227557411273486 0.8109375 0.29436325678496866 0.8109375 0.2985386221294363 0.8140625 0.2985386221294363 0.815625 0.302713987473904 0.821875 0.302713987473904 0.8234375 0.3089770354906054 0.8296875 0.3089770354906054 0.834375 0.31524008350730687 0.834375 0.31941544885177453 0.8671875 0.31941544885177453 0.8671875 0.31106471816283926 0.8625 0.31106471816283926 0.8609375 0.3048016701461378 0.85625 0.302713987473904 0.85625 0.2797494780793319 0.853125 0.2776617954070981 0.853125 0.27348643006263046 0.8484375 0.27139874739039666 0.8484375 0.25260960334029225 0.853125 0.25052192066805845 0.853125 0.24425887265135698 0.85625 0.24217118997912318 0.8578125 0.2359081419624217 0.8609375 0.2359081419624217 0.8625 0.23173277661795408 0.8671875 0.23173277661795408 0.86875 0.2254697286012526 0.875 0.2254697286012526 0.8765625 0.22129436325678498 0.8796875 0.22129436325678498 0.88125 0.2150313152400835 0.8875 0.2150313152400835 0.8921875 0.2045929018789144 0.8953125 0.2045929018789144 0.8984375 0.20041753653444677 0.8984375 0.19624217118997914 0.8953125 0.19206680584551147 0.865625 0.19206680584551147 0.865625 0.1941544885177453 0.8578125 0.19624217118997914 0.85625 0.20250521920668058
1 0.6671875 0.9812108559498957 0.6609375 0.9812108559498957 0.65625 0.9916492693110647 0.65 0.9916492693110647 0.65 0.9979123173277662 0.740625 0.9979123173277662 0.740625 0.9853862212943633 0.7375 0.9853862212943633 0.7328125 0.9791231732776617 0.7328125 0.9749478079331941 0.7234375 0.9749478079331941 0.721875 0.9707724425887265 0.6765625 0.9707724425887265 0.6765625 0.9728601252609603 0.66875 0.9749478079331941 0.6671875 0.9812108559498957
1 0.76875 0.25260960334029225 0.7671875 0.2588726513569937 0.7609375 0.2588726513569937 0.759375 0.2630480167014614 0.753125 0.2630480167014614 0.7515625 0.26931106471816285 0.7453125 0.26931106471816285 0.74375 0.27348643006263046 0.7234375 0.27348643006263046 0.721875 0.2797494780793319 0.7109375 0.2797494780793319 0.709375 0.2839248434237996 0.6953125 0.2839248434237996 0.69375 0.29018789144050106 0.6796875 0.29018789144050106 0.678125 0.29436325678496866 0.66875 0.29436325678496866 0.66875 0.2985386221294363 0.6640625 0.3048016701461378 0.6578125 0.3048016701461378 0.6578125 0.3089770354906054 0.653125 0.31106471816283926 0.6484375 0.32150313152400833 0.6453125 0.32150313152400833 0.6421875 0.325678496868476 0.640625 0.33194154488517746 0.6375 0.33194154488517746 0.6375 0.33820459290187893 0.634375 0.34029227557411273 0.634375 0.348643006263048 0.6296875 0.35073068893528186 0.6296875 0.35490605427974947 0.6265625 0.3569937369519833 0.6265625 0.3695198329853862 0.6296875 0.37160751565762007 0.6296875 0.3757828810020877 0.634375 0.3778705636743215 0.634375 0.3862212943632568 0.6421875 0.3924843423799583 0.6421875 0.3966597077244259 0.6484375 0.3966597077244259 0.653125 0.40292275574112735 0.653125 0.407098121085595 0.6578125 0.4091858037578288 0.6578125 0.4154488517745303 0.6609375 0.4175365344467641 0.6609375 0.42171189979123175 0.6640625 0.42171189979123175 0.665625 0.42588726513569936 0.678125 0.42588726513569936 0.6796875 0.4321503131524008 0.69375 0.4321503131524008 0.69375 0.42379958246346555 0.6984375 0.42171189979123175 0.6984375 0.4175365344467641 0.7015625 0.4154488517745303 0.7015625 0.4091858037578288 0.70625 0.407098121085595 0.70625 0.40292275574112735 0.7109375 0.3966597077244259 0.7140625 0.3966597077244259 0.7140625 0.3924843423799583 0.71875 0.3862212943632568 0.721875 0.3862212943632568 0.721875 0.38204592901878914 0.725 0.37995824634655534 0.725 0.37160751565762007 0.7328125 0.3653444676409186 0.7328125 0.36116910229645094 0.7375 0.35490605427974947 0.740625 0.35490605427974947 0.740625 0.35073068893528186 0.7453125 0.3444676409185804 0.7828125 0.3444676409185804 0.784375 0.33820459290187893 0.7875 0.33820459290187893 0.7921875 0.3298538622129436 0.7953125 0.3298538622129436 0.7953125 0.325678496868476 0.7984375 0.3235908141962422 0.7984375 0.31106471816283926 0.8015625 0.3089770354906054 0.8015625 0.30062630480167013 0.80625 0.2985386221294363 0.80625 0.26931106471816285 0.8015625 0.267223382045929 0.8015625 0.25260960334029225 0.796875 0.25260960334029225 0.7953125 0.24843423799582465 0.7890625 0.24843423799582465 0.7890625 0.25052192066805845 0.7875 0.25260960334029225 0.76875 0.25260960334029225
1 0.390625 0.8977035490605428 0.3890625 0.9039665970772442 0.3796875 0.9039665970772442 0.378125 0.9081419624217119 0.371875 0.9081419624217119 0.371875 0.9123173277661796 0.3671875 0.9144050104384134 0.365625 0.918580375782881 0.359375 0.918580375782881 0.3578125 0.9227557411273486 0.3515625 0.9227557411273486 0.3515625 0.9269311064718163 0.346875 0.9331941544885177 0.340625 0.9331941544885177 0.3390625 0.9394572025052192 0.3359375 0.9394572025052192 0.334375 0.9436325678496869 0.3296875 0.9436325678496869 0.328125 0.9498956158663883 0.321875 0.9498956158663883 0.3203125 0.954070981210856 0.3171875 0.954070981210856 0.3171875 0.9582463465553236 0.3125 0.964509394572025 0.309375 0.964509394572025 0.309375 0.9791231732776617 0.3125 0.9791231732776617 0.3171875 0.9853862212943633 0.3171875 0.9895615866388309 0.3203125 0.9895615866388309 0.321875 0.9937369519832986 0.334375 0.9937369519832986 0.3359375 0.9979123173277662 0.3578125 0.9979123173277662 0.359375 0.9937369519832986 0.3703125 0.9937369519832986 0.371875 0.9895615866388309 0.39375 0.9895615866388309 0.3953125 0.9832985386221295 0.4078125 0.9832985386221295 0.409375 0.9791231732776617 0.415625 0.9791231732776617 0.415625 0.9707724425887265 0.4125 0.9686847599164927 0.4125 0.964509394572025 0.4078125 0.9624217118997912 0.4078125 0.9394572025052192 0.4125 0.9373695198329853 0.4140625 0.9478079331941545 0.4203125 0.9478079331941545 0.4203125 0.9436325678496869 0.4234375 0.9394572025052192 0.4203125 0.9373695198329853 0.4203125 0.9290187891440501 0.4234375 0.9269311064718163 0.425 0.9311064718162839 0.428125 0.9311064718162839 0.428125 0.9227557411273486 0.43125 0.9206680584551148 0.43125 0.9144050104384134 0.4359375 0.9123173277661796 0.4359375 0.9039665970772442 0.43125 0.9018789144050104 0.43125 0.8977035490605428 0.425 0.8977035490605428 0.4234375 0.8935281837160751 0.4015625 0.8935281837160751 0.4015625 0.8956158663883089 0.4 0.8977035490605428 0.390625 0.8977035490605428
1 0.2125 0.20250521920668058 0.2109375 0.20668058455114824 0.2046875 0.20668058455114824 0.203125 0.21294363256784968 0.1984375 0.21294363256784968 0.196875 0.21711899791231734 0.19375 0.21711899791231734 0.19375 0.22129436325678498 0.1890625 0.22755741127348644 0.1828125 0.22755741127348644 0.18125 0.23382045929018788 0.178125 0.23382045929018788 0.178125 0.24217118997912318 0.1734375 0.24843423799582465 0.1703125 0.24843423799582465 0.1703125 0.2776617954070981 0.175 0.2797494780793319 0.175 0.29227557411273486 0.178125 0.29436325678496866 0.178125 0.302713987473904 0.18125 0.302713987473904 0.1859375 0.31315240083507306 0.190625 0.31524008350730687 0.190625 0.31941544885177453 0.19375 0.32150313152400833 0.19375 0.3298538622129436 0.196875 0.3298538622129436 0.2046875 0.34029227557411273 0.2046875 0.3444676409185804 0.2265625 0.3444676409185804 0.228125 0.348643006263048 0.2390625 0.348643006263048 0.2421875 0.3444676409185804 0.2421875 0.33611691022964507 0.25 0.3298538622129436 0.2515625 0.31941544885177453 0.2546875 0.31941544885177453 0.2546875 0.31524008350730687 0.25 0.31315240083507306 0.25 0.29018789144050106 0.246875 0.2881002087682672 0.246875 0.2797494780793319 0.25 0.2776617954070981 0.25 0.26931106471816285 0.2546875 0.267223382045929 0.2546875 0.2630480167014614 0.259375 0.2567849686847599 0.265625 0.2567849686847599 0.2671875 0.25052192066805845 0.2734375 0.25052192066805845 0.275 0.24634655532359082 0.284375 0.24634655532359082 0.2859375 0.25052192066805845 0.3 0.25052192066805845 0.3015625 0.2567849686847599 0.315625 0.2567849686847599 0.3171875 0.2609603340292276 0.3203125 0.2609603340292276 0.321875 0.2567849686847599 0.328125 0.2567849686847599 0.328125 0.25260960334029225 0.33125 0.25052192066805845 0.33125 0.24425887265135698 0.328125 0.24217118997912318 0.328125 0.23382045929018788 0.325 0.23382045929018788 0.3203125 0.22338204592901878 0.315625 0.22129436325678498 0.315625 0.21711899791231734 0.3125 0.21294363256784968 0.30625 0.21294363256784968 0.3046875 0.20668058455114824 0.29375 0.20668058455114824 0.2921875 0.20250521920668058 0.24375 0.20250521920668058 0.2421875 0.19624217118997914 0.2359375 0.19624217118997914 0.2359375 0.19832985386221294 0.234375 0.20250521920668058 0.2125 0.20250521920668058
1 0.51875 0.8100208768267223 0.5171875 0.8162839248434238 0.5109375 0.8162839248434238 0.509375 0.8204592901878914 0.50625 0.8204592901878914 0.50625 0.824634655532359 0.5015625 0.8308977035490606 0.4984375 0.8308977035490606 0.496875 0.8350730688935282 0.490625 0.8350730688935282 0.490625 0.8392484342379958 0.4859375 0.8455114822546973 0.4828125 0.8455114822546973 0.4828125 0.8496868475991649 0.478125 0.8559498956158664 0.475 0.8559498956158664 0.475 0.860125260960334 0.4703125 0.8663883089770354 0.4671875 0.8663883089770354 0.4671875 0.8747390396659708 0.4640625 0.8768267223382046 0.4640625 0.8810020876826722 0.459375 0.8872651356993737 0.453125 0.8872651356993737 0.453125 0.8914405010438413 0.4484375 0.8935281837160751 0.446875 0.8977035490605428 0.440625 0.8977035490605428 0.440625 0.906054279749478 0.4375 0.9081419624217119 0.4359375 0.9144050104384134 0.4328125 0.9144050104384134 0.4328125 0.9269311064718163 0.4296875 0.9290187891440501 0.4296875 0.941544885177453 0.4328125 0.9436325678496869 0.4328125 0.9728601252609603 0.4375 0.9749478079331941 0.4375 0.9791231732776617 0.440625 0.9832985386221295 0.4625 0.9832985386221295 0.4671875 0.9728601252609603 0.4703125 0.9728601252609603 0.4734375 0.9686847599164927 0.475 0.9624217118997912 0.48125 0.9624217118997912 0.4828125 0.9582463465553236 0.4859375 0.9582463465553236 0.4875 0.9519832985386222 0.49375 0.9519832985386222 0.4984375 0.941544885177453 0.5015625 0.941544885177453 0.5046875 0.9373695198329853 0.50625 0.9311064718162839 0.509375 0.9311064718162839 0.5109375 0.9269311064718163 0.5171875 0.9269311064718163 0.5171875 0.9227557411273486 0.521875 0.9164926931106472 0.525 0.9164926931106472 0.528125 0.9123173277661796 0.528125 0.9039665970772442 0.5328125 0.9018789144050104 0.5328125 0.8977035490605428 0.5359375 0.8956158663883089 0.5359375 0.8872651356993737 0.5390625 0.8851774530271399 0.5390625 0.8622129436325678 0.54375 0.860125260960334 0.54375 0.8517745302713987 0.546875 0.8496868475991649 0.546875 0.8455114822546973 0.5515625 0.8434237995824635 0.5515625 0.8308977035490606 0.559375 0.8288100208768268 0.559375 0.8204592901878914 0.5640625 0.81419624217119 0.5671875 0.81419624217119 0.5671875 0.8100208768267223 0.5703125 0.8079331941544885 0.5703125 0.8058455114822547 0.534375 0.8058455114822547 0.534375 0.8079331941544885 0.5328125 0.8100208768267223 0.51875 0.8100208768267223
1 0.9890625 0.4488517745302714 0.9890625 0.4572025052192067 0.9859375 0.4592901878914405 0.9859375 0.5135699373695198 0.99375 0.524008350730689 0.9984375 0.524008350730689 0.9984375 0.4384133611691023 0.996875 0.4384133611691023 0.996875 0.4405010438413361 0.9921875 0.4488517745302714 0.9890625 0.4488517745302714
1 0 0.5511482254697286 0.0046875 0.5532359081419624 0.0046875 0.5657620041753654 0.0078125 0.5678496868475992 0.0078125 0.5824634655532359 0.0109375 0.5824634655532359 0.0125 0.5866388308977035 0.01875 0.5866388308977035 0.0234375 0.592901878914405 0.0234375 0.5970772442588727 0.028125 0.5991649269311065 0.028125 0.6075156576200418 0.034375 0.6075156576200418 0.0390625 0.6137787056367432 0.0390625 0.6179540709812108 0.0453125 0.6179540709812108 0.046875 0.6221294363256785 0.0578125 0.6221294363256785 0.059375 0.6283924843423799 0.0765625 0.6283924843423799 0.078125 0.6221294363256785 0.0875 0.6221294363256785 0.0953125 0.6116910229645094 0.0953125 0.6033402922755741 0.1 0.6012526096033403 0.1046875 0.5908141962421712 0.1078125 0.5908141962421712 0.1109375 0.5866388308977035 0.1109375 0.5782881002087683 0.115625 0.5762004175365344 0.115625 0.5678496868475992 0.11875 0.5657620041753654 0.11875 0.55741127348643 0.115625 0.5553235908141962 0.115625 0.5469728601252609 0.1109375 0.5448851774530271 0.1109375 0.5365344467640919 0.11875 0.5302713987473904 0.11875 0.5156576200417536 0.1234375 0.5135699373695198 0.1234375 0.4968684759916493 0.1265625 0.49478079331941544 0.1265625 0.4801670146137787 0.1234375 0.4780793319415449 0.1234375 0.4697286012526096 0.11875 0.46764091858037576 0.11875 0.4592901878914405 0.1125 0.4592901878914405 0.1109375 0.4551148225469729 0.1015625 0.4551148225469729 0.1 0.4488517745302714 0.0703125 0.4488517745302714 0.06875 0.44467640918580376 0.0546875 0.44467640918580376 0.0546875 0.44676409185803756 0.053125 0.4488517745302714 0.015625 0.4488517745302714 0.015625 0.453027139874739 0.0109375 0.4592901878914405 0.0078125 0.4592901878914405 0.00625 0.46555323590814196 0.003125 0.4697286012526096 0 0.4697286012526096 0 0.5511482254697286
1 0 0.1127348643006263 0.00625 0.1127348643006263 0.0078125 0.10647181628392484 0.0109375 0.10647181628392484 0.0125 0.1022964509394572 0.01875 0.1022964509394572 0.01875 0.09812108559498957 0.0234375 0.0918580375782881 0.0265625 0.0918580375782881 0.0265625 0.08350730688935282 0.0296875 0.081419624217119 0.0296875 0.07306889352818371 0.034375 0.0709812108559499 0.034375 0.037578288100208766 0.0375 0.03549060542797495 0.0390625 0.029227557411273485 0.0421875 0.029227557411273485 0.0421875 0.016701461377870562 0.0375 0.014613778705636743 0.0375 0.010438413361169102 0.034375 0.006263048016701462 0.0046875 0.006263048016701462 0.0046875 0.008350730688935281 0 0.010438413361169102 0 0.1127348643006263
1 0.9890625 0.6764091858037579 0.9859375 0.6805845511482255 0.984375 0.6868475991649269 0.98125 0.6868475991649269 0.978125 0.6910229645093946 0.978125 0.6993736951983298 0.9734375 0.7014613778705637 0.9734375 0.7056367432150313 0.96875 0.7118997912317327 0.965625 0.7118997912317327 0.965625 0.7160751565762005 0.9609375 0.7223382045929019 0.9578125 0.7223382045929019 0.9578125 0.7265135699373695 0.953125 0.732776617954071 0.95 0.732776617954071 0.95 0.7411273486430062 0.946875 0.7432150313152401 0.946875 0.7515657620041754 0.9421875 0.7536534446764092 0.9421875 0.7620041753653445 0.9390625 0.7640918580375783 0.9390625 0.7724425887265136 0.934375 0.7745302713987474 0.934375 0.7870563674321504 0.93125 0.7891440501043842 0.93125 0.7933194154488518 0.934375 0.7954070981210856 0.934375 0.8037578288100209 0.9453125 0.8037578288100209 0.9453125 0.7995824634655533 0.95 0.7933194154488518 0.95625 0.7933194154488518 0.9578125 0.7870563674321504 0.9640625 0.7870563674321504 0.965625 0.7828810020876826 0.971875 0.7828810020876826 0.9734375 0.7766179540709812 0.9953125 0.7766179540709812 0.9984375 0.7724425887265136 0.9984375 0.6701461377870563 0.99375 0.6701461377870563 0.99375 0.6722338204592901 0.9921875 0.6764091858037579 0.9890625 0.6764091858037579
1 0.8546875 0.325678496868476 0.853125 0.33194154488517746 0.846875 0.33194154488517746 0.8453125 0.33611691022964507 0.8390625 0.33611691022964507 0.8375 0.34029227557411273 0.834375 0.34029227557411273 0.834375 0.3444676409185804 0.8296875 0.35073068893528186 0.8265625 0.35073068893528186 0.8265625 0.35490605427974947 0.821875 0.36116910229645094 0.81875 0.36116910229645094 0.81875 0.3695198329853862 0.815625 0.37160751565762007 0.815625 0.37995824634655534 0.81875 0.38204592901878914 0.81875 0.3966597077244259 0.8234375 0.3987473903966597 0.8234375 0.407098121085595 0.8265625 0.4112734864300626 0.8375 0.4112734864300626 0.840625 0.407098121085595 0.840625 0.3987473903966597 0.8453125 0.3966597077244259 0.8453125 0.3883089770354906 0.8484375 0.3862212943632568 0.8484375 0.38204592901878914 0.853125 0.37995824634655534 0.8546875 0.3757828810020877 0.8609375 0.3757828810020877 0.8625 0.3695198329853862 0.8671875 0.3695198329853862 0.86875 0.3653444676409186 0.8796875 0.3653444676409186 0.88125 0.35908141962421714 0.8953125 0.35908141962421714 0.896875 0.35490605427974947 0.9265625 0.35490605427974947 0.928125 0.35908141962421714 0.9375 0.35908141962421714 0.9375 0.3465553235908142 0.9328125 0.3444676409185804 0.9328125 0.34029227557411273 0.9296875 0.33611691022964507 0.9234375 0.33611691022964507 0.921875 0.33194154488517746 0.9125 0.33194154488517746 0.9109375 0.325678496868476 0.8890625 0.325678496868476 0.8875 0.32150313152400833 0.865625 0.32150313152400833 0.865625 0.3235908141962422 0.8640625 0.325678496868476 0.8546875 0.325678496868476
1 0.109375 0.9603340292275574 0.1078125 0.964509394572025 0.1046875 0.964509394572025 0.103125 0.9707724425887265 0.096875 0.9707724425887265 0.0921875 0.9812108559498957 0.0890625 0.9812108559498957 0.0859375 0.9853862212943633 0.0859375 0.9979123173277662 0.1234375 0.9979123173277662 0.1265625 0.9937369519832986 0.128125 0.9979123173277662 0.18125 0.9979123173277662 0.18125 0.9853862212943633 0.178125 0.9853862212943633 0.1734375 0.9791231732776617 0.1734375 0.9707724425887265 0.1671875 0.9707724425887265 0.165625 0.964509394572025 0.1625 0.964509394572025 0.1609375 0.9603340292275574 0.146875 0.9603340292275574 0.1453125 0.954070981210856 0.125 0.954070981210856 0.125 0.9561586638830898 0.1234375 0.9603340292275574 0.109375 0.9603340292275574
1 0.5796875 0.3674321503131524 0.5765625 0.37160751565762007 0.5765625 0.3757828810020877 0.571875 0.3778705636743215 0.5703125 0.38204592901878914 0.5640625 0.38204592901878914 0.5640625 0.3903966597077244 0.5609375 0.3924843423799583 0.5609375 0.40083507306889354 0.55625 0.40292275574112735 0.55625 0.4112734864300626 0.5609375 0.4133611691022965 0.5609375 0.42171189979123175 0.56875 0.4279749478079332 0.56875 0.4321503131524008 0.571875 0.4363256784968685 0.5765625 0.4384133611691023 0.5765625 0.44258872651356995 0.5859375 0.44258872651356995 0.5875 0.4363256784968685 0.5984375 0.4363256784968685 0.6 0.44258872651356995 0.6046875 0.44258872651356995 0.60625 0.44676409185803756 0.6203125 0.44676409185803756 0.621875 0.44258872651356995 0.625 0.44258872651356995 0.6265625 0.4363256784968685 0.640625 0.4363256784968685 0.6421875 0.4321503131524008 0.6515625 0.4321503131524008 0.653125 0.42588726513569936 0.65625 0.42588726513569936 0.65625 0.4133611691022965 0.653125 0.4133611691022965 0.6484375 0.407098121085595 0.6484375 0.40292275574112735 0.6453125 0.40292275574112735 0.640625 0.3966597077244259 0.640625 0.3924843423799583 0.6375 0.3924843423799583 0.6328125 0.3862212943632568 0.6328125 0.38204592901878914 0.6296875 0.38204592901878914 0.625 0.3757828810020877 0.625 0.37160751565762007 0.621875 0.37160751565762007 0.6203125 0.3674321503131524 0.6140625 0.3674321503131524 0.6125 0.36116910229645094 0.5921875 0.36116910229645094 0.5921875 0.36325678496868474 0.590625 0.3674321503131524 0.5796875 0.3674321503131524
1 0.55625 0.6200417536534447 0.5546875 0.6242171189979123 0.5484375 0.6242171189979123 0.5484375 0.6283924843423799 0.54375 0.6346555323590815 0.5375 0.6346555323590815 0.5375 0.6430062630480167 0.534375 0.6450939457202505 0.5328125 0.651356993736952 0.5265625 0.651356993736952 0.525 0.6555323590814196 0.521875 0.6555323590814196 0.521875 0.6597077244258872 0.5171875 0.6659707724425887 0.5140625 0.6659707724425887 0.5125 0.6701461377870563 0.50625 0.6701461377870563 0.50625 0.6951983298538622 0.503125 0.697286012526096 0.503125 0.7056367432150313 0.5109375 0.7118997912317327 0.5109375 0.7160751565762005 0.5203125 0.7160751565762005 0.521875 0.7202505219206681 0.525 0.7202505219206681 0.5265625 0.7160751565762005 0.54375 0.7160751565762005 0.5453125 0.7098121085594989 0.559375 0.7098121085594989 0.5609375 0.7160751565762005 0.590625 0.7160751565762005 0.590625 0.7077244258872651 0.59375 0.7056367432150313 0.59375 0.6910229645093946 0.5984375 0.6889352818371608 0.5984375 0.6805845511482255 0.6015625 0.6784968684759917 0.6015625 0.6701461377870563 0.60625 0.6638830897703549 0.609375 0.6638830897703549 0.609375 0.6555323590814196 0.6140625 0.6492693110647182 0.6171875 0.6492693110647182 0.6171875 0.6450939457202505 0.6203125 0.6430062630480167 0.6203125 0.6304801670146137 0.6171875 0.6283924843423799 0.6171875 0.6242171189979123 0.6109375 0.6242171189979123 0.609375 0.6200417536534447 0.5921875 0.6200417536534447 0.590625 0.6137787056367432 0.571875 0.6137787056367432 0.571875 0.615866388308977 0.5703125 0.6200417536534447 0.55625 0.6200417536534447
1 0.978125 0.33194154488517746 0.9765625 0.33611691022964507 0.9703125 0.33611691022964507 0.96875 0.34029227557411273 0.9625 0.34029227557411273 0.9625 0.3444676409185804 0.9546875 0.35073068893528186 0.953125 0.3569937369519833 0.95 0.3569937369519833 0.95 0.3653444676409186 0.946875 0.3674321503131524 0.946875 0.3903966597077244 0.95 0.3924843423799583 0.95 0.40083507306889354 0.9546875 0.40292275574112735 0.9546875 0.4112734864300626 0.9625 0.4175365344467641 0.9625 0.42171189979123175 0.965625 0.42379958246346555 0.965625 0.4321503131524008 0.96875 0.4321503131524008 0.9734375 0.4384133611691023 0.9734375 0.44258872651356995 0.9796875 0.44258872651356995 0.98125 0.44676409185803756 0.9875 0.44676409185803756 0.9890625 0.44258872651356995 0.9921875 0.44258872651356995 0.99375 0.4363256784968685 0.9984375 0.4363256784968685 0.9984375 0.325678496868476 0.9859375 0.325678496868476 0.9859375 0.3277661795407098 0.984375 0.33194154488517746 0.978125 0.33194154488517746
1 0.7921875 0.7995824634655533 0.790625 0.8058455114822547 0.784375 0.8058455114822547 0.7796875 0.8162839248434238 0.7765625 0.8162839248434238 0.7765625 0.8288100208768268 0.7796875 0.8288100208768268 0.78125 0.8329853862212944 0.7953125 0.8329853862212944 0.796875 0.8392484342379958 0.80625 0.8392484342379958 0.8109375 0.8455114822546973 0.8109375 0.8538622129436325 0.815625 0.8559498956158664 0.815625 0.8643006263048016 0.81875 0.8663883089770354 0.81875 0.8914405010438413 0.821875 0.8914405010438413 0.8265625 0.8977035490605428 0.8265625 0.9018789144050104 0.8296875 0.9018789144050104 0.834375 0.9081419624217119 0.834375 0.9123173277661796 0.8375 0.9123173277661796 0.8421875 0.9206680584551148 0.85625 0.9206680584551148 0.8578125 0.9269311064718163 0.8671875 0.9269311064718163 0.86875 0.9206680584551148 0.871875 0.9206680584551148 0.871875 0.8977035490605428 0.875 0.8956158663883089 0.875 0.8872651356993737 0.8828125 0.8810020876826722 0.8828125 0.872651356993737 0.8875 0.8705636743215032 0.8875 0.8622129436325678 0.890625 0.860125260960334 0.890625 0.8559498956158664 0.8953125 0.8538622129436325 0.9 0.8434237995824635 0.903125 0.8434237995824635 0.90625 0.8392484342379958 0.9078125 0.8329853862212944 0.9109375 0.8329853862212944 0.9140625 0.8288100208768268 0.9140625 0.8204592901878914 0.90625 0.81419624217119 0.90625 0.8100208768267223 0.896875 0.8100208768267223 0.8953125 0.8058455114822547 0.88125 0.8058455114822547 0.8796875 0.7995824634655533 0.834375 0.7995824634655533 0.8328125 0.7954070981210856 0.8078125 0.7954070981210856 0.8078125 0.7974947807933194 0.80625 0.7995824634655533 0.7921875 0.7995824634655533
1 0.60625 0.8058455114822547 0.6046875 0.8100208768267223 0.584375 0.8100208768267223 0.5828125 0.8058455114822547 0.5640625 0.8058455114822547 0.5640625 0.8079331941544885 0.56875 0.8100208768267223 0.56875 0.81419624217119 0.5609375 0.8162839248434238 0.5609375 0.824634655532359 0.55625 0.826722338204593 0.5515625 0.8350730688935282 0.5484375 0.8350730688935282 0.5484375 0.8392484342379958 0.5453125 0.8413361169102297 0.5453125 0.860125260960334 0.540625 0.8622129436325678 0.540625 0.8851774530271399 0.5453125 0.8872651356993737 0.5453125 0.8956158663883089 0.5484375 0.8977035490605428 0.5484375 0.9018789144050104 0.5546875 0.9018789144050104 0.55625 0.906054279749478 0.559375 0.906054279749478 0.5640625 0.9164926931106472 0.575 0.9164926931106472 0.5765625 0.9206680584551148 0.5828125 0.9206680584551148 0.584375 0.9269311064718163 0.59375 0.9269311064718163 0.5953125 0.9311064718162839 0.6046875 0.9311064718162839 0.60625 0.9373695198329853 0.6125 0.9373695198329853 0.6140625 0.941544885177453 0.6203125 0.941544885177453 0.621875 0.9478079331941545 0.628125 0.9478079331941545 0.6296875 0.9519832985386222 0.640625 0.9519832985386222 0.6421875 0.9582463465553236 0.64375 0.9582463465553236 0.6453125 0.9519832985386222 0.659375 0.9519832985386222 0.6609375 0.9478079331941545 0.6671875 0.9478079331941545 0.6671875 0.9394572025052192 0.6703125 0.9373695198329853 0.6703125 0.9290187891440501 0.675 0.9269311064718163 0.675 0.8977035490605428 0.671875 0.8977035490605428 0.6703125 0.8935281837160751 0.675 0.8914405010438413 0.675 0.8559498956158664 0.6796875 0.8496868475991649 0.6828125 0.8496868475991649 0.6828125 0.8162839248434238 0.6765625 0.8162839248434238 0.675 0.8100208768267223 0.665625 0.8100208768267223 0.6640625 0.8058455114822547 0.65 0.8058455114822547 0.6484375 0.7995824634655533 0.6296875 0.7995824634655533 0.6296875 0.8016701461377871 0.628125 0.8058455114822547 0.60625 0.8058455114822547
1 0.475 0.4279749478079332 0.4734375 0.4342379958246347 0.45625 0.4342379958246347 0.4546875 0.4384133611691023 0.4484375 0.4384133611691023 0.446875 0.44467640918580376 0.440625 0.44467640918580376 0.4390625 0.4488517745302714 0.4328125 0.4488517745302714 0.4328125 0.453027139874739 0.428125 0.4592901878914405 0.425 0.4592901878914405 0.425 0.46346555323590816 0.4203125 0.4697286012526096 0.4171875 0.4697286012526096 0.4171875 0.5407098121085595 0.421875 0.5427974947807933 0.421875 0.5511482254697286 0.4296875 0.55741127348643 0.4296875 0.5615866388308977 0.4328125 0.5657620041753654 0.4625 0.5657620041753654 0.4640625 0.5615866388308977 0.4703125 0.5615866388308977 0.4703125 0.55741127348643 0.475 0.5511482254697286 0.4859375 0.5511482254697286 0.4875 0.5448851774530271 0.496875 0.5448851774530271 0.4984375 0.5407098121085595 0.509375 0.5407098121085595 0.5109375 0.534446764091858 0.5203125 0.534446764091858 0.521875 0.5302713987473904 0.5328125 0.5302713987473904 0.534375 0.524008350730689 0.5390625 0.524008350730689 0.5390625 0.5156576200417536 0.54375 0.5135699373695198 0.546875 0.5093945720250522 0.546875 0.5052192066805845 0.5515625 0.5031315240083507 0.55625 0.49478079331941544 0.559375 0.49478079331941544 0.559375 0.4906054279749478 0.5640625 0.48434237995824636 0.5671875 0.48434237995824636 0.5671875 0.4759916492693111 0.5703125 0.47390396659707723 0.5703125 0.4592901878914405 0.575 0.4572025052192067 0.575 0.44467640918580376 0.5703125 0.44258872651356995 0.5703125 0.4342379958246347 0.5625 0.4321503131524008 0.5625 0.4279749478079332 0.559375 0.42379958246346555 0.521875 0.42379958246346555 0.521875 0.42588726513569936 0.5203125 0.4279749478079332 0.475 0.4279749478079332
1 0.6421875 0 0.6421875 0.0020876826722338203 0.6421875 0.008350730688935281 0.6375 0.010438413361169102 0.6375 0.014613778705636743 0.6421875 0.016701461377870562 0.6421875 0.03549060542797495 0.6515625 0.03549060542797495 0.653125 0.03966597077244259 0.6640625 0.03966597077244259 0.665625 0.04592901878914405 0.671875 0.05219206680584551 0.671875 0.05636743215031315 0.675 0.05636743215031315 0.6796875 0.06263048016701461 0.6796875 0.0709812108559499 0.7015625 0.0709812108559499 0.703125 0.06680584551148225 0.709375 0.06680584551148225 0.709375 0.06263048016701461 0.7140625 0.060542797494780795 0.7171875 0.05636743215031315 0.7171875 0.05219206680584551 0.721875 0.05010438413361169 0.7234375 0.04592901878914405 0.7328125 0.04592901878914405 0.7328125 0.04175365344467641 0.7375 0.03549060542797495 0.740625 0.03549060542797495 0.740625 0.031315240083507306 0.7453125 0.025052192066805846 0.759375 0.025052192066805846 0.7609375 0.018789144050104383 0.7796875 0.018789144050104383 0.7828125 0.014613778705636743 0.7828125 0.006263048016701462 0.7796875 0.0041753653444676405 0.7796875 0 0.6421875 0
1 0.0546875 0 0.0546875 0.0020876826722338203 0.053125 0.006263048016701462 0.046875 0.006263048016701462 0.046875 0.014613778705636743 0.0421875 0.020876826722338204 0.0390625 0.020876826722338204 0.0390625 0.029227557411273485 0.0359375 0.031315240083507306 0.0359375 0.05636743215031315 0.0390625 0.05845511482254697 0.0390625 0.0709812108559499 0.04375 0.07306889352818371 0.04375 0.07724425887265135 0.046875 0.07933194154488518 0.046875 0.08559498956158663 0.0515625 0.08768267223382047 0.0515625 0.0918580375782881 0.0578125 0.0918580375782881 0.059375 0.09603340292275574 0.0796875 0.09603340292275574 0.08125 0.1022964509394572 0.0875 0.1022964509394572 0.0890625 0.10647181628392484 0.0953125 0.10647181628392484 0.096875 0.1127348643006263 0.115625 0.1127348643006263 0.1171875 0.10647181628392484 0.1234375 0.10647181628392484 0.128125 0.09603340292275574 0.13125 0.09603340292275574 0.1328125 0.08559498956158663 0.1375 0.08559498956158663 0.14375 0.07724425887265135 0.146875 0.081419624217119 0.1578125 0.081419624217119 0.1625 0.0709812108559499 0.165625 0.0709812108559499 0.165625 0.06263048016701461 0.16875 0.060542797494780795 0.16875 0.05219206680584551 0.1765625 0.04592901878914405 0.1765625 0.037578288100208766 0.1734375 0.03549060542797495 0.1734375 0.027139874739039668 0.16875 0.025052192066805846 0.16875 0.020876826722338204 0.165625 0.016701461377870562 0.159375 0.016701461377870562 0.1578125 0.010438413361169102 0.1515625 0.010438413361169102 0.15 0.006263048016701462 0.14375 0.006263048016701462 0.1421875 0 0.0546875 0
1 0.503125 0.5427974947807933 0.5015625 0.5469728601252609 0.4875 0.5469728601252609 0.4859375 0.5532359081419624 0.4796875 0.5532359081419624 0.478125 0.55741127348643 0.471875 0.55741127348643 0.4703125 0.5636743215031316 0.4640625 0.5636743215031316 0.4625 0.5678496868475992 0.453125 0.5678496868475992 0.4515625 0.5741127348643006 0.4453125 0.5741127348643006 0.44375 0.5782881002087683 0.440625 0.5782881002087683 0.440625 0.5824634655532359 0.4375 0.5845511482254697 0.4375 0.5908141962421712 0.4328125 0.592901878914405 0.4328125 0.6179540709812108 0.4390625 0.6179540709812108 0.440625 0.6221294363256785 0.4546875 0.6221294363256785 0.45625 0.6283924843423799 0.465625 0.6283924843423799 0.4671875 0.6325678496868476 0.4734375 0.6325678496868476 0.475 0.6388308977035491 0.4859375 0.6388308977035491 0.4875 0.6430062630480167 0.496875 0.6430062630480167 0.4984375 0.6492693110647182 0.5125 0.6492693110647182 0.5140625 0.6534446764091858 0.525 0.6534446764091858 0.5265625 0.6492693110647182 0.5328125 0.6492693110647182 0.5328125 0.6450939457202505 0.5390625 0.6388308977035491 0.540625 0.6325678496868476 0.54375 0.6325678496868476 0.5453125 0.6283924843423799 0.5515625 0.6283924843423799 0.5515625 0.6242171189979123 0.55625 0.6179540709812108 0.5671875 0.6179540709812108 0.56875 0.6116910229645094 0.578125 0.6116910229645094 0.5796875 0.6075156576200418 0.5828125 0.6075156576200418 0.5828125 0.5845511482254697 0.5796875 0.5845511482254697 0.575 0.5741127348643006 0.5703125 0.5720250521920668 0.5703125 0.5636743215031316 0.5671875 0.5615866388308977 0.5671875 0.5532359081419624 0.5625 0.5511482254697286 0.5625 0.5469728601252609 0.559375 0.5427974947807933 0.553125 0.5427974947807933 0.5515625 0.5365344467640919 0.5140625 0.5365344467640919 0.5140625 0.5386221294363257 0.5125 0.5427974947807933 0.503125 0.5427974947807933
1 0.5796875 0.20250521920668058 0.578125 0.20668058455114824 0.56875 0.20668058455114824 0.56875 0.21085594989561587 0.5640625 0.21294363256784968 0.559375 0.22338204592901878 0.55625 0.22338204592901878 0.553125 0.22755741127348644 0.5515625 0.23382045929018788 0.5484375 0.23382045929018788 0.5484375 0.24217118997912318 0.54375 0.24843423799582465 0.540625 0.24843423799582465 0.540625 0.2567849686847599 0.5375 0.2588726513569937 0.5375 0.267223382045929 0.534375 0.26931106471816285 0.534375 0.2776617954070981 0.5296875 0.2797494780793319 0.5296875 0.302713987473904 0.5328125 0.302713987473904 0.534375 0.3089770354906054 0.5375 0.31106471816283926 0.5375 0.31941544885177453 0.540625 0.32150313152400833 0.540625 0.3298538622129436 0.54375 0.3298538622129436 0.5484375 0.33611691022964507 0.5484375 0.3444676409185804 0.553125 0.3465553235908142 0.553125 0.35490605427974947 0.55625 0.3569937369519833 0.55625 0.3695198329853862 0.5609375 0.37160751565762007 0.5609375 0.3757828810020877 0.575 0.3757828810020877 0.5765625 0.3695198329853862 0.5828125 0.3695198329853862 0.584375 0.3653444676409186 0.590625 0.3653444676409186 0.5921875 0.35908141962421714 0.6125 0.35908141962421714 0.6140625 0.35490605427974947 0.6203125 0.35490605427974947 0.621875 0.348643006263048 0.628125 0.348643006263048 0.6296875 0.3444676409185804 0.6328125 0.3444676409185804 0.6328125 0.34029227557411273 0.6359375 0.33820459290187893 0.6359375 0.33194154488517746 0.640625 0.3298538622129436 0.640625 0.325678496868476 0.6453125 0.31941544885177453 0.6484375 0.31941544885177453 0.6484375 0.31524008350730687 0.6515625 0.31315240083507306 0.6515625 0.3048016701461378 0.65625 0.302713987473904 0.65625 0.2630480167014614 0.6515625 0.2609603340292276 0.6515625 0.25260960334029225 0.6484375 0.24843423799582465 0.64375 0.24634655532359082 0.64375 0.23799582463465555 0.640625 0.2359081419624217 0.640625 0.22755741127348644 0.6375 0.22755741127348644 0.6359375 0.22338204592901878 0.6296875 0.22338204592901878 0.628125 0.21711899791231734 0.6203125 0.21085594989561587 0.6203125 0.20668058455114824 0.6171875 0.20250521920668058 0.609375 0.20041753653444677 0.609375 0.19624217118997914 0.6 0.19624217118997914 0.6 0.19832985386221294 0.5984375 0.20250521920668058 0.5796875 0.20250521920668058
1 0.6296875 0.04801670146137787 0.625 0.05845511482254697 0.621875 0.05845511482254697 0.61875 0.06263048016701461 0.6171875 0.06889352818371608 0.6140625 0.06889352818371608 0.6140625 0.07724425887265135 0.603125 0.08768267223382047 0.603125 0.0918580375782881 0.5984375 0.09812108559498957 0.5953125 0.09812108559498957 0.5953125 0.1022964509394572 0.590625 0.10855949895615867 0.5875 0.10855949895615867 0.5875 0.11691022964509394 0.584375 0.11899791231732777 0.584375 0.12734864300626306 0.5796875 0.12943632567849686 0.5796875 0.15866388308977036 0.5765625 0.16075156576200417 0.5765625 0.18997912317327767 0.5796875 0.1941544885177453 0.6125 0.1941544885177453 0.6140625 0.20041753653444677 0.6171875 0.20041753653444677 0.61875 0.2045929018789144 0.625 0.2045929018789144 0.6296875 0.2150313152400835 0.634375 0.21711899791231734 0.634375 0.22129436325678498 0.6484375 0.22129436325678498 0.6484375 0.21711899791231734 0.653125 0.21085594989561587 0.65625 0.21085594989561587 0.65625 0.20668058455114824 0.6609375 0.20041753653444677 0.6640625 0.20041753653444677 0.6640625 0.18162839248434237 0.6671875 0.17954070981210857 0.6671875 0.17118997912317327 0.6703125 0.16910229645093947 0.6703125 0.14613778705636743 0.675 0.1440501043841336 0.675 0.13569937369519833 0.6703125 0.1336116910229645 0.6703125 0.12526096033402923 0.675 0.12317327766179541 0.675 0.11899791231732777 0.678125 0.11691022964509394 0.678125 0.07306889352818371 0.675 0.0709812108559499 0.675 0.05845511482254697 0.6703125 0.05636743215031315 0.6703125 0.05219206680584551 0.6640625 0.04592901878914405 0.6640625 0.04175365344467641 0.6375 0.04175365344467641 0.6375 0.04384133611691023 0.6359375 0.04801670146137787 0.6296875 0.04801670146137787
1 0.740625 0.3569937369519833 0.734375 0.3569937369519833 0.734375 0.3653444676409186 0.7296875 0.37160751565762007 0.7265625 0.37160751565762007 0.7265625 0.37995824634655534 0.7234375 0.38204592901878914 0.7234375 0.3862212943632568 0.71875 0.3883089770354906 0.7140625 0.3987473903966597 0.7109375 0.3987473903966597 0.7078125 0.40292275574112735 0.70625 0.4091858037578288 0.703125 0.4091858037578288 0.703125 0.4154488517745303 0.7 0.4175365344467641 0.7 0.42588726513569936 0.6953125 0.4279749478079332 0.6953125 0.453027139874739 0.6921875 0.4551148225469729 0.6921875 0.4989561586638831 0.6953125 0.5010438413361169 0.6953125 0.5093945720250522 0.7015625 0.5093945720250522 0.703125 0.5135699373695198 0.709375 0.5135699373695198 0.7109375 0.5198329853862212 0.7328125 0.5198329853862212 0.734375 0.524008350730689 0.7953125 0.524008350730689 0.796875 0.5198329853862212 0.80625 0.5198329853862212 0.80625 0.5156576200417536 0.8109375 0.5093945720250522 0.8140625 0.5093945720250522 0.8140625 0.5052192066805845 0.8171875 0.5031315240083507 0.8171875 0.4968684759916493 0.821875 0.49478079331941544 0.821875 0.4801670146137787 0.825 0.4780793319415449 0.825 0.4279749478079332 0.821875 0.42588726513569936 0.821875 0.4091858037578288 0.8171875 0.407098121085595 0.8171875 0.3924843423799583 0.8140625 0.3903966597077244 0.8140625 0.38204592901878914 0.8078125 0.38204592901878914 0.80625 0.3778705636743215 0.8015625 0.3757828810020877 0.8015625 0.37160751565762007 0.796875 0.37160751565762007 0.7953125 0.3674321503131524 0.7921875 0.3674321503131524 0.790625 0.36116910229645094 0.784375 0.36116910229645094 0.7796875 0.35490605427974947 0.7796875 0.35073068893528186 0.76875 0.35073068893528186 0.7671875 0.3465553235908142 0.7453125 0.3465553235908142 0.7453125 0.348643006263048 0.7421875 0.35073068893528186 0.740625 0.3569937369519833
1 0.51875 0.9269311064718163 0.5140625 0.9290187891440501 0.5125 0.9331941544885177 0.50625 0.9331941544885177 0.50625 0.9373695198329853 0.5015625 0.9436325678496869 0.4984375 0.9436325678496869 0.4984375 0.9478079331941545 0.49375 0.954070981210856 0.490625 0.954070981210856 0.490625 0.9582463465553236 0.4859375 0.964509394572025 0.4828125 0.964509394572025 0.4828125 0.9728601252609603 0.4796875 0.9749478079331941 0.4796875 0.9832985386221295 0.475 0.9853862212943633 0.475 0.9937369519832986 0.478125 0.9937369519832986 0.4796875 0.9979123173277662 0.525 0.9979123173277662 0.5265625 0.9937369519832986 0.6046875 0.9937369519832986 0.60625 0.9979123173277662 0.625 0.9979123173277662 0.6265625 0.9937369519832986 0.6328125 0.9937369519832986 0.6328125 0.9749478079331941 0.628125 0.9728601252609603 0.628125 0.9603340292275574 0.625 0.9582463465553236 0.625 0.954070981210856 0.621875 0.954070981210856 0.6171875 0.9478079331941545 0.6171875 0.9436325678496869 0.6140625 0.9436325678496869 0.6125 0.9394572025052192 0.6 0.9394572025052192 0.5984375 0.9331941544885177 0.5875 0.9331941544885177 0.5859375 0.9290187891440501 0.5796875 0.9290187891440501 0.578125 0.9227557411273486 0.5640625 0.9227557411273486 0.5625 0.918580375782881 0.5265625 0.918580375782881 0.5265625 0.9206680584551148 0.51875 0.9227557411273486 0.51875 0.9269311064718163
1 0.7453125 0.027139874739039668 0.7421875 0.031315240083507306 0.740625 0.04175365344467641 0.734375 0.04175365344467641 0.734375 0.04592901878914405 0.7296875 0.05219206680584551 0.7234375 0.05219206680584551 0.7234375 0.05636743215031315 0.71875 0.05845511482254697 0.7140625 0.06889352818371608 0.7109375 0.06889352818371608 0.7078125 0.07306889352818371 0.70625 0.07933194154488518 0.703125 0.07933194154488518 0.7 0.08350730688935282 0.7 0.0918580375782881 0.6953125 0.09394572025052192 0.6953125 0.10647181628392484 0.6921875 0.10855949895615867 0.6921875 0.1336116910229645 0.7 0.13987473903966596 0.7 0.1440501043841336 0.703125 0.14822546972860126 0.7078125 0.15031315240083507 0.7078125 0.15866388308977036 0.7109375 0.16075156576200417 0.7109375 0.16910229645093947 0.7140625 0.16910229645093947 0.71875 0.17536534446764093 0.71875 0.17954070981210857 0.725 0.17954070981210857 0.7265625 0.1837160751565762 0.7484375 0.1837160751565762 0.75 0.18997912317327767 0.75625 0.18997912317327767 0.7609375 0.19624217118997914 0.7609375 0.20041753653444677 0.7671875 0.20041753653444677 0.76875 0.2045929018789144 0.775 0.2045929018789144 0.7765625 0.21085594989561587 0.7875 0.21085594989561587 0.7890625 0.2150313152400835 0.8015625 0.2150313152400835 0.803125 0.21085594989561587 0.8171875 0.21085594989561587 0.81875 0.2045929018789144 0.821875 0.2045929018789144 0.821875 0.18580375782881003 0.8171875 0.1837160751565762 0.8171875 0.17118997912317327 0.8140625 0.16910229645093947 0.8140625 0.15657620041753653 0.809375 0.1544885177453027 0.809375 0.11482254697286012 0.8140625 0.1127348643006263 0.8140625 0.10438413361169102 0.8171875 0.1022964509394572 0.8171875 0.09812108559498957 0.821875 0.09603340292275574 0.821875 0.08350730688935282 0.8171875 0.081419624217119 0.8171875 0.06889352818371608 0.8140625 0.06680584551148225 0.8140625 0.06263048016701461 0.809375 0.060542797494780795 0.809375 0.05219206680584551 0.8015625 0.04592901878914405 0.8015625 0.037578288100208766 0.796875 0.037578288100208766 0.7953125 0.031315240083507306 0.7921875 0.031315240083507306 0.790625 0.027139874739039668 0.7765625 0.027139874739039668 0.775 0.020876826722338204 0.76875 0.020876826722338204 0.76875 0.022964509394572025 0.7671875 0.027139874739039668 0.7453125 0.027139874739039668
1 0.1125 0.3569937369519833 0.1109375 0.36116910229645094 0.1046875 0.36116910229645094 0.103125 0.3674321503131524 0.096875 0.3674321503131524 0.096875 0.37995824634655534 0.1015625 0.38204592901878914 0.1015625 0.3903966597077244 0.1046875 0.3924843423799583 0.1046875 0.3966597077244259 0.109375 0.3987473903966597 0.109375 0.407098121085595 0.1171875 0.4133611691022965 0.1171875 0.42171189979123175 0.125 0.4279749478079332 0.125 0.4363256784968685 0.128125 0.4384133611691023 0.128125 0.44258872651356995 0.13125 0.44258872651356995 0.1390625 0.4572025052192067 0.14375 0.4592901878914405 0.14375 0.46346555323590816 0.146875 0.46764091858037576 0.1515625 0.4697286012526096 0.1515625 0.47390396659707723 0.1546875 0.4780793319415449 0.159375 0.4801670146137787 0.159375 0.48434237995824636 0.165625 0.48434237995824636 0.1671875 0.48851774530271397 0.1765625 0.48851774530271397 0.178125 0.49478079331941544 0.2390625 0.49478079331941544 0.240625 0.48851774530271397 0.246875 0.48851774530271397 0.2515625 0.4780793319415449 0.2546875 0.4780793319415449 0.2578125 0.47390396659707723 0.2578125 0.46555323590814196 0.2625 0.46346555323590816 0.2625 0.44467640918580376 0.265625 0.44258872651356995 0.265625 0.4279749478079332 0.26875 0.42588726513569936 0.26875 0.4091858037578288 0.265625 0.407098121085595 0.265625 0.3883089770354906 0.2625 0.3862212943632568 0.2625 0.3778705636743215 0.259375 0.3778705636743215 0.2546875 0.3674321503131524 0.25 0.3653444676409186 0.25 0.36116910229645094 0.24375 0.36116910229645094 0.2421875 0.3569937369519833 0.228125 0.3569937369519833 0.2265625 0.35073068893528186 0.128125 0.35073068893528186 0.128125 0.35281837160751567 0.1265625 0.3569937369519833 0.1125 0.3569937369519833
1 0.278125 0 0.278125 0.0020876826722338203 0.278125 0.014613778705636743 0.275 0.016701461377870562 0.275 0.03549060542797495 0.278125 0.037578288100208766 0.278125 0.05010438413361169 0.2828125 0.05219206680584551 0.2828125 0.060542797494780795 0.2890625 0.060542797494780795 0.290625 0.06680584551148225 0.3125 0.06680584551148225 0.3125 0.06263048016701461 0.3171875 0.05636743215031315 0.3203125 0.05636743215031315 0.3203125 0.05219206680584551 0.325 0.04592901878914405 0.328125 0.04592901878914405 0.3296875 0.03966597077244259 0.334375 0.03966597077244259 0.3359375 0.03549060542797495 0.346875 0.03549060542797495 0.3484375 0.029227557411273485 0.3578125 0.029227557411273485 0.359375 0.025052192066805846 0.3703125 0.025052192066805846 0.3703125 0.020876826722338204 0.375 0.014613778705636743 0.378125 0.014613778705636743 0.378125 0 0.278125 0
1 0.2328125 0.8350730688935282 0.23125 0.8413361169102297 0.225 0.8413361169102297 0.2234375 0.8455114822546973 0.2171875 0.8455114822546973 0.2171875 0.8496868475991649 0.2125 0.8517745302713987 0.2109375 0.8559498956158664 0.2046875 0.8559498956158664 0.203125 0.8622129436325678 0.1984375 0.8622129436325678 0.196875 0.8663883089770354 0.19375 0.8663883089770354 0.1921875 0.872651356993737 0.1859375 0.872651356993737 0.1859375 0.8810020876826722 0.18125 0.8872651356993737 0.178125 0.8872651356993737 0.178125 0.8956158663883089 0.175 0.8977035490605428 0.1734375 0.9039665970772442 0.1703125 0.9039665970772442 0.1703125 0.9519832985386222 0.175 0.954070981210856 0.175 0.9624217118997912 0.178125 0.964509394572025 0.178125 0.9686847599164927 0.1828125 0.9707724425887265 0.1828125 0.9791231732776617 0.190625 0.9853862212943633 0.190625 0.9895615866388309 0.2078125 0.9895615866388309 0.2078125 0.9853862212943633 0.2109375 0.9832985386221295 0.2109375 0.9749478079331941 0.215625 0.9728601252609603 0.215625 0.9603340292275574 0.21875 0.9582463465553236 0.2203125 0.9519832985386222 0.225 0.954070981210856 0.225 0.9582463465553236 0.2390625 0.9582463465553236 0.240625 0.9519832985386222 0.25 0.9519832985386222 0.2515625 0.9478079331941545 0.284375 0.9478079331941545 0.2859375 0.941544885177453 0.2890625 0.941544885177453 0.2921875 0.9373695198329853 0.2921875 0.9144050104384134 0.296875 0.9123173277661796 0.296875 0.8830897703549061 0.2921875 0.8810020876826722 0.2921875 0.8517745302713987 0.2890625 0.8496868475991649 0.2890625 0.8455114822546973 0.2859375 0.8455114822546973 0.28125 0.8392484342379958 0.28125 0.8350730688935282 0.275 0.8350730688935282 0.2734375 0.8308977035490606 0.24375 0.8308977035490606 0.24375 0.8329853862212944 0.2421875 0.8350730688935282 0.2328125 0.8350730688935282
1 0.78125 0.5323590814196242 0.7734375 0.5427974947807933 0.7734375 0.5824634655532359 0.7765625 0.5866388308977035 0.7875 0.5866388308977035 0.7890625 0.5908141962421712 0.7953125 0.5908141962421712 0.796875 0.5970772442588727 0.8015625 0.5970772442588727 0.803125 0.6012526096033403 0.809375 0.6012526096033403 0.8109375 0.6033402922755741 0.8109375 0.6283924843423799 0.815625 0.6304801670146137 0.815625 0.6388308977035491 0.81875 0.6430062630480167 0.8265625 0.6450939457202505 0.8265625 0.6492693110647182 0.853125 0.6492693110647182 0.8578125 0.6555323590814196 0.8578125 0.6597077244258872 0.8640625 0.6597077244258872 0.865625 0.6638830897703549 0.871875 0.6638830897703549 0.875 0.6680584551148225 0.88125 0.6597077244258872 0.8875 0.6597077244258872 0.8875 0.6555323590814196 0.890625 0.6534446764091858 0.890625 0.6450939457202505 0.8953125 0.6430062630480167 0.8953125 0.6346555323590815 0.9 0.6283924843423799 0.903125 0.6283924843423799 0.903125 0.6200417536534447 0.90625 0.6179540709812108 0.90625 0.6096033402922756 0.903125 0.6075156576200418 0.903125 0.5991649269311065 0.8984375 0.5970772442588727 0.8984375 0.5887265135699373 0.890625 0.5824634655532359 0.890625 0.5782881002087683 0.884375 0.5782881002087683 0.8828125 0.5741127348643006 0.8765625 0.5741127348643006 0.871875 0.5636743215031316 0.8640625 0.5615866388308977 0.8640625 0.55741127348643 0.8578125 0.55741127348643 0.85625 0.5532359081419624 0.846875 0.5532359081419624 0.8453125 0.5469728601252609 0.834375 0.5469728601252609 0.8328125 0.5427974947807933 0.8265625 0.5427974947807933 0.825 0.5365344467640919 0.81875 0.5365344467640919 0.8171875 0.5323590814196242 0.803125 0.5323590814196242 0.8015625 0.5260960334029228 0.7921875 0.5260960334029228 0.7921875 0.5281837160751566 0.790625 0.5323590814196242 0.78125 0.5323590814196242
1 0.7078125 0.7995824634655533 0.70625 0.8058455114822547 0.6875 0.8058455114822547 0.684375 0.8100208768267223 0.684375 0.8183716075156576 0.6875 0.8204592901878914 0.6875 0.8288100208768268 0.690625 0.8288100208768268 0.6921875 0.8329853862212944 0.709375 0.8329853862212944 0.7109375 0.8392484342379958 0.715625 0.8413361169102297 0.715625 0.8496868475991649 0.721875 0.8496868475991649 0.7234375 0.8538622129436325 0.7296875 0.8538622129436325 0.73125 0.860125260960334 0.7359375 0.860125260960334 0.7375 0.8643006263048016 0.7515625 0.8643006263048016 0.753125 0.860125260960334 0.759375 0.860125260960334 0.7609375 0.8538622129436325 0.7671875 0.8538622129436325 0.76875 0.8496868475991649 0.771875 0.8496868475991649 0.771875 0.8455114822546973 0.775 0.8434237995824635 0.775 0.8308977035490606 0.771875 0.8288100208768268 0.771875 0.8204592901878914 0.76875 0.8204592901878914 0.7640625 0.81419624217119 0.7640625 0.8100208768267223 0.7609375 0.8100208768267223 0.759375 0.8058455114822547 0.753125 0.8058455114822547 0.7515625 0.7995824634655533 0.7375 0.7995824634655533 0.7359375 0.7954070981210856 0.71875 0.7954070981210856 0.71875 0.7974947807933194 0.7171875 0.7995824634655533 0.7078125 0.7995824634655533
2 0.846875 0.10855949895615867 0.846875 0.1127348643006263 0.8390625 0.11899791231732777 0.8375 0.12526096033402923 0.834375 0.12526096033402923 0.834375 0.1336116910229645 0.83125 0.13569937369519833 0.83125 0.14822546972860126 0.8265625 0.15031315240083507 0.8265625 0.1544885177453027 0.821875 0.16075156576200417 0.81875 0.16075156576200417 0.81875 0.1732776617954071 0.8234375 0.17536534446764093 0.8234375 0.1837160751565762 0.8265625 0.18580375782881003 0.8265625 0.20041753653444677 0.8453125 0.20041753653444677 0.846875 0.1941544885177453 0.85625 0.1941544885177453 0.8578125 0.18997912317327767 0.8640625 0.18997912317327767 0.865625 0.1837160751565762 0.8796875 0.1837160751565762 0.88125 0.17954070981210857 0.8875 0.17954070981210857 0.8890625 0.1837160751565762 0.903125 0.1837160751565762 0.9078125 0.1732776617954071 0.9109375 0.1732776617954071 0.9109375 0.16701461377870563 0.9140625 0.1649269311064718 0.9140625 0.15657620041753653 0.9109375 0.1544885177453027 0.9109375 0.14613778705636743 0.9046875 0.14613778705636743 0.903125 0.13987473903966596 0.9 0.13987473903966596 0.8984375 0.13569937369519833 0.8921875 0.13569937369519833 0.890625 0.12943632567849686 0.884375 0.12943632567849686 0.8828125 0.12526096033402923 0.8765625 0.12526096033402923 0.875 0.11899791231732777 0.871875 0.11482254697286012 0.86875 0.11482254697286012 0.8671875 0.10855949895615867 0.8640625 0.10647181628392484 0.8640625 0.09812108559498957 0.8578125 0.09812108559498957 0.85625 0.09394572025052192 0.85 0.09394572025052192 0.8484375 0.08768267223382047 0.8390625 0.08768267223382047 0.8390625 0.08977035490605428 0.8390625 0.1022964509394572 0.846875 0.10855949895615867
2 0.275 0.5970772442588727 0.278125 0.5991649269311065 0.278125 0.6075156576200418 0.284375 0.6075156576200418 0.2859375 0.6012526096033403 0.2890625 0.6012526096033403 0.2890625 0.5887265135699373 0.2921875 0.5866388308977035 0.2921875 0.5532359081419624 0.296875 0.5511482254697286 0.296875 0.5219206680584552 0.2921875 0.5198329853862212 0.2921875 0.5156576200417536 0.278125 0.5156576200417536 0.278125 0.5177453027139874 0.275 0.5219206680584552 0.275 0.5970772442588727
2 0.66875 0.18997912317327767 0.665625 0.19206680584551147 0.665625 0.20041753653444677 0.66875 0.20250521920668058 0.66875 0.2254697286012526 0.671875 0.22755741127348644 0.671875 0.24217118997912318 0.675 0.24217118997912318 0.6796875 0.25052192066805845 0.6828125 0.25052192066805845 0.684375 0.2567849686847599 0.6984375 0.2567849686847599 0.7 0.2609603340292276 0.709375 0.2609603340292276 0.709375 0.25260960334029225 0.7140625 0.25052192066805845 0.7140625 0.24843423799582465 0.709375 0.24634655532359082 0.709375 0.21294363256784968 0.70625 0.21085594989561587 0.70625 0.19206680584551147 0.7015625 0.18997912317327767 0.7015625 0.18580375782881003 0.6984375 0.18162839248434237 0.6875 0.18162839248434237 0.6859375 0.17536534446764093 0.671875 0.17536534446764093 0.671875 0.17745302713987474 0.66875 0.18162839248434237 0.66875 0.18997912317327767
2 0.6140625 0.44258872651356995 0.6109375 0.44467640918580376 0.6109375 0.453027139874739 0.6140625 0.4551148225469729 0.6140625 0.46346555323590816 0.6203125 0.46346555323590816 0.6203125 0.4592901878914405 0.628125 0.453027139874739 0.6296875 0.44676409185803756 0.6328125 0.44676409185803756 0.6359375 0.44258872651356995 0.6359375 0.4342379958246347 0.61875 0.4342379958246347 0.61875 0.4363256784968685 0.6140625 0.4384133611691023 0.6140625 0.44258872651356995
2 0.4796875 0.27348643006263046 0.478125 0.2797494780793319 0.471875 0.2797494780793319 0.4703125 0.2839248434237996 0.4640625 0.2839248434237996 0.4640625 0.2881002087682672 0.4609375 0.29018789144050106 0.4609375 0.2985386221294363 0.4625 0.2985386221294363 0.4640625 0.29227557411273486 0.4703125 0.29227557411273486 0.471875 0.2881002087682672 0.48125 0.2881002087682672 0.4828125 0.29227557411273486 0.49375 0.29227557411273486 0.4984375 0.2818371607515658 0.5015625 0.2818371607515658 0.5015625 0.26931106471816285 0.496875 0.267223382045929 0.496875 0.2630480167014614 0.490625 0.2630480167014614 0.490625 0.2651356993736952 0.4859375 0.27348643006263046 0.4796875 0.27348643006263046
2 0.4453125 0.302713987473904 0.4546875 0.302713987473904 0.45625 0.2985386221294363 0.459375 0.2985386221294363 0.459375 0.29018789144050106 0.4625 0.2881002087682672 0.4625 0.2839248434237996 0.459375 0.2818371607515658 0.459375 0.26931106471816285 0.4546875 0.267223382045929 0.4546875 0.2630480167014614 0.4484375 0.2630480167014614 0.4484375 0.2651356993736952 0.4453125 0.26931106471816285 0.4453125 0.302713987473904
2 0.5375 0.16910229645093947 0.5453125 0.17536534446764093 0.5453125 0.17954070981210857 0.5515625 0.17954070981210857 0.5515625 0.17536534446764093 0.5546875 0.1732776617954071 0.5546875 0.14613778705636743 0.540625 0.14613778705636743 0.540625 0.14822546972860126 0.5375 0.15031315240083507 0.5375 0.16910229645093947
2 0.084375 0.3465553235908142 0.078125 0.3465553235908142 0.0765625 0.35073068893528186 0.0734375 0.35073068893528186 0.0734375 0.35490605427974947 0.0765625 0.35490605427974947 0.078125 0.35908141962421714 0.103125 0.35908141962421714 0.1046875 0.35490605427974947 0.1109375 0.35490605427974947 0.1125 0.348643006263048 0.115625 0.348643006263048 0.115625 0.34029227557411273 0.1125 0.34029227557411273 0.1109375 0.33611691022964507 0.09375 0.33611691022964507 0.09375 0.33820459290187893 0.0859375 0.34029227557411273 0.084375 0.3465553235908142
2 0.6796875 0.267223382045929 0.6765625 0.26931106471816285 0.6765625 0.2776617954070981 0.671875 0.2797494780793319 0.671875 0.29227557411273486 0.678125 0.29227557411273486 0.6796875 0.2881002087682672 0.69375 0.2881002087682672 0.6953125 0.2818371607515658 0.70625 0.2818371607515658 0.7078125 0.2776617954070981 0.7140625 0.2776617954070981 0.7140625 0.27348643006263046 0.7171875 0.26931106471816285 0.7109375 0.26931106471816285 0.709375 0.2630480167014614 0.6921875 0.2630480167014614 0.690625 0.2588726513569937 0.684375 0.2588726513569937 0.684375 0.2609603340292276 0.6796875 0.2630480167014614 0.6796875 0.267223382045929
2 0.7375 0.20668058455114824 0.7375 0.2150313152400835 0.7421875 0.21711899791231734 0.7421875 0.2254697286012526 0.7453125 0.22755741127348644 0.7453125 0.23173277661795408 0.7640625 0.23173277661795408 0.7640625 0.22755741127348644 0.7671875 0.2254697286012526 0.7671875 0.21294363256784968 0.759375 0.20250521920668058 0.753125 0.20250521920668058 0.7515625 0.19624217118997914 0.7453125 0.19624217118997914 0.74375 0.19206680584551147 0.734375 0.19206680584551147 0.734375 0.1941544885177453 0.734375 0.2045929018789144 0.7375 0.20668058455114824
2 0.18125 0.08768267223382047 0.178125 0.08768267223382047 0.1765625 0.09394572025052192 0.1703125 0.09394572025052192 0.1671875 0.09812108559498957 0.1671875 0.10647181628392484 0.1703125 0.10855949895615867 0.1703125 0.1127348643006263 0.18125 0.1127348643006263 0.1828125 0.10647181628392484 0.1890625 0.10647181628392484 0.19375 0.09603340292275574 0.196875 0.09603340292275574 0.196875 0.08768267223382047 0.2 0.08559498956158663 0.2 0.07933194154488518 0.196875 0.07724425887265135 0.196875 0.07306889352818371 0.1859375 0.07306889352818371 0.1859375 0.07515657620041753 0.1859375 0.081419624217119 0.18125 0.08768267223382047
2 0.1359375 0.0918580375782881 0.14375 0.09812108559498957 0.14375 0.1022964509394572 0.153125 0.1022964509394572 0.1546875 0.09603340292275574 0.1578125 0.09603340292275574 0.1578125 0.08350730688935282 0.1546875 0.08350730688935282 0.15 0.07724425887265135 0.15 0.07306889352818371 0.146875 0.07306889352818371 0.1453125 0.06889352818371608 0.1390625 0.06889352818371608 0.1390625 0.0709812108559499 0.1359375 0.07306889352818371 0.1359375 0.0918580375782881
2 0.834375 0.12943632567849686 0.834375 0.14822546972860126 0.83125 0.15031315240083507 0.83125 0.1544885177453027 0.8234375 0.15657620041753653 0.8234375 0.1649269311064718 0.81875 0.16701461377870563 0.81875 0.1732776617954071 0.8234375 0.17536534446764093 0.8234375 0.1837160751565762 0.8265625 0.18580375782881003 0.8265625 0.1941544885177453 0.83125 0.19624217118997914 0.83125 0.20041753653444677 0.8453125 0.20041753653444677 0.846875 0.1941544885177453 0.85625 0.1941544885177453 0.8578125 0.18997912317327767 0.8640625 0.18997912317327767 0.8640625 0.18580375782881003 0.8671875 0.1837160751565762 0.8671875 0.17536534446764093 0.8640625 0.1732776617954071 0.8640625 0.14613778705636743 0.8671875 0.1440501043841336 0.8671875 0.12943632567849686 0.8609375 0.12317327766179541 0.8609375 0.11899791231732777 0.8421875 0.11899791231732777 0.8421875 0.12108559498956159 0.8375 0.12943632567849686 0.834375 0.12943632567849686
2 0.86875 0.5657620041753654 0.875 0.5657620041753654 0.8765625 0.5720250521920668 0.8828125 0.5720250521920668 0.884375 0.5762004175365344 0.890625 0.5762004175365344 0.890625 0.55741127348643 0.8828125 0.5511482254697286 0.8828125 0.5469728601252609 0.865625 0.5469728601252609 0.865625 0.5490605427974948 0.865625 0.5615866388308977 0.86875 0.5657620041753654
2 0.046875 0.6388308977035491 0.04375 0.6409185803757829 0.046875 0.6450939457202505 0.046875 0.6597077244258872 0.05 0.6597077244258872 0.0546875 0.6680584551148225 0.0578125 0.6680584551148225 0.059375 0.6743215031315241 0.0765625 0.6743215031315241 0.078125 0.6680584551148225 0.084375 0.6680584551148225 0.084375 0.6555323590814196 0.0796875 0.6534446764091858 0.0796875 0.6409185803757829 0.0734375 0.6409185803757829 0.071875 0.6346555323590815 0.0671875 0.6346555323590815 0.065625 0.6304801670146137 0.0515625 0.6304801670146137 0.0515625 0.6325678496868476 0.046875 0.6346555323590815 0.046875 0.6388308977035491
2 0.0703125 0.7849686847599165 0.0671875 0.7891440501043842 0.0671875 0.7974947807933194 0.071875 0.7974947807933194 0.0734375 0.8037578288100209 0.0921875 0.8037578288100209 0.0921875 0.7849686847599165 0.0859375 0.7849686847599165 0.084375 0.778705636743215 0.078125 0.778705636743215 0.078125 0.7807933194154488 0.0765625 0.7849686847599165 0.0703125 0.7849686847599165
2 0.6140625 0.7995824634655533 0.6140625 0.8037578288100209 0.628125 0.8037578288100209 0.6296875 0.7974947807933194 0.6328125 0.7974947807933194 0.6328125 0.7891440501043842 0.61875 0.7891440501043842 0.61875 0.791231732776618 0.61875 0.7974947807933194 0.6140625 0.7995824634655533
2 0.584375 0.44676409185803756 0.5796875 0.4488517745302714 0.5796875 0.453027139874739 0.5765625 0.4551148225469729 0.5765625 0.46346555323590816 0.571875 0.46555323590814196 0.571875 0.4780793319415449 0.56875 0.4801670146137787 0.56875 0.48851774530271397 0.5640625 0.4906054279749478 0.5640625 0.5031315240083507 0.56875 0.5052192066805845 0.56875 0.5093945720250522 0.575 0.5093945720250522 0.575 0.5052192066805845 0.5796875 0.4989561586638831 0.5828125 0.4989561586638831 0.584375 0.49478079331941544 0.590625 0.49478079331941544 0.5921875 0.48851774530271397 0.5984375 0.48851774530271397 0.6 0.48434237995824636 0.6046875 0.48434237995824636 0.6046875 0.4801670146137787 0.6125 0.47390396659707723 0.6140625 0.46764091858037576 0.6171875 0.46764091858037576 0.6171875 0.4592901878914405 0.6203125 0.4551148225469729 0.6171875 0.453027139874739 0.6171875 0.4488517745302714 0.6109375 0.4488517745302714 0.609375 0.44467640918580376 0.603125 0.44467640918580376 0.5984375 0.4342379958246347 0.5875 0.4342379958246347 0.5875 0.4363256784968685 0.584375 0.4384133611691023 0.584375 0.44676409185803756
2 0.8453125 0.1022964509394572 0.85 0.10855949895615867 0.85 0.11691022964509394 0.85625 0.11691022964509394 0.8578125 0.12317327766179541 0.8640625 0.12317327766179541 0.8640625 0.11899791231732777 0.8671875 0.11691022964509394 0.8671875 0.10855949895615867 0.8640625 0.10647181628392484 0.8640625 0.09812108559498957 0.8609375 0.09394572025052192 0.85 0.09394572025052192 0.8484375 0.08768267223382047 0.8390625 0.08768267223382047 0.8390625 0.08977035490605428 0.8390625 0.1022964509394572 0.8453125 0.1022964509394572
2 0.7890625 0.35908141962421714 0.796875 0.3695198329853862 0.8015625 0.3695198329853862 0.803125 0.3757828810020877 0.809375 0.3757828810020877 0.8109375 0.37995824634655534 0.8140625 0.37995824634655534 0.8140625 0.37160751565762007 0.8171875 0.3674321503131524 0.8140625 0.3653444676409186 0.8140625 0.3569937369519833 0.809375 0.35490605427974947 0.809375 0.35073068893528186 0.803125 0.35073068893528186 0.8015625 0.3465553235908142 0.796875 0.3465553235908142 0.796875 0.348643006263048 0.7890625 0.35073068893528186 0.7890625 0.35908141962421714
2 0.275 0.5553235908141962 0.2921875 0.5553235908141962 0.29375 0.5511482254697286 0.296875 0.5511482254697286 0.296875 0.5365344467640919 0.3 0.534446764091858 0.3 0.5260960334029228 0.296875 0.5219206680584552 0.290625 0.5219206680584552 0.2890625 0.5156576200417536 0.278125 0.5156576200417536 0.278125 0.5177453027139874 0.275 0.5219206680584552 0.275 0.5553235908141962
2 0.6875 0.8413361169102297 0.6828125 0.8517745302713987 0.6796875 0.8517745302713987 0.6796875 0.860125260960334 0.6765625 0.8622129436325678 0.6765625 0.9269311064718163 0.6828125 0.9269311064718163 0.684375 0.9206680584551148 0.690625 0.9206680584551148 0.6953125 0.9123173277661796 0.6984375 0.9123173277661796 0.6984375 0.9081419624217119 0.703125 0.9018789144050104 0.70625 0.9018789144050104 0.70625 0.8977035490605428 0.7109375 0.8914405010438413 0.7140625 0.8914405010438413 0.715625 0.8810020876826722 0.721875 0.8810020876826722 0.7234375 0.8747390396659708 0.7296875 0.8747390396659708 0.73125 0.8705636743215032 0.7359375 0.8705636743215032 0.7359375 0.8622129436325678 0.7328125 0.860125260960334 0.7328125 0.8559498956158664 0.7234375 0.8559498956158664 0.721875 0.8517745302713987 0.71875 0.8517745302713987 0.7140625 0.8413361169102297 0.709375 0.8392484342379958 0.709375 0.8350730688935282 0.6953125 0.8350730688935282 0.6953125 0.837160751565762 0.69375 0.8413361169102297 0.6875 0.8413361169102297
2 0.4015625 0.511482254697286 0.4015625 0.5198329853862212 0.40625 0.5219206680584552 0.40625 0.5302713987473904 0.409375 0.534446764091858 0.415625 0.534446764091858 0.415625 0.4906054279749478 0.4078125 0.48434237995824636 0.4078125 0.4801670146137787 0.3984375 0.4801670146137787 0.3984375 0.4822546972860125 0.3984375 0.5093945720250522 0.4015625 0.511482254697286
2 0.09375 0.31106471816283926 0.0921875 0.31524008350730687 0.0890625 0.31524008350730687 0.0890625 0.31941544885177453 0.0921875 0.31941544885177453 0.096875 0.325678496868476 0.096875 0.3298538622129436 0.1015625 0.33194154488517746 0.096875 0.33820459290187893 0.1078125 0.33820459290187893 0.109375 0.34029227557411273 0.109375 0.348643006263048 0.115625 0.348643006263048 0.115625 0.33194154488517746 0.11875 0.3298538622129436 0.11875 0.31524008350730687 0.1109375 0.3089770354906054 0.1109375 0.3048016701461378 0.1015625 0.3048016701461378 0.1015625 0.3068893528183716 0.1 0.31106471816283926 0.09375 0.31106471816283926
2 0.9 0.6283924843423799 0.896875 0.6304801670146137 0.896875 0.6388308977035491 0.8921875 0.6409185803757829 0.8921875 0.6492693110647182 0.8875 0.6555323590814196 0.884375 0.6555323590814196 0.884375 0.6597077244258872 0.8796875 0.6659707724425887 0.8765625 0.6659707724425887 0.8765625 0.6784968684759917 0.88125 0.6805845511482255 0.88125 0.6847599164926931 0.890625 0.6847599164926931 0.8921875 0.6784968684759917 0.8953125 0.6784968684759917 0.8953125 0.6659707724425887 0.9 0.6597077244258872 0.903125 0.6597077244258872 0.9046875 0.6534446764091858 0.9109375 0.6534446764091858 0.9140625 0.6492693110647182 0.9140625 0.6450939457202505 0.91875 0.6430062630480167 0.9203125 0.6388308977035491 0.9265625 0.6388308977035491 0.9265625 0.6242171189979123 0.9125 0.6242171189979123 0.9109375 0.6200417536534447 0.9046875 0.6200417536534447 0.9046875 0.6221294363256785 0.9 0.6242171189979123 0.9 0.6283924843423799
2 0.1546875 0.11482254697286012 0.1515625 0.11899791231732777 0.1515625 0.12734864300626306 0.1546875 0.12943632567849686 0.1546875 0.1336116910229645 0.1609375 0.1336116910229645 0.1625 0.13778705636743216 0.165625 0.13778705636743216 0.1703125 0.12734864300626306 0.1734375 0.12734864300626306 0.1734375 0.11482254697286012 0.16875 0.1127348643006263 0.16875 0.10855949895615867 0.159375 0.10855949895615867 0.159375 0.11064718162839249 0.1578125 0.11482254697286012 0.1546875 0.11482254697286012
2 0.278125 0.5615866388308977 0.275 0.5636743215031316 0.275 0.5970772442588727 0.278125 0.5991649269311065 0.278125 0.6075156576200418 0.284375 0.6075156576200418 0.2859375 0.6012526096033403 0.2890625 0.6012526096033403 0.2890625 0.5887265135699373 0.2921875 0.5866388308977035 0.2921875 0.5532359081419624 0.2859375 0.5532359081419624 0.2859375 0.5553235908141962 0.278125 0.55741127348643 0.278125 0.5615866388308977
2 0.14375 0.7954070981210856 0.1421875 0.7995824634655533 0.1390625 0.7995824634655533 0.1390625 0.8037578288100209 0.1359375 0.8058455114822547 0.1359375 0.8183716075156576 0.1328125 0.8204592901878914 0.1328125 0.8329853862212944 0.1359375 0.8350730688935282 0.1359375 0.8434237995824635 0.1390625 0.8455114822546973 0.1390625 0.8538622129436325 0.14375 0.8559498956158664 0.14375 0.8643006263048016 0.146875 0.8663883089770354 0.146875 0.8705636743215032 0.15 0.8705636743215032 0.1546875 0.8768267223382046 0.1546875 0.8810020876826722 0.1765625 0.8810020876826722 0.178125 0.8747390396659708 0.18125 0.8747390396659708 0.184375 0.8705636743215032 0.184375 0.8559498956158664 0.1890625 0.8538622129436325 0.1890625 0.8413361169102297 0.184375 0.8392484342379958 0.184375 0.8058455114822547 0.18125 0.8037578288100209 0.18125 0.7995824634655533 0.175 0.7995824634655533 0.1734375 0.7954070981210856 0.1671875 0.7954070981210856 0.165625 0.7891440501043842 0.1546875 0.7891440501043842 0.1546875 0.791231732776618 0.153125 0.7954070981210856 0.14375 0.7954070981210856
2 0.3359375 0.19206680584551147 0.3359375 0.21085594989561587 0.3296875 0.21294363256784968 0.3296875 0.23173277661795408 0.3328125 0.23382045929018788 0.3328125 0.24217118997912318 0.3359375 0.24425887265135698 0.3359375 0.25052192066805845 0.340625 0.25260960334029225 0.340625 0.2609603340292276 0.346875 0.2609603340292276 0.3484375 0.267223382045929 0.3546875 0.267223382045929 0.35625 0.2609603340292276 0.3625 0.2609603340292276 0.3625 0.24843423799582465 0.365625 0.24634655532359082 0.365625 0.23382045929018788 0.3703125 0.23173277661795408 0.3703125 0.22755741127348644 0.375 0.22129436325678498 0.378125 0.22129436325678498 0.378125 0.21294363256784968 0.38125 0.21085594989561587 0.3828125 0.2045929018789144 0.3859375 0.2045929018789144 0.3859375 0.19624217118997914 0.3828125 0.19624217118997914 0.378125 0.18997912317327767 0.378125 0.18580375782881003 0.34375 0.18580375782881003 0.34375 0.18789144050104384 0.3421875 0.19206680584551147 0.3359375 0.19206680584551147
2 0.3328125 0.22338204592901878 0.3328125 0.24217118997912318 0.3359375 0.24425887265135698 0.3359375 0.2567849686847599 0.3390625 0.2567849686847599 0.34375 0.2630480167014614 0.34375 0.267223382045929 0.3578125 0.267223382045929 0.359375 0.2609603340292276 0.3625 0.2609603340292276 0.3625 0.24843423799582465 0.365625 0.24634655532359082 0.365625 0.21711899791231734 0.3484375 0.21711899791231734 0.3484375 0.21920668058455114 0.346875 0.22338204592901878 0.3328125 0.22338204592901878
2 0.309375 0.6889352818371608 0.3140625 0.6910229645093946 0.3140625 0.6951983298538622 0.346875 0.6951983298538622 0.3484375 0.6993736951983298 0.3578125 0.6993736951983298 0.3578125 0.6910229645093946 0.365625 0.6847599164926931 0.365625 0.6764091858037579 0.3140625 0.6764091858037579 0.3140625 0.6784968684759917 0.309375 0.6805845511482255 0.309375 0.6889352818371608
2 0.4484375 0.10855949895615867 0.4484375 0.1127348643006263 0.4453125 0.11482254697286012 0.4453125 0.14822546972860126 0.4515625 0.14822546972860126 0.453125 0.1440501043841336 0.459375 0.1440501043841336 0.4609375 0.13778705636743216 0.49375 0.13778705636743216 0.49375 0.12526096033402923 0.4890625 0.12317327766179541 0.4890625 0.11482254697286012 0.4859375 0.1127348643006263 0.4859375 0.10438413361169102 0.48125 0.1022964509394572 0.48125 0.09812108559498957 0.475 0.09812108559498957 0.4734375 0.09394572025052192 0.4671875 0.09394572025052192 0.465625 0.08768267223382047 0.45625 0.08768267223382047 0.45625 0.08977035490605428 0.45625 0.10647181628392484 0.4484375 0.10855949895615867
2 0.1203125 0.2839248434237996 0.11875 0.29018789144050106 0.1015625 0.29018789144050106 0.1015625 0.3089770354906054 0.09375 0.31106471816283926 0.0921875 0.31524008350730687 0.0890625 0.31524008350730687 0.0890625 0.31941544885177453 0.0921875 0.31941544885177453 0.096875 0.325678496868476 0.096875 0.3298538622129436 0.1 0.3298538622129436 0.1015625 0.33402922755741127 0.1078125 0.33402922755741127 0.1125 0.34029227557411273 0.1125 0.348643006263048 0.115625 0.348643006263048 0.1203125 0.33820459290187893 0.1234375 0.33820459290187893 0.1234375 0.33194154488517746 0.1265625 0.3298538622129436 0.1265625 0.325678496868476 0.134375 0.31941544885177453 0.134375 0.31106471816283926 0.1375 0.3089770354906054 0.1390625 0.302713987473904 0.1421875 0.302713987473904 0.1421875 0.29436325678496866 0.1453125 0.29227557411273486 0.1453125 0.2839248434237996 0.1375 0.2776617954070981 0.1375 0.27348643006263046 0.125 0.27348643006263046 0.125 0.2755741127348643 0.125 0.2818371607515658 0.1203125 0.2839248434237996
2 0.228125 0.7536534446764092 0.2265625 0.7578288100208769 0.2203125 0.7578288100208769 0.21875 0.7640918580375783 0.2125 0.7640918580375783 0.2078125 0.7745302713987474 0.2015625 0.7745302713987474 0.196875 0.7849686847599165 0.19375 0.7849686847599165 0.19375 0.7933194154488518 0.1890625 0.7995824634655533 0.1859375 0.7995824634655533 0.1859375 0.8392484342379958 0.1890625 0.8392484342379958 0.190625 0.8434237995824635 0.1859375 0.8455114822546973 0.1859375 0.8538622129436325 0.190625 0.8559498956158664 0.190625 0.860125260960334 0.196875 0.860125260960334 0.1984375 0.8538622129436325 0.2078125 0.8538622129436325 0.2125 0.8434237995824635 0.21875 0.8434237995824635 0.2203125 0.8392484342379958 0.2234375 0.8392484342379958 0.225 0.8329853862212944 0.23125 0.8329853862212944 0.2328125 0.8288100208768268 0.2390625 0.8288100208768268 0.240625 0.824634655532359 0.246875 0.824634655532359 0.2484375 0.8183716075156576 0.2625 0.8183716075156576 0.2640625 0.81419624217119 0.26875 0.81419624217119 0.2703125 0.8037578288100209 0.2765625 0.8037578288100209 0.2765625 0.7954070981210856 0.28125 0.7933194154488518 0.28125 0.7891440501043842 0.284375 0.7870563674321504 0.284375 0.7682672233820459 0.28125 0.7640918580375783 0.275 0.7640918580375783 0.2734375 0.7578288100208769 0.2703125 0.7578288100208769 0.26875 0.7536534446764092 0.259375 0.7536534446764092 0.2578125 0.7494780793319415 0.240625 0.7494780793319415 0.240625 0.7515657620041754 0.2390625 0.7536534446764092 0.228125 0.7536534446764092
2 0.4015625 0.46346555323590816 0.40625 0.46555323590814196 0.40625 0.47390396659707723 0.415625 0.47390396659707723 0.4171875 0.46764091858037576 0.4203125 0.46764091858037576 0.4234375 0.46346555323590816 0.4234375 0.4551148225469729 0.428125 0.453027139874739 0.428125 0.4342379958246347 0.421875 0.4342379958246347 0.4203125 0.4279749478079332 0.4140625 0.4279749478079332 0.4125 0.42379958246346555 0.409375 0.42379958246346555 0.409375 0.42588726513569936 0.4015625 0.4279749478079332 0.4015625 0.46346555323590816
2 0.0046875 0.8037578288100209 0.0125 0.8058455114822547 0.0125 0.81419624217119 0.01875 0.81419624217119 0.0203125 0.8079331941544885 0.0265625 0.8079331941544885 0.0296875 0.8037578288100209 0.0296875 0.7849686847599165 0.0078125 0.7849686847599165 0.0078125 0.7870563674321504 0.0046875 0.7891440501043842 0.0046875 0.8037578288100209
2 0.684375 0.07933194154488518 0.684375 0.10647181628392484 0.690625 0.10647181628392484 0.6953125 0.09603340292275574 0.6984375 0.09603340292275574 0.7015625 0.0918580375782881 0.7015625 0.08350730688935282 0.70625 0.081419624217119 0.70625 0.07306889352818371 0.6921875 0.07306889352818371 0.6921875 0.07515657620041753 0.690625 0.07933194154488518 0.684375 0.07933194154488518
2 0.1203125 0.2839248434237996 0.1203125 0.29227557411273486 0.1171875 0.29436325678496866 0.1171875 0.302713987473904 0.1203125 0.3048016701461378 0.1203125 0.3235908141962422 0.13125 0.3235908141962422 0.134375 0.31941544885177453 0.134375 0.31106471816283926 0.1375 0.3089770354906054 0.1390625 0.302713987473904 0.1421875 0.302713987473904 0.1421875 0.29436325678496866 0.1453125 0.29227557411273486 0.1453125 0.2839248434237996 0.1375 0.2776617954070981 0.1375 0.27348643006263046 0.125 0.27348643006263046 0.125 0.2755741127348643 0.125 0.2818371607515658 0.1203125 0.2839248434237996
2 0.5484375 0.20250521920668058 0.5484375 0.22129436325678498 0.559375 0.22129436325678498 0.559375 0.21711899791231734 0.5640625 0.21085594989561587 0.5671875 0.21085594989561587 0.5671875 0.19206680584551147 0.553125 0.19206680584551147 0.553125 0.1941544885177453 0.553125 0.20041753653444677 0.5484375 0.20250521920668058
2 0.525 0.24425887265135698 0.521875 0.24425887265135698 0.521875 0.2609603340292276 0.5265625 0.2630480167014614 0.5265625 0.267223382045929 0.5359375 0.267223382045929 0.5359375 0.2630480167014614 0.5390625 0.2609603340292276 0.5390625 0.25260960334029225 0.54375 0.25052192066805845 0.54375 0.23799582463465555 0.540625 0.23799582463465555 0.5390625 0.23382045929018788 0.5296875 0.23382045929018788 0.5296875 0.2359081419624217 0.5265625 0.23799582463465555 0.525 0.24425887265135698
2 0.165625 0.05845511482254697 0.1625 0.05845511482254697 0.1625 0.06680584551148225 0.1578125 0.07306889352818371 0.1546875 0.07306889352818371 0.153125 0.07933194154488518 0.15 0.07724425887265135 0.15 0.07306889352818371 0.1359375 0.07306889352818371 0.1359375 0.081419624217119 0.1328125 0.08350730688935282 0.1328125 0.0918580375782881 0.128125 0.09394572025052192 0.128125 0.1022964509394572 0.1234375 0.10855949895615867 0.1203125 0.10855949895615867 0.1203125 0.11691022964509394 0.13125 0.11691022964509394 0.1328125 0.12317327766179541 0.15 0.12317327766179541 0.1515625 0.12734864300626306 0.1578125 0.12734864300626306 0.159375 0.1336116910229645 0.1734375 0.1336116910229645 0.1734375 0.12526096033402923 0.1765625 0.12317327766179541 0.1765625 0.11482254697286012 0.18125 0.1127348643006263 0.1828125 0.10647181628392484 0.1890625 0.10647181628392484 0.19375 0.09603340292275574 0.196875 0.09603340292275574 0.196875 0.07306889352818371 0.19375 0.07306889352818371 0.1890625 0.06680584551148225 0.1890625 0.05845511482254697 0.184375 0.05636743215031315 0.184375 0.04801670146137787 0.1703125 0.04801670146137787 0.1703125 0.05010438413361169 0.1671875 0.05219206680584551 0.165625 0.05845511482254697
2 0.390625 0.031315240083507306 0.390625 0.03966597077244259 0.3828125 0.05010438413361169 0.3875 0.05219206680584551 0.3875 0.060542797494780795 0.390625 0.06263048016701461 0.390625 0.06680584551148225 0.396875 0.06680584551148225 0.396875 0.06263048016701461 0.4 0.060542797494780795 0.4 0.020876826722338204 0.3953125 0.020876826722338204 0.3953125 0.022964509394572025 0.3953125 0.029227557411273485 0.390625 0.031315240083507306
2 0.340625 0.7369519832985386 0.3328125 0.7432150313152401 0.3328125 0.7473903966597077 0.328125 0.7536534446764092 0.321875 0.7536534446764092 0.321875 0.7620041753653445 0.3140625 0.7682672233820459 0.3140625 0.7724425887265136 0.3171875 0.7745302713987474 0.3171875 0.7870563674321504 0.33125 0.7870563674321504 0.3328125 0.7828810020876826 0.3390625 0.7828810020876826 0.3390625 0.778705636743215 0.34375 0.7724425887265136 0.35 0.7724425887265136 0.3515625 0.7661795407098121 0.3546875 0.7661795407098121 0.3578125 0.7620041753653445 0.3578125 0.7494780793319415 0.3546875 0.7473903966597077 0.3546875 0.7432150313152401 0.35 0.7411273486430062 0.35 0.7286012526096033 0.3484375 0.7286012526096033 0.3484375 0.7306889352818372 0.340625 0.732776617954071 0.340625 0.7369519832985386
2 0.4125 0.3778705636743215 0.409375 0.3778705636743215 0.40625 0.38204592901878914 0.40625 0.3862212943632568 0.428125 0.3862212943632568 0.428125 0.3674321503131524 0.421875 0.3674321503131524 0.421875 0.3695198329853862 0.4140625 0.37160751565762007 0.4125 0.3778705636743215
2 0.3140625 0.697286012526096 0.3140625 0.7265135699373695 0.321875 0.732776617954071 0.321875 0.7369519832985386 0.3234375 0.7369519832985386 0.325 0.7306889352818372 0.3328125 0.732776617954071 0.3328125 0.7411273486430062 0.3296875 0.7432150313152401 0.3296875 0.7473903966597077 0.321875 0.7536534446764092 0.3203125 0.7640918580375783 0.3171875 0.7640918580375783 0.3140625 0.7682672233820459 0.3140625 0.7766179540709812 0.3171875 0.778705636743215 0.3171875 0.7828810020876826 0.3390625 0.7828810020876826 0.3390625 0.778705636743215 0.34375 0.7724425887265136 0.35 0.7724425887265136 0.3515625 0.7661795407098121 0.3546875 0.7661795407098121 0.3578125 0.7620041753653445 0.3578125 0.7494780793319415 0.3546875 0.7473903966597077 0.3546875 0.697286012526096 0.3578125 0.6951983298538622 0.3578125 0.6868475991649269 0.3484375 0.6868475991649269 0.346875 0.6910229645093946 0.3359375 0.6910229645093946 0.334375 0.6868475991649269 0.3140625 0.6868475991649269 0.3125 0.6805845511482255 0.309375 0.6805845511482255 0.309375 0.6826722338204593 0.309375 0.6951983298538622 0.3140625 0.697286012526096
2 0.046875 0.6388308977035491 0.04375 0.6409185803757829 0.04375 0.6492693110647182 0.046875 0.651356993736952 0.046875 0.6597077244258872 0.05 0.6597077244258872 0.0546875 0.6659707724425887 0.0546875 0.6743215031315241 0.0578125 0.6743215031315241 0.0625 0.6805845511482255 0.0625 0.6847599164926931 0.0671875 0.6868475991649269 0.0671875 0.6951983298538622 0.0703125 0.6993736951983298 0.0765625 0.6993736951983298 0.078125 0.7056367432150313 0.0859375 0.7118997912317327 0.0859375 0.7160751565762005 0.0890625 0.7202505219206681 0.0953125 0.7202505219206681 0.096875 0.7160751565762005 0.1 0.7160751565762005 0.1 0.697286012526096 0.0953125 0.6951983298538622 0.0953125 0.6868475991649269 0.0921875 0.6847599164926931 0.0921875 0.6764091858037579 0.0875 0.6743215031315241 0.0875 0.6659707724425887 0.084375 0.6638830897703549 0.084375 0.651356993736952 0.0796875 0.6492693110647182 0.0796875 0.6409185803757829 0.0734375 0.6409185803757829 0.071875 0.6346555323590815 0.0671875 0.6346555323590815 0.065625 0.6304801670146137 0.0515625 0.6304801670146137 0.0515625 0.6325678496868476 0.046875 0.6346555323590815 0.046875 0.6388308977035491
2 0.03125 0.954070981210856 0.03125 0.9895615866388309 0.034375 0.9895615866388309 0.0359375 0.9937369519832986 0.03125 0.9958246346555324 0.03125 0.9979123173277662 0.0609375 0.9979123173277662 0.0625 0.9937369519832986 0.065625 0.9937369519832986 0.065625 0.9853862212943633 0.0609375 0.9832985386221295 0.0609375 0.9707724425887265 0.0578125 0.9686847599164927 0.0578125 0.954070981210856 0.0546875 0.954070981210856 0.053125 0.9498956158663883 0.04375 0.9498956158663883 0.0421875 0.9436325678496869 0.0359375 0.9436325678496869 0.0359375 0.9457202505219207 0.0359375 0.9519832985386222 0.03125 0.954070981210856
2 0.86875 0.1544885177453027 0.8625 0.16075156576200417 0.8625 0.16910229645093947 0.865625 0.17118997912317327 0.865625 0.1837160751565762 0.875 0.1837160751565762 0.8765625 0.17954070981210857 0.8828125 0.17954070981210857 0.884375 0.1732776617954071 0.8875 0.1732776617954071 0.8875 0.16701461377870563 0.8828125 0.1649269311064718 0.8828125 0.15031315240083507 0.8796875 0.14613778705636743 0.8734375 0.14613778705636743 0.8734375 0.14822546972860126 0.86875 0.15031315240083507 0.86875 0.1544885177453027
2 0.66875 0.18997912317327767 0.665625 0.19206680584551147 0.665625 0.20041753653444677 0.66875 0.20250521920668058 0.66875 0.23173277661795408 0.671875 0.23382045929018788 0.671875 0.24217118997912318 0.6765625 0.24425887265135698 0.6765625 0.2776617954070981 0.671875 0.2797494780793319 0.671875 0.2881002087682672 0.690625 0.2881002087682672 0.6921875 0.2818371607515658 0.70625 0.2818371607515658 0.7078125 0.2776617954070981 0.7140625 0.2776617954070981 0.715625 0.27139874739039666 0.7328125 0.27139874739039666 0.734375 0.267223382045929 0.7484375 0.267223382045929 0.7484375 0.25260960334029225 0.7515625 0.25052192066805845 0.753125 0.24217118997912318 0.75625 0.24217118997912318 0.75625 0.23382045929018788 0.759375 0.23173277661795408 0.759375 0.22755741127348644 0.7640625 0.2254697286012526 0.7640625 0.21294363256784968 0.759375 0.21085594989561587 0.759375 0.20668058455114824 0.75625 0.20250521920668058 0.75 0.20250521920668058 0.7484375 0.19624217118997914 0.7421875 0.19624217118997914 0.740625 0.19206680584551147 0.734375 0.19206680584551147 0.7328125 0.19624217118997914 0.7265625 0.19624217118997914 0.725 0.20250521920668058 0.71875 0.20250521920668058 0.7171875 0.20668058455114824 0.7109375 0.20668058455114824 0.709375 0.19624217118997914 0.70625 0.1941544885177453 0.70625 0.18580375782881003 0.703125 0.18580375782881003 0.7015625 0.18162839248434237 0.6875 0.18162839248434237 0.6859375 0.17536534446764093 0.671875 0.17536534446764093 0.671875 0.17745302713987474 0.66875 0.18162839248434237 0.66875 0.18997912317327767
2 0.475 0.9686847599164927 0.471875 0.9707724425887265 0.471875 0.9937369519832986 0.478125 0.9937369519832986 0.478125 0.9853862212943633 0.48125 0.9832985386221295 0.48125 0.9707724425887265 0.4859375 0.9686847599164927 0.4859375 0.9603340292275574 0.4796875 0.9603340292275574 0.4796875 0.9624217118997912 0.475 0.964509394572025 0.475 0.9686847599164927
2 0.8890625 0.17536534446764093 0.8890625 0.1837160751565762 0.896875 0.18580375782881003 0.896875 0.18997912317327767 0.8984375 0.18997912317327767 0.9 0.1837160751565762 0.903125 0.1837160751565762 0.90625 0.17954070981210857 0.9078125 0.1732776617954071 0.9109375 0.1732776617954071 0.9109375 0.14613778705636743 0.9046875 0.14613778705636743 0.903125 0.13987473903966596 0.9 0.13987473903966596 0.8984375 0.13569937369519833 0.8890625 0.13569937369519833 0.8875 0.12943632567849686 0.884375 0.12943632567849686 0.884375 0.1315240083507307 0.884375 0.1732776617954071 0.8890625 0.17536534446764093
2 0.5875 0.7390396659707724 0.5828125 0.7494780793319415 0.5796875 0.7494780793319415 0.5765625 0.7536534446764092 0.5765625 0.7620041753653445 0.571875 0.7640918580375783 0.571875 0.7724425887265136 0.56875 0.7745302713987474 0.56875 0.7933194154488518 0.5765625 0.7995824634655533 0.5765625 0.8037578288100209 0.590625 0.8037578288100209 0.5921875 0.8079331941544885 0.6015625 0.8079331941544885 0.603125 0.8037578288100209 0.609375 0.8037578288100209 0.609375 0.7954070981210856 0.6125 0.7933194154488518 0.6125 0.778705636743215 0.609375 0.7766179540709812 0.609375 0.7536534446764092 0.6046875 0.7515657620041754 0.6046875 0.7432150313152401 0.6015625 0.7411273486430062 0.6015625 0.732776617954071 0.5953125 0.732776617954071 0.5953125 0.7348643006263048 0.59375 0.7390396659707724 0.5875 0.7390396659707724
2 0.6125 0.9979123173277662 0.6140625 0.9937369519832986 0.6171875 0.9937369519832986 0.6171875 0.9853862212943633 0.6 0.9853862212943633 0.6 0.9874739039665971 0.6 0.9979123173277662 0.6125 0.9979123173277662
2 0.4015625 0.47390396659707723 0.3984375 0.4759916492693111 0.3984375 0.5093945720250522 0.4015625 0.511482254697286 0.4015625 0.524008350730689 0.40625 0.5260960334029228 0.40625 0.534446764091858 0.415625 0.534446764091858 0.415625 0.4759916492693111 0.4203125 0.47390396659707723 0.4203125 0.46555323590814196 0.4234375 0.46346555323590816 0.4234375 0.4592901878914405 0.43125 0.453027139874739 0.43125 0.4279749478079332 0.4296875 0.4279749478079332 0.428125 0.4342379958246347 0.425 0.4342379958246347 0.4234375 0.4279749478079332 0.4140625 0.4279749478079332 0.4125 0.42379958246346555 0.409375 0.42379958246346555 0.409375 0.42588726513569936 0.4015625 0.4279749478079332 0.4015625 0.47390396659707723
2 0.165625 0.05845511482254697 0.1625 0.05845511482254697 0.1625 0.081419624217119 0.165625 0.081419624217119 0.1671875 0.08559498956158663 0.18125 0.08559498956158663 0.1859375 0.07724425887265135 0.1890625 0.07724425887265135 0.1890625 0.05845511482254697 0.184375 0.05636743215031315 0.184375 0.04801670146137787 0.1703125 0.04801670146137787 0.1703125 0.05010438413361169 0.1671875 0.05219206680584551 0.165625 0.05845511482254697
2 0.409375 0.918580375782881 0.40625 0.9227557411273486 0.40625 0.9311064718162839 0.4015625 0.9331941544885177 0.4015625 0.9582463465553236 0.4046875 0.9582463465553236 0.409375 0.964509394572025 0.409375 0.9686847599164927 0.4125 0.9686847599164927 0.4171875 0.9749478079331941 0.4171875 0.9791231732776617 0.4234375 0.9791231732776617 0.425 0.9728601252609603 0.428125 0.9728601252609603 0.43125 0.9686847599164927 0.43125 0.954070981210856 0.428125 0.9519832985386222 0.428125 0.9144050104384134 0.4234375 0.9123173277661796 0.4234375 0.9081419624217119 0.4171875 0.9081419624217119 0.4171875 0.9102296450939458 0.4125 0.918580375782881 0.409375 0.918580375782881
2 0.453125 0.7849686847599165 0.453125 0.7933194154488518 0.4609375 0.7995824634655533 0.4609375 0.8037578288100209 0.4640625 0.8058455114822547 0.4640625 0.81419624217119 0.471875 0.8204592901878914 0.471875 0.8288100208768268 0.475 0.8329853862212944 0.4859375 0.8329853862212944 0.4859375 0.8162839248434238 0.48125 0.81419624217119 0.48125 0.8058455114822547 0.478125 0.8037578288100209 0.478125 0.7954070981210856 0.475 0.7954070981210856 0.4703125 0.7849686847599165 0.465625 0.7828810020876826 0.465625 0.7745302713987474 0.45625 0.7745302713987474 0.45625 0.7766179540709812 0.45625 0.7828810020876826 0.453125 0.7849686847599165
2 0.128125 0.09394572025052192 0.128125 0.1022964509394572 0.1234375 0.10855949895615867 0.1203125 0.10855949895615867 0.1203125 0.11691022964509394 0.1265625 0.11691022964509394 0.128125 0.12317327766179541 0.15 0.12317327766179541 0.15 0.10438413361169102 0.146875 0.10438413361169102 0.1421875 0.09394572025052192 0.1375 0.0918580375782881 0.1375 0.08768267223382047 0.1328125 0.08768267223382047 0.1328125 0.08977035490605428 0.13125 0.09394572025052192 0.128125 0.09394572025052192
2 0.5875 0.6179540709812108 0.6046875 0.6179540709812108 0.60625 0.6221294363256785 0.6171875 0.6221294363256785 0.61875 0.6283924843423799 0.628125 0.6283924843423799 0.6296875 0.6221294363256785 0.6328125 0.6221294363256785 0.6328125 0.6033402922755741 0.6296875 0.6033402922755741 0.628125 0.5991649269311065 0.621875 0.5991649269311065 0.6203125 0.592901878914405 0.6 0.592901878914405 0.5984375 0.5887265135699373 0.5953125 0.5887265135699373 0.5953125 0.5908141962421712 0.5875 0.592901878914405 0.5875 0.6179540709812108
2 0.73125 0.267223382045929 0.7484375 0.267223382045929 0.7484375 0.2630480167014614 0.7515625 0.2609603340292276 0.7515625 0.24843423799582465 0.75625 0.24634655532359082 0.75625 0.23799582463465555 0.7609375 0.23173277661795408 0.7640625 0.23173277661795408 0.7640625 0.22755741127348644 0.7671875 0.2254697286012526 0.7671875 0.21294363256784968 0.759375 0.20250521920668058 0.753125 0.20250521920668058 0.7515625 0.19624217118997914 0.7453125 0.19624217118997914 0.74375 0.19206680584551147 0.734375 0.19206680584551147 0.734375 0.1941544885177453 0.73125 0.19624217118997914 0.73125 0.267223382045929
2 0.2703125 0.42379958246346555 0.2703125 0.4363256784968685 0.2671875 0.4384133611691023 0.2671875 0.453027139874739 0.2640625 0.4551148225469729 0.2640625 0.46764091858037576 0.259375 0.4697286012526096 0.259375 0.48434237995824636 0.25625 0.48643006263048016 0.25625 0.49478079331941544 0.259375 0.4989561586638831 0.265625 0.4989561586638831 0.2703125 0.5052192066805845 0.2703125 0.5093945720250522 0.2765625 0.5093945720250522 0.278125 0.5135699373695198 0.2890625 0.5135699373695198 0.290625 0.5198329853862212 0.296875 0.5198329853862212 0.296875 0.511482254697286 0.3 0.5093945720250522 0.3 0.4759916492693111 0.3046875 0.47390396659707723 0.3046875 0.46555323590814196 0.3078125 0.46346555323590816 0.3078125 0.4488517745302714 0.3046875 0.44676409185803756 0.3046875 0.4384133611691023 0.3015625 0.4384133611691023 0.296875 0.4321503131524008 0.296875 0.4279749478079332 0.29375 0.4279749478079332 0.2921875 0.42379958246346555 0.2859375 0.42379958246346555 0.28125 0.4133611691022965 0.275 0.4133611691022965 0.275 0.4154488517745303 0.275 0.42171189979123175 0.2703125 0.42379958246346555
2 0.3359375 0.19206680584551147 0.3359375 0.20041753653444677 0.3390625 0.20041753653444677 0.34375 0.20668058455114824 0.34375 0.21085594989561587 0.35 0.21085594989561587 0.3515625 0.2150313152400835 0.3578125 0.2150313152400835 0.359375 0.21085594989561587 0.3625 0.21085594989561587 0.3625 0.19206680584551147 0.3578125 0.18997912317327767 0.3578125 0.18580375782881003 0.34375 0.18580375782881003 0.34375 0.18789144050104384 0.3421875 0.19206680584551147 0.3359375 0.19206680584551147
2 0.603125 0 0.603125 0.0020876826722338203 0.603125 0.008350730688935281 0.60625 0.010438413361169102 0.60625 0.014613778705636743 0.609375 0.014613778705636743 0.6109375 0.018789144050104383 0.6171875 0.018789144050104383 0.61875 0.025052192066805846 0.6328125 0.025052192066805846 0.6328125 0.020876826722338204 0.6359375 0.018789144050104383 0.6359375 0.010438413361169102 0.640625 0.008350730688935281 0.640625 0 0.603125 0
2 0.209375 0.954070981210856 0.209375 0.9582463465553236 0.2125 0.9603340292275574 0.2125 0.9728601252609603 0.2234375 0.9728601252609603 0.228125 0.9624217118997912 0.23125 0.9624217118997912 0.234375 0.9582463465553236 0.234375 0.954070981210856 0.23125 0.9498956158663883 0.225 0.9498956158663883 0.2234375 0.9436325678496869 0.2125 0.9436325678496869 0.2125 0.9457202505219207 0.2125 0.9519832985386222 0.209375 0.954070981210856
2 0.159375 0.20041753653444677 0.1625 0.20250521920668058 0.1625 0.2150313152400835 0.1671875 0.21711899791231734 0.1671875 0.2254697286012526 0.1703125 0.22755741127348644 0.1703125 0.23173277661795408 0.1734375 0.23173277661795408 0.1734375 0.22755741127348644 0.1765625 0.2254697286012526 0.1765625 0.21711899791231734 0.18125 0.2150313152400835 0.18125 0.18580375782881003 0.178125 0.18580375782881003 0.1765625 0.18162839248434237 0.1625 0.18162839248434237 0.1625 0.1837160751565762 0.159375 0.18580375782881003 0.159375 0.20041753653444677
2 0.3828125 0 0.3828125 0.0020876826722338203 0.3828125 0.008350730688935281 0.3796875 0.010438413361169102 0.3796875 0.025052192066805846 0.375 0.027139874739039668 0.375 0.03549060542797495 0.3796875 0.037578288100208766 0.3796875 0.04592901878914405 0.3828125 0.05010438413361169 0.3875 0.05219206680584551 0.3875 0.060542797494780795 0.390625 0.06263048016701461 0.390625 0.06680584551148225 0.396875 0.06680584551148225 0.396875 0.05845511482254697 0.4 0.05636743215031315 0.4 0.04175365344467641 0.4046875 0.03966597077244259 0.4046875 0 0.3828125 0